file_path,relative_path,file_name,extension,resource,resource_subtype,role,size_bytes,size_mb,modified_time,path,read_status,requested_nrows,separator,read_rows,read_columns,read_seconds,true_rows,true_rows_method,profile_is_full_file,n_columns,n_profiled_rows,n_numeric_columns,n_categorical_columns,n_identifier_columns,n_target_like_columns,n_descriptor_like_columns,n_nested_value_columns,missing_fraction_overall,all_missing_columns,constant_columns,identifier_candidates,target_candidates,group_candidates,read_error
<DATA_ROOT>\data_raw\mosaec_db\database\mosaec_db.csv,data_raw\mosaec_db\database\mosaec_db.csv,mosaec_db.csv,.csv,MOSAEC-DB,MOSAEC chemistry-validation metadata,general_metadata,57344406,54.68788719177246,2026-05-30T08:47:22,<DATA_ROOT>\data_raw\mosaec_db\database\mosaec_db.csv,ok,50000,",",50000.0,78.0,1.835,124469.0,line_count,False,78,50000,64,14,9,0,55,0,0.10141179487179487,1,15,cif;refcode;metal_id;open_metal_id;void_fraction_H2;void_fraction_probe-occupiable_H2;free_solv_id;bound_solv_id;counterion_id,,refcode;metal_id;open_metal_site;open_metal_id;topology_all;topology_single;topology_stndard;flag_metal_counterion,
<DATA_ROOT>\data_raw\mosaec_db\database\mosaec_db.xlsx,data_raw\mosaec_db\database\mosaec_db.xlsx,mosaec_db.xlsx,.xlsx,MOSAEC-DB,MOSAEC chemistry-validation metadata,general_metadata,35662257,34.010178565979004,2026-05-30T08:47:20,<DATA_ROOT>\data_raw\mosaec_db\database\mosaec_db.xlsx,ok,50000,,50000.0,78.0,45.423,,unknown,False,78,50000,64,14,9,0,55,0,0.10141179487179487,1,15,cif;refcode;metal_id;open_metal_id;void_fraction_H2;void_fraction_probe-occupiable_H2;free_solv_id;bound_solv_id;counterion_id,,refcode;metal_id;open_metal_site;open_metal_id;topology_all;topology_single;topology_stndard;flag_metal_counterion,
<DATA_ROOT>\data_raw\mosaec_db\descriptors\extracted\descriptors\descriptors\PHOM_mosaec-db.csv,data_raw\mosaec_db\descriptors\extracted\descriptors\descriptors\PHOM_mosaec-db.csv,PHOM_mosaec-db.csv,.csv,MOSAEC-DB,MOSAEC descriptor/feature table,descriptor_matrix,2088666729,1991.9078149795532,2025-07-04T17:26:04,<DATA_ROOT>\data_raw\mosaec_db\descriptors\extracted\descriptors\descriptors\PHOM_mosaec-db.csv,ok,50000,",",50000.0,1441.0,45.314,124467.0,line_count,False,1441,50000,1440,1,1,0,810,0,0.0,0,160,cif,,,
<DATA_ROOT>\data_raw\mosaec_db\descriptors\extracted\descriptors\descriptors\APRDF_mosaec-db.csv,data_raw\mosaec_db\descriptors\extracted\descriptors\descriptors\APRDF_mosaec-db.csv,APRDF_mosaec-db.csv,.csv,MOSAEC-DB,MOSAEC descriptor/feature table,descriptor_matrix,836532485,797.7795457839966,2025-07-04T17:26:00,<DATA_ROOT>\data_raw\mosaec_db\descriptors\extracted\descriptors\descriptors\APRDF_mosaec-db.csv,ok,50000,",",50000.0,679.0,18.361,116681.0,line_count,False,679,50000,678,1,1,0,678,0,0.0,0,0,cif,,,
<DATA_ROOT>\data_raw\mosaec_db\subsets\extracted\subsets\subsets\details_sampling\diverse-neutral-phom-20k.csv,data_raw\mosaec_db\subsets\extracted\subsets\subsets\details_sampling\diverse-neutral-phom-20k.csv,diverse-neutral-phom-20k.csv,.csv,MOSAEC-DB,MOSAEC descriptor/feature table,descriptor_matrix,334676930,319.1727924346924,2025-07-04T17:33:58,<DATA_ROOT>\data_raw\mosaec_db\subsets\extracted\subsets\subsets\details_sampling\diverse-neutral-phom-20k.csv,ok,50000,",",20000.0,1443.0,11.194,20000.0,line_count,True,1443,20000,1442,1,1,0,812,0,0.0,0,161,filename,,,
<DATA_ROOT>\data_raw\mosaec_db\descriptors\extracted\descriptors\descriptors\RAC_mosaec-db.csv,data_raw\mosaec_db\descriptors\extracted\descriptors\descriptors\RAC_mosaec-db.csv,RAC_mosaec-db.csv,.csv,MOSAEC-DB,MOSAEC descriptor/feature table,descriptor_matrix,185571042,176.9743366241455,2025-07-04T17:26:00,<DATA_ROOT>\data_raw\mosaec_db\descriptors\extracted\descriptors\descriptors\RAC_mosaec-db.csv,ok,50000,",",50000.0,177.0,4.143,111764.0,line_count,False,177,50000,176,1,1,0,176,0,0.0,0,28,cif,,,
<DATA_ROOT>\data_raw\mosaec_db\subsets\extracted\subsets\subsets\details_sampling\diverse-charged-phom-3k.csv,data_raw\mosaec_db\subsets\extracted\subsets\subsets\details_sampling\diverse-charged-phom-3k.csv,diverse-charged-phom-3k.csv,.csv,MOSAEC-DB,MOSAEC descriptor/feature table,descriptor_matrix,49391351,47.10326290130615,2025-07-04T17:33:58,<DATA_ROOT>\data_raw\mosaec_db\subsets\extracted\subsets\subsets\details_sampling\diverse-charged-phom-3k.csv,ok,50000,",",3000.0,1443.0,1.328,3000.0,line_count,True,1443,3000,1442,1,1,0,812,0,0.0,0,161,filename,,,
<DATA_ROOT>\data_raw\mosaec_db\descriptors\extracted\descriptors\descriptors\GEOM_mosaec-db.csv,data_raw\mosaec_db\descriptors\extracted\descriptors\descriptors\GEOM_mosaec-db.csv,GEOM_mosaec-db.csv,.csv,MOSAEC-DB,MOSAEC descriptor/feature table,descriptor_matrix,19965473,19.04055881500244,2025-07-04T17:26:00,<DATA_ROOT>\data_raw\mosaec_db\descriptors\extracted\descriptors\descriptors\GEOM_mosaec-db.csv,ok,50000,",",50000.0,24.0,0.486,124469.0,line_count,False,24,50000,23,1,1,0,19,0,0.0,0,0,cif,,,
<DATA_ROOT>\data_raw\mosaec_db\misc_data\extracted\misc_data\misc_data\PDD_duplicate_thresh0.15.csv,data_raw\mosaec_db\misc_data\extracted\misc_data\misc_data\PDD_duplicate_thresh0.15.csv,PDD_duplicate_thresh0.15.csv,.csv,MOSAEC-DB,MOSAEC descriptor/feature table,descriptor_matrix,5907516,5.633846282958984,2025-07-04T17:31:22,<DATA_ROOT>\data_raw\mosaec_db\misc_data\extracted\misc_data\misc_data\PDD_duplicate_thresh0.15.csv,ok,50000,",",50000.0,4.0,0.158,124469.0,line_count,False,4,50000,3,1,1,0,1,0,0.25,1,3,cif,,,
<DATA_ROOT>\data_raw\mosaec_db\subsets\extracted\subsets\subsets\details_sampling\diverse-neutral-geom-20k.csv,data_raw\mosaec_db\subsets\extracted\subsets\subsets\details_sampling\diverse-neutral-geom-20k.csv,diverse-neutral-geom-20k.csv,.csv,MOSAEC-DB,MOSAEC descriptor/feature table,descriptor_matrix,3549892,3.3854408264160156,2025-07-04T17:33:58,<DATA_ROOT>\data_raw\mosaec_db\subsets\extracted\subsets\subsets\details_sampling\diverse-neutral-geom-20k.csv,ok,50000,",",20000.0,24.0,0.162,20000.0,line_count,True,24,20000,23,1,1,0,19,0,0.0,0,1,filename,,,
<DATA_ROOT>\data_raw\mosaec_db\subsets\extracted\subsets\subsets\details_sampling\diverse-charged-geom-3k.csv,data_raw\mosaec_db\subsets\extracted\subsets\subsets\details_sampling\diverse-charged-geom-3k.csv,diverse-charged-geom-3k.csv,.csv,MOSAEC-DB,MOSAEC descriptor/feature table,descriptor_matrix,548911,0.5234823226928711,2025-07-04T17:33:58,<DATA_ROOT>\data_raw\mosaec_db\subsets\extracted\subsets\subsets\details_sampling\diverse-charged-geom-3k.csv,ok,50000,",",3000.0,24.0,0.049,3000.0,line_count,True,24,3000,23,1,1,0,19,0,0.0,0,1,filename,,,
<DATA_ROOT>\data_raw\mosaec_db\subsets\extracted\subsets\subsets\details_sampling\diverse-neutral-func-20k.csv,data_raw\mosaec_db\subsets\extracted\subsets\subsets\details_sampling\diverse-neutral-func-20k.csv,diverse-neutral-func-20k.csv,.csv,MOSAEC-DB,MOSAEC descriptor/feature table,general_metadata,11303985,10.780320167541504,2025-07-04T17:33:58,<DATA_ROOT>\data_raw\mosaec_db\subsets\extracted\subsets\subsets\details_sampling\diverse-neutral-func-20k.csv,ok,50000,",",20000.0,51.0,0.375,20000.0,line_count,True,51,20000,50,1,1,0,50,0,0.0,0,10,filename,,,
<DATA_ROOT>\data_raw\mosaec_db\subsets\extracted\subsets\subsets\details_sampling\diverse-neutral-linker-20k.csv,data_raw\mosaec_db\subsets\extracted\subsets\subsets\details_sampling\diverse-neutral-linker-20k.csv,diverse-neutral-linker-20k.csv,.csv,MOSAEC-DB,MOSAEC descriptor/feature table,general_metadata,11130768,10.615127563476562,2025-07-04T17:33:58,<DATA_ROOT>\data_raw\mosaec_db\subsets\extracted\subsets\subsets\details_sampling\diverse-neutral-linker-20k.csv,ok,50000,",",20000.0,51.0,0.355,20000.0,line_count,True,51,20000,50,1,1,0,50,0,0.0,0,11,filename,,,
<DATA_ROOT>\data_raw\mosaec_db\subsets\extracted\subsets\subsets\details_sampling\diverse-neutral-metal-20k.csv,data_raw\mosaec_db\subsets\extracted\subsets\subsets\details_sampling\diverse-neutral-metal-20k.csv,diverse-neutral-metal-20k.csv,.csv,MOSAEC-DB,MOSAEC descriptor/feature table,general_metadata,7225752,6.891014099121094,2025-07-04T17:33:58,<DATA_ROOT>\data_raw\mosaec_db\subsets\extracted\subsets\subsets\details_sampling\diverse-neutral-metal-20k.csv,ok,50000,",",20000.0,43.0,0.236,20000.0,line_count,True,43,20000,42,1,1,0,42,0,0.0,0,10,filename,,,
<DATA_ROOT>\data_raw\mosaec_db\subsets\extracted\subsets\subsets\details_sampling\diverse-neutral-ligand-20k.csv,data_raw\mosaec_db\subsets\extracted\subsets\subsets\details_sampling\diverse-neutral-ligand-20k.csv,diverse-neutral-ligand-20k.csv,.csv,MOSAEC-DB,MOSAEC descriptor/feature table,general_metadata,5072247,4.837271690368652,2025-07-04T17:33:58,<DATA_ROOT>\data_raw\mosaec_db\subsets\extracted\subsets\subsets\details_sampling\diverse-neutral-ligand-20k.csv,ok,50000,",",20000.0,23.0,0.16,20000.0,line_count,True,23,20000,22,1,1,0,22,0,0.0,0,1,filename,,,
<DATA_ROOT>\data_raw\mosaec_db\subsets\extracted\subsets\subsets\details_sampling\diverse-neutral-sbu-20k.csv,data_raw\mosaec_db\subsets\extracted\subsets\subsets\details_sampling\diverse-neutral-sbu-20k.csv,diverse-neutral-sbu-20k.csv,.csv,MOSAEC-DB,MOSAEC descriptor/feature table,general_metadata,4782492,4.560939788818359,2025-07-04T17:33:58,<DATA_ROOT>\data_raw\mosaec_db\subsets\extracted\subsets\subsets\details_sampling\diverse-neutral-sbu-20k.csv,ok,50000,",",20000.0,23.0,0.157,20000.0,line_count,True,23,20000,22,1,1,0,22,0,0.0,0,1,filename,,,
<DATA_ROOT>\data_raw\mosaec_db\subsets\extracted\subsets\subsets\details_sampling\diverse-charged-linker-3k.csv,data_raw\mosaec_db\subsets\extracted\subsets\subsets\details_sampling\diverse-charged-linker-3k.csv,diverse-charged-linker-3k.csv,.csv,MOSAEC-DB,MOSAEC descriptor/feature table,general_metadata,1644520,1.5683364868164062,2025-07-04T17:33:58,<DATA_ROOT>\data_raw\mosaec_db\subsets\extracted\subsets\subsets\details_sampling\diverse-charged-linker-3k.csv,ok,50000,",",3000.0,51.0,0.116,3000.0,line_count,True,51,3000,50,1,1,0,50,0,0.0,0,11,filename,,,
<DATA_ROOT>\data_raw\mosaec_db\subsets\extracted\subsets\subsets\details_sampling\diverse-charged-func-3k.csv,data_raw\mosaec_db\subsets\extracted\subsets\subsets\details_sampling\diverse-charged-func-3k.csv,diverse-charged-func-3k.csv,.csv,MOSAEC-DB,MOSAEC descriptor/feature table,general_metadata,1617503,1.5425710678100586,2025-07-04T17:33:58,<DATA_ROOT>\data_raw\mosaec_db\subsets\extracted\subsets\subsets\details_sampling\diverse-charged-func-3k.csv,ok,50000,",",3000.0,51.0,0.093,3000.0,line_count,True,51,3000,50,1,1,0,50,0,0.0,0,10,filename,,,
<DATA_ROOT>\data_raw\mosaec_db\subsets\extracted\subsets\subsets\details_sampling\diverse-charged-metal-3k.csv,data_raw\mosaec_db\subsets\extracted\subsets\subsets\details_sampling\diverse-charged-metal-3k.csv,diverse-charged-metal-3k.csv,.csv,MOSAEC-DB,MOSAEC descriptor/feature table,general_metadata,1116036,1.0643348693847656,2025-07-04T17:33:58,<DATA_ROOT>\data_raw\mosaec_db\subsets\extracted\subsets\subsets\details_sampling\diverse-charged-metal-3k.csv,ok,50000,",",3000.0,43.0,0.069,3000.0,line_count,True,43,3000,42,1,1,0,42,0,0.0,0,10,filename,,,
<DATA_ROOT>\data_raw\mosaec_db\subsets\extracted\subsets\subsets\details_sampling\diverse-charged-ligand-3k.csv,data_raw\mosaec_db\subsets\extracted\subsets\subsets\details_sampling\diverse-charged-ligand-3k.csv,diverse-charged-ligand-3k.csv,.csv,MOSAEC-DB,MOSAEC descriptor/feature table,general_metadata,738768,0.7045440673828125,2025-07-04T17:33:58,<DATA_ROOT>\data_raw\mosaec_db\subsets\extracted\subsets\subsets\details_sampling\diverse-charged-ligand-3k.csv,ok,50000,",",3000.0,23.0,0.071,3000.0,line_count,True,23,3000,22,1,1,0,22,0,0.0,0,1,filename,,,
<DATA_ROOT>\data_raw\mosaec_db\subsets\extracted\subsets\subsets\details_sampling\diverse-charged-sbu-3k.csv,data_raw\mosaec_db\subsets\extracted\subsets\subsets\details_sampling\diverse-charged-sbu-3k.csv,diverse-charged-sbu-3k.csv,.csv,MOSAEC-DB,MOSAEC descriptor/feature table,general_metadata,727264,0.693572998046875,2025-07-04T17:33:58,<DATA_ROOT>\data_raw\mosaec_db\subsets\extracted\subsets\subsets\details_sampling\diverse-charged-sbu-3k.csv,ok,50000,",",3000.0,23.0,0.06,3000.0,line_count,True,23,3000,22,1,1,0,22,0,0.0,0,1,filename,,,
<DATA_ROOT>\data_raw\core_mof_2024\metadata\asr_data_si_20250204.csv,data_raw\core_mof_2024\metadata\asr_data_si_20250204.csv,asr_data_si_20250204.csv,.csv,CoRE MOF 2024,CoRE-2024 ASR/FSR/ION metadata,curation_or_validation,1081836,1.0317192077636719,2026-05-30T08:31:30,<DATA_ROOT>\data_raw\core_mof_2024\metadata\asr_data_si_20250204.csv,ok,50000,",",1372.0,57.0,0.109,1372.0,line_count,True,57,1372,36,21,5,0,27,0,0.05460078768349445,0,5,refcode;name;mofid-v1;mofid-v2;structure_dimension,,refcode;mofid-v1;mofid-v2;topology(SingleNodes);topology(SingleNodes)-zeo;topology(AllNodes);topology(AllNodes)-zeo;dimension_by_topo;Metal Types;Source,
<DATA_ROOT>\data_raw\core_mof_2024\metadata\fsr_data_si_20250204.csv,data_raw\core_mof_2024\metadata\fsr_data_si_20250204.csv,fsr_data_si_20250204.csv,.csv,CoRE MOF 2024,CoRE-2024 ASR/FSR/ION metadata,curation_or_validation,649288,0.6192092895507812,2026-05-30T08:31:34,<DATA_ROOT>\data_raw\core_mof_2024\metadata\fsr_data_si_20250204.csv,ok,50000,",",1192.0,56.0,0.102,1192.0,line_count,True,56,1192,36,20,4,0,27,0,0.05620805369127517,1,5,refcode;name;mofid-v1;structure_dimension,,refcode;mofid-v1;topology(SingleNodes);topology(SingleNodes)-zeo;topology(AllNodes);topology(AllNodes)-zeo;dimension_by_topo;Metal Types;Source,
<DATA_ROOT>\data_raw\core_mof_2024\metadata\12089_recommended_screening_list.csv,data_raw\core_mof_2024\metadata\12089_recommended_screening_list.csv,12089_recommended_screening_list.csv,.csv,CoRE MOF 2024,CoRE-2024 ASR/FSR/ION metadata,curation_or_validation,330691,0.3153715133666992,2026-05-30T08:31:30,<DATA_ROOT>\data_raw\core_mof_2024\metadata\12089_recommended_screening_list.csv,ok,50000,",",12089.0,2.0,0.076,12089.0,line_count,True,2,12089,1,1,0,0,1,0,0.0,0,0,,,,
<DATA_ROOT>\data_raw\core_mof_2024\diagnostics\ncr_fsr_si.xlsx,data_raw\core_mof_2024\diagnostics\ncr_fsr_si.xlsx,ncr_fsr_si.xlsx,.xlsx,CoRE MOF 2024,CoRE-2024 ASR/FSR/ION metadata,curation_or_validation,187258,0.17858314514160156,2026-05-30T08:31:42,<DATA_ROOT>\data_raw\core_mof_2024\diagnostics\ncr_fsr_si.xlsx,ok,50000,,2127.0,5.0,0.22,2127.0,read_rows,True,5,2127,4,1,1,0,4,0,0.0,0,0,refcode,,refcode,
<DATA_ROOT>\data_raw\core_mof_2024\diagnostics\ncr_asr_si.xlsx,data_raw\core_mof_2024\diagnostics\ncr_asr_si.xlsx,ncr_asr_si.xlsx,.xlsx,CoRE MOF 2024,CoRE-2024 ASR/FSR/ION metadata,curation_or_validation,172053,0.16408252716064453,2026-05-30T08:31:40,<DATA_ROOT>\data_raw\core_mof_2024\diagnostics\ncr_asr_si.xlsx,ok,50000,,2011.0,5.0,0.226,2011.0,read_rows,True,5,2011,4,1,1,0,4,0,0.0,0,0,refcode,,refcode,
<DATA_ROOT>\data_raw\core_mof_2024\metadata\ion_data_si_20250204.csv,data_raw\core_mof_2024\metadata\ion_data_si_20250204.csv,ion_data_si_20250204.csv,.csv,CoRE MOF 2024,CoRE-2024 ASR/FSR/ION metadata,curation_or_validation,55530,0.05295753479003906,2026-05-30T08:31:36,<DATA_ROOT>\data_raw\core_mof_2024\metadata\ion_data_si_20250204.csv,ok,50000,",",100.0,57.0,0.066,100.0,line_count,True,57,100,34,23,5,0,25,0,0.12105263157894737,3,10,refcode;name;mofid-v1;mofid-v2;structure_dimension,,refcode;mofid-v1;mofid-v2;topology(SingleNodes);topology(SingleNodes)-zeo;topology(AllNodes);topology(AllNodes)-zeo;dimension_by_topo;Metal Types;Source,
<DATA_ROOT>\data_raw\core_mof_2024\mofid\extracted\mofid_v2\mofid-v2\unique\unique_data_ASR.csv,data_raw\core_mof_2024\mofid\extracted\mofid_v2\mofid-v2\unique\unique_data_ASR.csv,unique_data_ASR.csv,.csv,CoRE MOF 2024,CoRE-2024 MOFid/topology metadata,topology_or_cluster,5123101,4.885769844055176,2024-10-16T00:43:54,<DATA_ROOT>\data_raw\core_mof_2024\mofid\extracted\mofid_v2\mofid-v2\unique\unique_data_ASR.csv,ok,50000,",",6889.0,55.0,0.261,6889.0,line_count,True,55,6889,36,19,5,0,26,0,0.03584370340067829,0,2,refcode;name;mofid-v1;mofid-v2;structure_dimension,,refcode;mofid-v1;mofid-v2;topology(SingleNodes);topology(AllNodes);dimension_by_topo;Metal Types;Source,
<DATA_ROOT>\data_raw\core_mof_2024\mofid\extracted\mofid_v2\mofid-v2\errors\ASR_mofid.csv,data_raw\core_mof_2024\mofid\extracted\mofid_v2\mofid-v2\errors\ASR_mofid.csv,ASR_mofid.csv,.csv,CoRE MOF 2024,CoRE-2024 MOFid/topology metadata,topology_or_cluster,1128728,1.0764389038085938,2024-10-16T00:14:30,<DATA_ROOT>\data_raw\core_mof_2024\mofid\extracted\mofid_v2\mofid-v2\errors\ASR_mofid.csv,ok,50000,",",8854.0,2.0,0.087,8854.0,line_count,True,2,8854,0,2,2,0,0,0,0.0,0,0,cifname;mofid,,mofid,
<DATA_ROOT>\data_raw\core_mof_2024\mofid\extracted\mofid_v2\mofid-v2\unique\same_ASR_MOFs_check.xlsx,data_raw\core_mof_2024\mofid\extracted\mofid_v2\mofid-v2\unique\same_ASR_MOFs_check.xlsx,same_ASR_MOFs_check.xlsx,.xlsx,CoRE MOF 2024,CoRE-2024 MOFid/topology metadata,topology_or_cluster,529360,0.5048370361328125,2024-10-16T00:42:42,<DATA_ROOT>\data_raw\core_mof_2024\mofid\extracted\mofid_v2\mofid-v2\unique\same_ASR_MOFs_check.xlsx,ok,50000,,3.0,3.0,0.337,3.0,read_rows,True,3,3,0,3,1,0,0,0,0.0,0,1,mofid-v2,,mofid-v2,
<DATA_ROOT>\data_raw\core_mof_2024\mofid\extracted\mofid_v2\mofid-v2\refcode_groupby_node.json,data_raw\core_mof_2024\mofid\extracted\mofid_v2\mofid-v2\refcode_groupby_node.json,refcode_groupby_node.json,.json,CoRE MOF 2024,CoRE-2024 MOFid/topology metadata,topology_or_cluster,462577,0.4411478042602539,2024-07-16T03:52:00,<DATA_ROOT>\data_raw\core_mof_2024\mofid\extracted\mofid_v2\mofid-v2\refcode_groupby_node.json,ok,50000,,3.0,423.0,0.484,3.0,read_rows,True,423,3,0,423,0,0,0,423,0.0,0,0,,,,
<DATA_ROOT>\data_raw\core_mof_2024\mofid\extracted\mofid_v2\mofid-v2\errors\final_nodes_details.json,data_raw\core_mof_2024\mofid\extracted\mofid_v2\mofid-v2\errors\final_nodes_details.json,final_nodes_details.json,.json,CoRE MOF 2024,CoRE-2024 MOFid/topology metadata,topology_or_cluster,402164,0.3835334777832031,2024-10-16T18:03:00,<DATA_ROOT>\data_raw\core_mof_2024\mofid\extracted\mofid_v2\mofid-v2\errors\final_nodes_details.json,failed,50000,,,,0.034,,unknown,False,0,0,0,0,0,0,0,0,,0,0,,,,Expected object or value
<DATA_ROOT>\data_raw\core_mof_2024\mofid\extracted\mofid_v2\mofid-v2\Lookup_table_of_nodes.csv,data_raw\core_mof_2024\mofid\extracted\mofid_v2\mofid-v2\Lookup_table_of_nodes.csv,Lookup_table_of_nodes.csv,.csv,CoRE MOF 2024,CoRE-2024 MOFid/topology metadata,topology_or_cluster,366182,0.34921836853027344,2024-10-10T16:24:02,<DATA_ROOT>\data_raw\core_mof_2024\mofid\extracted\mofid_v2\mofid-v2\Lookup_table_of_nodes.csv,ok,50000,",",423.0,4.0,0.051,6461.0,line_count,False,4,423,0,4,2,0,0,0,0.000591016548463357,0,0,Name;refcode,,refcode,
<DATA_ROOT>\data_raw\core_mof_2024\mofid\extracted\mofid_v2\mofid-v2\unique\summary.csv,data_raw\core_mof_2024\mofid\extracted\mofid_v2\mofid-v2\unique\summary.csv,summary.csv,.csv,CoRE MOF 2024,CoRE-2024 MOFid/topology metadata,topology_or_cluster,181051,0.17266368865966797,2024-11-22T15:58:44,<DATA_ROOT>\data_raw\core_mof_2024\mofid\extracted\mofid_v2\mofid-v2\unique\summary.csv,ok,50000,",",689.0,6.0,0.036,689.0,line_count,True,6,689,4,2,2,0,4,0,0.46710208030962747,1,1,mofid_prefix;name,,mofid_prefix,
<DATA_ROOT>\data_raw\core_mof_2024\mofid\extracted\mofid_v2\mofid-v2\errors\Type_1_Structures.csv,data_raw\core_mof_2024\mofid\extracted\mofid_v2\mofid-v2\errors\Type_1_Structures.csv,Type_1_Structures.csv,.csv,CoRE MOF 2024,CoRE-2024 MOFid/topology metadata,topology_or_cluster,99643,0.09502696990966797,2024-10-16T00:15:30,<DATA_ROOT>\data_raw\core_mof_2024\mofid\extracted\mofid_v2\mofid-v2\errors\Type_1_Structures.csv,ok,50000,",",780.0,5.0,0.045,780.0,line_count,True,5,780,0,5,2,0,0,0,0.0,0,1,mof_name;mofid,,bound_solvent_MetalOxo;free_solvent_MetalOxo;mofid,
<DATA_ROOT>\data_raw\core_mof_2024\mofid\extracted\mofid_v2\mofid-v2\errors\Ion_mofid.csv,data_raw\core_mof_2024\mofid\extracted\mofid_v2\mofid-v2\errors\Ion_mofid.csv,Ion_mofid.csv,.csv,CoRE MOF 2024,CoRE-2024 MOFid/topology metadata,topology_or_cluster,86794,0.08277320861816406,2024-06-03T17:35:44,<DATA_ROOT>\data_raw\core_mof_2024\mofid\extracted\mofid_v2\mofid-v2\errors\Ion_mofid.csv,ok,50000,",",713.0,2.0,0.044,713.0,line_count,True,2,713,0,2,2,0,0,0,0.0,0,0,cifname;mofid,,mofid,
<DATA_ROOT>\data_raw\core_mof_2024\mofid\extracted\mofid_v2\mofid-v2\errors\Type_2_Structures.csv,data_raw\core_mof_2024\mofid\extracted\mofid_v2\mofid-v2\errors\Type_2_Structures.csv,Type_2_Structures.csv,.csv,CoRE MOF 2024,CoRE-2024 MOFid/topology metadata,topology_or_cluster,70903,0.06761837005615234,2024-10-16T00:14:56,<DATA_ROOT>\data_raw\core_mof_2024\mofid\extracted\mofid_v2\mofid-v2\errors\Type_2_Structures.csv,ok,50000,",",348.0,5.0,0.021,348.0,line_count,True,5,348,0,5,2,0,0,0,0.0,0,1,mof_name;mofid,,mofid,
<DATA_ROOT>\data_raw\core_mof_2024\tsa\extracted\tsa\TSA\TSA-optimization\CIXDIZ_opt_ASR_pacman_5_95_TSEMO_automation.csv,data_raw\core_mof_2024\tsa\extracted\tsa\TSA\TSA-optimization\CIXDIZ_opt_ASR_pacman_5_95_TSEMO_automation.csv,CIXDIZ_opt_ASR_pacman_5_95_TSEMO_automation.csv,.csv,CoRE MOF 2024,CoRE-2024 TSA optimization tables,curation_or_validation,5448,0.00519561767578125,2024-10-24T13:49:24,<DATA_ROOT>\data_raw\core_mof_2024\tsa\extracted\tsa\TSA\TSA-optimization\CIXDIZ_opt_ASR_pacman_5_95_TSEMO_automation.csv,ok,50000,",",320.0,2.0,0.008,320.0,line_count,True,2,320,2,0,0,0,2,0,0.0,0,0,,,,
<DATA_ROOT>\data_raw\core_mof_2024\tsa\extracted\tsa\TSA\TSA-optimization\EZIDAV_ASR_pacman_1_99_TSEMO_automation.csv,data_raw\core_mof_2024\tsa\extracted\tsa\TSA\TSA-optimization\EZIDAV_ASR_pacman_1_99_TSEMO_automation.csv,EZIDAV_ASR_pacman_1_99_TSEMO_automation.csv,.csv,CoRE MOF 2024,CoRE-2024 TSA optimization tables,curation_or_validation,5448,0.00519561767578125,2024-10-24T13:49:22,<DATA_ROOT>\data_raw\core_mof_2024\tsa\extracted\tsa\TSA\TSA-optimization\EZIDAV_ASR_pacman_1_99_TSEMO_automation.csv,ok,50000,",",320.0,2.0,0.007,320.0,line_count,True,2,320,2,0,0,0,2,0,0.0,0,0,,,,
<DATA_ROOT>\data_raw\core_mof_2024\tsa\extracted\tsa\TSA\TSA-optimization\GIZNOT_ASR_pacman_1_99_TSEMO_automation.csv,data_raw\core_mof_2024\tsa\extracted\tsa\TSA\TSA-optimization\GIZNOT_ASR_pacman_1_99_TSEMO_automation.csv,GIZNOT_ASR_pacman_1_99_TSEMO_automation.csv,.csv,CoRE MOF 2024,CoRE-2024 TSA optimization tables,curation_or_validation,5448,0.00519561767578125,2024-10-24T13:49:24,<DATA_ROOT>\data_raw\core_mof_2024\tsa\extracted\tsa\TSA\TSA-optimization\GIZNOT_ASR_pacman_1_99_TSEMO_automation.csv,ok,50000,",",320.0,2.0,0.005,320.0,line_count,True,2,320,2,0,0,0,2,0,0.0,0,0,,,,
<DATA_ROOT>\data_raw\core_mof_2024\tsa\extracted\tsa\TSA\TSA-optimization\KOMGUP_ASR_pacman_1_99_TSEMO_automation.csv,data_raw\core_mof_2024\tsa\extracted\tsa\TSA\TSA-optimization\KOMGUP_ASR_pacman_1_99_TSEMO_automation.csv,KOMGUP_ASR_pacman_1_99_TSEMO_automation.csv,.csv,CoRE MOF 2024,CoRE-2024 TSA optimization tables,curation_or_validation,5448,0.00519561767578125,2024-10-24T13:49:24,<DATA_ROOT>\data_raw\core_mof_2024\tsa\extracted\tsa\TSA\TSA-optimization\KOMGUP_ASR_pacman_1_99_TSEMO_automation.csv,ok,50000,",",320.0,2.0,0.005,320.0,line_count,True,2,320,2,0,0,0,2,0,0.0,0,0,,,,
<DATA_ROOT>\data_raw\core_mof_2024\tsa\extracted\tsa\TSA\TSA-optimization\TUMREA_ASR_pacman_1_99_TSEMO_automation.csv,data_raw\core_mof_2024\tsa\extracted\tsa\TSA\TSA-optimization\TUMREA_ASR_pacman_1_99_TSEMO_automation.csv,TUMREA_ASR_pacman_1_99_TSEMO_automation.csv,.csv,CoRE MOF 2024,CoRE-2024 TSA optimization tables,curation_or_validation,5448,0.00519561767578125,2024-10-24T13:49:22,<DATA_ROOT>\data_raw\core_mof_2024\tsa\extracted\tsa\TSA\TSA-optimization\TUMREA_ASR_pacman_1_99_TSEMO_automation.csv,ok,50000,",",320.0,2.0,0.022,320.0,line_count,True,2,320,2,0,0,0,2,0,0.0,0,0,,,,
<DATA_ROOT>\data_raw\core_mof_2024\tsa\extracted\tsa\TSA\TSA-optimization\UKALID_ASR_pacman_1_99_TSEMO_automation.csv,data_raw\core_mof_2024\tsa\extracted\tsa\TSA\TSA-optimization\UKALID_ASR_pacman_1_99_TSEMO_automation.csv,UKALID_ASR_pacman_1_99_TSEMO_automation.csv,.csv,CoRE MOF 2024,CoRE-2024 TSA optimization tables,curation_or_validation,5448,0.00519561767578125,2024-10-24T13:49:22,<DATA_ROOT>\data_raw\core_mof_2024\tsa\extracted\tsa\TSA\TSA-optimization\UKALID_ASR_pacman_1_99_TSEMO_automation.csv,ok,50000,",",320.0,2.0,0.043,320.0,line_count,True,2,320,2,0,0,0,2,0,0.0,0,0,,,,
<DATA_ROOT>\data_raw\core_mof_2024\tsa\extracted\tsa\TSA\TSA-optimization\UYIHUI_ASR_pacman_1_99_TSEMO_automation.csv,data_raw\core_mof_2024\tsa\extracted\tsa\TSA\TSA-optimization\UYIHUI_ASR_pacman_1_99_TSEMO_automation.csv,UYIHUI_ASR_pacman_1_99_TSEMO_automation.csv,.csv,CoRE MOF 2024,CoRE-2024 TSA optimization tables,curation_or_validation,5448,0.00519561767578125,2024-10-24T13:49:22,<DATA_ROOT>\data_raw\core_mof_2024\tsa\extracted\tsa\TSA\TSA-optimization\UYIHUI_ASR_pacman_1_99_TSEMO_automation.csv,ok,50000,",",320.0,2.0,0.008,320.0,line_count,True,2,320,2,0,0,0,2,0,0.0,0,0,,,,
<DATA_ROOT>\data_raw\core_mof_2024\tsa\extracted\tsa\TSA\TSA-optimization\XORGUI_ASR_pacman_1_99_TSEMO_automation.csv,data_raw\core_mof_2024\tsa\extracted\tsa\TSA\TSA-optimization\XORGUI_ASR_pacman_1_99_TSEMO_automation.csv,XORGUI_ASR_pacman_1_99_TSEMO_automation.csv,.csv,CoRE MOF 2024,CoRE-2024 TSA optimization tables,curation_or_validation,5448,0.00519561767578125,2024-10-24T13:49:22,<DATA_ROOT>\data_raw\core_mof_2024\tsa\extracted\tsa\TSA\TSA-optimization\XORGUI_ASR_pacman_1_99_TSEMO_automation.csv,ok,50000,",",320.0,2.0,0.023,320.0,line_count,True,2,320,2,0,0,0,2,0,0.0,0,0,,,,
<DATA_ROOT>\data_raw\core_mof_2024\tsa\extracted\tsa\TSA\TSA-optimization\c7ce01510k2_5_ASR_pacman_1_99_TSEMO_automation.csv,data_raw\core_mof_2024\tsa\extracted\tsa\TSA\TSA-optimization\c7ce01510k2_5_ASR_pacman_1_99_TSEMO_automation.csv,c7ce01510k2_5_ASR_pacman_1_99_TSEMO_automation.csv,.csv,CoRE MOF 2024,CoRE-2024 TSA optimization tables,curation_or_validation,5448,0.00519561767578125,2024-10-24T13:49:22,<DATA_ROOT>\data_raw\core_mof_2024\tsa\extracted\tsa\TSA\TSA-optimization\c7ce01510k2_5_ASR_pacman_1_99_TSEMO_automation.csv,ok,50000,",",320.0,2.0,0.031,320.0,line_count,True,2,320,2,0,0,0,2,0,0.0,0,0,,,,
<DATA_ROOT>\data_raw\core_mof_2024\tsa\extracted\tsa\TSA\TSA-optimization\c9cc04446a2_1_ASR_pacman_1_99_TSEMO_automation.csv,data_raw\core_mof_2024\tsa\extracted\tsa\TSA\TSA-optimization\c9cc04446a2_1_ASR_pacman_1_99_TSEMO_automation.csv,c9cc04446a2_1_ASR_pacman_1_99_TSEMO_automation.csv,.csv,CoRE MOF 2024,CoRE-2024 TSA optimization tables,curation_or_validation,5448,0.00519561767578125,2024-10-24T13:49:22,<DATA_ROOT>\data_raw\core_mof_2024\tsa\extracted\tsa\TSA\TSA-optimization\c9cc04446a2_1_ASR_pacman_1_99_TSEMO_automation.csv,ok,50000,",",320.0,2.0,0.005,320.0,line_count,True,2,320,2,0,0,0,2,0,0.0,0,0,,,,
<DATA_ROOT>\data_raw\core_mof_2024\tsa\extracted\tsa\TSA\TSA-optimization\CIXDIZ_ASR_pacman_10_90_TSEMO_automation.csv,data_raw\core_mof_2024\tsa\extracted\tsa\TSA\TSA-optimization\CIXDIZ_ASR_pacman_10_90_TSEMO_automation.csv,CIXDIZ_ASR_pacman_10_90_TSEMO_automation.csv,.csv,CoRE MOF 2024,CoRE-2024 TSA optimization tables,curation_or_validation,5431,0.005179405212402344,2024-10-24T13:49:22,<DATA_ROOT>\data_raw\core_mof_2024\tsa\extracted\tsa\TSA\TSA-optimization\CIXDIZ_ASR_pacman_10_90_TSEMO_automation.csv,ok,50000,",",319.0,2.0,0.016,319.0,line_count,True,2,319,2,0,0,0,2,0,0.0,0,0,,,,
<DATA_ROOT>\data_raw\core_mof_2024\tsa\extracted\tsa\TSA\TSA-optimization\CIXDIZ_opt_ASR_pacman_10_90_TSEMO_automation.csv,data_raw\core_mof_2024\tsa\extracted\tsa\TSA\TSA-optimization\CIXDIZ_opt_ASR_pacman_10_90_TSEMO_automation.csv,CIXDIZ_opt_ASR_pacman_10_90_TSEMO_automation.csv,.csv,CoRE MOF 2024,CoRE-2024 TSA optimization tables,curation_or_validation,5431,0.005179405212402344,2024-10-24T13:49:24,<DATA_ROOT>\data_raw\core_mof_2024\tsa\extracted\tsa\TSA\TSA-optimization\CIXDIZ_opt_ASR_pacman_10_90_TSEMO_automation.csv,ok,50000,",",319.0,2.0,0.017,319.0,line_count,True,2,319,2,0,0,0,2,0,0.0,0,0,,,,
<DATA_ROOT>\data_raw\core_mof_2024\tsa\extracted\tsa\TSA\TSA-optimization\UYIJAQ_ASR_pacman_10_90_TSEMO_automation.csv,data_raw\core_mof_2024\tsa\extracted\tsa\TSA\TSA-optimization\UYIJAQ_ASR_pacman_10_90_TSEMO_automation.csv,UYIJAQ_ASR_pacman_10_90_TSEMO_automation.csv,.csv,CoRE MOF 2024,CoRE-2024 TSA optimization tables,curation_or_validation,5431,0.005179405212402344,2024-10-24T13:49:22,<DATA_ROOT>\data_raw\core_mof_2024\tsa\extracted\tsa\TSA\TSA-optimization\UYIJAQ_ASR_pacman_10_90_TSEMO_automation.csv,ok,50000,",",319.0,2.0,0.013,319.0,line_count,True,2,319,2,0,0,0,2,0,0.0,0,0,,,,
<DATA_ROOT>\data_raw\core_mof_2024\tsa\extracted\tsa\TSA\TSA-optimization\EZIDAV_ASR_pacman_DAC_TSEMO_automation.csv,data_raw\core_mof_2024\tsa\extracted\tsa\TSA\TSA-optimization\EZIDAV_ASR_pacman_DAC_TSEMO_automation.csv,EZIDAV_ASR_pacman_DAC_TSEMO_automation.csv,.csv,CoRE MOF 2024,CoRE-2024 TSA optimization tables,curation_or_validation,5414,0.0051631927490234375,2024-10-24T13:49:22,<DATA_ROOT>\data_raw\core_mof_2024\tsa\extracted\tsa\TSA\TSA-optimization\EZIDAV_ASR_pacman_DAC_TSEMO_automation.csv,ok,50000,",",318.0,2.0,0.031,318.0,line_count,True,2,318,2,0,0,0,2,0,0.0,0,0,,,,
<DATA_ROOT>\data_raw\core_mof_2024\tsa\extracted\tsa\TSA\TSA-optimization\GIYTOY_ASR_pacman_1_99_TSEMO_automation.csv,data_raw\core_mof_2024\tsa\extracted\tsa\TSA\TSA-optimization\GIYTOY_ASR_pacman_1_99_TSEMO_automation.csv,GIYTOY_ASR_pacman_1_99_TSEMO_automation.csv,.csv,CoRE MOF 2024,CoRE-2024 TSA optimization tables,curation_or_validation,5414,0.0051631927490234375,2024-10-24T13:49:24,<DATA_ROOT>\data_raw\core_mof_2024\tsa\extracted\tsa\TSA\TSA-optimization\GIYTOY_ASR_pacman_1_99_TSEMO_automation.csv,ok,50000,",",318.0,2.0,0.005,318.0,line_count,True,2,318,2,0,0,0,2,0,0.0,0,0,,,,
<DATA_ROOT>\data_raw\core_mof_2024\tsa\extracted\tsa\TSA\TSA-optimization\HURQUG_ASR_pacman_10_90_TSEMO_automation.csv,data_raw\core_mof_2024\tsa\extracted\tsa\TSA\TSA-optimization\HURQUG_ASR_pacman_10_90_TSEMO_automation.csv,HURQUG_ASR_pacman_10_90_TSEMO_automation.csv,.csv,CoRE MOF 2024,CoRE-2024 TSA optimization tables,curation_or_validation,5414,0.0051631927490234375,2024-10-24T13:49:24,<DATA_ROOT>\data_raw\core_mof_2024\tsa\extracted\tsa\TSA\TSA-optimization\HURQUG_ASR_pacman_10_90_TSEMO_automation.csv,ok,50000,",",318.0,2.0,0.008,318.0,line_count,True,2,318,2,0,0,0,2,0,0.0,0,0,,,,
<DATA_ROOT>\data_raw\core_mof_2024\tsa\extracted\tsa\TSA\TSA-optimization\UYIJAQ_ASR_pacman_1_99_TSEMO_automation.csv,data_raw\core_mof_2024\tsa\extracted\tsa\TSA\TSA-optimization\UYIJAQ_ASR_pacman_1_99_TSEMO_automation.csv,UYIJAQ_ASR_pacman_1_99_TSEMO_automation.csv,.csv,CoRE MOF 2024,CoRE-2024 TSA optimization tables,curation_or_validation,5414,0.0051631927490234375,2024-10-24T13:49:22,<DATA_ROOT>\data_raw\core_mof_2024\tsa\extracted\tsa\TSA\TSA-optimization\UYIJAQ_ASR_pacman_1_99_TSEMO_automation.csv,ok,50000,",",318.0,2.0,0.004,318.0,line_count,True,2,318,2,0,0,0,2,0,0.0,0,0,,,,
<DATA_ROOT>\data_raw\core_mof_2024\tsa\extracted\tsa\TSA\TSA-optimization\c8ce01003j2_4_ASR_pacman_1_99_TSEMO_automation.csv,data_raw\core_mof_2024\tsa\extracted\tsa\TSA\TSA-optimization\c8ce01003j2_4_ASR_pacman_1_99_TSEMO_automation.csv,c8ce01003j2_4_ASR_pacman_1_99_TSEMO_automation.csv,.csv,CoRE MOF 2024,CoRE-2024 TSA optimization tables,curation_or_validation,5414,0.0051631927490234375,2024-10-24T13:49:22,<DATA_ROOT>\data_raw\core_mof_2024\tsa\extracted\tsa\TSA\TSA-optimization\c8ce01003j2_4_ASR_pacman_1_99_TSEMO_automation.csv,ok,50000,",",318.0,2.0,0.016,318.0,line_count,True,2,318,2,0,0,0,2,0,0.0,0,0,,,,
<DATA_ROOT>\data_raw\core_mof_2024\tsa\extracted\tsa\TSA\TSA-optimization\c9cc05498g2_ASR_pacman_DAC_TSEMO_automation.csv,data_raw\core_mof_2024\tsa\extracted\tsa\TSA\TSA-optimization\c9cc05498g2_ASR_pacman_DAC_TSEMO_automation.csv,c9cc05498g2_ASR_pacman_DAC_TSEMO_automation.csv,.csv,CoRE MOF 2024,CoRE-2024 TSA optimization tables,curation_or_validation,5414,0.0051631927490234375,2024-10-24T13:49:22,<DATA_ROOT>\data_raw\core_mof_2024\tsa\extracted\tsa\TSA\TSA-optimization\c9cc05498g2_ASR_pacman_DAC_TSEMO_automation.csv,ok,50000,",",318.0,2.0,0.016,318.0,line_count,True,2,318,2,0,0,0,2,0,0.0,0,0,,,,
<DATA_ROOT>\data_raw\core_mof_2024\tsa\extracted\tsa\TSA\TSA-optimization\ASUJIJ_ASR_pacman_10_90_TSEMO_automation.csv,data_raw\core_mof_2024\tsa\extracted\tsa\TSA\TSA-optimization\ASUJIJ_ASR_pacman_10_90_TSEMO_automation.csv,ASUJIJ_ASR_pacman_10_90_TSEMO_automation.csv,.csv,CoRE MOF 2024,CoRE-2024 TSA optimization tables,curation_or_validation,5397,0.005146980285644531,2024-10-24T13:49:22,<DATA_ROOT>\data_raw\core_mof_2024\tsa\extracted\tsa\TSA\TSA-optimization\ASUJIJ_ASR_pacman_10_90_TSEMO_automation.csv,ok,50000,",",317.0,2.0,0.025,317.0,line_count,True,2,317,2,0,0,0,2,0,0.0,0,0,,,,
<DATA_ROOT>\data_raw\core_mof_2024\tsa\extracted\tsa\TSA\TSA-optimization\ASUJIJ_ASR_pacman_1_99_TSEMO_automation.csv,data_raw\core_mof_2024\tsa\extracted\tsa\TSA\TSA-optimization\ASUJIJ_ASR_pacman_1_99_TSEMO_automation.csv,ASUJIJ_ASR_pacman_1_99_TSEMO_automation.csv,.csv,CoRE MOF 2024,CoRE-2024 TSA optimization tables,curation_or_validation,5397,0.005146980285644531,2024-10-24T13:49:22,<DATA_ROOT>\data_raw\core_mof_2024\tsa\extracted\tsa\TSA\TSA-optimization\ASUJIJ_ASR_pacman_1_99_TSEMO_automation.csv,ok,50000,",",317.0,2.0,0.008,317.0,line_count,True,2,317,2,0,0,0,2,0,0.0,0,0,,,,
<DATA_ROOT>\data_raw\core_mof_2024\tsa\extracted\tsa\TSA\TSA-optimization\BOFCEG_ASR_pacman_1_99_TSEMO_automation.csv,data_raw\core_mof_2024\tsa\extracted\tsa\TSA\TSA-optimization\BOFCEG_ASR_pacman_1_99_TSEMO_automation.csv,BOFCEG_ASR_pacman_1_99_TSEMO_automation.csv,.csv,CoRE MOF 2024,CoRE-2024 TSA optimization tables,curation_or_validation,5397,0.005146980285644531,2024-10-24T13:49:22,<DATA_ROOT>\data_raw\core_mof_2024\tsa\extracted\tsa\TSA\TSA-optimization\BOFCEG_ASR_pacman_1_99_TSEMO_automation.csv,ok,50000,",",317.0,2.0,0.004,317.0,line_count,True,2,317,2,0,0,0,2,0,0.0,0,0,,,,
<DATA_ROOT>\data_raw\core_mof_2024\tsa\extracted\tsa\TSA\TSA-optimization\BOFCEG_ASR_pacman_DAC_TSEMO_automation.csv,data_raw\core_mof_2024\tsa\extracted\tsa\TSA\TSA-optimization\BOFCEG_ASR_pacman_DAC_TSEMO_automation.csv,BOFCEG_ASR_pacman_DAC_TSEMO_automation.csv,.csv,CoRE MOF 2024,CoRE-2024 TSA optimization tables,curation_or_validation,5397,0.005146980285644531,2024-10-24T13:49:22,<DATA_ROOT>\data_raw\core_mof_2024\tsa\extracted\tsa\TSA\TSA-optimization\BOFCEG_ASR_pacman_DAC_TSEMO_automation.csv,ok,50000,",",317.0,2.0,0.004,317.0,line_count,True,2,317,2,0,0,0,2,0,0.0,0,0,,,,
<DATA_ROOT>\data_raw\core_mof_2024\tsa\extracted\tsa\TSA\TSA-optimization\CIXDIZ_opt_ASR_pacman_1_99_TSEMO_automation.csv,data_raw\core_mof_2024\tsa\extracted\tsa\TSA\TSA-optimization\CIXDIZ_opt_ASR_pacman_1_99_TSEMO_automation.csv,CIXDIZ_opt_ASR_pacman_1_99_TSEMO_automation.csv,.csv,CoRE MOF 2024,CoRE-2024 TSA optimization tables,curation_or_validation,5397,0.005146980285644531,2024-10-24T13:49:24,<DATA_ROOT>\data_raw\core_mof_2024\tsa\extracted\tsa\TSA\TSA-optimization\CIXDIZ_opt_ASR_pacman_1_99_TSEMO_automation.csv,ok,50000,",",317.0,2.0,0.005,317.0,line_count,True,2,317,2,0,0,0,2,0,0.0,0,0,,,,
<DATA_ROOT>\data_raw\core_mof_2024\tsa\extracted\tsa\TSA\TSA-optimization\EZIDAV_ASR_pacman_10_90_TSEMO_automation.csv,data_raw\core_mof_2024\tsa\extracted\tsa\TSA\TSA-optimization\EZIDAV_ASR_pacman_10_90_TSEMO_automation.csv,EZIDAV_ASR_pacman_10_90_TSEMO_automation.csv,.csv,CoRE MOF 2024,CoRE-2024 TSA optimization tables,curation_or_validation,5397,0.005146980285644531,2024-10-24T13:49:22,<DATA_ROOT>\data_raw\core_mof_2024\tsa\extracted\tsa\TSA\TSA-optimization\EZIDAV_ASR_pacman_10_90_TSEMO_automation.csv,ok,50000,",",317.0,2.0,0.01,317.0,line_count,True,2,317,2,0,0,0,2,0,0.0,0,0,,,,
<DATA_ROOT>\data_raw\core_mof_2024\tsa\extracted\tsa\TSA\TSA-optimization\GIYTOY_ASR_pacman_10_90_TSEMO_automation.csv,data_raw\core_mof_2024\tsa\extracted\tsa\TSA\TSA-optimization\GIYTOY_ASR_pacman_10_90_TSEMO_automation.csv,GIYTOY_ASR_pacman_10_90_TSEMO_automation.csv,.csv,CoRE MOF 2024,CoRE-2024 TSA optimization tables,curation_or_validation,5397,0.005146980285644531,2024-10-24T13:49:24,<DATA_ROOT>\data_raw\core_mof_2024\tsa\extracted\tsa\TSA\TSA-optimization\GIYTOY_ASR_pacman_10_90_TSEMO_automation.csv,ok,50000,",",317.0,2.0,0.005,317.0,line_count,True,2,317,2,0,0,0,2,0,0.0,0,0,,,,
<DATA_ROOT>\data_raw\core_mof_2024\tsa\extracted\tsa\TSA\TSA-optimization\GIYTOY_ASR_pacman_DAC_TSEMO_automation.csv,data_raw\core_mof_2024\tsa\extracted\tsa\TSA\TSA-optimization\GIYTOY_ASR_pacman_DAC_TSEMO_automation.csv,GIYTOY_ASR_pacman_DAC_TSEMO_automation.csv,.csv,CoRE MOF 2024,CoRE-2024 TSA optimization tables,curation_or_validation,5397,0.005146980285644531,2024-10-24T13:49:24,<DATA_ROOT>\data_raw\core_mof_2024\tsa\extracted\tsa\TSA\TSA-optimization\GIYTOY_ASR_pacman_DAC_TSEMO_automation.csv,ok,50000,",",317.0,2.0,0.005,317.0,line_count,True,2,317,2,0,0,0,2,0,0.0,0,0,,,,
<DATA_ROOT>\data_raw\core_mof_2024\tsa\extracted\tsa\TSA\TSA-optimization\HURQUG_ASR_pacman_DAC_TSEMO_automation.csv,data_raw\core_mof_2024\tsa\extracted\tsa\TSA\TSA-optimization\HURQUG_ASR_pacman_DAC_TSEMO_automation.csv,HURQUG_ASR_pacman_DAC_TSEMO_automation.csv,.csv,CoRE MOF 2024,CoRE-2024 TSA optimization tables,curation_or_validation,5397,0.005146980285644531,2024-10-24T13:49:24,<DATA_ROOT>\data_raw\core_mof_2024\tsa\extracted\tsa\TSA\TSA-optimization\HURQUG_ASR_pacman_DAC_TSEMO_automation.csv,ok,50000,",",317.0,2.0,0.005,317.0,line_count,True,2,317,2,0,0,0,2,0,0.0,0,0,,,,
<DATA_ROOT>\data_raw\core_mof_2024\tsa\extracted\tsa\TSA\TSA-optimization\JICYAZ_ASR_pacman_DAC_TSEMO_automation.csv,data_raw\core_mof_2024\tsa\extracted\tsa\TSA\TSA-optimization\JICYAZ_ASR_pacman_DAC_TSEMO_automation.csv,JICYAZ_ASR_pacman_DAC_TSEMO_automation.csv,.csv,CoRE MOF 2024,CoRE-2024 TSA optimization tables,curation_or_validation,5397,0.005146980285644531,2024-10-24T13:49:22,<DATA_ROOT>\data_raw\core_mof_2024\tsa\extracted\tsa\TSA\TSA-optimization\JICYAZ_ASR_pacman_DAC_TSEMO_automation.csv,ok,50000,",",317.0,2.0,0.005,317.0,line_count,True,2,317,2,0,0,0,2,0,0.0,0,0,,,,
<DATA_ROOT>\data_raw\core_mof_2024\tsa\extracted\tsa\TSA\TSA-optimization\JUWBIO_ASR_pacman_10_90_TSEMO_automation.csv,data_raw\core_mof_2024\tsa\extracted\tsa\TSA\TSA-optimization\JUWBIO_ASR_pacman_10_90_TSEMO_automation.csv,JUWBIO_ASR_pacman_10_90_TSEMO_automation.csv,.csv,CoRE MOF 2024,CoRE-2024 TSA optimization tables,curation_or_validation,5397,0.005146980285644531,2024-10-24T13:49:22,<DATA_ROOT>\data_raw\core_mof_2024\tsa\extracted\tsa\TSA\TSA-optimization\JUWBIO_ASR_pacman_10_90_TSEMO_automation.csv,ok,50000,",",317.0,2.0,0.017,317.0,line_count,True,2,317,2,0,0,0,2,0,0.0,0,0,,,,
<DATA_ROOT>\data_raw\core_mof_2024\tsa\extracted\tsa\TSA\TSA-optimization\KOMGUP_ASR_pacman_10_90_TSEMO_automation.csv,data_raw\core_mof_2024\tsa\extracted\tsa\TSA\TSA-optimization\KOMGUP_ASR_pacman_10_90_TSEMO_automation.csv,KOMGUP_ASR_pacman_10_90_TSEMO_automation.csv,.csv,CoRE MOF 2024,CoRE-2024 TSA optimization tables,curation_or_validation,5397,0.005146980285644531,2024-10-24T13:49:22,<DATA_ROOT>\data_raw\core_mof_2024\tsa\extracted\tsa\TSA\TSA-optimization\KOMGUP_ASR_pacman_10_90_TSEMO_automation.csv,ok,50000,",",317.0,2.0,0.008,317.0,line_count,True,2,317,2,0,0,0,2,0,0.0,0,0,,,,
<DATA_ROOT>\data_raw\core_mof_2024\tsa\extracted\tsa\TSA\TSA-optimization\OTUXUX_ASR_pacman_10_90_TSEMO_automation.csv,data_raw\core_mof_2024\tsa\extracted\tsa\TSA\TSA-optimization\OTUXUX_ASR_pacman_10_90_TSEMO_automation.csv,OTUXUX_ASR_pacman_10_90_TSEMO_automation.csv,.csv,CoRE MOF 2024,CoRE-2024 TSA optimization tables,curation_or_validation,5397,0.005146980285644531,2024-10-24T13:49:22,<DATA_ROOT>\data_raw\core_mof_2024\tsa\extracted\tsa\TSA\TSA-optimization\OTUXUX_ASR_pacman_10_90_TSEMO_automation.csv,ok,50000,",",317.0,2.0,0.007,317.0,line_count,True,2,317,2,0,0,0,2,0,0.0,0,0,,,,
<DATA_ROOT>\data_raw\core_mof_2024\tsa\extracted\tsa\TSA\TSA-optimization\TASYAR_ASR_pacman_10_90_TSEMO_automation.csv,data_raw\core_mof_2024\tsa\extracted\tsa\TSA\TSA-optimization\TASYAR_ASR_pacman_10_90_TSEMO_automation.csv,TASYAR_ASR_pacman_10_90_TSEMO_automation.csv,.csv,CoRE MOF 2024,CoRE-2024 TSA optimization tables,curation_or_validation,5397,0.005146980285644531,2024-10-24T13:49:22,<DATA_ROOT>\data_raw\core_mof_2024\tsa\extracted\tsa\TSA\TSA-optimization\TASYAR_ASR_pacman_10_90_TSEMO_automation.csv,ok,50000,",",317.0,2.0,0.005,317.0,line_count,True,2,317,2,0,0,0,2,0,0.0,0,0,,,,
<DATA_ROOT>\data_raw\core_mof_2024\tsa\extracted\tsa\TSA\TSA-optimization\TUMDAI_ASR_pacman_10_90_TSEMO_automation.csv,data_raw\core_mof_2024\tsa\extracted\tsa\TSA\TSA-optimization\TUMDAI_ASR_pacman_10_90_TSEMO_automation.csv,TUMDAI_ASR_pacman_10_90_TSEMO_automation.csv,.csv,CoRE MOF 2024,CoRE-2024 TSA optimization tables,curation_or_validation,5397,0.005146980285644531,2024-10-24T13:49:22,<DATA_ROOT>\data_raw\core_mof_2024\tsa\extracted\tsa\TSA\TSA-optimization\TUMDAI_ASR_pacman_10_90_TSEMO_automation.csv,ok,50000,",",317.0,2.0,0.024,317.0,line_count,True,2,317,2,0,0,0,2,0,0.0,0,0,,,,
<DATA_ROOT>\data_raw\core_mof_2024\tsa\extracted\tsa\TSA\TSA-optimization\TUMDAI_ASR_pacman_1_99_TSEMO_automation.csv,data_raw\core_mof_2024\tsa\extracted\tsa\TSA\TSA-optimization\TUMDAI_ASR_pacman_1_99_TSEMO_automation.csv,TUMDAI_ASR_pacman_1_99_TSEMO_automation.csv,.csv,CoRE MOF 2024,CoRE-2024 TSA optimization tables,curation_or_validation,5397,0.005146980285644531,2024-10-24T13:49:22,<DATA_ROOT>\data_raw\core_mof_2024\tsa\extracted\tsa\TSA\TSA-optimization\TUMDAI_ASR_pacman_1_99_TSEMO_automation.csv,ok,50000,",",317.0,2.0,0.007,317.0,line_count,True,2,317,2,0,0,0,2,0,0.0,0,0,,,,
<DATA_ROOT>\data_raw\core_mof_2024\tsa\extracted\tsa\TSA\TSA-optimization\TUMQOJ_ASR_pacman_1_99_TSEMO_automation.csv,data_raw\core_mof_2024\tsa\extracted\tsa\TSA\TSA-optimization\TUMQOJ_ASR_pacman_1_99_TSEMO_automation.csv,TUMQOJ_ASR_pacman_1_99_TSEMO_automation.csv,.csv,CoRE MOF 2024,CoRE-2024 TSA optimization tables,curation_or_validation,5397,0.005146980285644531,2024-10-24T13:49:22,<DATA_ROOT>\data_raw\core_mof_2024\tsa\extracted\tsa\TSA\TSA-optimization\TUMQOJ_ASR_pacman_1_99_TSEMO_automation.csv,ok,50000,",",317.0,2.0,0.005,317.0,line_count,True,2,317,2,0,0,0,2,0,0.0,0,0,,,,
<DATA_ROOT>\data_raw\core_mof_2024\tsa\extracted\tsa\TSA\TSA-optimization\TUMQUP_ASR_pacman_1_99_TSEMO_automation.csv,data_raw\core_mof_2024\tsa\extracted\tsa\TSA\TSA-optimization\TUMQUP_ASR_pacman_1_99_TSEMO_automation.csv,TUMQUP_ASR_pacman_1_99_TSEMO_automation.csv,.csv,CoRE MOF 2024,CoRE-2024 TSA optimization tables,curation_or_validation,5397,0.005146980285644531,2024-10-24T13:49:22,<DATA_ROOT>\data_raw\core_mof_2024\tsa\extracted\tsa\TSA\TSA-optimization\TUMQUP_ASR_pacman_1_99_TSEMO_automation.csv,ok,50000,",",317.0,2.0,0.011,317.0,line_count,True,2,317,2,0,0,0,2,0,0.0,0,0,,,,
<DATA_ROOT>\data_raw\core_mof_2024\tsa\extracted\tsa\TSA\TSA-optimization\TUMRUQ_ASR_pacman_10_90_TSEMO_automation.csv,data_raw\core_mof_2024\tsa\extracted\tsa\TSA\TSA-optimization\TUMRUQ_ASR_pacman_10_90_TSEMO_automation.csv,TUMRUQ_ASR_pacman_10_90_TSEMO_automation.csv,.csv,CoRE MOF 2024,CoRE-2024 TSA optimization tables,curation_or_validation,5397,0.005146980285644531,2024-10-24T13:49:22,<DATA_ROOT>\data_raw\core_mof_2024\tsa\extracted\tsa\TSA\TSA-optimization\TUMRUQ_ASR_pacman_10_90_TSEMO_automation.csv,ok,50000,",",317.0,2.0,0.005,317.0,line_count,True,2,317,2,0,0,0,2,0,0.0,0,0,,,,
<DATA_ROOT>\data_raw\core_mof_2024\tsa\extracted\tsa\TSA\TSA-optimization\TUMRUQ_ASR_pacman_1_99_TSEMO_automation.csv,data_raw\core_mof_2024\tsa\extracted\tsa\TSA\TSA-optimization\TUMRUQ_ASR_pacman_1_99_TSEMO_automation.csv,TUMRUQ_ASR_pacman_1_99_TSEMO_automation.csv,.csv,CoRE MOF 2024,CoRE-2024 TSA optimization tables,curation_or_validation,5397,0.005146980285644531,2024-10-24T13:49:22,<DATA_ROOT>\data_raw\core_mof_2024\tsa\extracted\tsa\TSA\TSA-optimization\TUMRUQ_ASR_pacman_1_99_TSEMO_automation.csv,ok,50000,",",317.0,2.0,0.005,317.0,line_count,True,2,317,2,0,0,0,2,0,0.0,0,0,,,,
<DATA_ROOT>\data_raw\core_mof_2024\tsa\extracted\tsa\TSA\TSA-optimization\UKALID_ASR_pacman_DAC_TSEMO_automation.csv,data_raw\core_mof_2024\tsa\extracted\tsa\TSA\TSA-optimization\UKALID_ASR_pacman_DAC_TSEMO_automation.csv,UKALID_ASR_pacman_DAC_TSEMO_automation.csv,.csv,CoRE MOF 2024,CoRE-2024 TSA optimization tables,curation_or_validation,5397,0.005146980285644531,2024-10-24T13:49:22,<DATA_ROOT>\data_raw\core_mof_2024\tsa\extracted\tsa\TSA\TSA-optimization\UKALID_ASR_pacman_DAC_TSEMO_automation.csv,ok,50000,",",317.0,2.0,0.011,317.0,line_count,True,2,317,2,0,0,0,2,0,0.0,0,0,,,,
<DATA_ROOT>\data_raw\core_mof_2024\tsa\extracted\tsa\TSA\TSA-optimization\ULAQEF_ASR_pacman_DAC_TSEMO_automation.csv,data_raw\core_mof_2024\tsa\extracted\tsa\TSA\TSA-optimization\ULAQEF_ASR_pacman_DAC_TSEMO_automation.csv,ULAQEF_ASR_pacman_DAC_TSEMO_automation.csv,.csv,CoRE MOF 2024,CoRE-2024 TSA optimization tables,curation_or_validation,5397,0.005146980285644531,2024-10-24T13:49:22,<DATA_ROOT>\data_raw\core_mof_2024\tsa\extracted\tsa\TSA\TSA-optimization\ULAQEF_ASR_pacman_DAC_TSEMO_automation.csv,ok,50000,",",317.0,2.0,0.006,317.0,line_count,True,2,317,2,0,0,0,2,0,0.0,0,0,,,,
<DATA_ROOT>\data_raw\core_mof_2024\tsa\extracted\tsa\TSA\TSA-optimization\UMECUN_ASR_pacman_10_90_TSEMO_automation.csv,data_raw\core_mof_2024\tsa\extracted\tsa\TSA\TSA-optimization\UMECUN_ASR_pacman_10_90_TSEMO_automation.csv,UMECUN_ASR_pacman_10_90_TSEMO_automation.csv,.csv,CoRE MOF 2024,CoRE-2024 TSA optimization tables,curation_or_validation,5397,0.005146980285644531,2024-10-24T13:49:22,<DATA_ROOT>\data_raw\core_mof_2024\tsa\extracted\tsa\TSA\TSA-optimization\UMECUN_ASR_pacman_10_90_TSEMO_automation.csv,ok,50000,",",317.0,2.0,0.016,317.0,line_count,True,2,317,2,0,0,0,2,0,0.0,0,0,,,,
<DATA_ROOT>\data_raw\core_mof_2024\tsa\extracted\tsa\TSA\TSA-optimization\UMECUN_ASR_pacman_1_99_TSEMO_automation.csv,data_raw\core_mof_2024\tsa\extracted\tsa\TSA\TSA-optimization\UMECUN_ASR_pacman_1_99_TSEMO_automation.csv,UMECUN_ASR_pacman_1_99_TSEMO_automation.csv,.csv,CoRE MOF 2024,CoRE-2024 TSA optimization tables,curation_or_validation,5397,0.005146980285644531,2024-10-24T13:49:22,<DATA_ROOT>\data_raw\core_mof_2024\tsa\extracted\tsa\TSA\TSA-optimization\UMECUN_ASR_pacman_1_99_TSEMO_automation.csv,ok,50000,",",317.0,2.0,0.005,317.0,line_count,True,2,317,2,0,0,0,2,0,0.0,0,0,,,,
<DATA_ROOT>\data_raw\core_mof_2024\tsa\extracted\tsa\TSA\TSA-optimization\UMECUN_ASR_pacman_DAC_TSEMO_automation.csv,data_raw\core_mof_2024\tsa\extracted\tsa\TSA\TSA-optimization\UMECUN_ASR_pacman_DAC_TSEMO_automation.csv,UMECUN_ASR_pacman_DAC_TSEMO_automation.csv,.csv,CoRE MOF 2024,CoRE-2024 TSA optimization tables,curation_or_validation,5397,0.005146980285644531,2024-10-24T13:49:22,<DATA_ROOT>\data_raw\core_mof_2024\tsa\extracted\tsa\TSA\TSA-optimization\UMECUN_ASR_pacman_DAC_TSEMO_automation.csv,ok,50000,",",317.0,2.0,0.018,317.0,line_count,True,2,317,2,0,0,0,2,0,0.0,0,0,,,,
<DATA_ROOT>\data_raw\core_mof_2024\tsa\extracted\tsa\TSA\TSA-optimization\UYIHUI_ASR_pacman_10_90_TSEMO_automation.csv,data_raw\core_mof_2024\tsa\extracted\tsa\TSA\TSA-optimization\UYIHUI_ASR_pacman_10_90_TSEMO_automation.csv,UYIHUI_ASR_pacman_10_90_TSEMO_automation.csv,.csv,CoRE MOF 2024,CoRE-2024 TSA optimization tables,curation_or_validation,5397,0.005146980285644531,2024-10-24T13:49:22,<DATA_ROOT>\data_raw\core_mof_2024\tsa\extracted\tsa\TSA\TSA-optimization\UYIHUI_ASR_pacman_10_90_TSEMO_automation.csv,ok,50000,",",317.0,2.0,0.017,317.0,line_count,True,2,317,2,0,0,0,2,0,0.0,0,0,,,,
<DATA_ROOT>\data_raw\core_mof_2024\tsa\extracted\tsa\TSA\TSA-optimization\UYIJAQ_ASR_pacman_5_95_TSEMO_automation.csv,data_raw\core_mof_2024\tsa\extracted\tsa\TSA\TSA-optimization\UYIJAQ_ASR_pacman_5_95_TSEMO_automation.csv,UYIJAQ_ASR_pacman_5_95_TSEMO_automation.csv,.csv,CoRE MOF 2024,CoRE-2024 TSA optimization tables,curation_or_validation,5397,0.005146980285644531,2024-10-24T13:49:22,<DATA_ROOT>\data_raw\core_mof_2024\tsa\extracted\tsa\TSA\TSA-optimization\UYIJAQ_ASR_pacman_5_95_TSEMO_automation.csv,ok,50000,",",317.0,2.0,0.006,317.0,line_count,True,2,317,2,0,0,0,2,0,0.0,0,0,,,,
<DATA_ROOT>\data_raw\core_mof_2024\tsa\extracted\tsa\TSA\TSA-optimization\XORGUI_ASR_pacman_DAC_TSEMO_automation.csv,data_raw\core_mof_2024\tsa\extracted\tsa\TSA\TSA-optimization\XORGUI_ASR_pacman_DAC_TSEMO_automation.csv,XORGUI_ASR_pacman_DAC_TSEMO_automation.csv,.csv,CoRE MOF 2024,CoRE-2024 TSA optimization tables,curation_or_validation,5397,0.005146980285644531,2024-10-24T13:49:22,<DATA_ROOT>\data_raw\core_mof_2024\tsa\extracted\tsa\TSA\TSA-optimization\XORGUI_ASR_pacman_DAC_TSEMO_automation.csv,ok,50000,",",317.0,2.0,0.006,317.0,line_count,True,2,317,2,0,0,0,2,0,0.0,0,0,,,,
<DATA_ROOT>\data_raw\core_mof_2024\tsa\extracted\tsa\TSA\TSA-optimization\c7ce01510k2_5_ASR_pacman_10_90_TSEMO_automation.csv,data_raw\core_mof_2024\tsa\extracted\tsa\TSA\TSA-optimization\c7ce01510k2_5_ASR_pacman_10_90_TSEMO_automation.csv,c7ce01510k2_5_ASR_pacman_10_90_TSEMO_automation.csv,.csv,CoRE MOF 2024,CoRE-2024 TSA optimization tables,curation_or_validation,5397,0.005146980285644531,2024-10-24T13:49:22,<DATA_ROOT>\data_raw\core_mof_2024\tsa\extracted\tsa\TSA\TSA-optimization\c7ce01510k2_5_ASR_pacman_10_90_TSEMO_automation.csv,ok,50000,",",317.0,2.0,0.015,317.0,line_count,True,2,317,2,0,0,0,2,0,0.0,0,0,,,,
<DATA_ROOT>\data_raw\core_mof_2024\tsa\extracted\tsa\TSA\TSA-optimization\c7ce01510k2_5_ASR_pacman_DAC_TSEMO_automation.csv,data_raw\core_mof_2024\tsa\extracted\tsa\TSA\TSA-optimization\c7ce01510k2_5_ASR_pacman_DAC_TSEMO_automation.csv,c7ce01510k2_5_ASR_pacman_DAC_TSEMO_automation.csv,.csv,CoRE MOF 2024,CoRE-2024 TSA optimization tables,curation_or_validation,5397,0.005146980285644531,2024-10-24T13:49:22,<DATA_ROOT>\data_raw\core_mof_2024\tsa\extracted\tsa\TSA\TSA-optimization\c7ce01510k2_5_ASR_pacman_DAC_TSEMO_automation.csv,ok,50000,",",317.0,2.0,0.005,317.0,line_count,True,2,317,2,0,0,0,2,0,0.0,0,0,,,,
<DATA_ROOT>\data_raw\core_mof_2024\tsa\extracted\tsa\TSA\TSA-optimization\c8ce00673c2_ASR_pacman_DAC_TSEMO_automation.csv,data_raw\core_mof_2024\tsa\extracted\tsa\TSA\TSA-optimization\c8ce00673c2_ASR_pacman_DAC_TSEMO_automation.csv,c8ce00673c2_ASR_pacman_DAC_TSEMO_automation.csv,.csv,CoRE MOF 2024,CoRE-2024 TSA optimization tables,curation_or_validation,5397,0.005146980285644531,2024-10-24T13:49:22,<DATA_ROOT>\data_raw\core_mof_2024\tsa\extracted\tsa\TSA\TSA-optimization\c8ce00673c2_ASR_pacman_DAC_TSEMO_automation.csv,ok,50000,",",317.0,2.0,0.016,317.0,line_count,True,2,317,2,0,0,0,2,0,0.0,0,0,,,,
<DATA_ROOT>\data_raw\core_mof_2024\tsa\extracted\tsa\TSA\TSA-optimization\c9cc05498g2_ASR_pacman_10_90_TSEMO_automation.csv,data_raw\core_mof_2024\tsa\extracted\tsa\TSA\TSA-optimization\c9cc05498g2_ASR_pacman_10_90_TSEMO_automation.csv,c9cc05498g2_ASR_pacman_10_90_TSEMO_automation.csv,.csv,CoRE MOF 2024,CoRE-2024 TSA optimization tables,curation_or_validation,5397,0.005146980285644531,2024-10-24T13:49:22,<DATA_ROOT>\data_raw\core_mof_2024\tsa\extracted\tsa\TSA\TSA-optimization\c9cc05498g2_ASR_pacman_10_90_TSEMO_automation.csv,ok,50000,",",317.0,2.0,0.006,317.0,line_count,True,2,317,2,0,0,0,2,0,0.0,0,0,,,,
<DATA_ROOT>\data_raw\core_mof_2024\tsa\extracted\tsa\TSA\TSA-optimization\CIXDIZ_ASR_pacman_DAC_TSEMO_automation.csv,data_raw\core_mof_2024\tsa\extracted\tsa\TSA\TSA-optimization\CIXDIZ_ASR_pacman_DAC_TSEMO_automation.csv,CIXDIZ_ASR_pacman_DAC_TSEMO_automation.csv,.csv,CoRE MOF 2024,CoRE-2024 TSA optimization tables,curation_or_validation,5380,0.005130767822265625,2024-10-24T13:49:22,<DATA_ROOT>\data_raw\core_mof_2024\tsa\extracted\tsa\TSA\TSA-optimization\CIXDIZ_ASR_pacman_DAC_TSEMO_automation.csv,ok,50000,",",316.0,2.0,0.007,316.0,line_count,True,2,316,2,0,0,0,2,0,0.0,0,0,,,,
<DATA_ROOT>\data_raw\core_mof_2024\tsa\extracted\tsa\TSA\TSA-optimization\CIXDIZ_opt_ASR_pacman_DAC_TSEMO_automation.csv,data_raw\core_mof_2024\tsa\extracted\tsa\TSA\TSA-optimization\CIXDIZ_opt_ASR_pacman_DAC_TSEMO_automation.csv,CIXDIZ_opt_ASR_pacman_DAC_TSEMO_automation.csv,.csv,CoRE MOF 2024,CoRE-2024 TSA optimization tables,curation_or_validation,5380,0.005130767822265625,2024-10-24T13:49:24,<DATA_ROOT>\data_raw\core_mof_2024\tsa\extracted\tsa\TSA\TSA-optimization\CIXDIZ_opt_ASR_pacman_DAC_TSEMO_automation.csv,ok,50000,",",316.0,2.0,0.006,316.0,line_count,True,2,316,2,0,0,0,2,0,0.0,0,0,,,,
<DATA_ROOT>\data_raw\core_mof_2024\tsa\extracted\tsa\TSA\TSA-optimization\GIYTOY_ASR_pacman_5_95_TSEMO_automation.csv,data_raw\core_mof_2024\tsa\extracted\tsa\TSA\TSA-optimization\GIYTOY_ASR_pacman_5_95_TSEMO_automation.csv,GIYTOY_ASR_pacman_5_95_TSEMO_automation.csv,.csv,CoRE MOF 2024,CoRE-2024 TSA optimization tables,curation_or_validation,5380,0.005130767822265625,2024-10-24T13:49:24,<DATA_ROOT>\data_raw\core_mof_2024\tsa\extracted\tsa\TSA\TSA-optimization\GIYTOY_ASR_pacman_5_95_TSEMO_automation.csv,ok,50000,",",316.0,2.0,0.007,316.0,line_count,True,2,316,2,0,0,0,2,0,0.0,0,0,,,,
<DATA_ROOT>\data_raw\core_mof_2024\tsa\extracted\tsa\TSA\TSA-optimization\GIZNOT_ASR_pacman_10_90_TSEMO_automation.csv,data_raw\core_mof_2024\tsa\extracted\tsa\TSA\TSA-optimization\GIZNOT_ASR_pacman_10_90_TSEMO_automation.csv,GIZNOT_ASR_pacman_10_90_TSEMO_automation.csv,.csv,CoRE MOF 2024,CoRE-2024 TSA optimization tables,curation_or_validation,5380,0.005130767822265625,2024-10-24T13:49:24,<DATA_ROOT>\data_raw\core_mof_2024\tsa\extracted\tsa\TSA\TSA-optimization\GIZNOT_ASR_pacman_10_90_TSEMO_automation.csv,ok,50000,",",316.0,2.0,0.004,316.0,line_count,True,2,316,2,0,0,0,2,0,0.0,0,0,,,,
<DATA_ROOT>\data_raw\core_mof_2024\tsa\extracted\tsa\TSA\TSA-optimization\GIZNOT_ASR_pacman_5_95_TSEMO_automation.csv,data_raw\core_mof_2024\tsa\extracted\tsa\TSA\TSA-optimization\GIZNOT_ASR_pacman_5_95_TSEMO_automation.csv,GIZNOT_ASR_pacman_5_95_TSEMO_automation.csv,.csv,CoRE MOF 2024,CoRE-2024 TSA optimization tables,curation_or_validation,5380,0.005130767822265625,2024-10-24T13:49:24,<DATA_ROOT>\data_raw\core_mof_2024\tsa\extracted\tsa\TSA\TSA-optimization\GIZNOT_ASR_pacman_5_95_TSEMO_automation.csv,ok,50000,",",316.0,2.0,0.004,316.0,line_count,True,2,316,2,0,0,0,2,0,0.0,0,0,,,,
<DATA_ROOT>\data_raw\core_mof_2024\tsa\extracted\tsa\TSA\TSA-optimization\GIZNOT_ASR_pacman_DAC_TSEMO_automation.csv,data_raw\core_mof_2024\tsa\extracted\tsa\TSA\TSA-optimization\GIZNOT_ASR_pacman_DAC_TSEMO_automation.csv,GIZNOT_ASR_pacman_DAC_TSEMO_automation.csv,.csv,CoRE MOF 2024,CoRE-2024 TSA optimization tables,curation_or_validation,5380,0.005130767822265625,2024-10-24T13:49:24,<DATA_ROOT>\data_raw\core_mof_2024\tsa\extracted\tsa\TSA\TSA-optimization\GIZNOT_ASR_pacman_DAC_TSEMO_automation.csv,ok,50000,",",316.0,2.0,0.01,316.0,line_count,True,2,316,2,0,0,0,2,0,0.0,0,0,,,,
<DATA_ROOT>\data_raw\core_mof_2024\tsa\extracted\tsa\TSA\TSA-optimization\HURQUG_ASR_pacman_5_95_TSEMO_automation.csv,data_raw\core_mof_2024\tsa\extracted\tsa\TSA\TSA-optimization\HURQUG_ASR_pacman_5_95_TSEMO_automation.csv,HURQUG_ASR_pacman_5_95_TSEMO_automation.csv,.csv,CoRE MOF 2024,CoRE-2024 TSA optimization tables,curation_or_validation,5380,0.005130767822265625,2024-10-24T13:49:24,<DATA_ROOT>\data_raw\core_mof_2024\tsa\extracted\tsa\TSA\TSA-optimization\HURQUG_ASR_pacman_5_95_TSEMO_automation.csv,ok,50000,",",316.0,2.0,0.006,316.0,line_count,True,2,316,2,0,0,0,2,0,0.0,0,0,,,,
<DATA_ROOT>\data_raw\core_mof_2024\tsa\extracted\tsa\TSA\TSA-optimization\JICYAZ_ASR_pacman_10_90_TSEMO_automation.csv,data_raw\core_mof_2024\tsa\extracted\tsa\TSA\TSA-optimization\JICYAZ_ASR_pacman_10_90_TSEMO_automation.csv,JICYAZ_ASR_pacman_10_90_TSEMO_automation.csv,.csv,CoRE MOF 2024,CoRE-2024 TSA optimization tables,curation_or_validation,5380,0.005130767822265625,2024-10-24T13:49:22,<DATA_ROOT>\data_raw\core_mof_2024\tsa\extracted\tsa\TSA\TSA-optimization\JICYAZ_ASR_pacman_10_90_TSEMO_automation.csv,ok,50000,",",316.0,2.0,0.005,316.0,line_count,True,2,316,2,0,0,0,2,0,0.0,0,0,,,,
<DATA_ROOT>\data_raw\core_mof_2024\tsa\extracted\tsa\TSA\TSA-optimization\JUWBIO_ASR_pacman_1_99_TSEMO_automation.csv,data_raw\core_mof_2024\tsa\extracted\tsa\TSA\TSA-optimization\JUWBIO_ASR_pacman_1_99_TSEMO_automation.csv,JUWBIO_ASR_pacman_1_99_TSEMO_automation.csv,.csv,CoRE MOF 2024,CoRE-2024 TSA optimization tables,curation_or_validation,5380,0.005130767822265625,2024-10-24T13:49:22,<DATA_ROOT>\data_raw\core_mof_2024\tsa\extracted\tsa\TSA\TSA-optimization\JUWBIO_ASR_pacman_1_99_TSEMO_automation.csv,ok,50000,",",316.0,2.0,0.015,316.0,line_count,True,2,316,2,0,0,0,2,0,0.0,0,0,,,,
<DATA_ROOT>\data_raw\core_mof_2024\tsa\extracted\tsa\TSA\TSA-optimization\KOMGUP_ASR_pacman_DAC_TSEMO_automation.csv,data_raw\core_mof_2024\tsa\extracted\tsa\TSA\TSA-optimization\KOMGUP_ASR_pacman_DAC_TSEMO_automation.csv,KOMGUP_ASR_pacman_DAC_TSEMO_automation.csv,.csv,CoRE MOF 2024,CoRE-2024 TSA optimization tables,curation_or_validation,5380,0.005130767822265625,2024-10-24T13:49:24,<DATA_ROOT>\data_raw\core_mof_2024\tsa\extracted\tsa\TSA\TSA-optimization\KOMGUP_ASR_pacman_DAC_TSEMO_automation.csv,ok,50000,",",316.0,2.0,0.005,316.0,line_count,True,2,316,2,0,0,0,2,0,0.0,0,0,,,,
<DATA_ROOT>\data_raw\core_mof_2024\tsa\extracted\tsa\TSA\TSA-optimization\LETRUZ_ASR_pacman_10_90_TSEMO_automation.csv,data_raw\core_mof_2024\tsa\extracted\tsa\TSA\TSA-optimization\LETRUZ_ASR_pacman_10_90_TSEMO_automation.csv,LETRUZ_ASR_pacman_10_90_TSEMO_automation.csv,.csv,CoRE MOF 2024,CoRE-2024 TSA optimization tables,curation_or_validation,5380,0.005130767822265625,2024-10-24T13:49:22,<DATA_ROOT>\data_raw\core_mof_2024\tsa\extracted\tsa\TSA\TSA-optimization\LETRUZ_ASR_pacman_10_90_TSEMO_automation.csv,ok,50000,",",316.0,2.0,0.004,316.0,line_count,True,2,316,2,0,0,0,2,0,0.0,0,0,,,,
<DATA_ROOT>\data_raw\core_mof_2024\tsa\extracted\tsa\TSA\TSA-optimization\LETRUZ_ASR_pacman_5_95_TSEMO_automation.csv,data_raw\core_mof_2024\tsa\extracted\tsa\TSA\TSA-optimization\LETRUZ_ASR_pacman_5_95_TSEMO_automation.csv,LETRUZ_ASR_pacman_5_95_TSEMO_automation.csv,.csv,CoRE MOF 2024,CoRE-2024 TSA optimization tables,curation_or_validation,5380,0.005130767822265625,2024-10-24T13:49:22,<DATA_ROOT>\data_raw\core_mof_2024\tsa\extracted\tsa\TSA\TSA-optimization\LETRUZ_ASR_pacman_5_95_TSEMO_automation.csv,ok,50000,",",316.0,2.0,0.016,316.0,line_count,True,2,316,2,0,0,0,2,0,0.0,0,0,,,,
<DATA_ROOT>\data_raw\core_mof_2024\tsa\extracted\tsa\TSA\TSA-optimization\OTUXUX_ASR_pacman_1_99_TSEMO_automation.csv,data_raw\core_mof_2024\tsa\extracted\tsa\TSA\TSA-optimization\OTUXUX_ASR_pacman_1_99_TSEMO_automation.csv,OTUXUX_ASR_pacman_1_99_TSEMO_automation.csv,.csv,CoRE MOF 2024,CoRE-2024 TSA optimization tables,curation_or_validation,5380,0.005130767822265625,2024-10-24T13:49:22,<DATA_ROOT>\data_raw\core_mof_2024\tsa\extracted\tsa\TSA\TSA-optimization\OTUXUX_ASR_pacman_1_99_TSEMO_automation.csv,ok,50000,",",316.0,2.0,0.021,316.0,line_count,True,2,316,2,0,0,0,2,0,0.0,0,0,,,,
<DATA_ROOT>\data_raw\core_mof_2024\tsa\extracted\tsa\TSA\TSA-optimization\TEQLUZ_ASR_pacman_10_90_TSEMO_automation.csv,data_raw\core_mof_2024\tsa\extracted\tsa\TSA\TSA-optimization\TEQLUZ_ASR_pacman_10_90_TSEMO_automation.csv,TEQLUZ_ASR_pacman_10_90_TSEMO_automation.csv,.csv,CoRE MOF 2024,CoRE-2024 TSA optimization tables,curation_or_validation,5380,0.005130767822265625,2024-10-24T13:49:22,<DATA_ROOT>\data_raw\core_mof_2024\tsa\extracted\tsa\TSA\TSA-optimization\TEQLUZ_ASR_pacman_10_90_TSEMO_automation.csv,ok,50000,",",316.0,2.0,0.039,316.0,line_count,True,2,316,2,0,0,0,2,0,0.0,0,0,,,,
<DATA_ROOT>\data_raw\core_mof_2024\tsa\extracted\tsa\TSA\TSA-optimization\TEQLUZ_ASR_pacman_5_95_TSEMO_automation.csv,data_raw\core_mof_2024\tsa\extracted\tsa\TSA\TSA-optimization\TEQLUZ_ASR_pacman_5_95_TSEMO_automation.csv,TEQLUZ_ASR_pacman_5_95_TSEMO_automation.csv,.csv,CoRE MOF 2024,CoRE-2024 TSA optimization tables,curation_or_validation,5380,0.005130767822265625,2024-10-24T13:49:22,<DATA_ROOT>\data_raw\core_mof_2024\tsa\extracted\tsa\TSA\TSA-optimization\TEQLUZ_ASR_pacman_5_95_TSEMO_automation.csv,ok,50000,",",316.0,2.0,0.005,316.0,line_count,True,2,316,2,0,0,0,2,0,0.0,0,0,,,,
<DATA_ROOT>\data_raw\core_mof_2024\tsa\extracted\tsa\TSA\TSA-optimization\TUMDAI_ASR_pacman_5_95_TSEMO_automation.csv,data_raw\core_mof_2024\tsa\extracted\tsa\TSA\TSA-optimization\TUMDAI_ASR_pacman_5_95_TSEMO_automation.csv,TUMDAI_ASR_pacman_5_95_TSEMO_automation.csv,.csv,CoRE MOF 2024,CoRE-2024 TSA optimization tables,curation_or_validation,5380,0.005130767822265625,2024-10-24T13:49:22,<DATA_ROOT>\data_raw\core_mof_2024\tsa\extracted\tsa\TSA\TSA-optimization\TUMDAI_ASR_pacman_5_95_TSEMO_automation.csv,ok,50000,",",316.0,2.0,0.02,316.0,line_count,True,2,316,2,0,0,0,2,0,0.0,0,0,,,,
<DATA_ROOT>\data_raw\core_mof_2024\tsa\extracted\tsa\TSA\TSA-optimization\TUMQOJ_ASR_pacman_DAC_TSEMO_automation.csv,data_raw\core_mof_2024\tsa\extracted\tsa\TSA\TSA-optimization\TUMQOJ_ASR_pacman_DAC_TSEMO_automation.csv,TUMQOJ_ASR_pacman_DAC_TSEMO_automation.csv,.csv,CoRE MOF 2024,CoRE-2024 TSA optimization tables,curation_or_validation,5380,0.005130767822265625,2024-10-24T13:49:22,<DATA_ROOT>\data_raw\core_mof_2024\tsa\extracted\tsa\TSA\TSA-optimization\TUMQOJ_ASR_pacman_DAC_TSEMO_automation.csv,ok,50000,",",316.0,2.0,0.007,316.0,line_count,True,2,316,2,0,0,0,2,0,0.0,0,0,,,,
<DATA_ROOT>\data_raw\core_mof_2024\tsa\extracted\tsa\TSA\TSA-optimization\TUMRAW_ASR_pacman_10_90_TSEMO_automation.csv,data_raw\core_mof_2024\tsa\extracted\tsa\TSA\TSA-optimization\TUMRAW_ASR_pacman_10_90_TSEMO_automation.csv,TUMRAW_ASR_pacman_10_90_TSEMO_automation.csv,.csv,CoRE MOF 2024,CoRE-2024 TSA optimization tables,curation_or_validation,5380,0.005130767822265625,2024-10-24T13:49:22,<DATA_ROOT>\data_raw\core_mof_2024\tsa\extracted\tsa\TSA\TSA-optimization\TUMRAW_ASR_pacman_10_90_TSEMO_automation.csv,ok,50000,",",316.0,2.0,0.005,316.0,line_count,True,2,316,2,0,0,0,2,0,0.0,0,0,,,,
<DATA_ROOT>\data_raw\core_mof_2024\tsa\extracted\tsa\TSA\TSA-optimization\TUMRAW_ASR_pacman_1_99_TSEMO_automation.csv,data_raw\core_mof_2024\tsa\extracted\tsa\TSA\TSA-optimization\TUMRAW_ASR_pacman_1_99_TSEMO_automation.csv,TUMRAW_ASR_pacman_1_99_TSEMO_automation.csv,.csv,CoRE MOF 2024,CoRE-2024 TSA optimization tables,curation_or_validation,5380,0.005130767822265625,2024-10-24T13:49:22,<DATA_ROOT>\data_raw\core_mof_2024\tsa\extracted\tsa\TSA\TSA-optimization\TUMRAW_ASR_pacman_1_99_TSEMO_automation.csv,ok,50000,",",316.0,2.0,0.005,316.0,line_count,True,2,316,2,0,0,0,2,0,0.0,0,0,,,,
<DATA_ROOT>\data_raw\core_mof_2024\tsa\extracted\tsa\TSA\TSA-optimization\TUMRAW_ASR_pacman_5_95_TSEMO_automation.csv,data_raw\core_mof_2024\tsa\extracted\tsa\TSA\TSA-optimization\TUMRAW_ASR_pacman_5_95_TSEMO_automation.csv,TUMRAW_ASR_pacman_5_95_TSEMO_automation.csv,.csv,CoRE MOF 2024,CoRE-2024 TSA optimization tables,curation_or_validation,5380,0.005130767822265625,2024-10-24T13:49:22,<DATA_ROOT>\data_raw\core_mof_2024\tsa\extracted\tsa\TSA\TSA-optimization\TUMRAW_ASR_pacman_5_95_TSEMO_automation.csv,ok,50000,",",316.0,2.0,0.008,316.0,line_count,True,2,316,2,0,0,0,2,0,0.0,0,0,,,,
<DATA_ROOT>\data_raw\core_mof_2024\tsa\extracted\tsa\TSA\TSA-optimization\TUMREA_ASR_pacman_5_95_TSEMO_automation.csv,data_raw\core_mof_2024\tsa\extracted\tsa\TSA\TSA-optimization\TUMREA_ASR_pacman_5_95_TSEMO_automation.csv,TUMREA_ASR_pacman_5_95_TSEMO_automation.csv,.csv,CoRE MOF 2024,CoRE-2024 TSA optimization tables,curation_or_validation,5380,0.005130767822265625,2024-10-24T13:49:22,<DATA_ROOT>\data_raw\core_mof_2024\tsa\extracted\tsa\TSA\TSA-optimization\TUMREA_ASR_pacman_5_95_TSEMO_automation.csv,ok,50000,",",316.0,2.0,0.005,316.0,line_count,True,2,316,2,0,0,0,2,0,0.0,0,0,,,,
<DATA_ROOT>\data_raw\core_mof_2024\tsa\extracted\tsa\TSA\TSA-optimization\TUMROK_ASR_pacman_10_90_TSEMO_automation.csv,data_raw\core_mof_2024\tsa\extracted\tsa\TSA\TSA-optimization\TUMROK_ASR_pacman_10_90_TSEMO_automation.csv,TUMROK_ASR_pacman_10_90_TSEMO_automation.csv,.csv,CoRE MOF 2024,CoRE-2024 TSA optimization tables,curation_or_validation,5380,0.005130767822265625,2024-10-24T13:49:22,<DATA_ROOT>\data_raw\core_mof_2024\tsa\extracted\tsa\TSA\TSA-optimization\TUMROK_ASR_pacman_10_90_TSEMO_automation.csv,ok,50000,",",316.0,2.0,0.005,316.0,line_count,True,2,316,2,0,0,0,2,0,0.0,0,0,,,,
<DATA_ROOT>\data_raw\core_mof_2024\tsa\extracted\tsa\TSA\TSA-optimization\TUMROK_ASR_pacman_DAC_TSEMO_automation.csv,data_raw\core_mof_2024\tsa\extracted\tsa\TSA\TSA-optimization\TUMROK_ASR_pacman_DAC_TSEMO_automation.csv,TUMROK_ASR_pacman_DAC_TSEMO_automation.csv,.csv,CoRE MOF 2024,CoRE-2024 TSA optimization tables,curation_or_validation,5380,0.005130767822265625,2024-10-24T13:49:22,<DATA_ROOT>\data_raw\core_mof_2024\tsa\extracted\tsa\TSA\TSA-optimization\TUMROK_ASR_pacman_DAC_TSEMO_automation.csv,ok,50000,",",316.0,2.0,0.006,316.0,line_count,True,2,316,2,0,0,0,2,0,0.0,0,0,,,,
<DATA_ROOT>\data_raw\core_mof_2024\tsa\extracted\tsa\TSA\TSA-optimization\TUMRUQ_ASR_pacman_5_95_TSEMO_automation.csv,data_raw\core_mof_2024\tsa\extracted\tsa\TSA\TSA-optimization\TUMRUQ_ASR_pacman_5_95_TSEMO_automation.csv,TUMRUQ_ASR_pacman_5_95_TSEMO_automation.csv,.csv,CoRE MOF 2024,CoRE-2024 TSA optimization tables,curation_or_validation,5380,0.005130767822265625,2024-10-24T13:49:22,<DATA_ROOT>\data_raw\core_mof_2024\tsa\extracted\tsa\TSA\TSA-optimization\TUMRUQ_ASR_pacman_5_95_TSEMO_automation.csv,ok,50000,",",316.0,2.0,0.005,316.0,line_count,True,2,316,2,0,0,0,2,0,0.0,0,0,,,,
<DATA_ROOT>\data_raw\core_mof_2024\tsa\extracted\tsa\TSA\TSA-optimization\UKALID_ASR_pacman_10_90_TSEMO_automation.csv,data_raw\core_mof_2024\tsa\extracted\tsa\TSA\TSA-optimization\UKALID_ASR_pacman_10_90_TSEMO_automation.csv,UKALID_ASR_pacman_10_90_TSEMO_automation.csv,.csv,CoRE MOF 2024,CoRE-2024 TSA optimization tables,curation_or_validation,5380,0.005130767822265625,2024-10-24T13:49:22,<DATA_ROOT>\data_raw\core_mof_2024\tsa\extracted\tsa\TSA\TSA-optimization\UKALID_ASR_pacman_10_90_TSEMO_automation.csv,ok,50000,",",316.0,2.0,0.005,316.0,line_count,True,2,316,2,0,0,0,2,0,0.0,0,0,,,,
<DATA_ROOT>\data_raw\core_mof_2024\tsa\extracted\tsa\TSA\TSA-optimization\ULAQEF_ASR_pacman_10_90_TSEMO_automation.csv,data_raw\core_mof_2024\tsa\extracted\tsa\TSA\TSA-optimization\ULAQEF_ASR_pacman_10_90_TSEMO_automation.csv,ULAQEF_ASR_pacman_10_90_TSEMO_automation.csv,.csv,CoRE MOF 2024,CoRE-2024 TSA optimization tables,curation_or_validation,5380,0.005130767822265625,2024-10-24T13:49:22,<DATA_ROOT>\data_raw\core_mof_2024\tsa\extracted\tsa\TSA\TSA-optimization\ULAQEF_ASR_pacman_10_90_TSEMO_automation.csv,ok,50000,",",316.0,2.0,0.007,316.0,line_count,True,2,316,2,0,0,0,2,0,0.0,0,0,,,,
<DATA_ROOT>\data_raw\core_mof_2024\tsa\extracted\tsa\TSA\TSA-optimization\ULAQEF_ASR_pacman_1_99_TSEMO_automation.csv,data_raw\core_mof_2024\tsa\extracted\tsa\TSA\TSA-optimization\ULAQEF_ASR_pacman_1_99_TSEMO_automation.csv,ULAQEF_ASR_pacman_1_99_TSEMO_automation.csv,.csv,CoRE MOF 2024,CoRE-2024 TSA optimization tables,curation_or_validation,5380,0.005130767822265625,2024-10-24T13:49:22,<DATA_ROOT>\data_raw\core_mof_2024\tsa\extracted\tsa\TSA\TSA-optimization\ULAQEF_ASR_pacman_1_99_TSEMO_automation.csv,ok,50000,",",316.0,2.0,0.005,316.0,line_count,True,2,316,2,0,0,0,2,0,0.0,0,0,,,,
<DATA_ROOT>\data_raw\core_mof_2024\tsa\extracted\tsa\TSA\TSA-optimization\ULAQEF_ASR_pacman_5_95_TSEMO_automation.csv,data_raw\core_mof_2024\tsa\extracted\tsa\TSA\TSA-optimization\ULAQEF_ASR_pacman_5_95_TSEMO_automation.csv,ULAQEF_ASR_pacman_5_95_TSEMO_automation.csv,.csv,CoRE MOF 2024,CoRE-2024 TSA optimization tables,curation_or_validation,5380,0.005130767822265625,2024-10-24T13:49:22,<DATA_ROOT>\data_raw\core_mof_2024\tsa\extracted\tsa\TSA\TSA-optimization\ULAQEF_ASR_pacman_5_95_TSEMO_automation.csv,ok,50000,",",316.0,2.0,0.018,316.0,line_count,True,2,316,2,0,0,0,2,0,0.0,0,0,,,,
<DATA_ROOT>\data_raw\core_mof_2024\tsa\extracted\tsa\TSA\TSA-optimization\UMECUN_ASR_pacman_5_95_TSEMO_automation.csv,data_raw\core_mof_2024\tsa\extracted\tsa\TSA\TSA-optimization\UMECUN_ASR_pacman_5_95_TSEMO_automation.csv,UMECUN_ASR_pacman_5_95_TSEMO_automation.csv,.csv,CoRE MOF 2024,CoRE-2024 TSA optimization tables,curation_or_validation,5380,0.005130767822265625,2024-10-24T13:49:22,<DATA_ROOT>\data_raw\core_mof_2024\tsa\extracted\tsa\TSA\TSA-optimization\UMECUN_ASR_pacman_5_95_TSEMO_automation.csv,ok,50000,",",316.0,2.0,0.005,316.0,line_count,True,2,316,2,0,0,0,2,0,0.0,0,0,,,,
<DATA_ROOT>\data_raw\core_mof_2024\tsa\extracted\tsa\TSA\TSA-optimization\UYIHUI_ASR_pacman_DAC_TSEMO_automation.csv,data_raw\core_mof_2024\tsa\extracted\tsa\TSA\TSA-optimization\UYIHUI_ASR_pacman_DAC_TSEMO_automation.csv,UYIHUI_ASR_pacman_DAC_TSEMO_automation.csv,.csv,CoRE MOF 2024,CoRE-2024 TSA optimization tables,curation_or_validation,5380,0.005130767822265625,2024-10-24T13:49:22,<DATA_ROOT>\data_raw\core_mof_2024\tsa\extracted\tsa\TSA\TSA-optimization\UYIHUI_ASR_pacman_DAC_TSEMO_automation.csv,ok,50000,",",316.0,2.0,0.008,316.0,line_count,True,2,316,2,0,0,0,2,0,0.0,0,0,,,,
<DATA_ROOT>\data_raw\core_mof_2024\tsa\extracted\tsa\TSA\TSA-optimization\XORGUI_ASR_pacman_10_90_TSEMO_automation.csv,data_raw\core_mof_2024\tsa\extracted\tsa\TSA\TSA-optimization\XORGUI_ASR_pacman_10_90_TSEMO_automation.csv,XORGUI_ASR_pacman_10_90_TSEMO_automation.csv,.csv,CoRE MOF 2024,CoRE-2024 TSA optimization tables,curation_or_validation,5380,0.005130767822265625,2024-10-24T13:49:22,<DATA_ROOT>\data_raw\core_mof_2024\tsa\extracted\tsa\TSA\TSA-optimization\XORGUI_ASR_pacman_10_90_TSEMO_automation.csv,ok,50000,",",316.0,2.0,0.004,316.0,line_count,True,2,316,2,0,0,0,2,0,0.0,0,0,,,,
<DATA_ROOT>\data_raw\core_mof_2024\tsa\extracted\tsa\TSA\TSA-optimization\YAQDIF_ASR_pacman_10_90_TSEMO_automation.csv,data_raw\core_mof_2024\tsa\extracted\tsa\TSA\TSA-optimization\YAQDIF_ASR_pacman_10_90_TSEMO_automation.csv,YAQDIF_ASR_pacman_10_90_TSEMO_automation.csv,.csv,CoRE MOF 2024,CoRE-2024 TSA optimization tables,curation_or_validation,5380,0.005130767822265625,2024-10-24T13:49:22,<DATA_ROOT>\data_raw\core_mof_2024\tsa\extracted\tsa\TSA\TSA-optimization\YAQDIF_ASR_pacman_10_90_TSEMO_automation.csv,ok,50000,",",316.0,2.0,0.005,316.0,line_count,True,2,316,2,0,0,0,2,0,0.0,0,0,,,,
<DATA_ROOT>\data_raw\core_mof_2024\tsa\extracted\tsa\TSA\TSA-optimization\c8ce00673c2_ASR_pacman_10_90_TSEMO_automation.csv,data_raw\core_mof_2024\tsa\extracted\tsa\TSA\TSA-optimization\c8ce00673c2_ASR_pacman_10_90_TSEMO_automation.csv,c8ce00673c2_ASR_pacman_10_90_TSEMO_automation.csv,.csv,CoRE MOF 2024,CoRE-2024 TSA optimization tables,curation_or_validation,5380,0.005130767822265625,2024-10-24T13:49:22,<DATA_ROOT>\data_raw\core_mof_2024\tsa\extracted\tsa\TSA\TSA-optimization\c8ce00673c2_ASR_pacman_10_90_TSEMO_automation.csv,ok,50000,",",316.0,2.0,0.025,316.0,line_count,True,2,316,2,0,0,0,2,0,0.0,0,0,,,,
<DATA_ROOT>\data_raw\core_mof_2024\tsa\extracted\tsa\TSA\TSA-optimization\c8ce00673c2_ASR_pacman_1_99_TSEMO_automation.csv,data_raw\core_mof_2024\tsa\extracted\tsa\TSA\TSA-optimization\c8ce00673c2_ASR_pacman_1_99_TSEMO_automation.csv,c8ce00673c2_ASR_pacman_1_99_TSEMO_automation.csv,.csv,CoRE MOF 2024,CoRE-2024 TSA optimization tables,curation_or_validation,5380,0.005130767822265625,2024-10-24T13:49:22,<DATA_ROOT>\data_raw\core_mof_2024\tsa\extracted\tsa\TSA\TSA-optimization\c8ce00673c2_ASR_pacman_1_99_TSEMO_automation.csv,ok,50000,",",316.0,2.0,0.005,316.0,line_count,True,2,316,2,0,0,0,2,0,0.0,0,0,,,,
<DATA_ROOT>\data_raw\core_mof_2024\tsa\extracted\tsa\TSA\TSA-optimization\c8ce00673c2_ASR_pacman_5_95_TSEMO_automation.csv,data_raw\core_mof_2024\tsa\extracted\tsa\TSA\TSA-optimization\c8ce00673c2_ASR_pacman_5_95_TSEMO_automation.csv,c8ce00673c2_ASR_pacman_5_95_TSEMO_automation.csv,.csv,CoRE MOF 2024,CoRE-2024 TSA optimization tables,curation_or_validation,5380,0.005130767822265625,2024-10-24T13:49:22,<DATA_ROOT>\data_raw\core_mof_2024\tsa\extracted\tsa\TSA\TSA-optimization\c8ce00673c2_ASR_pacman_5_95_TSEMO_automation.csv,ok,50000,",",316.0,2.0,0.006,316.0,line_count,True,2,316,2,0,0,0,2,0,0.0,0,0,,,,
<DATA_ROOT>\data_raw\core_mof_2024\tsa\extracted\tsa\TSA\TSA-optimization\c8ce01003j2_4_ASR_pacman_DAC_TSEMO_automation.csv,data_raw\core_mof_2024\tsa\extracted\tsa\TSA\TSA-optimization\c8ce01003j2_4_ASR_pacman_DAC_TSEMO_automation.csv,c8ce01003j2_4_ASR_pacman_DAC_TSEMO_automation.csv,.csv,CoRE MOF 2024,CoRE-2024 TSA optimization tables,curation_or_validation,5380,0.005130767822265625,2024-10-24T13:49:22,<DATA_ROOT>\data_raw\core_mof_2024\tsa\extracted\tsa\TSA\TSA-optimization\c8ce01003j2_4_ASR_pacman_DAC_TSEMO_automation.csv,ok,50000,",",316.0,2.0,0.008,316.0,line_count,True,2,316,2,0,0,0,2,0,0.0,0,0,,,,
<DATA_ROOT>\data_raw\core_mof_2024\tsa\extracted\tsa\TSA\TSA-optimization\ASUJIJ_ASR_pacman_5_95_TSEMO_automation.csv,data_raw\core_mof_2024\tsa\extracted\tsa\TSA\TSA-optimization\ASUJIJ_ASR_pacman_5_95_TSEMO_automation.csv,ASUJIJ_ASR_pacman_5_95_TSEMO_automation.csv,.csv,CoRE MOF 2024,CoRE-2024 TSA optimization tables,curation_or_validation,5363,0.005114555358886719,2024-10-24T13:49:22,<DATA_ROOT>\data_raw\core_mof_2024\tsa\extracted\tsa\TSA\TSA-optimization\ASUJIJ_ASR_pacman_5_95_TSEMO_automation.csv,ok,50000,",",315.0,2.0,0.017,315.0,line_count,True,2,315,2,0,0,0,2,0,0.0,0,0,,,,
<DATA_ROOT>\data_raw\core_mof_2024\tsa\extracted\tsa\TSA\TSA-optimization\BOFCEG_ASR_pacman_10_90_TSEMO_automation.csv,data_raw\core_mof_2024\tsa\extracted\tsa\TSA\TSA-optimization\BOFCEG_ASR_pacman_10_90_TSEMO_automation.csv,BOFCEG_ASR_pacman_10_90_TSEMO_automation.csv,.csv,CoRE MOF 2024,CoRE-2024 TSA optimization tables,curation_or_validation,5363,0.005114555358886719,2024-10-24T13:49:22,<DATA_ROOT>\data_raw\core_mof_2024\tsa\extracted\tsa\TSA\TSA-optimization\BOFCEG_ASR_pacman_10_90_TSEMO_automation.csv,ok,50000,",",315.0,2.0,0.005,315.0,line_count,True,2,315,2,0,0,0,2,0,0.0,0,0,,,,
<DATA_ROOT>\data_raw\core_mof_2024\tsa\extracted\tsa\TSA\TSA-optimization\CIXDIZ_ASR_pacman_5_95_TSEMO_automation.csv,data_raw\core_mof_2024\tsa\extracted\tsa\TSA\TSA-optimization\CIXDIZ_ASR_pacman_5_95_TSEMO_automation.csv,CIXDIZ_ASR_pacman_5_95_TSEMO_automation.csv,.csv,CoRE MOF 2024,CoRE-2024 TSA optimization tables,curation_or_validation,5363,0.005114555358886719,2024-10-24T13:49:22,<DATA_ROOT>\data_raw\core_mof_2024\tsa\extracted\tsa\TSA\TSA-optimization\CIXDIZ_ASR_pacman_5_95_TSEMO_automation.csv,ok,50000,",",315.0,2.0,0.005,315.0,line_count,True,2,315,2,0,0,0,2,0,0.0,0,0,,,,
<DATA_ROOT>\data_raw\core_mof_2024\tsa\extracted\tsa\TSA\TSA-optimization\JUWBIO_ASR_pacman_DAC_TSEMO_automation.csv,data_raw\core_mof_2024\tsa\extracted\tsa\TSA\TSA-optimization\JUWBIO_ASR_pacman_DAC_TSEMO_automation.csv,JUWBIO_ASR_pacman_DAC_TSEMO_automation.csv,.csv,CoRE MOF 2024,CoRE-2024 TSA optimization tables,curation_or_validation,5363,0.005114555358886719,2024-10-24T13:49:22,<DATA_ROOT>\data_raw\core_mof_2024\tsa\extracted\tsa\TSA\TSA-optimization\JUWBIO_ASR_pacman_DAC_TSEMO_automation.csv,ok,50000,",",315.0,2.0,0.016,315.0,line_count,True,2,315,2,0,0,0,2,0,0.0,0,0,,,,
<DATA_ROOT>\data_raw\core_mof_2024\tsa\extracted\tsa\TSA\TSA-optimization\OTUXUX_ASR_pacman_DAC_TSEMO_automation.csv,data_raw\core_mof_2024\tsa\extracted\tsa\TSA\TSA-optimization\OTUXUX_ASR_pacman_DAC_TSEMO_automation.csv,OTUXUX_ASR_pacman_DAC_TSEMO_automation.csv,.csv,CoRE MOF 2024,CoRE-2024 TSA optimization tables,curation_or_validation,5363,0.005114555358886719,2024-10-24T13:49:22,<DATA_ROOT>\data_raw\core_mof_2024\tsa\extracted\tsa\TSA\TSA-optimization\OTUXUX_ASR_pacman_DAC_TSEMO_automation.csv,ok,50000,",",315.0,2.0,0.005,315.0,line_count,True,2,315,2,0,0,0,2,0,0.0,0,0,,,,
<DATA_ROOT>\data_raw\core_mof_2024\tsa\extracted\tsa\TSA\TSA-optimization\TASYAR_ASR_pacman_1_99_TSEMO_automation.csv,data_raw\core_mof_2024\tsa\extracted\tsa\TSA\TSA-optimization\TASYAR_ASR_pacman_1_99_TSEMO_automation.csv,TASYAR_ASR_pacman_1_99_TSEMO_automation.csv,.csv,CoRE MOF 2024,CoRE-2024 TSA optimization tables,curation_or_validation,5363,0.005114555358886719,2024-10-24T13:49:22,<DATA_ROOT>\data_raw\core_mof_2024\tsa\extracted\tsa\TSA\TSA-optimization\TASYAR_ASR_pacman_1_99_TSEMO_automation.csv,ok,50000,",",315.0,2.0,0.017,315.0,line_count,True,2,315,2,0,0,0,2,0,0.0,0,0,,,,
<DATA_ROOT>\data_raw\core_mof_2024\tsa\extracted\tsa\TSA\TSA-optimization\TEQLIN_ASR_pacman_10_90_TSEMO_automation.csv,data_raw\core_mof_2024\tsa\extracted\tsa\TSA\TSA-optimization\TEQLIN_ASR_pacman_10_90_TSEMO_automation.csv,TEQLIN_ASR_pacman_10_90_TSEMO_automation.csv,.csv,CoRE MOF 2024,CoRE-2024 TSA optimization tables,curation_or_validation,5363,0.005114555358886719,2024-10-24T13:49:22,<DATA_ROOT>\data_raw\core_mof_2024\tsa\extracted\tsa\TSA\TSA-optimization\TEQLIN_ASR_pacman_10_90_TSEMO_automation.csv,ok,50000,",",315.0,2.0,0.005,315.0,line_count,True,2,315,2,0,0,0,2,0,0.0,0,0,,,,
<DATA_ROOT>\data_raw\core_mof_2024\tsa\extracted\tsa\TSA\TSA-optimization\TEQLIN_ASR_pacman_1_99_TSEMO_automation.csv,data_raw\core_mof_2024\tsa\extracted\tsa\TSA\TSA-optimization\TEQLIN_ASR_pacman_1_99_TSEMO_automation.csv,TEQLIN_ASR_pacman_1_99_TSEMO_automation.csv,.csv,CoRE MOF 2024,CoRE-2024 TSA optimization tables,curation_or_validation,5363,0.005114555358886719,2024-10-24T13:49:22,<DATA_ROOT>\data_raw\core_mof_2024\tsa\extracted\tsa\TSA\TSA-optimization\TEQLIN_ASR_pacman_1_99_TSEMO_automation.csv,ok,50000,",",315.0,2.0,0.027,315.0,line_count,True,2,315,2,0,0,0,2,0,0.0,0,0,,,,
<DATA_ROOT>\data_raw\core_mof_2024\tsa\extracted\tsa\TSA\TSA-optimization\TEQLIN_ASR_pacman_5_95_TSEMO_automation.csv,data_raw\core_mof_2024\tsa\extracted\tsa\TSA\TSA-optimization\TEQLIN_ASR_pacman_5_95_TSEMO_automation.csv,TEQLIN_ASR_pacman_5_95_TSEMO_automation.csv,.csv,CoRE MOF 2024,CoRE-2024 TSA optimization tables,curation_or_validation,5363,0.005114555358886719,2024-10-24T13:49:22,<DATA_ROOT>\data_raw\core_mof_2024\tsa\extracted\tsa\TSA\TSA-optimization\TEQLIN_ASR_pacman_5_95_TSEMO_automation.csv,ok,50000,",",315.0,2.0,0.005,315.0,line_count,True,2,315,2,0,0,0,2,0,0.0,0,0,,,,
<DATA_ROOT>\data_raw\core_mof_2024\tsa\extracted\tsa\TSA\TSA-optimization\TEQLIN_ASR_pacman_DAC_TSEMO_automation.csv,data_raw\core_mof_2024\tsa\extracted\tsa\TSA\TSA-optimization\TEQLIN_ASR_pacman_DAC_TSEMO_automation.csv,TEQLIN_ASR_pacman_DAC_TSEMO_automation.csv,.csv,CoRE MOF 2024,CoRE-2024 TSA optimization tables,curation_or_validation,5363,0.005114555358886719,2024-10-24T13:49:22,<DATA_ROOT>\data_raw\core_mof_2024\tsa\extracted\tsa\TSA\TSA-optimization\TEQLIN_ASR_pacman_DAC_TSEMO_automation.csv,ok,50000,",",315.0,2.0,0.017,315.0,line_count,True,2,315,2,0,0,0,2,0,0.0,0,0,,,,
<DATA_ROOT>\data_raw\core_mof_2024\tsa\extracted\tsa\TSA\TSA-optimization\TEQLUZ_ASR_pacman_DAC_TSEMO_automation.csv,data_raw\core_mof_2024\tsa\extracted\tsa\TSA\TSA-optimization\TEQLUZ_ASR_pacman_DAC_TSEMO_automation.csv,TEQLUZ_ASR_pacman_DAC_TSEMO_automation.csv,.csv,CoRE MOF 2024,CoRE-2024 TSA optimization tables,curation_or_validation,5363,0.005114555358886719,2024-10-24T13:49:22,<DATA_ROOT>\data_raw\core_mof_2024\tsa\extracted\tsa\TSA\TSA-optimization\TEQLUZ_ASR_pacman_DAC_TSEMO_automation.csv,ok,50000,",",315.0,2.0,0.016,315.0,line_count,True,2,315,2,0,0,0,2,0,0.0,0,0,,,,
<DATA_ROOT>\data_raw\core_mof_2024\tsa\extracted\tsa\TSA\TSA-optimization\TUMDAI_ASR_pacman_DAC_TSEMO_automation.csv,data_raw\core_mof_2024\tsa\extracted\tsa\TSA\TSA-optimization\TUMDAI_ASR_pacman_DAC_TSEMO_automation.csv,TUMDAI_ASR_pacman_DAC_TSEMO_automation.csv,.csv,CoRE MOF 2024,CoRE-2024 TSA optimization tables,curation_or_validation,5363,0.005114555358886719,2024-10-24T13:49:22,<DATA_ROOT>\data_raw\core_mof_2024\tsa\extracted\tsa\TSA\TSA-optimization\TUMDAI_ASR_pacman_DAC_TSEMO_automation.csv,ok,50000,",",315.0,2.0,0.013,315.0,line_count,True,2,315,2,0,0,0,2,0,0.0,0,0,,,,
<DATA_ROOT>\data_raw\core_mof_2024\tsa\extracted\tsa\TSA\TSA-optimization\TUMQOJ_ASR_pacman_10_90_TSEMO_automation.csv,data_raw\core_mof_2024\tsa\extracted\tsa\TSA\TSA-optimization\TUMQOJ_ASR_pacman_10_90_TSEMO_automation.csv,TUMQOJ_ASR_pacman_10_90_TSEMO_automation.csv,.csv,CoRE MOF 2024,CoRE-2024 TSA optimization tables,curation_or_validation,5363,0.005114555358886719,2024-10-24T13:49:22,<DATA_ROOT>\data_raw\core_mof_2024\tsa\extracted\tsa\TSA\TSA-optimization\TUMQOJ_ASR_pacman_10_90_TSEMO_automation.csv,ok,50000,",",315.0,2.0,0.005,315.0,line_count,True,2,315,2,0,0,0,2,0,0.0,0,0,,,,
<DATA_ROOT>\data_raw\core_mof_2024\tsa\extracted\tsa\TSA\TSA-optimization\TUMQUP_ASR_pacman_5_95_TSEMO_automation.csv,data_raw\core_mof_2024\tsa\extracted\tsa\TSA\TSA-optimization\TUMQUP_ASR_pacman_5_95_TSEMO_automation.csv,TUMQUP_ASR_pacman_5_95_TSEMO_automation.csv,.csv,CoRE MOF 2024,CoRE-2024 TSA optimization tables,curation_or_validation,5363,0.005114555358886719,2024-10-24T13:49:22,<DATA_ROOT>\data_raw\core_mof_2024\tsa\extracted\tsa\TSA\TSA-optimization\TUMQUP_ASR_pacman_5_95_TSEMO_automation.csv,ok,50000,",",315.0,2.0,0.013,315.0,line_count,True,2,315,2,0,0,0,2,0,0.0,0,0,,,,
<DATA_ROOT>\data_raw\core_mof_2024\tsa\extracted\tsa\TSA\TSA-optimization\TUMRAW_ASR_pacman_DAC_TSEMO_automation.csv,data_raw\core_mof_2024\tsa\extracted\tsa\TSA\TSA-optimization\TUMRAW_ASR_pacman_DAC_TSEMO_automation.csv,TUMRAW_ASR_pacman_DAC_TSEMO_automation.csv,.csv,CoRE MOF 2024,CoRE-2024 TSA optimization tables,curation_or_validation,5363,0.005114555358886719,2024-10-24T13:49:22,<DATA_ROOT>\data_raw\core_mof_2024\tsa\extracted\tsa\TSA\TSA-optimization\TUMRAW_ASR_pacman_DAC_TSEMO_automation.csv,ok,50000,",",315.0,2.0,0.007,315.0,line_count,True,2,315,2,0,0,0,2,0,0.0,0,0,,,,
<DATA_ROOT>\data_raw\core_mof_2024\tsa\extracted\tsa\TSA\TSA-optimization\TUMREA_ASR_pacman_10_90_TSEMO_automation.csv,data_raw\core_mof_2024\tsa\extracted\tsa\TSA\TSA-optimization\TUMREA_ASR_pacman_10_90_TSEMO_automation.csv,TUMREA_ASR_pacman_10_90_TSEMO_automation.csv,.csv,CoRE MOF 2024,CoRE-2024 TSA optimization tables,curation_or_validation,5363,0.005114555358886719,2024-10-24T13:49:22,<DATA_ROOT>\data_raw\core_mof_2024\tsa\extracted\tsa\TSA\TSA-optimization\TUMREA_ASR_pacman_10_90_TSEMO_automation.csv,ok,50000,",",315.0,2.0,0.005,315.0,line_count,True,2,315,2,0,0,0,2,0,0.0,0,0,,,,
<DATA_ROOT>\data_raw\core_mof_2024\tsa\extracted\tsa\TSA\TSA-optimization\TUMRUQ_ASR_pacman_DAC_TSEMO_automation.csv,data_raw\core_mof_2024\tsa\extracted\tsa\TSA\TSA-optimization\TUMRUQ_ASR_pacman_DAC_TSEMO_automation.csv,TUMRUQ_ASR_pacman_DAC_TSEMO_automation.csv,.csv,CoRE MOF 2024,CoRE-2024 TSA optimization tables,curation_or_validation,5363,0.005114555358886719,2024-10-24T13:49:22,<DATA_ROOT>\data_raw\core_mof_2024\tsa\extracted\tsa\TSA\TSA-optimization\TUMRUQ_ASR_pacman_DAC_TSEMO_automation.csv,ok,50000,",",315.0,2.0,0.005,315.0,line_count,True,2,315,2,0,0,0,2,0,0.0,0,0,,,,
<DATA_ROOT>\data_raw\core_mof_2024\tsa\extracted\tsa\TSA\TSA-optimization\UYIJAQ_ASR_pacman_DAC_TSEMO_automation.csv,data_raw\core_mof_2024\tsa\extracted\tsa\TSA\TSA-optimization\UYIJAQ_ASR_pacman_DAC_TSEMO_automation.csv,UYIJAQ_ASR_pacman_DAC_TSEMO_automation.csv,.csv,CoRE MOF 2024,CoRE-2024 TSA optimization tables,curation_or_validation,5363,0.005114555358886719,2024-10-24T13:49:22,<DATA_ROOT>\data_raw\core_mof_2024\tsa\extracted\tsa\TSA\TSA-optimization\UYIJAQ_ASR_pacman_DAC_TSEMO_automation.csv,ok,50000,",",315.0,2.0,0.005,315.0,line_count,True,2,315,2,0,0,0,2,0,0.0,0,0,,,,
<DATA_ROOT>\data_raw\core_mof_2024\tsa\extracted\tsa\TSA\TSA-optimization\XORGUI_ASR_pacman_5_95_TSEMO_automation.csv,data_raw\core_mof_2024\tsa\extracted\tsa\TSA\TSA-optimization\XORGUI_ASR_pacman_5_95_TSEMO_automation.csv,XORGUI_ASR_pacman_5_95_TSEMO_automation.csv,.csv,CoRE MOF 2024,CoRE-2024 TSA optimization tables,curation_or_validation,5363,0.005114555358886719,2024-10-24T13:49:22,<DATA_ROOT>\data_raw\core_mof_2024\tsa\extracted\tsa\TSA\TSA-optimization\XORGUI_ASR_pacman_5_95_TSEMO_automation.csv,ok,50000,",",315.0,2.0,0.018,315.0,line_count,True,2,315,2,0,0,0,2,0,0.0,0,0,,,,
<DATA_ROOT>\data_raw\core_mof_2024\tsa\extracted\tsa\TSA\TSA-optimization\YAQDIF_ASR_pacman_1_99_TSEMO_automation.csv,data_raw\core_mof_2024\tsa\extracted\tsa\TSA\TSA-optimization\YAQDIF_ASR_pacman_1_99_TSEMO_automation.csv,YAQDIF_ASR_pacman_1_99_TSEMO_automation.csv,.csv,CoRE MOF 2024,CoRE-2024 TSA optimization tables,curation_or_validation,5363,0.005114555358886719,2024-10-24T13:49:22,<DATA_ROOT>\data_raw\core_mof_2024\tsa\extracted\tsa\TSA\TSA-optimization\YAQDIF_ASR_pacman_1_99_TSEMO_automation.csv,ok,50000,",",315.0,2.0,0.017,315.0,line_count,True,2,315,2,0,0,0,2,0,0.0,0,0,,,,
<DATA_ROOT>\data_raw\core_mof_2024\tsa\extracted\tsa\TSA\TSA-optimization\YAQDIF_ASR_pacman_5_95_TSEMO_automation.csv,data_raw\core_mof_2024\tsa\extracted\tsa\TSA\TSA-optimization\YAQDIF_ASR_pacman_5_95_TSEMO_automation.csv,YAQDIF_ASR_pacman_5_95_TSEMO_automation.csv,.csv,CoRE MOF 2024,CoRE-2024 TSA optimization tables,curation_or_validation,5363,0.005114555358886719,2024-10-24T13:49:22,<DATA_ROOT>\data_raw\core_mof_2024\tsa\extracted\tsa\TSA\TSA-optimization\YAQDIF_ASR_pacman_5_95_TSEMO_automation.csv,ok,50000,",",315.0,2.0,0.004,315.0,line_count,True,2,315,2,0,0,0,2,0,0.0,0,0,,,,
<DATA_ROOT>\data_raw\core_mof_2024\tsa\extracted\tsa\TSA\TSA-optimization\c7ce01510k2_5_ASR_pacman_5_95_TSEMO_automation.csv,data_raw\core_mof_2024\tsa\extracted\tsa\TSA\TSA-optimization\c7ce01510k2_5_ASR_pacman_5_95_TSEMO_automation.csv,c7ce01510k2_5_ASR_pacman_5_95_TSEMO_automation.csv,.csv,CoRE MOF 2024,CoRE-2024 TSA optimization tables,curation_or_validation,5363,0.005114555358886719,2024-10-24T13:49:22,<DATA_ROOT>\data_raw\core_mof_2024\tsa\extracted\tsa\TSA\TSA-optimization\c7ce01510k2_5_ASR_pacman_5_95_TSEMO_automation.csv,ok,50000,",",315.0,2.0,0.041,315.0,line_count,True,2,315,2,0,0,0,2,0,0.0,0,0,,,,
<DATA_ROOT>\data_raw\core_mof_2024\tsa\extracted\tsa\TSA\TSA-optimization\c9cc04446a2_1_ASR_pacman_10_90_TSEMO_automation.csv,data_raw\core_mof_2024\tsa\extracted\tsa\TSA\TSA-optimization\c9cc04446a2_1_ASR_pacman_10_90_TSEMO_automation.csv,c9cc04446a2_1_ASR_pacman_10_90_TSEMO_automation.csv,.csv,CoRE MOF 2024,CoRE-2024 TSA optimization tables,curation_or_validation,5363,0.005114555358886719,2024-10-24T13:49:22,<DATA_ROOT>\data_raw\core_mof_2024\tsa\extracted\tsa\TSA\TSA-optimization\c9cc04446a2_1_ASR_pacman_10_90_TSEMO_automation.csv,ok,50000,",",315.0,2.0,0.004,315.0,line_count,True,2,315,2,0,0,0,2,0,0.0,0,0,,,,
<DATA_ROOT>\data_raw\core_mof_2024\tsa\extracted\tsa\TSA\TSA-optimization\c9cc04446a2_1_ASR_pacman_5_95_TSEMO_automation.csv,data_raw\core_mof_2024\tsa\extracted\tsa\TSA\TSA-optimization\c9cc04446a2_1_ASR_pacman_5_95_TSEMO_automation.csv,c9cc04446a2_1_ASR_pacman_5_95_TSEMO_automation.csv,.csv,CoRE MOF 2024,CoRE-2024 TSA optimization tables,curation_or_validation,5363,0.005114555358886719,2024-10-24T13:49:22,<DATA_ROOT>\data_raw\core_mof_2024\tsa\extracted\tsa\TSA\TSA-optimization\c9cc04446a2_1_ASR_pacman_5_95_TSEMO_automation.csv,ok,50000,",",315.0,2.0,0.016,315.0,line_count,True,2,315,2,0,0,0,2,0,0.0,0,0,,,,
<DATA_ROOT>\data_raw\core_mof_2024\tsa\extracted\tsa\TSA\TSA-optimization\c9cc04446a2_1_ASR_pacman_DAC_TSEMO_automation.csv,data_raw\core_mof_2024\tsa\extracted\tsa\TSA\TSA-optimization\c9cc04446a2_1_ASR_pacman_DAC_TSEMO_automation.csv,c9cc04446a2_1_ASR_pacman_DAC_TSEMO_automation.csv,.csv,CoRE MOF 2024,CoRE-2024 TSA optimization tables,curation_or_validation,5363,0.005114555358886719,2024-10-24T13:49:22,<DATA_ROOT>\data_raw\core_mof_2024\tsa\extracted\tsa\TSA\TSA-optimization\c9cc04446a2_1_ASR_pacman_DAC_TSEMO_automation.csv,ok,50000,",",315.0,2.0,0.006,315.0,line_count,True,2,315,2,0,0,0,2,0,0.0,0,0,,,,
<DATA_ROOT>\data_raw\core_mof_2024\tsa\extracted\tsa\TSA\TSA-optimization\c9cc05498g2_ASR_pacman_1_99_TSEMO_automation.csv,data_raw\core_mof_2024\tsa\extracted\tsa\TSA\TSA-optimization\c9cc05498g2_ASR_pacman_1_99_TSEMO_automation.csv,c9cc05498g2_ASR_pacman_1_99_TSEMO_automation.csv,.csv,CoRE MOF 2024,CoRE-2024 TSA optimization tables,curation_or_validation,5363,0.005114555358886719,2024-10-24T13:49:22,<DATA_ROOT>\data_raw\core_mof_2024\tsa\extracted\tsa\TSA\TSA-optimization\c9cc05498g2_ASR_pacman_1_99_TSEMO_automation.csv,ok,50000,",",315.0,2.0,0.005,315.0,line_count,True,2,315,2,0,0,0,2,0,0.0,0,0,,,,
<DATA_ROOT>\data_raw\core_mof_2024\tsa\extracted\tsa\TSA\TSA-optimization\BOFCEG_ASR_pacman_5_95_TSEMO_automation.csv,data_raw\core_mof_2024\tsa\extracted\tsa\TSA\TSA-optimization\BOFCEG_ASR_pacman_5_95_TSEMO_automation.csv,BOFCEG_ASR_pacman_5_95_TSEMO_automation.csv,.csv,CoRE MOF 2024,CoRE-2024 TSA optimization tables,curation_or_validation,5346,0.0050983428955078125,2024-10-24T13:49:22,<DATA_ROOT>\data_raw\core_mof_2024\tsa\extracted\tsa\TSA\TSA-optimization\BOFCEG_ASR_pacman_5_95_TSEMO_automation.csv,ok,50000,",",314.0,2.0,0.029,314.0,line_count,True,2,314,2,0,0,0,2,0,0.0,0,0,,,,
<DATA_ROOT>\data_raw\core_mof_2024\tsa\extracted\tsa\TSA\TSA-optimization\CIXDIZ_ASR_pacman_1_99_TSEMO_automation.csv,data_raw\core_mof_2024\tsa\extracted\tsa\TSA\TSA-optimization\CIXDIZ_ASR_pacman_1_99_TSEMO_automation.csv,CIXDIZ_ASR_pacman_1_99_TSEMO_automation.csv,.csv,CoRE MOF 2024,CoRE-2024 TSA optimization tables,curation_or_validation,5346,0.0050983428955078125,2024-10-24T13:49:22,<DATA_ROOT>\data_raw\core_mof_2024\tsa\extracted\tsa\TSA\TSA-optimization\CIXDIZ_ASR_pacman_1_99_TSEMO_automation.csv,ok,50000,",",314.0,2.0,0.004,314.0,line_count,True,2,314,2,0,0,0,2,0,0.0,0,0,,,,
<DATA_ROOT>\data_raw\core_mof_2024\tsa\extracted\tsa\TSA\TSA-optimization\EZIDAV_ASR_pacman_5_95_TSEMO_automation.csv,data_raw\core_mof_2024\tsa\extracted\tsa\TSA\TSA-optimization\EZIDAV_ASR_pacman_5_95_TSEMO_automation.csv,EZIDAV_ASR_pacman_5_95_TSEMO_automation.csv,.csv,CoRE MOF 2024,CoRE-2024 TSA optimization tables,curation_or_validation,5346,0.0050983428955078125,2024-10-24T13:49:22,<DATA_ROOT>\data_raw\core_mof_2024\tsa\extracted\tsa\TSA\TSA-optimization\EZIDAV_ASR_pacman_5_95_TSEMO_automation.csv,ok,50000,",",314.0,2.0,0.005,314.0,line_count,True,2,314,2,0,0,0,2,0,0.0,0,0,,,,
<DATA_ROOT>\data_raw\core_mof_2024\tsa\extracted\tsa\TSA\TSA-optimization\HURQUG_ASR_pacman_1_99_TSEMO_automation.csv,data_raw\core_mof_2024\tsa\extracted\tsa\TSA\TSA-optimization\HURQUG_ASR_pacman_1_99_TSEMO_automation.csv,HURQUG_ASR_pacman_1_99_TSEMO_automation.csv,.csv,CoRE MOF 2024,CoRE-2024 TSA optimization tables,curation_or_validation,5346,0.0050983428955078125,2024-10-24T13:49:24,<DATA_ROOT>\data_raw\core_mof_2024\tsa\extracted\tsa\TSA\TSA-optimization\HURQUG_ASR_pacman_1_99_TSEMO_automation.csv,ok,50000,",",314.0,2.0,0.007,314.0,line_count,True,2,314,2,0,0,0,2,0,0.0,0,0,,,,
<DATA_ROOT>\data_raw\core_mof_2024\tsa\extracted\tsa\TSA\TSA-optimization\JICYAZ_ASR_pacman_1_99_TSEMO_automation.csv,data_raw\core_mof_2024\tsa\extracted\tsa\TSA\TSA-optimization\JICYAZ_ASR_pacman_1_99_TSEMO_automation.csv,JICYAZ_ASR_pacman_1_99_TSEMO_automation.csv,.csv,CoRE MOF 2024,CoRE-2024 TSA optimization tables,curation_or_validation,5346,0.0050983428955078125,2024-10-24T13:49:22,<DATA_ROOT>\data_raw\core_mof_2024\tsa\extracted\tsa\TSA\TSA-optimization\JICYAZ_ASR_pacman_1_99_TSEMO_automation.csv,ok,50000,",",314.0,2.0,0.004,314.0,line_count,True,2,314,2,0,0,0,2,0,0.0,0,0,,,,
<DATA_ROOT>\data_raw\core_mof_2024\tsa\extracted\tsa\TSA\TSA-optimization\JICYAZ_ASR_pacman_5_95_TSEMO_automation.csv,data_raw\core_mof_2024\tsa\extracted\tsa\TSA\TSA-optimization\JICYAZ_ASR_pacman_5_95_TSEMO_automation.csv,JICYAZ_ASR_pacman_5_95_TSEMO_automation.csv,.csv,CoRE MOF 2024,CoRE-2024 TSA optimization tables,curation_or_validation,5346,0.0050983428955078125,2024-10-24T13:49:22,<DATA_ROOT>\data_raw\core_mof_2024\tsa\extracted\tsa\TSA\TSA-optimization\JICYAZ_ASR_pacman_5_95_TSEMO_automation.csv,ok,50000,",",314.0,2.0,0.017,314.0,line_count,True,2,314,2,0,0,0,2,0,0.0,0,0,,,,
<DATA_ROOT>\data_raw\core_mof_2024\tsa\extracted\tsa\TSA\TSA-optimization\JUWBIO_ASR_pacman_5_95_TSEMO_automation.csv,data_raw\core_mof_2024\tsa\extracted\tsa\TSA\TSA-optimization\JUWBIO_ASR_pacman_5_95_TSEMO_automation.csv,JUWBIO_ASR_pacman_5_95_TSEMO_automation.csv,.csv,CoRE MOF 2024,CoRE-2024 TSA optimization tables,curation_or_validation,5346,0.0050983428955078125,2024-10-24T13:49:22,<DATA_ROOT>\data_raw\core_mof_2024\tsa\extracted\tsa\TSA\TSA-optimization\JUWBIO_ASR_pacman_5_95_TSEMO_automation.csv,ok,50000,",",314.0,2.0,0.005,314.0,line_count,True,2,314,2,0,0,0,2,0,0.0,0,0,,,,
<DATA_ROOT>\data_raw\core_mof_2024\tsa\extracted\tsa\TSA\TSA-optimization\KOMGUP_ASR_pacman_5_95_TSEMO_automation.csv,data_raw\core_mof_2024\tsa\extracted\tsa\TSA\TSA-optimization\KOMGUP_ASR_pacman_5_95_TSEMO_automation.csv,KOMGUP_ASR_pacman_5_95_TSEMO_automation.csv,.csv,CoRE MOF 2024,CoRE-2024 TSA optimization tables,curation_or_validation,5346,0.0050983428955078125,2024-10-24T13:49:22,<DATA_ROOT>\data_raw\core_mof_2024\tsa\extracted\tsa\TSA\TSA-optimization\KOMGUP_ASR_pacman_5_95_TSEMO_automation.csv,ok,50000,",",314.0,2.0,0.005,314.0,line_count,True,2,314,2,0,0,0,2,0,0.0,0,0,,,,
<DATA_ROOT>\data_raw\core_mof_2024\tsa\extracted\tsa\TSA\TSA-optimization\TASYAR_ASR_pacman_5_95_TSEMO_automation.csv,data_raw\core_mof_2024\tsa\extracted\tsa\TSA\TSA-optimization\TASYAR_ASR_pacman_5_95_TSEMO_automation.csv,TASYAR_ASR_pacman_5_95_TSEMO_automation.csv,.csv,CoRE MOF 2024,CoRE-2024 TSA optimization tables,curation_or_validation,5346,0.0050983428955078125,2024-10-24T13:49:22,<DATA_ROOT>\data_raw\core_mof_2024\tsa\extracted\tsa\TSA\TSA-optimization\TASYAR_ASR_pacman_5_95_TSEMO_automation.csv,ok,50000,",",314.0,2.0,0.006,314.0,line_count,True,2,314,2,0,0,0,2,0,0.0,0,0,,,,
<DATA_ROOT>\data_raw\core_mof_2024\tsa\extracted\tsa\TSA\TSA-optimization\TASYAR_ASR_pacman_DAC_TSEMO_automation.csv,data_raw\core_mof_2024\tsa\extracted\tsa\TSA\TSA-optimization\TASYAR_ASR_pacman_DAC_TSEMO_automation.csv,TASYAR_ASR_pacman_DAC_TSEMO_automation.csv,.csv,CoRE MOF 2024,CoRE-2024 TSA optimization tables,curation_or_validation,5346,0.0050983428955078125,2024-10-24T13:49:22,<DATA_ROOT>\data_raw\core_mof_2024\tsa\extracted\tsa\TSA\TSA-optimization\TASYAR_ASR_pacman_DAC_TSEMO_automation.csv,ok,50000,",",314.0,2.0,0.004,314.0,line_count,True,2,314,2,0,0,0,2,0,0.0,0,0,,,,
<DATA_ROOT>\data_raw\core_mof_2024\tsa\extracted\tsa\TSA\TSA-optimization\TUMQOJ_ASR_pacman_5_95_TSEMO_automation.csv,data_raw\core_mof_2024\tsa\extracted\tsa\TSA\TSA-optimization\TUMQOJ_ASR_pacman_5_95_TSEMO_automation.csv,TUMQOJ_ASR_pacman_5_95_TSEMO_automation.csv,.csv,CoRE MOF 2024,CoRE-2024 TSA optimization tables,curation_or_validation,5346,0.0050983428955078125,2024-10-24T13:49:22,<DATA_ROOT>\data_raw\core_mof_2024\tsa\extracted\tsa\TSA\TSA-optimization\TUMQOJ_ASR_pacman_5_95_TSEMO_automation.csv,ok,50000,",",314.0,2.0,0.005,314.0,line_count,True,2,314,2,0,0,0,2,0,0.0,0,0,,,,
<DATA_ROOT>\data_raw\core_mof_2024\tsa\extracted\tsa\TSA\TSA-optimization\TUMQUP_ASR_pacman_10_90_TSEMO_automation.csv,data_raw\core_mof_2024\tsa\extracted\tsa\TSA\TSA-optimization\TUMQUP_ASR_pacman_10_90_TSEMO_automation.csv,TUMQUP_ASR_pacman_10_90_TSEMO_automation.csv,.csv,CoRE MOF 2024,CoRE-2024 TSA optimization tables,curation_or_validation,5346,0.0050983428955078125,2024-10-24T13:49:22,<DATA_ROOT>\data_raw\core_mof_2024\tsa\extracted\tsa\TSA\TSA-optimization\TUMQUP_ASR_pacman_10_90_TSEMO_automation.csv,ok,50000,",",314.0,2.0,0.006,314.0,line_count,True,2,314,2,0,0,0,2,0,0.0,0,0,,,,
<DATA_ROOT>\data_raw\core_mof_2024\tsa\extracted\tsa\TSA\TSA-optimization\TUMQUP_ASR_pacman_DAC_TSEMO_automation.csv,data_raw\core_mof_2024\tsa\extracted\tsa\TSA\TSA-optimization\TUMQUP_ASR_pacman_DAC_TSEMO_automation.csv,TUMQUP_ASR_pacman_DAC_TSEMO_automation.csv,.csv,CoRE MOF 2024,CoRE-2024 TSA optimization tables,curation_or_validation,5346,0.0050983428955078125,2024-10-24T13:49:22,<DATA_ROOT>\data_raw\core_mof_2024\tsa\extracted\tsa\TSA\TSA-optimization\TUMQUP_ASR_pacman_DAC_TSEMO_automation.csv,ok,50000,",",314.0,2.0,0.02,314.0,line_count,True,2,314,2,0,0,0,2,0,0.0,0,0,,,,
<DATA_ROOT>\data_raw\core_mof_2024\tsa\extracted\tsa\TSA\TSA-optimization\TUMREA_ASR_pacman_DAC_TSEMO_automation.csv,data_raw\core_mof_2024\tsa\extracted\tsa\TSA\TSA-optimization\TUMREA_ASR_pacman_DAC_TSEMO_automation.csv,TUMREA_ASR_pacman_DAC_TSEMO_automation.csv,.csv,CoRE MOF 2024,CoRE-2024 TSA optimization tables,curation_or_validation,5346,0.0050983428955078125,2024-10-24T13:49:22,<DATA_ROOT>\data_raw\core_mof_2024\tsa\extracted\tsa\TSA\TSA-optimization\TUMREA_ASR_pacman_DAC_TSEMO_automation.csv,ok,50000,",",314.0,2.0,0.009,314.0,line_count,True,2,314,2,0,0,0,2,0,0.0,0,0,,,,
<DATA_ROOT>\data_raw\core_mof_2024\tsa\extracted\tsa\TSA\TSA-optimization\UKALID_ASR_pacman_5_95_TSEMO_automation.csv,data_raw\core_mof_2024\tsa\extracted\tsa\TSA\TSA-optimization\UKALID_ASR_pacman_5_95_TSEMO_automation.csv,UKALID_ASR_pacman_5_95_TSEMO_automation.csv,.csv,CoRE MOF 2024,CoRE-2024 TSA optimization tables,curation_or_validation,5346,0.0050983428955078125,2024-10-24T13:49:22,<DATA_ROOT>\data_raw\core_mof_2024\tsa\extracted\tsa\TSA\TSA-optimization\UKALID_ASR_pacman_5_95_TSEMO_automation.csv,ok,50000,",",314.0,2.0,0.019,314.0,line_count,True,2,314,2,0,0,0,2,0,0.0,0,0,,,,
<DATA_ROOT>\data_raw\core_mof_2024\tsa\extracted\tsa\TSA\TSA-optimization\UYIHUI_ASR_pacman_5_95_TSEMO_automation.csv,data_raw\core_mof_2024\tsa\extracted\tsa\TSA\TSA-optimization\UYIHUI_ASR_pacman_5_95_TSEMO_automation.csv,UYIHUI_ASR_pacman_5_95_TSEMO_automation.csv,.csv,CoRE MOF 2024,CoRE-2024 TSA optimization tables,curation_or_validation,5346,0.0050983428955078125,2024-10-24T13:49:22,<DATA_ROOT>\data_raw\core_mof_2024\tsa\extracted\tsa\TSA\TSA-optimization\UYIHUI_ASR_pacman_5_95_TSEMO_automation.csv,ok,50000,",",314.0,2.0,0.018,314.0,line_count,True,2,314,2,0,0,0,2,0,0.0,0,0,,,,
<DATA_ROOT>\data_raw\core_mof_2024\tsa\extracted\tsa\TSA\TSA-optimization\c8ce01003j2_4_ASR_pacman_10_90_TSEMO_automation.csv,data_raw\core_mof_2024\tsa\extracted\tsa\TSA\TSA-optimization\c8ce01003j2_4_ASR_pacman_10_90_TSEMO_automation.csv,c8ce01003j2_4_ASR_pacman_10_90_TSEMO_automation.csv,.csv,CoRE MOF 2024,CoRE-2024 TSA optimization tables,curation_or_validation,5346,0.0050983428955078125,2024-10-24T13:49:22,<DATA_ROOT>\data_raw\core_mof_2024\tsa\extracted\tsa\TSA\TSA-optimization\c8ce01003j2_4_ASR_pacman_10_90_TSEMO_automation.csv,ok,50000,",",314.0,2.0,0.014,314.0,line_count,True,2,314,2,0,0,0,2,0,0.0,0,0,,,,
<DATA_ROOT>\data_raw\core_mof_2024\tsa\extracted\tsa\TSA\TSA-optimization\OTUXUX_ASR_pacman_5_95_TSEMO_automation.csv,data_raw\core_mof_2024\tsa\extracted\tsa\TSA\TSA-optimization\OTUXUX_ASR_pacman_5_95_TSEMO_automation.csv,OTUXUX_ASR_pacman_5_95_TSEMO_automation.csv,.csv,CoRE MOF 2024,CoRE-2024 TSA optimization tables,curation_or_validation,5329,0.005082130432128906,2024-10-24T13:49:22,<DATA_ROOT>\data_raw\core_mof_2024\tsa\extracted\tsa\TSA\TSA-optimization\OTUXUX_ASR_pacman_5_95_TSEMO_automation.csv,ok,50000,",",313.0,2.0,0.006,313.0,line_count,True,2,313,2,0,0,0,2,0,0.0,0,0,,,,
<DATA_ROOT>\data_raw\core_mof_2024\tsa\extracted\tsa\TSA\TSA-optimization\c8ce01003j2_4_ASR_pacman_5_95_TSEMO_automation.csv,data_raw\core_mof_2024\tsa\extracted\tsa\TSA\TSA-optimization\c8ce01003j2_4_ASR_pacman_5_95_TSEMO_automation.csv,c8ce01003j2_4_ASR_pacman_5_95_TSEMO_automation.csv,.csv,CoRE MOF 2024,CoRE-2024 TSA optimization tables,curation_or_validation,5329,0.005082130432128906,2024-10-24T13:49:22,<DATA_ROOT>\data_raw\core_mof_2024\tsa\extracted\tsa\TSA\TSA-optimization\c8ce01003j2_4_ASR_pacman_5_95_TSEMO_automation.csv,ok,50000,",",313.0,2.0,0.014,313.0,line_count,True,2,313,2,0,0,0,2,0,0.0,0,0,,,,
<DATA_ROOT>\data_raw\core_mof_2024\tsa\extracted\tsa\TSA\TSA-optimization\c9cc05498g2_ASR_pacman_5_95_TSEMO_automation.csv,data_raw\core_mof_2024\tsa\extracted\tsa\TSA\TSA-optimization\c9cc05498g2_ASR_pacman_5_95_TSEMO_automation.csv,c9cc05498g2_ASR_pacman_5_95_TSEMO_automation.csv,.csv,CoRE MOF 2024,CoRE-2024 TSA optimization tables,curation_or_validation,5329,0.005082130432128906,2024-10-24T13:49:22,<DATA_ROOT>\data_raw\core_mof_2024\tsa\extracted\tsa\TSA\TSA-optimization\c9cc05498g2_ASR_pacman_5_95_TSEMO_automation.csv,ok,50000,",",313.0,2.0,0.008,313.0,line_count,True,2,313,2,0,0,0,2,0,0.0,0,0,,,,
<DATA_ROOT>\data_raw\core_mof_2024\tsa\extracted\tsa\TSA\TSA-optimization\ASUJIJ_ASR_pacman_DAC_TSEMO_automation.csv,data_raw\core_mof_2024\tsa\extracted\tsa\TSA\TSA-optimization\ASUJIJ_ASR_pacman_DAC_TSEMO_automation.csv,ASUJIJ_ASR_pacman_DAC_TSEMO_automation.csv,.csv,CoRE MOF 2024,CoRE-2024 TSA optimization tables,curation_or_validation,5312,0.00506591796875,2024-10-24T13:49:22,<DATA_ROOT>\data_raw\core_mof_2024\tsa\extracted\tsa\TSA\TSA-optimization\ASUJIJ_ASR_pacman_DAC_TSEMO_automation.csv,ok,50000,",",312.0,2.0,0.017,312.0,line_count,True,2,312,2,0,0,0,2,0,0.0,0,0,,,,
<DATA_ROOT>\data_raw\core_mof_2024\tsa\extracted\tsa\TSA\TSA-optimization\NEJKOG_ASR_pacman_5_95_TSEMO_automation.csv,data_raw\core_mof_2024\tsa\extracted\tsa\TSA\TSA-optimization\NEJKOG_ASR_pacman_5_95_TSEMO_automation.csv,NEJKOG_ASR_pacman_5_95_TSEMO_automation.csv,.csv,CoRE MOF 2024,CoRE-2024 TSA optimization tables,curation_or_validation,5312,0.00506591796875,2024-10-24T13:49:22,<DATA_ROOT>\data_raw\core_mof_2024\tsa\extracted\tsa\TSA\TSA-optimization\NEJKOG_ASR_pacman_5_95_TSEMO_automation.csv,ok,50000,",",312.0,2.0,0.004,312.0,line_count,True,2,312,2,0,0,0,2,0,0.0,0,0,,,,
<DATA_ROOT>\data_raw\core_mof_2024\tsa\extracted\tsa\TSA\TSA-optimization\TEQLUZ_ASR_pacman_1_99_TSEMO_automation.csv,data_raw\core_mof_2024\tsa\extracted\tsa\TSA\TSA-optimization\TEQLUZ_ASR_pacman_1_99_TSEMO_automation.csv,TEQLUZ_ASR_pacman_1_99_TSEMO_automation.csv,.csv,CoRE MOF 2024,CoRE-2024 TSA optimization tables,curation_or_validation,5312,0.00506591796875,2024-10-24T13:49:22,<DATA_ROOT>\data_raw\core_mof_2024\tsa\extracted\tsa\TSA\TSA-optimization\TEQLUZ_ASR_pacman_1_99_TSEMO_automation.csv,ok,50000,",",312.0,2.0,0.005,312.0,line_count,True,2,312,2,0,0,0,2,0,0.0,0,0,,,,
<DATA_ROOT>\data_raw\core_mof_2024\tsa\extracted\tsa\TSA\TSA-optimization\TUMROK_ASR_pacman_5_95_TSEMO_automation.csv,data_raw\core_mof_2024\tsa\extracted\tsa\TSA\TSA-optimization\TUMROK_ASR_pacman_5_95_TSEMO_automation.csv,TUMROK_ASR_pacman_5_95_TSEMO_automation.csv,.csv,CoRE MOF 2024,CoRE-2024 TSA optimization tables,curation_or_validation,5312,0.00506591796875,2024-10-24T13:49:22,<DATA_ROOT>\data_raw\core_mof_2024\tsa\extracted\tsa\TSA\TSA-optimization\TUMROK_ASR_pacman_5_95_TSEMO_automation.csv,ok,50000,",",312.0,2.0,0.017,312.0,line_count,True,2,312,2,0,0,0,2,0,0.0,0,0,,,,
<DATA_ROOT>\data_raw\core_mof_2024\tsa\extracted\tsa\TSA\TSA-optimization\YAQDIF_ASR_pacman_DAC_TSEMO_automation.csv,data_raw\core_mof_2024\tsa\extracted\tsa\TSA\TSA-optimization\YAQDIF_ASR_pacman_DAC_TSEMO_automation.csv,YAQDIF_ASR_pacman_DAC_TSEMO_automation.csv,.csv,CoRE MOF 2024,CoRE-2024 TSA optimization tables,curation_or_validation,5312,0.00506591796875,2024-10-24T13:49:22,<DATA_ROOT>\data_raw\core_mof_2024\tsa\extracted\tsa\TSA\TSA-optimization\YAQDIF_ASR_pacman_DAC_TSEMO_automation.csv,ok,50000,",",312.0,2.0,0.026,312.0,line_count,True,2,312,2,0,0,0,2,0,0.0,0,0,,,,
<DATA_ROOT>\data_raw\core_mof_2024\tsa\extracted\tsa\TSA\TSA-optimization\LETRUZ_ASR_pacman_1_99_TSEMO_automation.csv,data_raw\core_mof_2024\tsa\extracted\tsa\TSA\TSA-optimization\LETRUZ_ASR_pacman_1_99_TSEMO_automation.csv,LETRUZ_ASR_pacman_1_99_TSEMO_automation.csv,.csv,CoRE MOF 2024,CoRE-2024 TSA optimization tables,curation_or_validation,5295,0.005049705505371094,2024-10-24T13:49:22,<DATA_ROOT>\data_raw\core_mof_2024\tsa\extracted\tsa\TSA\TSA-optimization\LETRUZ_ASR_pacman_1_99_TSEMO_automation.csv,ok,50000,",",311.0,2.0,0.005,311.0,line_count,True,2,311,2,0,0,0,2,0,0.0,0,0,,,,
<DATA_ROOT>\data_raw\core_mof_2024\tsa\extracted\tsa\TSA\TSA-optimization\LETRUZ_ASR_pacman_DAC_TSEMO_automation.csv,data_raw\core_mof_2024\tsa\extracted\tsa\TSA\TSA-optimization\LETRUZ_ASR_pacman_DAC_TSEMO_automation.csv,LETRUZ_ASR_pacman_DAC_TSEMO_automation.csv,.csv,CoRE MOF 2024,CoRE-2024 TSA optimization tables,curation_or_validation,5295,0.005049705505371094,2024-10-24T13:49:22,<DATA_ROOT>\data_raw\core_mof_2024\tsa\extracted\tsa\TSA\TSA-optimization\LETRUZ_ASR_pacman_DAC_TSEMO_automation.csv,ok,50000,",",311.0,2.0,0.018,311.0,line_count,True,2,311,2,0,0,0,2,0,0.0,0,0,,,,
<DATA_ROOT>\data_raw\core_mof_2024\tsa\extracted\tsa\TSA\TSA-optimization\NEJKOG_ASR_pacman_1_99_TSEMO_automation.csv,data_raw\core_mof_2024\tsa\extracted\tsa\TSA\TSA-optimization\NEJKOG_ASR_pacman_1_99_TSEMO_automation.csv,NEJKOG_ASR_pacman_1_99_TSEMO_automation.csv,.csv,CoRE MOF 2024,CoRE-2024 TSA optimization tables,curation_or_validation,5295,0.005049705505371094,2024-10-24T13:49:22,<DATA_ROOT>\data_raw\core_mof_2024\tsa\extracted\tsa\TSA\TSA-optimization\NEJKOG_ASR_pacman_1_99_TSEMO_automation.csv,ok,50000,",",311.0,2.0,0.005,311.0,line_count,True,2,311,2,0,0,0,2,0,0.0,0,0,,,,
<DATA_ROOT>\data_raw\core_mof_2024\tsa\extracted\tsa\TSA\TSA-optimization\TUMROK_ASR_pacman_1_99_TSEMO_automation.csv,data_raw\core_mof_2024\tsa\extracted\tsa\TSA\TSA-optimization\TUMROK_ASR_pacman_1_99_TSEMO_automation.csv,TUMROK_ASR_pacman_1_99_TSEMO_automation.csv,.csv,CoRE MOF 2024,CoRE-2024 TSA optimization tables,curation_or_validation,5295,0.005049705505371094,2024-10-24T13:49:22,<DATA_ROOT>\data_raw\core_mof_2024\tsa\extracted\tsa\TSA\TSA-optimization\TUMROK_ASR_pacman_1_99_TSEMO_automation.csv,ok,50000,",",311.0,2.0,0.004,311.0,line_count,True,2,311,2,0,0,0,2,0,0.0,0,0,,,,
<DATA_ROOT>\data_raw\core_mof_2024\tsa\extracted\tsa\TSA\TSA-optimization\NEJKOG_ASR_pacman_10_90_TSEMO_automation.csv,data_raw\core_mof_2024\tsa\extracted\tsa\TSA\TSA-optimization\NEJKOG_ASR_pacman_10_90_TSEMO_automation.csv,NEJKOG_ASR_pacman_10_90_TSEMO_automation.csv,.csv,CoRE MOF 2024,CoRE-2024 TSA optimization tables,curation_or_validation,5278,0.0050334930419921875,2024-10-24T13:49:22,<DATA_ROOT>\data_raw\core_mof_2024\tsa\extracted\tsa\TSA\TSA-optimization\NEJKOG_ASR_pacman_10_90_TSEMO_automation.csv,ok,50000,",",310.0,2.0,0.023,310.0,line_count,True,2,310,2,0,0,0,2,0,0.0,0,0,,,,
<DATA_ROOT>\data_raw\core_mof_2024\tsa\extracted\tsa\TSA\TSA-optimization\NEJKOG_ASR_pacman_DAC_TSEMO_automation.csv,data_raw\core_mof_2024\tsa\extracted\tsa\TSA\TSA-optimization\NEJKOG_ASR_pacman_DAC_TSEMO_automation.csv,NEJKOG_ASR_pacman_DAC_TSEMO_automation.csv,.csv,CoRE MOF 2024,CoRE-2024 TSA optimization tables,curation_or_validation,5278,0.0050334930419921875,2024-10-24T13:49:22,<DATA_ROOT>\data_raw\core_mof_2024\tsa\extracted\tsa\TSA\TSA-optimization\NEJKOG_ASR_pacman_DAC_TSEMO_automation.csv,ok,50000,",",310.0,2.0,0.005,310.0,line_count,True,2,310,2,0,0,0,2,0,0.0,0,0,,,,
<DATA_ROOT>\data_raw\core_mof_2024\tsa\extracted\tsa\TSA\AIMD\with_h2o\windows.json,data_raw\core_mof_2024\tsa\extracted\tsa\TSA\AIMD\with_h2o\windows.json,windows.json,.json,CoRE MOF 2024,CoRE-2024 TSA optimization tables,general_metadata,122193,0.1165323257446289,2024-11-25T14:23:36,<DATA_ROOT>\data_raw\core_mof_2024\tsa\extracted\tsa\TSA\AIMD\with_h2o\windows.json,ok,50000,,3.0,1000.0,0.627,3.0,read_rows,True,1000,3,500,500,0,0,500,500,0.5,500,500,,,,
<DATA_ROOT>\data_raw\core_mof_2024\tsa\extracted\tsa\TSA\AIMD\with_co2\windows.json,data_raw\core_mof_2024\tsa\extracted\tsa\TSA\AIMD\with_co2\windows.json,windows.json,.json,CoRE MOF 2024,CoRE-2024 TSA optimization tables,general_metadata,121494,0.11586570739746094,2024-11-25T14:06:10,<DATA_ROOT>\data_raw\core_mof_2024\tsa\extracted\tsa\TSA\AIMD\with_co2\windows.json,ok,50000,,3.0,1000.0,0.631,3.0,read_rows,True,1000,3,500,500,0,0,500,500,0.5,500,500,,,,
<DATA_ROOT>\data_raw\core_mof_2024\tsa\extracted\tsa\TSA\data_298_423_1bar_CO2_N2_891.csv,data_raw\core_mof_2024\tsa\extracted\tsa\TSA\data_298_423_1bar_CO2_N2_891.csv,data_298_423_1bar_CO2_N2_891.csv,.csv,CoRE MOF 2024,CoRE-2024 TSA optimization tables,general_metadata,103827,0.09901714324951172,2024-10-21T20:01:32,<DATA_ROOT>\data_raw\core_mof_2024\tsa\extracted\tsa\TSA\data_298_423_1bar_CO2_N2_891.csv,ok,50000,",",891.0,9.0,0.047,891.0,line_count,True,9,891,8,1,0,4,0,0,0.0,0,0,,298_CO2;298_N2;423_CO2;423_N2,,
<DATA_ROOT>\data_raw\core_mof_2024\tsa\extracted\tsa\TSA\top35_info.xlsx,data_raw\core_mof_2024\tsa\extracted\tsa\TSA\top35_info.xlsx,top35_info.xlsx,.xlsx,CoRE MOF 2024,CoRE-2024 TSA optimization tables,general_metadata,79481,0.07579898834228516,2024-11-11T20:25:54,<DATA_ROOT>\data_raw\core_mof_2024\tsa\extracted\tsa\TSA\top35_info.xlsx,ok,50000,,35.0,53.0,0.087,35.0,read_rows,True,53,35,36,17,5,0,28,0,0.04743935309973046,1,8,refcode;name;mofid-v1;mofid-v2;structure_dimension,,refcode;mofid-v1;mofid-v2;topology(SingleNodes);topology(AllNodes);Metal Types;Source,
<DATA_ROOT>\data_raw\core_mof_2024\tsa\extracted\tsa\TSA\DFT-optimized\without_H2O\CO2_298.csv,data_raw\core_mof_2024\tsa\extracted\tsa\TSA\DFT-optimized\without_H2O\CO2_298.csv,CO2_298.csv,.csv,CoRE MOF 2024,CoRE-2024 TSA optimization tables,general_metadata,1028,0.000980377197265625,2024-11-26T17:38:10,<DATA_ROOT>\data_raw\core_mof_2024\tsa\extracted\tsa\TSA\DFT-optimized\without_H2O\CO2_298.csv,ok,50000,",",34.0,3.0,0.013,34.0,line_count,True,3,34,3,0,0,0,0,0,0.0,0,0,,,,
<DATA_ROOT>\data_raw\core_mof_2024\tsa\extracted\tsa\TSA\DFT-optimized\with_H2O\CO2_298.csv,data_raw\core_mof_2024\tsa\extracted\tsa\TSA\DFT-optimized\with_H2O\CO2_298.csv,CO2_298.csv,.csv,CoRE MOF 2024,CoRE-2024 TSA optimization tables,general_metadata,1027,0.0009794235229492188,2024-11-07T16:25:10,<DATA_ROOT>\data_raw\core_mof_2024\tsa\extracted\tsa\TSA\DFT-optimized\with_H2O\CO2_298.csv,ok,50000,",",34.0,3.0,0.007,34.0,line_count,True,3,34,3,0,0,0,0,0,0.0,0,0,,,,
<DATA_ROOT>\data_raw\core_mof_2024\tsa\extracted\tsa\TSA\DFT-optimized\with_H2O\CO2_360.5.csv,data_raw\core_mof_2024\tsa\extracted\tsa\TSA\DFT-optimized\with_H2O\CO2_360.5.csv,CO2_360.5.csv,.csv,CoRE MOF 2024,CoRE-2024 TSA optimization tables,general_metadata,1021,0.0009737014770507812,2024-11-08T11:03:32,<DATA_ROOT>\data_raw\core_mof_2024\tsa\extracted\tsa\TSA\DFT-optimized\with_H2O\CO2_360.5.csv,ok,50000,",",34.0,3.0,0.021,34.0,line_count,True,3,34,3,0,0,0,0,0,0.0,0,0,,,,
<DATA_ROOT>\data_raw\core_mof_2024\tsa\extracted\tsa\TSA\DFT-optimized\without_H2O\CO2_360.5.csv,data_raw\core_mof_2024\tsa\extracted\tsa\TSA\DFT-optimized\without_H2O\CO2_360.5.csv,CO2_360.5.csv,.csv,CoRE MOF 2024,CoRE-2024 TSA optimization tables,general_metadata,1020,0.000972747802734375,2024-11-26T17:38:44,<DATA_ROOT>\data_raw\core_mof_2024\tsa\extracted\tsa\TSA\DFT-optimized\without_H2O\CO2_360.5.csv,ok,50000,",",34.0,3.0,0.012,34.0,line_count,True,3,34,3,0,0,0,0,0,0.0,0,0,,,,
<DATA_ROOT>\data_raw\core_mof_2024\tsa\extracted\tsa\TSA\DFT-optimized\with_H2O\CO2_423.csv,data_raw\core_mof_2024\tsa\extracted\tsa\TSA\DFT-optimized\with_H2O\CO2_423.csv,CO2_423.csv,.csv,CoRE MOF 2024,CoRE-2024 TSA optimization tables,general_metadata,992,0.000946044921875,2024-11-08T11:01:30,<DATA_ROOT>\data_raw\core_mof_2024\tsa\extracted\tsa\TSA\DFT-optimized\with_H2O\CO2_423.csv,ok,50000,",",34.0,3.0,0.022,34.0,line_count,True,3,34,3,0,0,0,0,0,0.0,0,0,,,,
<DATA_ROOT>\data_raw\core_mof_2024\tsa\extracted\tsa\TSA\DFT-optimized\without_H2O\CO2_423.csv,data_raw\core_mof_2024\tsa\extracted\tsa\TSA\DFT-optimized\without_H2O\CO2_423.csv,CO2_423.csv,.csv,CoRE MOF 2024,CoRE-2024 TSA optimization tables,general_metadata,989,0.0009431838989257812,2024-11-26T17:39:10,<DATA_ROOT>\data_raw\core_mof_2024\tsa\extracted\tsa\TSA\DFT-optimized\without_H2O\CO2_423.csv,ok,50000,",",34.0,3.0,0.039,34.0,line_count,True,3,34,3,0,0,0,0,0,0.0,0,0,,,,
<DATA_ROOT>\data_raw\core_mof_2024\tsa\extracted\tsa\TSA\DFT-optimized\with_H2O\N2_298.csv,data_raw\core_mof_2024\tsa\extracted\tsa\TSA\DFT-optimized\with_H2O\N2_298.csv,N2_298.csv,.csv,CoRE MOF 2024,CoRE-2024 TSA optimization tables,general_metadata,969,0.0009241104125976562,2024-11-07T16:26:06,<DATA_ROOT>\data_raw\core_mof_2024\tsa\extracted\tsa\TSA\DFT-optimized\with_H2O\N2_298.csv,ok,50000,",",34.0,3.0,0.004,34.0,line_count,True,3,34,3,0,0,0,0,0,0.0,0,0,,,,
<DATA_ROOT>\data_raw\core_mof_2024\tsa\extracted\tsa\TSA\DFT-optimized\with_H2O\N2_360.5.csv,data_raw\core_mof_2024\tsa\extracted\tsa\TSA\DFT-optimized\with_H2O\N2_360.5.csv,N2_360.5.csv,.csv,CoRE MOF 2024,CoRE-2024 TSA optimization tables,general_metadata,904,0.00086212158203125,2024-11-08T11:03:38,<DATA_ROOT>\data_raw\core_mof_2024\tsa\extracted\tsa\TSA\DFT-optimized\with_H2O\N2_360.5.csv,ok,50000,",",34.0,3.0,0.02,34.0,line_count,True,3,34,3,0,0,0,0,0,0.0,0,0,,,,
<DATA_ROOT>\data_raw\core_mof_2024\tsa\extracted\tsa\TSA\DFT-optimized\without_H2O\N2_298.csv,data_raw\core_mof_2024\tsa\extracted\tsa\TSA\DFT-optimized\without_H2O\N2_298.csv,N2_298.csv,.csv,CoRE MOF 2024,CoRE-2024 TSA optimization tables,general_metadata,902,0.0008602142333984375,2024-11-26T17:38:18,<DATA_ROOT>\data_raw\core_mof_2024\tsa\extracted\tsa\TSA\DFT-optimized\without_H2O\N2_298.csv,ok,50000,",",34.0,3.0,0.015,34.0,line_count,True,3,34,3,0,0,0,0,0,0.0,0,0,,,,
<DATA_ROOT>\data_raw\core_mof_2024\tsa\extracted\tsa\TSA\DFT-optimized\with_H2O\N2_423.csv,data_raw\core_mof_2024\tsa\extracted\tsa\TSA\DFT-optimized\with_H2O\N2_423.csv,N2_423.csv,.csv,CoRE MOF 2024,CoRE-2024 TSA optimization tables,general_metadata,866,0.0008258819580078125,2024-11-08T11:02:02,<DATA_ROOT>\data_raw\core_mof_2024\tsa\extracted\tsa\TSA\DFT-optimized\with_H2O\N2_423.csv,ok,50000,",",34.0,3.0,0.005,34.0,line_count,True,3,34,3,0,0,0,0,0,0.0,0,0,,,,
<DATA_ROOT>\data_raw\core_mof_2024\tsa\extracted\tsa\TSA\DFT-optimized\without_H2O\N2_360.5.csv,data_raw\core_mof_2024\tsa\extracted\tsa\TSA\DFT-optimized\without_H2O\N2_360.5.csv,N2_360.5.csv,.csv,CoRE MOF 2024,CoRE-2024 TSA optimization tables,general_metadata,838,0.0007991790771484375,2024-11-26T17:38:48,<DATA_ROOT>\data_raw\core_mof_2024\tsa\extracted\tsa\TSA\DFT-optimized\without_H2O\N2_360.5.csv,ok,50000,",",34.0,3.0,0.009,34.0,line_count,True,3,34,3,0,0,0,0,0,0.0,0,0,,,,
<DATA_ROOT>\data_raw\core_mof_2024\tsa\extracted\tsa\TSA\DFT-optimized\without_H2O\N2_423.csv,data_raw\core_mof_2024\tsa\extracted\tsa\TSA\DFT-optimized\without_H2O\N2_423.csv,N2_423.csv,.csv,CoRE MOF 2024,CoRE-2024 TSA optimization tables,general_metadata,834,0.0007953643798828125,2024-11-26T17:39:18,<DATA_ROOT>\data_raw\core_mof_2024\tsa\extracted\tsa\TSA\DFT-optimized\without_H2O\N2_423.csv,ok,50000,",",34.0,3.0,0.005,34.0,line_count,True,3,34,3,0,0,0,0,0,0.0,0,0,,,,
<DATA_ROOT>\data_raw\core_mof_2024\tsa\extracted\tsa\TSA\DFT-optimized\mix_isotherms\H2O_CO2_N2_298_relaxed_top1_without_adsorbate.csv,data_raw\core_mof_2024\tsa\extracted\tsa\TSA\DFT-optimized\mix_isotherms\H2O_CO2_N2_298_relaxed_top1_without_adsorbate.csv,H2O_CO2_N2_298_relaxed_top1_without_adsorbate.csv,.csv,CoRE MOF 2024,CoRE-2024 TSA optimization tables,general_metadata,680,0.00064849853515625,2024-10-16T03:55:30,<DATA_ROOT>\data_raw\core_mof_2024\tsa\extracted\tsa\TSA\DFT-optimized\mix_isotherms\H2O_CO2_N2_298_relaxed_top1_without_adsorbate.csv,ok,50000,",",12.0,7.0,0.026,12.0,line_count,True,7,12,7,0,0,3,1,0,0.0,0,0,,H2O;CO2;N2,,
<DATA_ROOT>\data_raw\core_mof_2024\tsa\extracted\tsa\TSA\H2O_CO2_N2_calf.csv,data_raw\core_mof_2024\tsa\extracted\tsa\TSA\H2O_CO2_N2_calf.csv,H2O_CO2_N2_calf.csv,.csv,CoRE MOF 2024,CoRE-2024 TSA optimization tables,general_metadata,676,0.000644683837890625,2024-11-03T05:23:10,<DATA_ROOT>\data_raw\core_mof_2024\tsa\extracted\tsa\TSA\H2O_CO2_N2_calf.csv,ok,50000,",",12.0,7.0,0.004,12.0,line_count,True,7,12,7,0,0,0,1,0,0.0,0,0,,,,
<DATA_ROOT>\data_raw\core_mof_2024\tsa\extracted\tsa\TSA\DFT-optimized\mix_isotherms\H2O_CO2_N2_calf20.csv,data_raw\core_mof_2024\tsa\extracted\tsa\TSA\DFT-optimized\mix_isotherms\H2O_CO2_N2_calf20.csv,H2O_CO2_N2_calf20.csv,.csv,CoRE MOF 2024,CoRE-2024 TSA optimization tables,general_metadata,676,0.000644683837890625,2024-11-03T05:23:10,<DATA_ROOT>\data_raw\core_mof_2024\tsa\extracted\tsa\TSA\DFT-optimized\mix_isotherms\H2O_CO2_N2_calf20.csv,ok,50000,",",12.0,7.0,0.004,12.0,line_count,True,7,12,7,0,0,0,1,0,0.0,0,0,,,,
<DATA_ROOT>\data_raw\core_mof_2024\tsa\extracted\tsa\TSA\structure_information.csv,data_raw\core_mof_2024\tsa\extracted\tsa\TSA\structure_information.csv,structure_information.csv,.csv,CoRE MOF 2024,CoRE-2024 TSA optimization tables,structure_or_cif_metadata,2156,0.002056121826171875,2024-10-24T16:19:46,<DATA_ROOT>\data_raw\core_mof_2024\tsa\extracted\tsa\TSA\structure_information.csv,ok,50000,",",9.0,16.0,0.03,9.0,line_count,True,16,9,0,16,3,0,1,0,0.2013888888888889,1,4,Name;MOF Name;ligand name,,metal,
<DATA_ROOT>\data_raw\core_mof_2024\duplicate_checks\asr_fsr_check.csv,data_raw\core_mof_2024\duplicate_checks\asr_fsr_check.csv,asr_fsr_check.csv,.csv,CoRE MOF 2024,CoRE-2024 duplicate/provenance metadata,curation_or_validation,217362,0.2072925567626953,2026-05-30T08:31:32,<DATA_ROOT>\data_raw\core_mof_2024\duplicate_checks\asr_fsr_check.csv,ok,50000,",",5112.0,2.0,0.043,5112.0,line_count,True,2,5112,0,2,2,0,0,0,0.0,0,0,ASR_id;FSR_id,,,
<DATA_ROOT>\data_raw\core_mof_2024\diagnostics\unmodified_check_for_ncr_si.xlsx,data_raw\core_mof_2024\diagnostics\unmodified_check_for_ncr_si.xlsx,unmodified_check_for_ncr_si.xlsx,.xlsx,CoRE MOF 2024,CoRE-2024 other metadata,curation_or_validation,154909,0.14773273468017578,2026-05-30T08:31:50,<DATA_ROOT>\data_raw\core_mof_2024\diagnostics\unmodified_check_for_ncr_si.xlsx,ok,50000,,3692.0,4.0,0.285,3692.0,read_rows,True,4,3692,1,3,1,0,1,0,0.0,0,1,refcode,,refcode;Source,
<DATA_ROOT>\data_raw\core_mof_2024\diagnostics\ncr_ion_si.xlsx,data_raw\core_mof_2024\diagnostics\ncr_ion_si.xlsx,ncr_ion_si.xlsx,.xlsx,CoRE MOF 2024,CoRE-2024 other metadata,curation_or_validation,22961,0.021897315979003906,2026-05-30T08:31:42,<DATA_ROOT>\data_raw\core_mof_2024\diagnostics\ncr_ion_si.xlsx,ok,50000,,136.0,4.0,0.057,136.0,read_rows,True,4,136,3,1,1,0,3,0,0.0,0,0,refcode,,refcode,
<DATA_ROOT>\data_raw\core_mof_2024\tsa\extracted\tsa\TSA\single_isotherms\2017[Cd][sql]2[ASR]13_CO2_360.5.csv,data_raw\core_mof_2024\tsa\extracted\tsa\TSA\single_isotherms\2017[Cd][sql]2[ASR]13_CO2_360.5.csv,2017[Cd][sql]2[ASR]13_CO2_360.5.csv,.csv,CoRE MOF 2024,CoRE-2024 single-isotherm tables,adsorption_targets,1069,0.0010194778442382812,2024-10-04T22:11:26,<DATA_ROOT>\data_raw\core_mof_2024\tsa\extracted\tsa\TSA\single_isotherms\2017[Cd][sql]2[ASR]13_CO2_360.5.csv,ok,50000,",",34.0,3.0,0.015,34.0,line_count,True,3,34,3,0,0,1,0,0,0.0,0,0,,Uptake,,
<DATA_ROOT>\data_raw\core_mof_2024\tsa\extracted\tsa\TSA\single_isotherms\2011[Cd][pcu]3[ASR]3_CO2_298.csv,data_raw\core_mof_2024\tsa\extracted\tsa\TSA\single_isotherms\2011[Cd][pcu]3[ASR]3_CO2_298.csv,2011[Cd][pcu]3[ASR]3_CO2_298.csv,.csv,CoRE MOF 2024,CoRE-2024 single-isotherm tables,adsorption_targets,1068,0.001018524169921875,2024-10-04T22:11:26,<DATA_ROOT>\data_raw\core_mof_2024\tsa\extracted\tsa\TSA\single_isotherms\2011[Cd][pcu]3[ASR]3_CO2_298.csv,ok,50000,",",34.0,3.0,0.005,34.0,line_count,True,3,34,3,0,0,1,0,0,0.0,0,0,,Uptake,,
<DATA_ROOT>\data_raw\core_mof_2024\tsa\extracted\tsa\TSA\single_isotherms\2016[Co][flu]3[ASR]1_CO2_298.csv,data_raw\core_mof_2024\tsa\extracted\tsa\TSA\single_isotherms\2016[Co][flu]3[ASR]1_CO2_298.csv,2016[Co][flu]3[ASR]1_CO2_298.csv,.csv,CoRE MOF 2024,CoRE-2024 single-isotherm tables,adsorption_targets,1068,0.001018524169921875,2024-10-04T22:11:26,<DATA_ROOT>\data_raw\core_mof_2024\tsa\extracted\tsa\TSA\single_isotherms\2016[Co][flu]3[ASR]1_CO2_298.csv,ok,50000,",",34.0,3.0,0.004,34.0,line_count,True,3,34,3,0,0,1,0,0,0.0,0,0,,Uptake,,
<DATA_ROOT>\data_raw\core_mof_2024\tsa\extracted\tsa\TSA\single_isotherms\2016[Cu][apo]3[ASR]3_CO2_298.csv,data_raw\core_mof_2024\tsa\extracted\tsa\TSA\single_isotherms\2016[Cu][apo]3[ASR]3_CO2_298.csv,2016[Cu][apo]3[ASR]3_CO2_298.csv,.csv,CoRE MOF 2024,CoRE-2024 single-isotherm tables,adsorption_targets,1068,0.001018524169921875,2024-10-04T22:11:26,<DATA_ROOT>\data_raw\core_mof_2024\tsa\extracted\tsa\TSA\single_isotherms\2016[Cu][apo]3[ASR]3_CO2_298.csv,ok,50000,",",34.0,3.0,0.014,34.0,line_count,True,3,34,3,0,0,1,0,0,0.0,0,0,,Uptake,,
<DATA_ROOT>\data_raw\core_mof_2024\tsa\extracted\tsa\TSA\single_isotherms\2022[Zn][sra]3[ASR]1_CO2_298.csv,data_raw\core_mof_2024\tsa\extracted\tsa\TSA\single_isotherms\2022[Zn][sra]3[ASR]1_CO2_298.csv,2022[Zn][sra]3[ASR]1_CO2_298.csv,.csv,CoRE MOF 2024,CoRE-2024 single-isotherm tables,adsorption_targets,1068,0.001018524169921875,2024-10-04T22:11:26,<DATA_ROOT>\data_raw\core_mof_2024\tsa\extracted\tsa\TSA\single_isotherms\2022[Zn][sra]3[ASR]1_CO2_298.csv,ok,50000,",",34.0,3.0,0.015,34.0,line_count,True,3,34,3,0,0,1,0,0,0.0,0,0,,Uptake,,
<DATA_ROOT>\data_raw\core_mof_2024\tsa\extracted\tsa\TSA\single_isotherms\2003[Ce][nia]3[ASR]1_CO2_298.csv,data_raw\core_mof_2024\tsa\extracted\tsa\TSA\single_isotherms\2003[Ce][nia]3[ASR]1_CO2_298.csv,2003[Ce][nia]3[ASR]1_CO2_298.csv,.csv,CoRE MOF 2024,CoRE-2024 single-isotherm tables,adsorption_targets,1067,0.0010175704956054688,2024-10-04T22:11:26,<DATA_ROOT>\data_raw\core_mof_2024\tsa\extracted\tsa\TSA\single_isotherms\2003[Ce][nia]3[ASR]1_CO2_298.csv,ok,50000,",",34.0,3.0,0.007,34.0,line_count,True,3,34,3,0,0,1,0,0,0.0,0,0,,Uptake,,
<DATA_ROOT>\data_raw\core_mof_2024\tsa\extracted\tsa\TSA\single_isotherms\2015[Zn][crb]3[ASR]3_CO2_298.csv,data_raw\core_mof_2024\tsa\extracted\tsa\TSA\single_isotherms\2015[Zn][crb]3[ASR]3_CO2_298.csv,2015[Zn][crb]3[ASR]3_CO2_298.csv,.csv,CoRE MOF 2024,CoRE-2024 single-isotherm tables,adsorption_targets,1067,0.0010175704956054688,2024-10-04T22:11:26,<DATA_ROOT>\data_raw\core_mof_2024\tsa\extracted\tsa\TSA\single_isotherms\2015[Zn][crb]3[ASR]3_CO2_298.csv,ok,50000,",",34.0,3.0,0.006,34.0,line_count,True,3,34,3,0,0,1,0,0,0.0,0,0,,Uptake,,
<DATA_ROOT>\data_raw\core_mof_2024\tsa\extracted\tsa\TSA\single_isotherms\2015[Zn][dmc]3[ASR]1_CO2_298.csv,data_raw\core_mof_2024\tsa\extracted\tsa\TSA\single_isotherms\2015[Zn][dmc]3[ASR]1_CO2_298.csv,2015[Zn][dmc]3[ASR]1_CO2_298.csv,.csv,CoRE MOF 2024,CoRE-2024 single-isotherm tables,adsorption_targets,1066,0.0010166168212890625,2024-10-04T22:11:26,<DATA_ROOT>\data_raw\core_mof_2024\tsa\extracted\tsa\TSA\single_isotherms\2015[Zn][dmc]3[ASR]1_CO2_298.csv,ok,50000,",",34.0,3.0,0.017,34.0,line_count,True,3,34,3,0,0,1,0,0,0.0,0,0,,Uptake,,
<DATA_ROOT>\data_raw\core_mof_2024\tsa\extracted\tsa\TSA\single_isotherms\2021[Co][nan]3[ASR]16_CO2_298.csv,data_raw\core_mof_2024\tsa\extracted\tsa\TSA\single_isotherms\2021[Co][nan]3[ASR]16_CO2_298.csv,2021[Co][nan]3[ASR]16_CO2_298.csv,.csv,CoRE MOF 2024,CoRE-2024 single-isotherm tables,adsorption_targets,1066,0.0010166168212890625,2024-10-04T22:11:26,<DATA_ROOT>\data_raw\core_mof_2024\tsa\extracted\tsa\TSA\single_isotherms\2021[Co][nan]3[ASR]16_CO2_298.csv,ok,50000,",",34.0,3.0,0.007,34.0,line_count,True,3,34,3,0,0,1,0,0,0.0,0,0,,Uptake,,
<DATA_ROOT>\data_raw\core_mof_2024\tsa\extracted\tsa\TSA\single_isotherms\2008[Zn][nan]3[ASR]5_CO2_298.csv,data_raw\core_mof_2024\tsa\extracted\tsa\TSA\single_isotherms\2008[Zn][nan]3[ASR]5_CO2_298.csv,2008[Zn][nan]3[ASR]5_CO2_298.csv,.csv,CoRE MOF 2024,CoRE-2024 single-isotherm tables,adsorption_targets,1065,0.0010156631469726562,2024-10-04T22:11:26,<DATA_ROOT>\data_raw\core_mof_2024\tsa\extracted\tsa\TSA\single_isotherms\2008[Zn][nan]3[ASR]5_CO2_298.csv,ok,50000,",",34.0,3.0,0.014,34.0,line_count,True,3,34,3,0,0,1,0,0,0.0,0,0,,Uptake,,
<DATA_ROOT>\data_raw\core_mof_2024\tsa\extracted\tsa\TSA\single_isotherms\2011[Cd][pcu]3[ASR]3_CO2_360.5.csv,data_raw\core_mof_2024\tsa\extracted\tsa\TSA\single_isotherms\2011[Cd][pcu]3[ASR]3_CO2_360.5.csv,2011[Cd][pcu]3[ASR]3_CO2_360.5.csv,.csv,CoRE MOF 2024,CoRE-2024 single-isotherm tables,adsorption_targets,1065,0.0010156631469726562,2024-10-04T22:11:26,<DATA_ROOT>\data_raw\core_mof_2024\tsa\extracted\tsa\TSA\single_isotherms\2011[Cd][pcu]3[ASR]3_CO2_360.5.csv,ok,50000,",",34.0,3.0,0.005,34.0,line_count,True,3,34,3,0,0,1,0,0,0.0,0,0,,Uptake,,
<DATA_ROOT>\data_raw\core_mof_2024\tsa\extracted\tsa\TSA\single_isotherms\2015[Cd][pts]3[ASR]2_CO2_298.csv,data_raw\core_mof_2024\tsa\extracted\tsa\TSA\single_isotherms\2015[Cd][pts]3[ASR]2_CO2_298.csv,2015[Cd][pts]3[ASR]2_CO2_298.csv,.csv,CoRE MOF 2024,CoRE-2024 single-isotherm tables,adsorption_targets,1065,0.0010156631469726562,2024-10-04T22:11:26,<DATA_ROOT>\data_raw\core_mof_2024\tsa\extracted\tsa\TSA\single_isotherms\2015[Cd][pts]3[ASR]2_CO2_298.csv,ok,50000,",",34.0,3.0,0.007,34.0,line_count,True,3,34,3,0,0,1,0,0,0.0,0,0,,Uptake,,
<DATA_ROOT>\data_raw\core_mof_2024\tsa\extracted\tsa\TSA\single_isotherms\2015[Co][crb]3[ASR]1_CO2_298.csv,data_raw\core_mof_2024\tsa\extracted\tsa\TSA\single_isotherms\2015[Co][crb]3[ASR]1_CO2_298.csv,2015[Co][crb]3[ASR]1_CO2_298.csv,.csv,CoRE MOF 2024,CoRE-2024 single-isotherm tables,adsorption_targets,1065,0.0010156631469726562,2024-10-04T22:11:26,<DATA_ROOT>\data_raw\core_mof_2024\tsa\extracted\tsa\TSA\single_isotherms\2015[Co][crb]3[ASR]1_CO2_298.csv,ok,50000,",",34.0,3.0,0.004,34.0,line_count,True,3,34,3,0,0,1,0,0,0.0,0,0,,Uptake,,
<DATA_ROOT>\data_raw\core_mof_2024\tsa\extracted\tsa\TSA\single_isotherms\2015[Zn][crb]3[ASR]1_CO2_360.5.csv,data_raw\core_mof_2024\tsa\extracted\tsa\TSA\single_isotherms\2015[Zn][crb]3[ASR]1_CO2_360.5.csv,2015[Zn][crb]3[ASR]1_CO2_360.5.csv,.csv,CoRE MOF 2024,CoRE-2024 single-isotherm tables,adsorption_targets,1065,0.0010156631469726562,2024-10-04T22:11:26,<DATA_ROOT>\data_raw\core_mof_2024\tsa\extracted\tsa\TSA\single_isotherms\2015[Zn][crb]3[ASR]1_CO2_360.5.csv,ok,50000,",",34.0,3.0,0.004,34.0,line_count,True,3,34,3,0,0,1,0,0,0.0,0,0,,Uptake,,
<DATA_ROOT>\data_raw\core_mof_2024\tsa\extracted\tsa\TSA\single_isotherms\2015[Zn][crb]3[ASR]2_CO2_360.5.csv,data_raw\core_mof_2024\tsa\extracted\tsa\TSA\single_isotherms\2015[Zn][crb]3[ASR]2_CO2_360.5.csv,2015[Zn][crb]3[ASR]2_CO2_360.5.csv,.csv,CoRE MOF 2024,CoRE-2024 single-isotherm tables,adsorption_targets,1065,0.0010156631469726562,2024-10-04T22:11:26,<DATA_ROOT>\data_raw\core_mof_2024\tsa\extracted\tsa\TSA\single_isotherms\2015[Zn][crb]3[ASR]2_CO2_360.5.csv,ok,50000,",",34.0,3.0,0.005,34.0,line_count,True,3,34,3,0,0,1,0,0,0.0,0,0,,Uptake,,
<DATA_ROOT>\data_raw\core_mof_2024\tsa\extracted\tsa\TSA\single_isotherms\2017[Cd][sql]2[ASR]14_CO2_298.csv,data_raw\core_mof_2024\tsa\extracted\tsa\TSA\single_isotherms\2017[Cd][sql]2[ASR]14_CO2_298.csv,2017[Cd][sql]2[ASR]14_CO2_298.csv,.csv,CoRE MOF 2024,CoRE-2024 single-isotherm tables,adsorption_targets,1065,0.0010156631469726562,2024-10-04T22:11:26,<DATA_ROOT>\data_raw\core_mof_2024\tsa\extracted\tsa\TSA\single_isotherms\2017[Cd][sql]2[ASR]14_CO2_298.csv,ok,50000,",",34.0,3.0,0.011,34.0,line_count,True,3,34,3,0,0,1,0,0,0.0,0,0,,Uptake,,
<DATA_ROOT>\data_raw\core_mof_2024\tsa\extracted\tsa\TSA\single_isotherms\2017[Cd][sql]2[ASR]14_CO2_360.5.csv,data_raw\core_mof_2024\tsa\extracted\tsa\TSA\single_isotherms\2017[Cd][sql]2[ASR]14_CO2_360.5.csv,2017[Cd][sql]2[ASR]14_CO2_360.5.csv,.csv,CoRE MOF 2024,CoRE-2024 single-isotherm tables,adsorption_targets,1065,0.0010156631469726562,2024-10-04T22:11:26,<DATA_ROOT>\data_raw\core_mof_2024\tsa\extracted\tsa\TSA\single_isotherms\2017[Cd][sql]2[ASR]14_CO2_360.5.csv,ok,50000,",",34.0,3.0,0.021,34.0,line_count,True,3,34,3,0,0,1,0,0,0.0,0,0,,Uptake,,
<DATA_ROOT>\data_raw\core_mof_2024\tsa\extracted\tsa\TSA\single_isotherms\2018[Co][fsc]3[ASR]1_CO2_298.csv,data_raw\core_mof_2024\tsa\extracted\tsa\TSA\single_isotherms\2018[Co][fsc]3[ASR]1_CO2_298.csv,2018[Co][fsc]3[ASR]1_CO2_298.csv,.csv,CoRE MOF 2024,CoRE-2024 single-isotherm tables,adsorption_targets,1065,0.0010156631469726562,2024-10-04T22:11:26,<DATA_ROOT>\data_raw\core_mof_2024\tsa\extracted\tsa\TSA\single_isotherms\2018[Co][fsc]3[ASR]1_CO2_298.csv,ok,50000,",",34.0,3.0,0.004,34.0,line_count,True,3,34,3,0,0,1,0,0,0.0,0,0,,Uptake,,
<DATA_ROOT>\data_raw\core_mof_2024\tsa\extracted\tsa\TSA\single_isotherms\2021[Cu][rtl]3[ASR]2_CO2_298.csv,data_raw\core_mof_2024\tsa\extracted\tsa\TSA\single_isotherms\2021[Cu][rtl]3[ASR]2_CO2_298.csv,2021[Cu][rtl]3[ASR]2_CO2_298.csv,.csv,CoRE MOF 2024,CoRE-2024 single-isotherm tables,adsorption_targets,1065,0.0010156631469726562,2024-10-04T22:11:26,<DATA_ROOT>\data_raw\core_mof_2024\tsa\extracted\tsa\TSA\single_isotherms\2021[Cu][rtl]3[ASR]2_CO2_298.csv,ok,50000,",",34.0,3.0,0.005,34.0,line_count,True,3,34,3,0,0,1,0,0,0.0,0,0,,Uptake,,
<DATA_ROOT>\data_raw\core_mof_2024\tsa\extracted\tsa\TSA\single_isotherms\2008[Zn][nan]3[ASR]5_CO2_360.5.csv,data_raw\core_mof_2024\tsa\extracted\tsa\TSA\single_isotherms\2008[Zn][nan]3[ASR]5_CO2_360.5.csv,2008[Zn][nan]3[ASR]5_CO2_360.5.csv,.csv,CoRE MOF 2024,CoRE-2024 single-isotherm tables,adsorption_targets,1064,0.00101470947265625,2024-10-04T22:11:26,<DATA_ROOT>\data_raw\core_mof_2024\tsa\extracted\tsa\TSA\single_isotherms\2008[Zn][nan]3[ASR]5_CO2_360.5.csv,ok,50000,",",34.0,3.0,0.004,34.0,line_count,True,3,34,3,0,0,1,0,0,0.0,0,0,,Uptake,,
<DATA_ROOT>\data_raw\core_mof_2024\tsa\extracted\tsa\TSA\single_isotherms\2012[Cd][dia]3[ASR]5_CO2_298.csv,data_raw\core_mof_2024\tsa\extracted\tsa\TSA\single_isotherms\2012[Cd][dia]3[ASR]5_CO2_298.csv,2012[Cd][dia]3[ASR]5_CO2_298.csv,.csv,CoRE MOF 2024,CoRE-2024 single-isotherm tables,adsorption_targets,1064,0.00101470947265625,2024-10-04T22:11:26,<DATA_ROOT>\data_raw\core_mof_2024\tsa\extracted\tsa\TSA\single_isotherms\2012[Cd][dia]3[ASR]5_CO2_298.csv,ok,50000,",",34.0,3.0,0.008,34.0,line_count,True,3,34,3,0,0,1,0,0,0.0,0,0,,Uptake,,
<DATA_ROOT>\data_raw\core_mof_2024\tsa\extracted\tsa\TSA\single_isotherms\2015[Co][crb]3[ASR]2_CO2_298.csv,data_raw\core_mof_2024\tsa\extracted\tsa\TSA\single_isotherms\2015[Co][crb]3[ASR]2_CO2_298.csv,2015[Co][crb]3[ASR]2_CO2_298.csv,.csv,CoRE MOF 2024,CoRE-2024 single-isotherm tables,adsorption_targets,1064,0.00101470947265625,2024-10-04T22:11:26,<DATA_ROOT>\data_raw\core_mof_2024\tsa\extracted\tsa\TSA\single_isotherms\2015[Co][crb]3[ASR]2_CO2_298.csv,ok,50000,",",34.0,3.0,0.016,34.0,line_count,True,3,34,3,0,0,1,0,0,0.0,0,0,,Uptake,,
<DATA_ROOT>\data_raw\core_mof_2024\tsa\extracted\tsa\TSA\single_isotherms\2015[Cu][crb]3[ASR]2_CO2_360.5.csv,data_raw\core_mof_2024\tsa\extracted\tsa\TSA\single_isotherms\2015[Cu][crb]3[ASR]2_CO2_360.5.csv,2015[Cu][crb]3[ASR]2_CO2_360.5.csv,.csv,CoRE MOF 2024,CoRE-2024 single-isotherm tables,adsorption_targets,1064,0.00101470947265625,2024-10-04T22:11:26,<DATA_ROOT>\data_raw\core_mof_2024\tsa\extracted\tsa\TSA\single_isotherms\2015[Cu][crb]3[ASR]2_CO2_360.5.csv,ok,50000,",",34.0,3.0,0.007,34.0,line_count,True,3,34,3,0,0,1,0,0,0.0,0,0,,Uptake,,
<DATA_ROOT>\data_raw\core_mof_2024\tsa\extracted\tsa\TSA\single_isotherms\2019[Cu][kgd]2[ASR]1_CO2_298.csv,data_raw\core_mof_2024\tsa\extracted\tsa\TSA\single_isotherms\2019[Cu][kgd]2[ASR]1_CO2_298.csv,2019[Cu][kgd]2[ASR]1_CO2_298.csv,.csv,CoRE MOF 2024,CoRE-2024 single-isotherm tables,adsorption_targets,1064,0.00101470947265625,2024-10-04T22:11:26,<DATA_ROOT>\data_raw\core_mof_2024\tsa\extracted\tsa\TSA\single_isotherms\2019[Cu][kgd]2[ASR]1_CO2_298.csv,ok,50000,",",34.0,3.0,0.008,34.0,line_count,True,3,34,3,0,0,1,0,0,0.0,0,0,,Uptake,,
<DATA_ROOT>\data_raw\core_mof_2024\tsa\extracted\tsa\TSA\single_isotherms\2020[Zn][nan]3[ASR]11_CO2_298.csv,data_raw\core_mof_2024\tsa\extracted\tsa\TSA\single_isotherms\2020[Zn][nan]3[ASR]11_CO2_298.csv,2020[Zn][nan]3[ASR]11_CO2_298.csv,.csv,CoRE MOF 2024,CoRE-2024 single-isotherm tables,adsorption_targets,1064,0.00101470947265625,2024-10-04T22:11:26,<DATA_ROOT>\data_raw\core_mof_2024\tsa\extracted\tsa\TSA\single_isotherms\2020[Zn][nan]3[ASR]11_CO2_298.csv,ok,50000,",",34.0,3.0,0.004,34.0,line_count,True,3,34,3,0,0,1,0,0,0.0,0,0,,Uptake,,
<DATA_ROOT>\data_raw\core_mof_2024\tsa\extracted\tsa\TSA\single_isotherms\2020[Zn][nan]3[ASR]11_CO2_360.5.csv,data_raw\core_mof_2024\tsa\extracted\tsa\TSA\single_isotherms\2020[Zn][nan]3[ASR]11_CO2_360.5.csv,2020[Zn][nan]3[ASR]11_CO2_360.5.csv,.csv,CoRE MOF 2024,CoRE-2024 single-isotherm tables,adsorption_targets,1064,0.00101470947265625,2024-10-04T22:11:26,<DATA_ROOT>\data_raw\core_mof_2024\tsa\extracted\tsa\TSA\single_isotherms\2020[Zn][nan]3[ASR]11_CO2_360.5.csv,ok,50000,",",34.0,3.0,0.047,34.0,line_count,True,3,34,3,0,0,1,0,0,0.0,0,0,,Uptake,,
<DATA_ROOT>\data_raw\core_mof_2024\tsa\extracted\tsa\TSA\single_isotherms\2021[Cu][rtl]3[ASR]2_CO2_360.5.csv,data_raw\core_mof_2024\tsa\extracted\tsa\TSA\single_isotherms\2021[Cu][rtl]3[ASR]2_CO2_360.5.csv,2021[Cu][rtl]3[ASR]2_CO2_360.5.csv,.csv,CoRE MOF 2024,CoRE-2024 single-isotherm tables,adsorption_targets,1064,0.00101470947265625,2024-10-04T22:11:26,<DATA_ROOT>\data_raw\core_mof_2024\tsa\extracted\tsa\TSA\single_isotherms\2021[Cu][rtl]3[ASR]2_CO2_360.5.csv,ok,50000,",",34.0,3.0,0.006,34.0,line_count,True,3,34,3,0,0,1,0,0,0.0,0,0,,Uptake,,
<DATA_ROOT>\data_raw\core_mof_2024\tsa\extracted\tsa\TSA\single_isotherms\2007[Cd][uom]3[ASR]1_CO2_298.csv,data_raw\core_mof_2024\tsa\extracted\tsa\TSA\single_isotherms\2007[Cd][uom]3[ASR]1_CO2_298.csv,2007[Cd][uom]3[ASR]1_CO2_298.csv,.csv,CoRE MOF 2024,CoRE-2024 single-isotherm tables,adsorption_targets,1063,0.0010137557983398438,2024-10-04T22:11:26,<DATA_ROOT>\data_raw\core_mof_2024\tsa\extracted\tsa\TSA\single_isotherms\2007[Cd][uom]3[ASR]1_CO2_298.csv,ok,50000,",",34.0,3.0,0.018,34.0,line_count,True,3,34,3,0,0,1,0,0,0.0,0,0,,Uptake,,
<DATA_ROOT>\data_raw\core_mof_2024\tsa\extracted\tsa\TSA\single_isotherms\2015[Cu][crb]3[ASR]2_CO2_298.csv,data_raw\core_mof_2024\tsa\extracted\tsa\TSA\single_isotherms\2015[Cu][crb]3[ASR]2_CO2_298.csv,2015[Cu][crb]3[ASR]2_CO2_298.csv,.csv,CoRE MOF 2024,CoRE-2024 single-isotherm tables,adsorption_targets,1063,0.0010137557983398438,2024-10-04T22:11:26,<DATA_ROOT>\data_raw\core_mof_2024\tsa\extracted\tsa\TSA\single_isotherms\2015[Cu][crb]3[ASR]2_CO2_298.csv,ok,50000,",",34.0,3.0,0.004,34.0,line_count,True,3,34,3,0,0,1,0,0,0.0,0,0,,Uptake,,
<DATA_ROOT>\data_raw\core_mof_2024\tsa\extracted\tsa\TSA\single_isotherms\2019[Zn][dia]3[ASR]2_CO2_298.csv,data_raw\core_mof_2024\tsa\extracted\tsa\TSA\single_isotherms\2019[Zn][dia]3[ASR]2_CO2_298.csv,2019[Zn][dia]3[ASR]2_CO2_298.csv,.csv,CoRE MOF 2024,CoRE-2024 single-isotherm tables,adsorption_targets,1063,0.0010137557983398438,2024-10-04T22:11:26,<DATA_ROOT>\data_raw\core_mof_2024\tsa\extracted\tsa\TSA\single_isotherms\2019[Zn][dia]3[ASR]2_CO2_298.csv,ok,50000,",",34.0,3.0,0.004,34.0,line_count,True,3,34,3,0,0,1,0,0,0.0,0,0,,Uptake,,
<DATA_ROOT>\data_raw\core_mof_2024\tsa\extracted\tsa\TSA\single_isotherms\2019[Zn][dia]3[ASR]2_CO2_360.5.csv,data_raw\core_mof_2024\tsa\extracted\tsa\TSA\single_isotherms\2019[Zn][dia]3[ASR]2_CO2_360.5.csv,2019[Zn][dia]3[ASR]2_CO2_360.5.csv,.csv,CoRE MOF 2024,CoRE-2024 single-isotherm tables,adsorption_targets,1063,0.0010137557983398438,2024-10-04T22:11:26,<DATA_ROOT>\data_raw\core_mof_2024\tsa\extracted\tsa\TSA\single_isotherms\2019[Zn][dia]3[ASR]2_CO2_360.5.csv,ok,50000,",",34.0,3.0,0.038,34.0,line_count,True,3,34,3,0,0,1,0,0,0.0,0,0,,Uptake,,
<DATA_ROOT>\data_raw\core_mof_2024\tsa\extracted\tsa\TSA\single_isotherms\2019[Zn][nan]3[ASR]6_CO2_360.5.csv,data_raw\core_mof_2024\tsa\extracted\tsa\TSA\single_isotherms\2019[Zn][nan]3[ASR]6_CO2_360.5.csv,2019[Zn][nan]3[ASR]6_CO2_360.5.csv,.csv,CoRE MOF 2024,CoRE-2024 single-isotherm tables,adsorption_targets,1063,0.0010137557983398438,2024-10-04T22:11:26,<DATA_ROOT>\data_raw\core_mof_2024\tsa\extracted\tsa\TSA\single_isotherms\2019[Zn][nan]3[ASR]6_CO2_360.5.csv,ok,50000,",",34.0,3.0,0.03,34.0,line_count,True,3,34,3,0,0,1,0,0,0.0,0,0,,Uptake,,
<DATA_ROOT>\data_raw\core_mof_2024\tsa\extracted\tsa\TSA\single_isotherms\2022[Zn][sra]3[ASR]1_CO2_360.5.csv,data_raw\core_mof_2024\tsa\extracted\tsa\TSA\single_isotherms\2022[Zn][sra]3[ASR]1_CO2_360.5.csv,2022[Zn][sra]3[ASR]1_CO2_360.5.csv,.csv,CoRE MOF 2024,CoRE-2024 single-isotherm tables,adsorption_targets,1063,0.0010137557983398438,2024-10-04T22:11:26,<DATA_ROOT>\data_raw\core_mof_2024\tsa\extracted\tsa\TSA\single_isotherms\2022[Zn][sra]3[ASR]1_CO2_360.5.csv,ok,50000,",",34.0,3.0,0.005,34.0,line_count,True,3,34,3,0,0,1,0,0,0.0,0,0,,Uptake,,
<DATA_ROOT>\data_raw\core_mof_2024\tsa\extracted\tsa\TSA\single_isotherms\2007[Cd][uom]3[ASR]1_CO2_360.5.csv,data_raw\core_mof_2024\tsa\extracted\tsa\TSA\single_isotherms\2007[Cd][uom]3[ASR]1_CO2_360.5.csv,2007[Cd][uom]3[ASR]1_CO2_360.5.csv,.csv,CoRE MOF 2024,CoRE-2024 single-isotherm tables,adsorption_targets,1062,0.0010128021240234375,2024-10-04T22:11:26,<DATA_ROOT>\data_raw\core_mof_2024\tsa\extracted\tsa\TSA\single_isotherms\2007[Cd][uom]3[ASR]1_CO2_360.5.csv,ok,50000,",",34.0,3.0,0.005,34.0,line_count,True,3,34,3,0,0,1,0,0,0.0,0,0,,Uptake,,
<DATA_ROOT>\data_raw\core_mof_2024\tsa\extracted\tsa\TSA\single_isotherms\2007[Cd][uom]3[ASR]2_CO2_360.5.csv,data_raw\core_mof_2024\tsa\extracted\tsa\TSA\single_isotherms\2007[Cd][uom]3[ASR]2_CO2_360.5.csv,2007[Cd][uom]3[ASR]2_CO2_360.5.csv,.csv,CoRE MOF 2024,CoRE-2024 single-isotherm tables,adsorption_targets,1062,0.0010128021240234375,2024-10-04T22:11:26,<DATA_ROOT>\data_raw\core_mof_2024\tsa\extracted\tsa\TSA\single_isotherms\2007[Cd][uom]3[ASR]2_CO2_360.5.csv,ok,50000,",",34.0,3.0,0.016,34.0,line_count,True,3,34,3,0,0,1,0,0,0.0,0,0,,Uptake,,
<DATA_ROOT>\data_raw\core_mof_2024\tsa\extracted\tsa\TSA\single_isotherms\2015[Co][crb]3[ASR]1_CO2_360.5.csv,data_raw\core_mof_2024\tsa\extracted\tsa\TSA\single_isotherms\2015[Co][crb]3[ASR]1_CO2_360.5.csv,2015[Co][crb]3[ASR]1_CO2_360.5.csv,.csv,CoRE MOF 2024,CoRE-2024 single-isotherm tables,adsorption_targets,1062,0.0010128021240234375,2024-10-04T22:11:26,<DATA_ROOT>\data_raw\core_mof_2024\tsa\extracted\tsa\TSA\single_isotherms\2015[Co][crb]3[ASR]1_CO2_360.5.csv,ok,50000,",",34.0,3.0,0.003,34.0,line_count,True,3,34,3,0,0,1,0,0,0.0,0,0,,Uptake,,
<DATA_ROOT>\data_raw\core_mof_2024\tsa\extracted\tsa\TSA\single_isotherms\2015[Cu][crb]3[ASR]3_CO2_360.5.csv,data_raw\core_mof_2024\tsa\extracted\tsa\TSA\single_isotherms\2015[Cu][crb]3[ASR]3_CO2_360.5.csv,2015[Cu][crb]3[ASR]3_CO2_360.5.csv,.csv,CoRE MOF 2024,CoRE-2024 single-isotherm tables,adsorption_targets,1062,0.0010128021240234375,2024-10-04T22:11:26,<DATA_ROOT>\data_raw\core_mof_2024\tsa\extracted\tsa\TSA\single_isotherms\2015[Cu][crb]3[ASR]3_CO2_360.5.csv,ok,50000,",",34.0,3.0,0.019,34.0,line_count,True,3,34,3,0,0,1,0,0,0.0,0,0,,Uptake,,
<DATA_ROOT>\data_raw\core_mof_2024\tsa\extracted\tsa\TSA\single_isotherms\2016[Zn][nan]3[ASR]3_CO2_298.csv,data_raw\core_mof_2024\tsa\extracted\tsa\TSA\single_isotherms\2016[Zn][nan]3[ASR]3_CO2_298.csv,2016[Zn][nan]3[ASR]3_CO2_298.csv,.csv,CoRE MOF 2024,CoRE-2024 single-isotherm tables,adsorption_targets,1062,0.0010128021240234375,2024-10-04T22:11:26,<DATA_ROOT>\data_raw\core_mof_2024\tsa\extracted\tsa\TSA\single_isotherms\2016[Zn][nan]3[ASR]3_CO2_298.csv,ok,50000,",",34.0,3.0,0.014,34.0,line_count,True,3,34,3,0,0,1,0,0,0.0,0,0,,Uptake,,
<DATA_ROOT>\data_raw\core_mof_2024\tsa\extracted\tsa\TSA\single_isotherms\2018[Co][fsc]3[ASR]1_CO2_360.5.csv,data_raw\core_mof_2024\tsa\extracted\tsa\TSA\single_isotherms\2018[Co][fsc]3[ASR]1_CO2_360.5.csv,2018[Co][fsc]3[ASR]1_CO2_360.5.csv,.csv,CoRE MOF 2024,CoRE-2024 single-isotherm tables,adsorption_targets,1062,0.0010128021240234375,2024-10-04T22:11:26,<DATA_ROOT>\data_raw\core_mof_2024\tsa\extracted\tsa\TSA\single_isotherms\2018[Co][fsc]3[ASR]1_CO2_360.5.csv,ok,50000,",",34.0,3.0,0.015,34.0,line_count,True,3,34,3,0,0,1,0,0,0.0,0,0,,Uptake,,
<DATA_ROOT>\data_raw\core_mof_2024\tsa\extracted\tsa\TSA\single_isotherms\2020[Zn][bey]2[ASR]1_CO2_360.5.csv,data_raw\core_mof_2024\tsa\extracted\tsa\TSA\single_isotherms\2020[Zn][bey]2[ASR]1_CO2_360.5.csv,2020[Zn][bey]2[ASR]1_CO2_360.5.csv,.csv,CoRE MOF 2024,CoRE-2024 single-isotherm tables,adsorption_targets,1062,0.0010128021240234375,2024-10-04T22:11:26,<DATA_ROOT>\data_raw\core_mof_2024\tsa\extracted\tsa\TSA\single_isotherms\2020[Zn][bey]2[ASR]1_CO2_360.5.csv,ok,50000,",",34.0,3.0,0.008,34.0,line_count,True,3,34,3,0,0,1,0,0,0.0,0,0,,Uptake,,
<DATA_ROOT>\data_raw\core_mof_2024\tsa\extracted\tsa\TSA\single_isotherms\2022[Zn][sra]3[ASR]1_CO2_423.csv,data_raw\core_mof_2024\tsa\extracted\tsa\TSA\single_isotherms\2022[Zn][sra]3[ASR]1_CO2_423.csv,2022[Zn][sra]3[ASR]1_CO2_423.csv,.csv,CoRE MOF 2024,CoRE-2024 single-isotherm tables,adsorption_targets,1062,0.0010128021240234375,2024-10-04T22:11:26,<DATA_ROOT>\data_raw\core_mof_2024\tsa\extracted\tsa\TSA\single_isotherms\2022[Zn][sra]3[ASR]1_CO2_423.csv,ok,50000,",",34.0,3.0,0.008,34.0,line_count,True,3,34,3,0,0,1,0,0,0.0,0,0,,Uptake,,
<DATA_ROOT>\data_raw\core_mof_2024\tsa\extracted\tsa\TSA\single_isotherms\2023[Mn][fsc]3[ASR]1_CO2_298.csv,data_raw\core_mof_2024\tsa\extracted\tsa\TSA\single_isotherms\2023[Mn][fsc]3[ASR]1_CO2_298.csv,2023[Mn][fsc]3[ASR]1_CO2_298.csv,.csv,CoRE MOF 2024,CoRE-2024 single-isotherm tables,adsorption_targets,1062,0.0010128021240234375,2024-10-04T22:11:26,<DATA_ROOT>\data_raw\core_mof_2024\tsa\extracted\tsa\TSA\single_isotherms\2023[Mn][fsc]3[ASR]1_CO2_298.csv,ok,50000,",",34.0,3.0,0.006,34.0,line_count,True,3,34,3,0,0,1,0,0,0.0,0,0,,Uptake,,
<DATA_ROOT>\data_raw\core_mof_2024\tsa\extracted\tsa\TSA\single_isotherms\2013[Zn][nan]3[ASR]16_CO2_360.5.csv,data_raw\core_mof_2024\tsa\extracted\tsa\TSA\single_isotherms\2013[Zn][nan]3[ASR]16_CO2_360.5.csv,2013[Zn][nan]3[ASR]16_CO2_360.5.csv,.csv,CoRE MOF 2024,CoRE-2024 single-isotherm tables,adsorption_targets,1061,0.0010118484497070312,2024-10-04T22:11:26,<DATA_ROOT>\data_raw\core_mof_2024\tsa\extracted\tsa\TSA\single_isotherms\2013[Zn][nan]3[ASR]16_CO2_360.5.csv,ok,50000,",",34.0,3.0,0.016,34.0,line_count,True,3,34,3,0,0,1,0,0,0.0,0,0,,Uptake,,
<DATA_ROOT>\data_raw\core_mof_2024\tsa\extracted\tsa\TSA\single_isotherms\2015[Co][crb]3[ASR]1_CO2_423.csv,data_raw\core_mof_2024\tsa\extracted\tsa\TSA\single_isotherms\2015[Co][crb]3[ASR]1_CO2_423.csv,2015[Co][crb]3[ASR]1_CO2_423.csv,.csv,CoRE MOF 2024,CoRE-2024 single-isotherm tables,adsorption_targets,1061,0.0010118484497070312,2024-10-04T22:11:26,<DATA_ROOT>\data_raw\core_mof_2024\tsa\extracted\tsa\TSA\single_isotherms\2015[Co][crb]3[ASR]1_CO2_423.csv,ok,50000,",",34.0,3.0,0.003,34.0,line_count,True,3,34,3,0,0,1,0,0,0.0,0,0,,Uptake,,
<DATA_ROOT>\data_raw\core_mof_2024\tsa\extracted\tsa\TSA\single_isotherms\2016[Cu][apo]3[ASR]3_CO2_360.5.csv,data_raw\core_mof_2024\tsa\extracted\tsa\TSA\single_isotherms\2016[Cu][apo]3[ASR]3_CO2_360.5.csv,2016[Cu][apo]3[ASR]3_CO2_360.5.csv,.csv,CoRE MOF 2024,CoRE-2024 single-isotherm tables,adsorption_targets,1061,0.0010118484497070312,2024-10-04T22:11:26,<DATA_ROOT>\data_raw\core_mof_2024\tsa\extracted\tsa\TSA\single_isotherms\2016[Cu][apo]3[ASR]3_CO2_360.5.csv,ok,50000,",",34.0,3.0,0.003,34.0,line_count,True,3,34,3,0,0,1,0,0,0.0,0,0,,Uptake,,
<DATA_ROOT>\data_raw\core_mof_2024\tsa\extracted\tsa\TSA\single_isotherms\2019[Cu][kgd]2[ASR]1_CO2_423.csv,data_raw\core_mof_2024\tsa\extracted\tsa\TSA\single_isotherms\2019[Cu][kgd]2[ASR]1_CO2_423.csv,2019[Cu][kgd]2[ASR]1_CO2_423.csv,.csv,CoRE MOF 2024,CoRE-2024 single-isotherm tables,adsorption_targets,1061,0.0010118484497070312,2024-10-04T22:11:26,<DATA_ROOT>\data_raw\core_mof_2024\tsa\extracted\tsa\TSA\single_isotherms\2019[Cu][kgd]2[ASR]1_CO2_423.csv,ok,50000,",",34.0,3.0,0.014,34.0,line_count,True,3,34,3,0,0,1,0,0,0.0,0,0,,Uptake,,
<DATA_ROOT>\data_raw\core_mof_2024\tsa\extracted\tsa\TSA\single_isotherms\2019[Zn][nan]3[ASR]6_CO2_298.csv,data_raw\core_mof_2024\tsa\extracted\tsa\TSA\single_isotherms\2019[Zn][nan]3[ASR]6_CO2_298.csv,2019[Zn][nan]3[ASR]6_CO2_298.csv,.csv,CoRE MOF 2024,CoRE-2024 single-isotherm tables,adsorption_targets,1061,0.0010118484497070312,2024-10-04T22:11:26,<DATA_ROOT>\data_raw\core_mof_2024\tsa\extracted\tsa\TSA\single_isotherms\2019[Zn][nan]3[ASR]6_CO2_298.csv,ok,50000,",",34.0,3.0,0.005,34.0,line_count,True,3,34,3,0,0,1,0,0,0.0,0,0,,Uptake,,
<DATA_ROOT>\data_raw\core_mof_2024\tsa\extracted\tsa\TSA\single_isotherms\2020[Zn][bey]2[ASR]1_CO2_298.csv,data_raw\core_mof_2024\tsa\extracted\tsa\TSA\single_isotherms\2020[Zn][bey]2[ASR]1_CO2_298.csv,2020[Zn][bey]2[ASR]1_CO2_298.csv,.csv,CoRE MOF 2024,CoRE-2024 single-isotherm tables,adsorption_targets,1061,0.0010118484497070312,2024-10-04T22:11:26,<DATA_ROOT>\data_raw\core_mof_2024\tsa\extracted\tsa\TSA\single_isotherms\2020[Zn][bey]2[ASR]1_CO2_298.csv,ok,50000,",",34.0,3.0,0.006,34.0,line_count,True,3,34,3,0,0,1,0,0,0.0,0,0,,Uptake,,
<DATA_ROOT>\data_raw\core_mof_2024\tsa\extracted\tsa\TSA\single_isotherms\2021[Co][nan]3[ASR]9_CO2_298.csv,data_raw\core_mof_2024\tsa\extracted\tsa\TSA\single_isotherms\2021[Co][nan]3[ASR]9_CO2_298.csv,2021[Co][nan]3[ASR]9_CO2_298.csv,.csv,CoRE MOF 2024,CoRE-2024 single-isotherm tables,adsorption_targets,1061,0.0010118484497070312,2024-10-04T22:11:26,<DATA_ROOT>\data_raw\core_mof_2024\tsa\extracted\tsa\TSA\single_isotherms\2021[Co][nan]3[ASR]9_CO2_298.csv,ok,50000,",",34.0,3.0,0.004,34.0,line_count,True,3,34,3,0,0,1,0,0,0.0,0,0,,Uptake,,
<DATA_ROOT>\data_raw\core_mof_2024\tsa\extracted\tsa\TSA\single_isotherms\2021[Co][nan]3[ASR]9_CO2_360.5.csv,data_raw\core_mof_2024\tsa\extracted\tsa\TSA\single_isotherms\2021[Co][nan]3[ASR]9_CO2_360.5.csv,2021[Co][nan]3[ASR]9_CO2_360.5.csv,.csv,CoRE MOF 2024,CoRE-2024 single-isotherm tables,adsorption_targets,1061,0.0010118484497070312,2024-10-04T22:11:26,<DATA_ROOT>\data_raw\core_mof_2024\tsa\extracted\tsa\TSA\single_isotherms\2021[Co][nan]3[ASR]9_CO2_360.5.csv,ok,50000,",",34.0,3.0,0.005,34.0,line_count,True,3,34,3,0,0,1,0,0,0.0,0,0,,Uptake,,
<DATA_ROOT>\data_raw\core_mof_2024\tsa\extracted\tsa\TSA\single_isotherms\2021[Zn][dmc]3[ASR]1_CO2_298.csv,data_raw\core_mof_2024\tsa\extracted\tsa\TSA\single_isotherms\2021[Zn][dmc]3[ASR]1_CO2_298.csv,2021[Zn][dmc]3[ASR]1_CO2_298.csv,.csv,CoRE MOF 2024,CoRE-2024 single-isotherm tables,adsorption_targets,1061,0.0010118484497070312,2024-10-04T22:11:26,<DATA_ROOT>\data_raw\core_mof_2024\tsa\extracted\tsa\TSA\single_isotherms\2021[Zn][dmc]3[ASR]1_CO2_298.csv,ok,50000,",",34.0,3.0,0.017,34.0,line_count,True,3,34,3,0,0,1,0,0,0.0,0,0,,Uptake,,
<DATA_ROOT>\data_raw\core_mof_2024\tsa\extracted\tsa\TSA\single_isotherms\2007[Cd][uom]3[ASR]2_CO2_298.csv,data_raw\core_mof_2024\tsa\extracted\tsa\TSA\single_isotherms\2007[Cd][uom]3[ASR]2_CO2_298.csv,2007[Cd][uom]3[ASR]2_CO2_298.csv,.csv,CoRE MOF 2024,CoRE-2024 single-isotherm tables,adsorption_targets,1060,0.001010894775390625,2024-10-04T22:11:26,<DATA_ROOT>\data_raw\core_mof_2024\tsa\extracted\tsa\TSA\single_isotherms\2007[Cd][uom]3[ASR]2_CO2_298.csv,ok,50000,",",34.0,3.0,0.007,34.0,line_count,True,3,34,3,0,0,1,0,0,0.0,0,0,,Uptake,,
<DATA_ROOT>\data_raw\core_mof_2024\tsa\extracted\tsa\TSA\single_isotherms\2013[Zn][nan]3[ASR]16_CO2_423.csv,data_raw\core_mof_2024\tsa\extracted\tsa\TSA\single_isotherms\2013[Zn][nan]3[ASR]16_CO2_423.csv,2013[Zn][nan]3[ASR]16_CO2_423.csv,.csv,CoRE MOF 2024,CoRE-2024 single-isotherm tables,adsorption_targets,1060,0.001010894775390625,2024-10-04T22:11:26,<DATA_ROOT>\data_raw\core_mof_2024\tsa\extracted\tsa\TSA\single_isotherms\2013[Zn][nan]3[ASR]16_CO2_423.csv,ok,50000,",",34.0,3.0,0.008,34.0,line_count,True,3,34,3,0,0,1,0,0,0.0,0,0,,Uptake,,
<DATA_ROOT>\data_raw\core_mof_2024\tsa\extracted\tsa\TSA\single_isotherms\2015[Cu][crb]3[ASR]2_CO2_423.csv,data_raw\core_mof_2024\tsa\extracted\tsa\TSA\single_isotherms\2015[Cu][crb]3[ASR]2_CO2_423.csv,2015[Cu][crb]3[ASR]2_CO2_423.csv,.csv,CoRE MOF 2024,CoRE-2024 single-isotherm tables,adsorption_targets,1060,0.001010894775390625,2024-10-04T22:11:26,<DATA_ROOT>\data_raw\core_mof_2024\tsa\extracted\tsa\TSA\single_isotherms\2015[Cu][crb]3[ASR]2_CO2_423.csv,ok,50000,",",34.0,3.0,0.007,34.0,line_count,True,3,34,3,0,0,1,0,0,0.0,0,0,,Uptake,,
<DATA_ROOT>\data_raw\core_mof_2024\tsa\extracted\tsa\TSA\single_isotherms\2015[Zn][crb]3[ASR]3_CO2_360.5.csv,data_raw\core_mof_2024\tsa\extracted\tsa\TSA\single_isotherms\2015[Zn][crb]3[ASR]3_CO2_360.5.csv,2015[Zn][crb]3[ASR]3_CO2_360.5.csv,.csv,CoRE MOF 2024,CoRE-2024 single-isotherm tables,adsorption_targets,1060,0.001010894775390625,2024-10-04T22:11:26,<DATA_ROOT>\data_raw\core_mof_2024\tsa\extracted\tsa\TSA\single_isotherms\2015[Zn][crb]3[ASR]3_CO2_360.5.csv,ok,50000,",",34.0,3.0,0.017,34.0,line_count,True,3,34,3,0,0,1,0,0,0.0,0,0,,Uptake,,
<DATA_ROOT>\data_raw\core_mof_2024\tsa\extracted\tsa\TSA\single_isotherms\2015[Zn][crb]3[ASR]3_CO2_423.csv,data_raw\core_mof_2024\tsa\extracted\tsa\TSA\single_isotherms\2015[Zn][crb]3[ASR]3_CO2_423.csv,2015[Zn][crb]3[ASR]3_CO2_423.csv,.csv,CoRE MOF 2024,CoRE-2024 single-isotherm tables,adsorption_targets,1060,0.001010894775390625,2024-10-04T22:11:26,<DATA_ROOT>\data_raw\core_mof_2024\tsa\extracted\tsa\TSA\single_isotherms\2015[Zn][crb]3[ASR]3_CO2_423.csv,ok,50000,",",34.0,3.0,0.004,34.0,line_count,True,3,34,3,0,0,1,0,0,0.0,0,0,,Uptake,,
<DATA_ROOT>\data_raw\core_mof_2024\tsa\extracted\tsa\TSA\single_isotherms\2015[Zn][dmc]3[ASR]1_CO2_360.5.csv,data_raw\core_mof_2024\tsa\extracted\tsa\TSA\single_isotherms\2015[Zn][dmc]3[ASR]1_CO2_360.5.csv,2015[Zn][dmc]3[ASR]1_CO2_360.5.csv,.csv,CoRE MOF 2024,CoRE-2024 single-isotherm tables,adsorption_targets,1060,0.001010894775390625,2024-10-04T22:11:26,<DATA_ROOT>\data_raw\core_mof_2024\tsa\extracted\tsa\TSA\single_isotherms\2015[Zn][dmc]3[ASR]1_CO2_360.5.csv,ok,50000,",",34.0,3.0,0.006,34.0,line_count,True,3,34,3,0,0,1,0,0,0.0,0,0,,Uptake,,
<DATA_ROOT>\data_raw\core_mof_2024\tsa\extracted\tsa\TSA\single_isotherms\2016[Zn][nan]3[ASR]3_CO2_360.5.csv,data_raw\core_mof_2024\tsa\extracted\tsa\TSA\single_isotherms\2016[Zn][nan]3[ASR]3_CO2_360.5.csv,2016[Zn][nan]3[ASR]3_CO2_360.5.csv,.csv,CoRE MOF 2024,CoRE-2024 single-isotherm tables,adsorption_targets,1060,0.001010894775390625,2024-10-04T22:11:26,<DATA_ROOT>\data_raw\core_mof_2024\tsa\extracted\tsa\TSA\single_isotherms\2016[Zn][nan]3[ASR]3_CO2_360.5.csv,ok,50000,",",34.0,3.0,0.005,34.0,line_count,True,3,34,3,0,0,1,0,0,0.0,0,0,,Uptake,,
<DATA_ROOT>\data_raw\core_mof_2024\tsa\extracted\tsa\TSA\single_isotherms\2017[Cd][sql]2[ASR]14_CO2_423.csv,data_raw\core_mof_2024\tsa\extracted\tsa\TSA\single_isotherms\2017[Cd][sql]2[ASR]14_CO2_423.csv,2017[Cd][sql]2[ASR]14_CO2_423.csv,.csv,CoRE MOF 2024,CoRE-2024 single-isotherm tables,adsorption_targets,1060,0.001010894775390625,2024-10-04T22:11:26,<DATA_ROOT>\data_raw\core_mof_2024\tsa\extracted\tsa\TSA\single_isotherms\2017[Cd][sql]2[ASR]14_CO2_423.csv,ok,50000,",",34.0,3.0,0.009,34.0,line_count,True,3,34,3,0,0,1,0,0,0.0,0,0,,Uptake,,
<DATA_ROOT>\data_raw\core_mof_2024\tsa\extracted\tsa\TSA\single_isotherms\2019[Zn][dia]3[ASR]2_CO2_423.csv,data_raw\core_mof_2024\tsa\extracted\tsa\TSA\single_isotherms\2019[Zn][dia]3[ASR]2_CO2_423.csv,2019[Zn][dia]3[ASR]2_CO2_423.csv,.csv,CoRE MOF 2024,CoRE-2024 single-isotherm tables,adsorption_targets,1060,0.001010894775390625,2024-10-04T22:11:26,<DATA_ROOT>\data_raw\core_mof_2024\tsa\extracted\tsa\TSA\single_isotherms\2019[Zn][dia]3[ASR]2_CO2_423.csv,ok,50000,",",34.0,3.0,0.005,34.0,line_count,True,3,34,3,0,0,1,0,0,0.0,0,0,,Uptake,,
<DATA_ROOT>\data_raw\core_mof_2024\tsa\extracted\tsa\TSA\single_isotherms\2003[Ce][nia]3[ASR]1_CO2_360.5.csv,data_raw\core_mof_2024\tsa\extracted\tsa\TSA\single_isotherms\2003[Ce][nia]3[ASR]1_CO2_360.5.csv,2003[Ce][nia]3[ASR]1_CO2_360.5.csv,.csv,CoRE MOF 2024,CoRE-2024 single-isotherm tables,adsorption_targets,1059,0.0010099411010742188,2024-10-04T22:11:26,<DATA_ROOT>\data_raw\core_mof_2024\tsa\extracted\tsa\TSA\single_isotherms\2003[Ce][nia]3[ASR]1_CO2_360.5.csv,ok,50000,",",34.0,3.0,0.016,34.0,line_count,True,3,34,3,0,0,1,0,0,0.0,0,0,,Uptake,,
<DATA_ROOT>\data_raw\core_mof_2024\tsa\extracted\tsa\TSA\single_isotherms\2012[Cd][dia]3[ASR]5_CO2_360.5.csv,data_raw\core_mof_2024\tsa\extracted\tsa\TSA\single_isotherms\2012[Cd][dia]3[ASR]5_CO2_360.5.csv,2012[Cd][dia]3[ASR]5_CO2_360.5.csv,.csv,CoRE MOF 2024,CoRE-2024 single-isotherm tables,adsorption_targets,1059,0.0010099411010742188,2024-10-04T22:11:26,<DATA_ROOT>\data_raw\core_mof_2024\tsa\extracted\tsa\TSA\single_isotherms\2012[Cd][dia]3[ASR]5_CO2_360.5.csv,ok,50000,",",34.0,3.0,0.019,34.0,line_count,True,3,34,3,0,0,1,0,0,0.0,0,0,,Uptake,,
<DATA_ROOT>\data_raw\core_mof_2024\tsa\extracted\tsa\TSA\single_isotherms\2014[Zn][dmc]3[ASR]1_CO2_298.csv,data_raw\core_mof_2024\tsa\extracted\tsa\TSA\single_isotherms\2014[Zn][dmc]3[ASR]1_CO2_298.csv,2014[Zn][dmc]3[ASR]1_CO2_298.csv,.csv,CoRE MOF 2024,CoRE-2024 single-isotherm tables,adsorption_targets,1059,0.0010099411010742188,2024-10-04T22:11:26,<DATA_ROOT>\data_raw\core_mof_2024\tsa\extracted\tsa\TSA\single_isotherms\2014[Zn][dmc]3[ASR]1_CO2_298.csv,ok,50000,",",34.0,3.0,0.015,34.0,line_count,True,3,34,3,0,0,1,0,0,0.0,0,0,,Uptake,,
<DATA_ROOT>\data_raw\core_mof_2024\tsa\extracted\tsa\TSA\single_isotherms\2015[Co][crb]3[ASR]2_CO2_360.5.csv,data_raw\core_mof_2024\tsa\extracted\tsa\TSA\single_isotherms\2015[Co][crb]3[ASR]2_CO2_360.5.csv,2015[Co][crb]3[ASR]2_CO2_360.5.csv,.csv,CoRE MOF 2024,CoRE-2024 single-isotherm tables,adsorption_targets,1059,0.0010099411010742188,2024-10-04T22:11:26,<DATA_ROOT>\data_raw\core_mof_2024\tsa\extracted\tsa\TSA\single_isotherms\2015[Co][crb]3[ASR]2_CO2_360.5.csv,ok,50000,",",34.0,3.0,0.005,34.0,line_count,True,3,34,3,0,0,1,0,0,0.0,0,0,,Uptake,,
<DATA_ROOT>\data_raw\core_mof_2024\tsa\extracted\tsa\TSA\single_isotherms\2016[Co][flu]3[ASR]1_CO2_360.5.csv,data_raw\core_mof_2024\tsa\extracted\tsa\TSA\single_isotherms\2016[Co][flu]3[ASR]1_CO2_360.5.csv,2016[Co][flu]3[ASR]1_CO2_360.5.csv,.csv,CoRE MOF 2024,CoRE-2024 single-isotherm tables,adsorption_targets,1059,0.0010099411010742188,2024-10-04T22:11:26,<DATA_ROOT>\data_raw\core_mof_2024\tsa\extracted\tsa\TSA\single_isotherms\2016[Co][flu]3[ASR]1_CO2_360.5.csv,ok,50000,",",34.0,3.0,0.004,34.0,line_count,True,3,34,3,0,0,1,0,0,0.0,0,0,,Uptake,,
<DATA_ROOT>\data_raw\core_mof_2024\tsa\extracted\tsa\TSA\single_isotherms\2017[Cd][sql]2[ASR]13_CO2_423.csv,data_raw\core_mof_2024\tsa\extracted\tsa\TSA\single_isotherms\2017[Cd][sql]2[ASR]13_CO2_423.csv,2017[Cd][sql]2[ASR]13_CO2_423.csv,.csv,CoRE MOF 2024,CoRE-2024 single-isotherm tables,adsorption_targets,1059,0.0010099411010742188,2024-10-04T22:11:26,<DATA_ROOT>\data_raw\core_mof_2024\tsa\extracted\tsa\TSA\single_isotherms\2017[Cd][sql]2[ASR]13_CO2_423.csv,ok,50000,",",34.0,3.0,0.012,34.0,line_count,True,3,34,3,0,0,1,0,0,0.0,0,0,,Uptake,,
<DATA_ROOT>\data_raw\core_mof_2024\tsa\extracted\tsa\TSA\single_isotherms\2021[Co][nan]3[ASR]16_CO2_360.5.csv,data_raw\core_mof_2024\tsa\extracted\tsa\TSA\single_isotherms\2021[Co][nan]3[ASR]16_CO2_360.5.csv,2021[Co][nan]3[ASR]16_CO2_360.5.csv,.csv,CoRE MOF 2024,CoRE-2024 single-isotherm tables,adsorption_targets,1059,0.0010099411010742188,2024-10-04T22:11:26,<DATA_ROOT>\data_raw\core_mof_2024\tsa\extracted\tsa\TSA\single_isotherms\2021[Co][nan]3[ASR]16_CO2_360.5.csv,ok,50000,",",34.0,3.0,0.004,34.0,line_count,True,3,34,3,0,0,1,0,0,0.0,0,0,,Uptake,,
<DATA_ROOT>\data_raw\core_mof_2024\tsa\extracted\tsa\TSA\single_isotherms\2012[Cd][dia]3[ASR]5_N2_298.csv,data_raw\core_mof_2024\tsa\extracted\tsa\TSA\single_isotherms\2012[Cd][dia]3[ASR]5_N2_298.csv,2012[Cd][dia]3[ASR]5_N2_298.csv,.csv,CoRE MOF 2024,CoRE-2024 single-isotherm tables,adsorption_targets,1058,0.0010089874267578125,2024-10-04T22:11:26,<DATA_ROOT>\data_raw\core_mof_2024\tsa\extracted\tsa\TSA\single_isotherms\2012[Cd][dia]3[ASR]5_N2_298.csv,ok,50000,",",34.0,3.0,0.007,34.0,line_count,True,3,34,3,0,0,1,0,0,0.0,0,0,,Uptake,,
<DATA_ROOT>\data_raw\core_mof_2024\tsa\extracted\tsa\TSA\single_isotherms\2014[Zn][dmc]3[ASR]1_CO2_360.5.csv,data_raw\core_mof_2024\tsa\extracted\tsa\TSA\single_isotherms\2014[Zn][dmc]3[ASR]1_CO2_360.5.csv,2014[Zn][dmc]3[ASR]1_CO2_360.5.csv,.csv,CoRE MOF 2024,CoRE-2024 single-isotherm tables,adsorption_targets,1058,0.0010089874267578125,2024-10-04T22:11:26,<DATA_ROOT>\data_raw\core_mof_2024\tsa\extracted\tsa\TSA\single_isotherms\2014[Zn][dmc]3[ASR]1_CO2_360.5.csv,ok,50000,",",34.0,3.0,0.005,34.0,line_count,True,3,34,3,0,0,1,0,0,0.0,0,0,,Uptake,,
<DATA_ROOT>\data_raw\core_mof_2024\tsa\extracted\tsa\TSA\single_isotherms\2015[Cu][crb]3[ASR]3_CO2_298.csv,data_raw\core_mof_2024\tsa\extracted\tsa\TSA\single_isotherms\2015[Cu][crb]3[ASR]3_CO2_298.csv,2015[Cu][crb]3[ASR]3_CO2_298.csv,.csv,CoRE MOF 2024,CoRE-2024 single-isotherm tables,adsorption_targets,1058,0.0010089874267578125,2024-10-04T22:11:26,<DATA_ROOT>\data_raw\core_mof_2024\tsa\extracted\tsa\TSA\single_isotherms\2015[Cu][crb]3[ASR]3_CO2_298.csv,ok,50000,",",34.0,3.0,0.004,34.0,line_count,True,3,34,3,0,0,1,0,0,0.0,0,0,,Uptake,,
<DATA_ROOT>\data_raw\core_mof_2024\tsa\extracted\tsa\TSA\single_isotherms\2015[Zn][crb]3[ASR]1_CO2_298.csv,data_raw\core_mof_2024\tsa\extracted\tsa\TSA\single_isotherms\2015[Zn][crb]3[ASR]1_CO2_298.csv,2015[Zn][crb]3[ASR]1_CO2_298.csv,.csv,CoRE MOF 2024,CoRE-2024 single-isotherm tables,adsorption_targets,1058,0.0010089874267578125,2024-10-04T22:11:26,<DATA_ROOT>\data_raw\core_mof_2024\tsa\extracted\tsa\TSA\single_isotherms\2015[Zn][crb]3[ASR]1_CO2_298.csv,ok,50000,",",34.0,3.0,0.016,34.0,line_count,True,3,34,3,0,0,1,0,0,0.0,0,0,,Uptake,,
<DATA_ROOT>\data_raw\core_mof_2024\tsa\extracted\tsa\TSA\single_isotherms\2015[Zn][crb]3[ASR]2_CO2_298.csv,data_raw\core_mof_2024\tsa\extracted\tsa\TSA\single_isotherms\2015[Zn][crb]3[ASR]2_CO2_298.csv,2015[Zn][crb]3[ASR]2_CO2_298.csv,.csv,CoRE MOF 2024,CoRE-2024 single-isotherm tables,adsorption_targets,1058,0.0010089874267578125,2024-10-04T22:11:26,<DATA_ROOT>\data_raw\core_mof_2024\tsa\extracted\tsa\TSA\single_isotherms\2015[Zn][crb]3[ASR]2_CO2_298.csv,ok,50000,",",34.0,3.0,0.004,34.0,line_count,True,3,34,3,0,0,1,0,0,0.0,0,0,,Uptake,,
<DATA_ROOT>\data_raw\core_mof_2024\tsa\extracted\tsa\TSA\single_isotherms\2015[Zn][crb]3[ASR]2_CO2_423.csv,data_raw\core_mof_2024\tsa\extracted\tsa\TSA\single_isotherms\2015[Zn][crb]3[ASR]2_CO2_423.csv,2015[Zn][crb]3[ASR]2_CO2_423.csv,.csv,CoRE MOF 2024,CoRE-2024 single-isotherm tables,adsorption_targets,1058,0.0010089874267578125,2024-10-04T22:11:26,<DATA_ROOT>\data_raw\core_mof_2024\tsa\extracted\tsa\TSA\single_isotherms\2015[Zn][crb]3[ASR]2_CO2_423.csv,ok,50000,",",34.0,3.0,0.004,34.0,line_count,True,3,34,3,0,0,1,0,0,0.0,0,0,,Uptake,,
<DATA_ROOT>\data_raw\core_mof_2024\tsa\extracted\tsa\TSA\single_isotherms\2017[Cd][sql]2[ASR]13_CO2_298.csv,data_raw\core_mof_2024\tsa\extracted\tsa\TSA\single_isotherms\2017[Cd][sql]2[ASR]13_CO2_298.csv,2017[Cd][sql]2[ASR]13_CO2_298.csv,.csv,CoRE MOF 2024,CoRE-2024 single-isotherm tables,adsorption_targets,1058,0.0010089874267578125,2024-10-04T22:11:26,<DATA_ROOT>\data_raw\core_mof_2024\tsa\extracted\tsa\TSA\single_isotherms\2017[Cd][sql]2[ASR]13_CO2_298.csv,ok,50000,",",34.0,3.0,0.018,34.0,line_count,True,3,34,3,0,0,1,0,0,0.0,0,0,,Uptake,,
<DATA_ROOT>\data_raw\core_mof_2024\tsa\extracted\tsa\TSA\single_isotherms\2019[Cu][kgd]2[ASR]1_CO2_360.5.csv,data_raw\core_mof_2024\tsa\extracted\tsa\TSA\single_isotherms\2019[Cu][kgd]2[ASR]1_CO2_360.5.csv,2019[Cu][kgd]2[ASR]1_CO2_360.5.csv,.csv,CoRE MOF 2024,CoRE-2024 single-isotherm tables,adsorption_targets,1058,0.0010089874267578125,2024-10-04T22:11:26,<DATA_ROOT>\data_raw\core_mof_2024\tsa\extracted\tsa\TSA\single_isotherms\2019[Cu][kgd]2[ASR]1_CO2_360.5.csv,ok,50000,",",34.0,3.0,0.004,34.0,line_count,True,3,34,3,0,0,1,0,0,0.0,0,0,,Uptake,,
<DATA_ROOT>\data_raw\core_mof_2024\tsa\extracted\tsa\TSA\single_isotherms\2021[Co][nan]3[ASR]15_CO2_298.csv,data_raw\core_mof_2024\tsa\extracted\tsa\TSA\single_isotherms\2021[Co][nan]3[ASR]15_CO2_298.csv,2021[Co][nan]3[ASR]15_CO2_298.csv,.csv,CoRE MOF 2024,CoRE-2024 single-isotherm tables,adsorption_targets,1058,0.0010089874267578125,2024-10-04T22:11:26,<DATA_ROOT>\data_raw\core_mof_2024\tsa\extracted\tsa\TSA\single_isotherms\2021[Co][nan]3[ASR]15_CO2_298.csv,ok,50000,",",34.0,3.0,0.02,34.0,line_count,True,3,34,3,0,0,1,0,0,0.0,0,0,,Uptake,,
<DATA_ROOT>\data_raw\core_mof_2024\tsa\extracted\tsa\TSA\single_isotherms\2021[Zn][dmc]3[ASR]1_CO2_360.5.csv,data_raw\core_mof_2024\tsa\extracted\tsa\TSA\single_isotherms\2021[Zn][dmc]3[ASR]1_CO2_360.5.csv,2021[Zn][dmc]3[ASR]1_CO2_360.5.csv,.csv,CoRE MOF 2024,CoRE-2024 single-isotherm tables,adsorption_targets,1058,0.0010089874267578125,2024-10-04T22:11:26,<DATA_ROOT>\data_raw\core_mof_2024\tsa\extracted\tsa\TSA\single_isotherms\2021[Zn][dmc]3[ASR]1_CO2_360.5.csv,ok,50000,",",34.0,3.0,0.007,34.0,line_count,True,3,34,3,0,0,1,0,0,0.0,0,0,,Uptake,,
<DATA_ROOT>\data_raw\core_mof_2024\tsa\extracted\tsa\TSA\single_isotherms\2022[Zn][sra]3[ASR]1_N2_298.csv,data_raw\core_mof_2024\tsa\extracted\tsa\TSA\single_isotherms\2022[Zn][sra]3[ASR]1_N2_298.csv,2022[Zn][sra]3[ASR]1_N2_298.csv,.csv,CoRE MOF 2024,CoRE-2024 single-isotherm tables,adsorption_targets,1058,0.0010089874267578125,2024-10-04T22:11:26,<DATA_ROOT>\data_raw\core_mof_2024\tsa\extracted\tsa\TSA\single_isotherms\2022[Zn][sra]3[ASR]1_N2_298.csv,ok,50000,",",34.0,3.0,0.005,34.0,line_count,True,3,34,3,0,0,1,0,0,0.0,0,0,,Uptake,,
<DATA_ROOT>\data_raw\core_mof_2024\tsa\extracted\tsa\TSA\single_isotherms\2023[Mn][fsc]3[ASR]1_CO2_360.5.csv,data_raw\core_mof_2024\tsa\extracted\tsa\TSA\single_isotherms\2023[Mn][fsc]3[ASR]1_CO2_360.5.csv,2023[Mn][fsc]3[ASR]1_CO2_360.5.csv,.csv,CoRE MOF 2024,CoRE-2024 single-isotherm tables,adsorption_targets,1058,0.0010089874267578125,2024-10-04T22:11:26,<DATA_ROOT>\data_raw\core_mof_2024\tsa\extracted\tsa\TSA\single_isotherms\2023[Mn][fsc]3[ASR]1_CO2_360.5.csv,ok,50000,",",34.0,3.0,0.005,34.0,line_count,True,3,34,3,0,0,1,0,0,0.0,0,0,,Uptake,,
<DATA_ROOT>\data_raw\core_mof_2024\tsa\extracted\tsa\TSA\single_isotherms\2013[Zn][nan]3[ASR]16_CO2_298.csv,data_raw\core_mof_2024\tsa\extracted\tsa\TSA\single_isotherms\2013[Zn][nan]3[ASR]16_CO2_298.csv,2013[Zn][nan]3[ASR]16_CO2_298.csv,.csv,CoRE MOF 2024,CoRE-2024 single-isotherm tables,adsorption_targets,1057,0.0010080337524414062,2024-10-04T22:11:26,<DATA_ROOT>\data_raw\core_mof_2024\tsa\extracted\tsa\TSA\single_isotherms\2013[Zn][nan]3[ASR]16_CO2_298.csv,ok,50000,",",34.0,3.0,0.007,34.0,line_count,True,3,34,3,0,0,1,0,0,0.0,0,0,,Uptake,,
<DATA_ROOT>\data_raw\core_mof_2024\tsa\extracted\tsa\TSA\single_isotherms\2015[Zn][dmc]3[ASR]1_CO2_423.csv,data_raw\core_mof_2024\tsa\extracted\tsa\TSA\single_isotherms\2015[Zn][dmc]3[ASR]1_CO2_423.csv,2015[Zn][dmc]3[ASR]1_CO2_423.csv,.csv,CoRE MOF 2024,CoRE-2024 single-isotherm tables,adsorption_targets,1057,0.0010080337524414062,2024-10-04T22:11:26,<DATA_ROOT>\data_raw\core_mof_2024\tsa\extracted\tsa\TSA\single_isotherms\2015[Zn][dmc]3[ASR]1_CO2_423.csv,ok,50000,",",34.0,3.0,0.007,34.0,line_count,True,3,34,3,0,0,1,0,0,0.0,0,0,,Uptake,,
<DATA_ROOT>\data_raw\core_mof_2024\tsa\extracted\tsa\TSA\single_isotherms\2011[Cd][pcu]3[ASR]3_CO2_423.csv,data_raw\core_mof_2024\tsa\extracted\tsa\TSA\single_isotherms\2011[Cd][pcu]3[ASR]3_CO2_423.csv,2011[Cd][pcu]3[ASR]3_CO2_423.csv,.csv,CoRE MOF 2024,CoRE-2024 single-isotherm tables,adsorption_targets,1056,0.001007080078125,2024-10-04T22:11:26,<DATA_ROOT>\data_raw\core_mof_2024\tsa\extracted\tsa\TSA\single_isotherms\2011[Cd][pcu]3[ASR]3_CO2_423.csv,ok,50000,",",34.0,3.0,0.016,34.0,line_count,True,3,34,3,0,0,1,0,0,0.0,0,0,,Uptake,,
<DATA_ROOT>\data_raw\core_mof_2024\tsa\extracted\tsa\TSA\single_isotherms\2012[Cd][dia]3[ASR]5_CO2_423.csv,data_raw\core_mof_2024\tsa\extracted\tsa\TSA\single_isotherms\2012[Cd][dia]3[ASR]5_CO2_423.csv,2012[Cd][dia]3[ASR]5_CO2_423.csv,.csv,CoRE MOF 2024,CoRE-2024 single-isotherm tables,adsorption_targets,1056,0.001007080078125,2024-10-04T22:11:26,<DATA_ROOT>\data_raw\core_mof_2024\tsa\extracted\tsa\TSA\single_isotherms\2012[Cd][dia]3[ASR]5_CO2_423.csv,ok,50000,",",34.0,3.0,0.008,34.0,line_count,True,3,34,3,0,0,1,0,0,0.0,0,0,,Uptake,,
<DATA_ROOT>\data_raw\core_mof_2024\tsa\extracted\tsa\TSA\single_isotherms\2015[Zn][crb]3[ASR]1_CO2_423.csv,data_raw\core_mof_2024\tsa\extracted\tsa\TSA\single_isotherms\2015[Zn][crb]3[ASR]1_CO2_423.csv,2015[Zn][crb]3[ASR]1_CO2_423.csv,.csv,CoRE MOF 2024,CoRE-2024 single-isotherm tables,adsorption_targets,1056,0.001007080078125,2024-10-04T22:11:26,<DATA_ROOT>\data_raw\core_mof_2024\tsa\extracted\tsa\TSA\single_isotherms\2015[Zn][crb]3[ASR]1_CO2_423.csv,ok,50000,",",34.0,3.0,0.004,34.0,line_count,True,3,34,3,0,0,1,0,0,0.0,0,0,,Uptake,,
<DATA_ROOT>\data_raw\core_mof_2024\tsa\extracted\tsa\TSA\single_isotherms\2015[Zn][dmc]3[ASR]1_N2_298.csv,data_raw\core_mof_2024\tsa\extracted\tsa\TSA\single_isotherms\2015[Zn][dmc]3[ASR]1_N2_298.csv,2015[Zn][dmc]3[ASR]1_N2_298.csv,.csv,CoRE MOF 2024,CoRE-2024 single-isotherm tables,adsorption_targets,1056,0.001007080078125,2024-10-04T22:11:26,<DATA_ROOT>\data_raw\core_mof_2024\tsa\extracted\tsa\TSA\single_isotherms\2015[Zn][dmc]3[ASR]1_N2_298.csv,ok,50000,",",34.0,3.0,0.004,34.0,line_count,True,3,34,3,0,0,1,0,0,0.0,0,0,,Uptake,,
<DATA_ROOT>\data_raw\core_mof_2024\tsa\extracted\tsa\TSA\single_isotherms\2021[Cu][rtl]3[ASR]2_CO2_423.csv,data_raw\core_mof_2024\tsa\extracted\tsa\TSA\single_isotherms\2021[Cu][rtl]3[ASR]2_CO2_423.csv,2021[Cu][rtl]3[ASR]2_CO2_423.csv,.csv,CoRE MOF 2024,CoRE-2024 single-isotherm tables,adsorption_targets,1056,0.001007080078125,2024-10-04T22:11:26,<DATA_ROOT>\data_raw\core_mof_2024\tsa\extracted\tsa\TSA\single_isotherms\2021[Cu][rtl]3[ASR]2_CO2_423.csv,ok,50000,",",34.0,3.0,0.004,34.0,line_count,True,3,34,3,0,0,1,0,0,0.0,0,0,,Uptake,,
<DATA_ROOT>\data_raw\core_mof_2024\tsa\extracted\tsa\TSA\single_isotherms\2014[Zn][dmc]3[ASR]1_CO2_423.csv,data_raw\core_mof_2024\tsa\extracted\tsa\TSA\single_isotherms\2014[Zn][dmc]3[ASR]1_CO2_423.csv,2014[Zn][dmc]3[ASR]1_CO2_423.csv,.csv,CoRE MOF 2024,CoRE-2024 single-isotherm tables,adsorption_targets,1055,0.0010061264038085938,2024-10-04T22:11:26,<DATA_ROOT>\data_raw\core_mof_2024\tsa\extracted\tsa\TSA\single_isotherms\2014[Zn][dmc]3[ASR]1_CO2_423.csv,ok,50000,",",34.0,3.0,0.004,34.0,line_count,True,3,34,3,0,0,1,0,0,0.0,0,0,,Uptake,,
<DATA_ROOT>\data_raw\core_mof_2024\tsa\extracted\tsa\TSA\single_isotherms\2015[Cd][pts]3[ASR]2_CO2_360.5.csv,data_raw\core_mof_2024\tsa\extracted\tsa\TSA\single_isotherms\2015[Cd][pts]3[ASR]2_CO2_360.5.csv,2015[Cd][pts]3[ASR]2_CO2_360.5.csv,.csv,CoRE MOF 2024,CoRE-2024 single-isotherm tables,adsorption_targets,1055,0.0010061264038085938,2024-10-04T22:11:26,<DATA_ROOT>\data_raw\core_mof_2024\tsa\extracted\tsa\TSA\single_isotherms\2015[Cd][pts]3[ASR]2_CO2_360.5.csv,ok,50000,",",34.0,3.0,0.027,34.0,line_count,True,3,34,3,0,0,1,0,0,0.0,0,0,,Uptake,,
<DATA_ROOT>\data_raw\core_mof_2024\tsa\extracted\tsa\TSA\single_isotherms\2015[Cd][pts]3[ASR]2_CO2_423.csv,data_raw\core_mof_2024\tsa\extracted\tsa\TSA\single_isotherms\2015[Cd][pts]3[ASR]2_CO2_423.csv,2015[Cd][pts]3[ASR]2_CO2_423.csv,.csv,CoRE MOF 2024,CoRE-2024 single-isotherm tables,adsorption_targets,1055,0.0010061264038085938,2024-10-04T22:11:26,<DATA_ROOT>\data_raw\core_mof_2024\tsa\extracted\tsa\TSA\single_isotherms\2015[Cd][pts]3[ASR]2_CO2_423.csv,ok,50000,",",34.0,3.0,0.004,34.0,line_count,True,3,34,3,0,0,1,0,0,0.0,0,0,,Uptake,,
<DATA_ROOT>\data_raw\core_mof_2024\tsa\extracted\tsa\TSA\single_isotherms\2015[Co][crb]3[ASR]2_CO2_423.csv,data_raw\core_mof_2024\tsa\extracted\tsa\TSA\single_isotherms\2015[Co][crb]3[ASR]2_CO2_423.csv,2015[Co][crb]3[ASR]2_CO2_423.csv,.csv,CoRE MOF 2024,CoRE-2024 single-isotherm tables,adsorption_targets,1055,0.0010061264038085938,2024-10-04T22:11:26,<DATA_ROOT>\data_raw\core_mof_2024\tsa\extracted\tsa\TSA\single_isotherms\2015[Co][crb]3[ASR]2_CO2_423.csv,ok,50000,",",34.0,3.0,0.004,34.0,line_count,True,3,34,3,0,0,1,0,0,0.0,0,0,,Uptake,,
<DATA_ROOT>\data_raw\core_mof_2024\tsa\extracted\tsa\TSA\single_isotherms\2015[Co][crb]3[ASR]2_N2_298.csv,data_raw\core_mof_2024\tsa\extracted\tsa\TSA\single_isotherms\2015[Co][crb]3[ASR]2_N2_298.csv,2015[Co][crb]3[ASR]2_N2_298.csv,.csv,CoRE MOF 2024,CoRE-2024 single-isotherm tables,adsorption_targets,1055,0.0010061264038085938,2024-10-04T22:11:26,<DATA_ROOT>\data_raw\core_mof_2024\tsa\extracted\tsa\TSA\single_isotherms\2015[Co][crb]3[ASR]2_N2_298.csv,ok,50000,",",34.0,3.0,0.008,34.0,line_count,True,3,34,3,0,0,1,0,0,0.0,0,0,,Uptake,,
<DATA_ROOT>\data_raw\core_mof_2024\tsa\extracted\tsa\TSA\single_isotherms\2015[Zn][crb]3[ASR]3_N2_298.csv,data_raw\core_mof_2024\tsa\extracted\tsa\TSA\single_isotherms\2015[Zn][crb]3[ASR]3_N2_298.csv,2015[Zn][crb]3[ASR]3_N2_298.csv,.csv,CoRE MOF 2024,CoRE-2024 single-isotherm tables,adsorption_targets,1055,0.0010061264038085938,2024-10-04T22:11:26,<DATA_ROOT>\data_raw\core_mof_2024\tsa\extracted\tsa\TSA\single_isotherms\2015[Zn][crb]3[ASR]3_N2_298.csv,ok,50000,",",34.0,3.0,0.004,34.0,line_count,True,3,34,3,0,0,1,0,0,0.0,0,0,,Uptake,,
<DATA_ROOT>\data_raw\core_mof_2024\tsa\extracted\tsa\TSA\single_isotherms\2016[Cu][apo]3[ASR]3_CO2_423.csv,data_raw\core_mof_2024\tsa\extracted\tsa\TSA\single_isotherms\2016[Cu][apo]3[ASR]3_CO2_423.csv,2016[Cu][apo]3[ASR]3_CO2_423.csv,.csv,CoRE MOF 2024,CoRE-2024 single-isotherm tables,adsorption_targets,1055,0.0010061264038085938,2024-10-04T22:11:26,<DATA_ROOT>\data_raw\core_mof_2024\tsa\extracted\tsa\TSA\single_isotherms\2016[Cu][apo]3[ASR]3_CO2_423.csv,ok,50000,",",34.0,3.0,0.047,34.0,line_count,True,3,34,3,0,0,1,0,0,0.0,0,0,,Uptake,,
<DATA_ROOT>\data_raw\core_mof_2024\tsa\extracted\tsa\TSA\single_isotherms\2017[Cd][sql]2[ASR]13_N2_298.csv,data_raw\core_mof_2024\tsa\extracted\tsa\TSA\single_isotherms\2017[Cd][sql]2[ASR]13_N2_298.csv,2017[Cd][sql]2[ASR]13_N2_298.csv,.csv,CoRE MOF 2024,CoRE-2024 single-isotherm tables,adsorption_targets,1055,0.0010061264038085938,2024-10-04T22:11:26,<DATA_ROOT>\data_raw\core_mof_2024\tsa\extracted\tsa\TSA\single_isotherms\2017[Cd][sql]2[ASR]13_N2_298.csv,ok,50000,",",34.0,3.0,0.006,34.0,line_count,True,3,34,3,0,0,1,0,0,0.0,0,0,,Uptake,,
<DATA_ROOT>\data_raw\core_mof_2024\tsa\extracted\tsa\TSA\single_isotherms\2019[Cu][kgd]2[ASR]1_N2_298.csv,data_raw\core_mof_2024\tsa\extracted\tsa\TSA\single_isotherms\2019[Cu][kgd]2[ASR]1_N2_298.csv,2019[Cu][kgd]2[ASR]1_N2_298.csv,.csv,CoRE MOF 2024,CoRE-2024 single-isotherm tables,adsorption_targets,1055,0.0010061264038085938,2024-10-04T22:11:26,<DATA_ROOT>\data_raw\core_mof_2024\tsa\extracted\tsa\TSA\single_isotherms\2019[Cu][kgd]2[ASR]1_N2_298.csv,ok,50000,",",34.0,3.0,0.004,34.0,line_count,True,3,34,3,0,0,1,0,0,0.0,0,0,,Uptake,,
<DATA_ROOT>\data_raw\core_mof_2024\tsa\extracted\tsa\TSA\single_isotherms\2021[Co][nan]3[ASR]9_CO2_423.csv,data_raw\core_mof_2024\tsa\extracted\tsa\TSA\single_isotherms\2021[Co][nan]3[ASR]9_CO2_423.csv,2021[Co][nan]3[ASR]9_CO2_423.csv,.csv,CoRE MOF 2024,CoRE-2024 single-isotherm tables,adsorption_targets,1055,0.0010061264038085938,2024-10-04T22:11:26,<DATA_ROOT>\data_raw\core_mof_2024\tsa\extracted\tsa\TSA\single_isotherms\2021[Co][nan]3[ASR]9_CO2_423.csv,ok,50000,",",34.0,3.0,0.004,34.0,line_count,True,3,34,3,0,0,1,0,0,0.0,0,0,,Uptake,,
<DATA_ROOT>\data_raw\core_mof_2024\tsa\extracted\tsa\TSA\single_isotherms\2021[Zn][dmc]3[ASR]1_CO2_423.csv,data_raw\core_mof_2024\tsa\extracted\tsa\TSA\single_isotherms\2021[Zn][dmc]3[ASR]1_CO2_423.csv,2021[Zn][dmc]3[ASR]1_CO2_423.csv,.csv,CoRE MOF 2024,CoRE-2024 single-isotherm tables,adsorption_targets,1055,0.0010061264038085938,2024-10-04T22:11:26,<DATA_ROOT>\data_raw\core_mof_2024\tsa\extracted\tsa\TSA\single_isotherms\2021[Zn][dmc]3[ASR]1_CO2_423.csv,ok,50000,",",34.0,3.0,0.005,34.0,line_count,True,3,34,3,0,0,1,0,0,0.0,0,0,,Uptake,,
<DATA_ROOT>\data_raw\core_mof_2024\tsa\extracted\tsa\TSA\single_isotherms\2003[Ce][nia]3[ASR]1_CO2_423.csv,data_raw\core_mof_2024\tsa\extracted\tsa\TSA\single_isotherms\2003[Ce][nia]3[ASR]1_CO2_423.csv,2003[Ce][nia]3[ASR]1_CO2_423.csv,.csv,CoRE MOF 2024,CoRE-2024 single-isotherm tables,adsorption_targets,1054,0.0010051727294921875,2024-10-04T22:11:26,<DATA_ROOT>\data_raw\core_mof_2024\tsa\extracted\tsa\TSA\single_isotherms\2003[Ce][nia]3[ASR]1_CO2_423.csv,ok,50000,",",34.0,3.0,0.017,34.0,line_count,True,3,34,3,0,0,1,0,0,0.0,0,0,,Uptake,,
<DATA_ROOT>\data_raw\core_mof_2024\tsa\extracted\tsa\TSA\single_isotherms\2007[Cd][uom]3[ASR]1_CO2_423.csv,data_raw\core_mof_2024\tsa\extracted\tsa\TSA\single_isotherms\2007[Cd][uom]3[ASR]1_CO2_423.csv,2007[Cd][uom]3[ASR]1_CO2_423.csv,.csv,CoRE MOF 2024,CoRE-2024 single-isotherm tables,adsorption_targets,1054,0.0010051727294921875,2024-10-04T22:11:26,<DATA_ROOT>\data_raw\core_mof_2024\tsa\extracted\tsa\TSA\single_isotherms\2007[Cd][uom]3[ASR]1_CO2_423.csv,ok,50000,",",34.0,3.0,0.006,34.0,line_count,True,3,34,3,0,0,1,0,0,0.0,0,0,,Uptake,,
<DATA_ROOT>\data_raw\core_mof_2024\tsa\extracted\tsa\TSA\single_isotherms\2007[Cd][uom]3[ASR]2_CO2_423.csv,data_raw\core_mof_2024\tsa\extracted\tsa\TSA\single_isotherms\2007[Cd][uom]3[ASR]2_CO2_423.csv,2007[Cd][uom]3[ASR]2_CO2_423.csv,.csv,CoRE MOF 2024,CoRE-2024 single-isotherm tables,adsorption_targets,1054,0.0010051727294921875,2024-10-04T22:11:26,<DATA_ROOT>\data_raw\core_mof_2024\tsa\extracted\tsa\TSA\single_isotherms\2007[Cd][uom]3[ASR]2_CO2_423.csv,ok,50000,",",34.0,3.0,0.005,34.0,line_count,True,3,34,3,0,0,1,0,0,0.0,0,0,,Uptake,,
<DATA_ROOT>\data_raw\core_mof_2024\tsa\extracted\tsa\TSA\single_isotherms\2011[Cd][pcu]3[ASR]3_N2_298.csv,data_raw\core_mof_2024\tsa\extracted\tsa\TSA\single_isotherms\2011[Cd][pcu]3[ASR]3_N2_298.csv,2011[Cd][pcu]3[ASR]3_N2_298.csv,.csv,CoRE MOF 2024,CoRE-2024 single-isotherm tables,adsorption_targets,1054,0.0010051727294921875,2024-10-04T22:11:26,<DATA_ROOT>\data_raw\core_mof_2024\tsa\extracted\tsa\TSA\single_isotherms\2011[Cd][pcu]3[ASR]3_N2_298.csv,ok,50000,",",34.0,3.0,0.004,34.0,line_count,True,3,34,3,0,0,1,0,0,0.0,0,0,,Uptake,,
<DATA_ROOT>\data_raw\core_mof_2024\tsa\extracted\tsa\TSA\single_isotherms\2015[Zn][crb]3[ASR]1_N2_298.csv,data_raw\core_mof_2024\tsa\extracted\tsa\TSA\single_isotherms\2015[Zn][crb]3[ASR]1_N2_298.csv,2015[Zn][crb]3[ASR]1_N2_298.csv,.csv,CoRE MOF 2024,CoRE-2024 single-isotherm tables,adsorption_targets,1054,0.0010051727294921875,2024-10-04T22:11:26,<DATA_ROOT>\data_raw\core_mof_2024\tsa\extracted\tsa\TSA\single_isotherms\2015[Zn][crb]3[ASR]1_N2_298.csv,ok,50000,",",34.0,3.0,0.014,34.0,line_count,True,3,34,3,0,0,1,0,0,0.0,0,0,,Uptake,,
<DATA_ROOT>\data_raw\core_mof_2024\tsa\extracted\tsa\TSA\single_isotherms\2019[Zn][dia]3[ASR]2_N2_298.csv,data_raw\core_mof_2024\tsa\extracted\tsa\TSA\single_isotherms\2019[Zn][dia]3[ASR]2_N2_298.csv,2019[Zn][dia]3[ASR]2_N2_298.csv,.csv,CoRE MOF 2024,CoRE-2024 single-isotherm tables,adsorption_targets,1054,0.0010051727294921875,2024-10-04T22:11:26,<DATA_ROOT>\data_raw\core_mof_2024\tsa\extracted\tsa\TSA\single_isotherms\2019[Zn][dia]3[ASR]2_N2_298.csv,ok,50000,",",34.0,3.0,0.0,34.0,line_count,True,3,34,3,0,0,1,0,0,0.0,0,0,,Uptake,,
<DATA_ROOT>\data_raw\core_mof_2024\tsa\extracted\tsa\TSA\single_isotherms\2020[Zn][bey]2[ASR]1_N2_298.csv,data_raw\core_mof_2024\tsa\extracted\tsa\TSA\single_isotherms\2020[Zn][bey]2[ASR]1_N2_298.csv,2020[Zn][bey]2[ASR]1_N2_298.csv,.csv,CoRE MOF 2024,CoRE-2024 single-isotherm tables,adsorption_targets,1054,0.0010051727294921875,2024-10-04T22:11:26,<DATA_ROOT>\data_raw\core_mof_2024\tsa\extracted\tsa\TSA\single_isotherms\2020[Zn][bey]2[ASR]1_N2_298.csv,ok,50000,",",34.0,3.0,0.014,34.0,line_count,True,3,34,3,0,0,1,0,0,0.0,0,0,,Uptake,,
<DATA_ROOT>\data_raw\core_mof_2024\tsa\extracted\tsa\TSA\single_isotherms\2020[Zn][nan]3[ASR]11_CO2_423.csv,data_raw\core_mof_2024\tsa\extracted\tsa\TSA\single_isotherms\2020[Zn][nan]3[ASR]11_CO2_423.csv,2020[Zn][nan]3[ASR]11_CO2_423.csv,.csv,CoRE MOF 2024,CoRE-2024 single-isotherm tables,adsorption_targets,1054,0.0010051727294921875,2024-10-04T22:11:26,<DATA_ROOT>\data_raw\core_mof_2024\tsa\extracted\tsa\TSA\single_isotherms\2020[Zn][nan]3[ASR]11_CO2_423.csv,ok,50000,",",34.0,3.0,0.004,34.0,line_count,True,3,34,3,0,0,1,0,0,0.0,0,0,,Uptake,,
<DATA_ROOT>\data_raw\core_mof_2024\tsa\extracted\tsa\TSA\single_isotherms\2021[Co][nan]3[ASR]15_CO2_423.csv,data_raw\core_mof_2024\tsa\extracted\tsa\TSA\single_isotherms\2021[Co][nan]3[ASR]15_CO2_423.csv,2021[Co][nan]3[ASR]15_CO2_423.csv,.csv,CoRE MOF 2024,CoRE-2024 single-isotherm tables,adsorption_targets,1054,0.0010051727294921875,2024-10-04T22:11:26,<DATA_ROOT>\data_raw\core_mof_2024\tsa\extracted\tsa\TSA\single_isotherms\2021[Co][nan]3[ASR]15_CO2_423.csv,ok,50000,",",34.0,3.0,0.016,34.0,line_count,True,3,34,3,0,0,1,0,0,0.0,0,0,,Uptake,,
<DATA_ROOT>\data_raw\core_mof_2024\tsa\extracted\tsa\TSA\single_isotherms\2021[Cu][rtl]3[ASR]2_N2_298.csv,data_raw\core_mof_2024\tsa\extracted\tsa\TSA\single_isotherms\2021[Cu][rtl]3[ASR]2_N2_298.csv,2021[Cu][rtl]3[ASR]2_N2_298.csv,.csv,CoRE MOF 2024,CoRE-2024 single-isotherm tables,adsorption_targets,1054,0.0010051727294921875,2024-10-04T22:11:26,<DATA_ROOT>\data_raw\core_mof_2024\tsa\extracted\tsa\TSA\single_isotherms\2021[Cu][rtl]3[ASR]2_N2_298.csv,ok,50000,",",34.0,3.0,0.005,34.0,line_count,True,3,34,3,0,0,1,0,0,0.0,0,0,,Uptake,,
<DATA_ROOT>\data_raw\core_mof_2024\tsa\extracted\tsa\TSA\single_isotherms\2014[Zn][dmc]3[ASR]1_N2_298.csv,data_raw\core_mof_2024\tsa\extracted\tsa\TSA\single_isotherms\2014[Zn][dmc]3[ASR]1_N2_298.csv,2014[Zn][dmc]3[ASR]1_N2_298.csv,.csv,CoRE MOF 2024,CoRE-2024 single-isotherm tables,adsorption_targets,1053,0.0010042190551757812,2024-10-04T22:11:26,<DATA_ROOT>\data_raw\core_mof_2024\tsa\extracted\tsa\TSA\single_isotherms\2014[Zn][dmc]3[ASR]1_N2_298.csv,ok,50000,",",34.0,3.0,0.008,34.0,line_count,True,3,34,3,0,0,1,0,0,0.0,0,0,,Uptake,,
<DATA_ROOT>\data_raw\core_mof_2024\tsa\extracted\tsa\TSA\single_isotherms\2015[Co][crb]3[ASR]1_N2_298.csv,data_raw\core_mof_2024\tsa\extracted\tsa\TSA\single_isotherms\2015[Co][crb]3[ASR]1_N2_298.csv,2015[Co][crb]3[ASR]1_N2_298.csv,.csv,CoRE MOF 2024,CoRE-2024 single-isotherm tables,adsorption_targets,1053,0.0010042190551757812,2024-10-04T22:11:26,<DATA_ROOT>\data_raw\core_mof_2024\tsa\extracted\tsa\TSA\single_isotherms\2015[Co][crb]3[ASR]1_N2_298.csv,ok,50000,",",34.0,3.0,0.005,34.0,line_count,True,3,34,3,0,0,1,0,0,0.0,0,0,,Uptake,,
<DATA_ROOT>\data_raw\core_mof_2024\tsa\extracted\tsa\TSA\single_isotherms\2016[Co][flu]3[ASR]1_CO2_423.csv,data_raw\core_mof_2024\tsa\extracted\tsa\TSA\single_isotherms\2016[Co][flu]3[ASR]1_CO2_423.csv,2016[Co][flu]3[ASR]1_CO2_423.csv,.csv,CoRE MOF 2024,CoRE-2024 single-isotherm tables,adsorption_targets,1053,0.0010042190551757812,2024-10-04T22:11:26,<DATA_ROOT>\data_raw\core_mof_2024\tsa\extracted\tsa\TSA\single_isotherms\2016[Co][flu]3[ASR]1_CO2_423.csv,ok,50000,",",34.0,3.0,0.011,34.0,line_count,True,3,34,3,0,0,1,0,0,0.0,0,0,,Uptake,,
<DATA_ROOT>\data_raw\core_mof_2024\tsa\extracted\tsa\TSA\single_isotherms\2017[Cd][sql]2[ASR]14_N2_298.csv,data_raw\core_mof_2024\tsa\extracted\tsa\TSA\single_isotherms\2017[Cd][sql]2[ASR]14_N2_298.csv,2017[Cd][sql]2[ASR]14_N2_298.csv,.csv,CoRE MOF 2024,CoRE-2024 single-isotherm tables,adsorption_targets,1053,0.0010042190551757812,2024-10-04T22:11:26,<DATA_ROOT>\data_raw\core_mof_2024\tsa\extracted\tsa\TSA\single_isotherms\2017[Cd][sql]2[ASR]14_N2_298.csv,ok,50000,",",34.0,3.0,0.005,34.0,line_count,True,3,34,3,0,0,1,0,0,0.0,0,0,,Uptake,,
<DATA_ROOT>\data_raw\core_mof_2024\tsa\extracted\tsa\TSA\single_isotherms\2020[Zn][bey]2[ASR]1_CO2_423.csv,data_raw\core_mof_2024\tsa\extracted\tsa\TSA\single_isotherms\2020[Zn][bey]2[ASR]1_CO2_423.csv,2020[Zn][bey]2[ASR]1_CO2_423.csv,.csv,CoRE MOF 2024,CoRE-2024 single-isotherm tables,adsorption_targets,1053,0.0010042190551757812,2024-10-04T22:11:26,<DATA_ROOT>\data_raw\core_mof_2024\tsa\extracted\tsa\TSA\single_isotherms\2020[Zn][bey]2[ASR]1_CO2_423.csv,ok,50000,",",34.0,3.0,0.005,34.0,line_count,True,3,34,3,0,0,1,0,0,0.0,0,0,,Uptake,,
<DATA_ROOT>\data_raw\core_mof_2024\tsa\extracted\tsa\TSA\single_isotherms\2021[Zn][dmc]3[ASR]1_N2_298.csv,data_raw\core_mof_2024\tsa\extracted\tsa\TSA\single_isotherms\2021[Zn][dmc]3[ASR]1_N2_298.csv,2021[Zn][dmc]3[ASR]1_N2_298.csv,.csv,CoRE MOF 2024,CoRE-2024 single-isotherm tables,adsorption_targets,1053,0.0010042190551757812,2024-10-04T22:11:26,<DATA_ROOT>\data_raw\core_mof_2024\tsa\extracted\tsa\TSA\single_isotherms\2021[Zn][dmc]3[ASR]1_N2_298.csv,ok,50000,",",34.0,3.0,0.016,34.0,line_count,True,3,34,3,0,0,1,0,0,0.0,0,0,,Uptake,,
<DATA_ROOT>\data_raw\core_mof_2024\tsa\extracted\tsa\TSA\single_isotherms\2023[Mn][fsc]3[ASR]1_CO2_423.csv,data_raw\core_mof_2024\tsa\extracted\tsa\TSA\single_isotherms\2023[Mn][fsc]3[ASR]1_CO2_423.csv,2023[Mn][fsc]3[ASR]1_CO2_423.csv,.csv,CoRE MOF 2024,CoRE-2024 single-isotherm tables,adsorption_targets,1053,0.0010042190551757812,2024-10-04T22:11:26,<DATA_ROOT>\data_raw\core_mof_2024\tsa\extracted\tsa\TSA\single_isotherms\2023[Mn][fsc]3[ASR]1_CO2_423.csv,ok,50000,",",34.0,3.0,0.005,34.0,line_count,True,3,34,3,0,0,1,0,0,0.0,0,0,,Uptake,,
<DATA_ROOT>\data_raw\core_mof_2024\tsa\extracted\tsa\TSA\single_isotherms\2018[Co][fsc]3[ASR]1_CO2_423.csv,data_raw\core_mof_2024\tsa\extracted\tsa\TSA\single_isotherms\2018[Co][fsc]3[ASR]1_CO2_423.csv,2018[Co][fsc]3[ASR]1_CO2_423.csv,.csv,CoRE MOF 2024,CoRE-2024 single-isotherm tables,adsorption_targets,1052,0.001003265380859375,2024-10-04T22:11:26,<DATA_ROOT>\data_raw\core_mof_2024\tsa\extracted\tsa\TSA\single_isotherms\2018[Co][fsc]3[ASR]1_CO2_423.csv,ok,50000,",",34.0,3.0,0.005,34.0,line_count,True,3,34,3,0,0,1,0,0,0.0,0,0,,Uptake,,
<DATA_ROOT>\data_raw\core_mof_2024\tsa\extracted\tsa\TSA\single_isotherms\2021[Co][nan]3[ASR]15_CO2_360.5.csv,data_raw\core_mof_2024\tsa\extracted\tsa\TSA\single_isotherms\2021[Co][nan]3[ASR]15_CO2_360.5.csv,2021[Co][nan]3[ASR]15_CO2_360.5.csv,.csv,CoRE MOF 2024,CoRE-2024 single-isotherm tables,adsorption_targets,1052,0.001003265380859375,2024-10-04T22:11:26,<DATA_ROOT>\data_raw\core_mof_2024\tsa\extracted\tsa\TSA\single_isotherms\2021[Co][nan]3[ASR]15_CO2_360.5.csv,ok,50000,",",34.0,3.0,0.014,34.0,line_count,True,3,34,3,0,0,1,0,0,0.0,0,0,,Uptake,,
<DATA_ROOT>\data_raw\core_mof_2024\tsa\extracted\tsa\TSA\single_isotherms\2008[Zn][nan]3[ASR]5_N2_298.csv,data_raw\core_mof_2024\tsa\extracted\tsa\TSA\single_isotherms\2008[Zn][nan]3[ASR]5_N2_298.csv,2008[Zn][nan]3[ASR]5_N2_298.csv,.csv,CoRE MOF 2024,CoRE-2024 single-isotherm tables,adsorption_targets,1051,0.0010023117065429688,2024-10-04T22:11:26,<DATA_ROOT>\data_raw\core_mof_2024\tsa\extracted\tsa\TSA\single_isotherms\2008[Zn][nan]3[ASR]5_N2_298.csv,ok,50000,",",34.0,3.0,0.014,34.0,line_count,True,3,34,3,0,0,1,0,0,0.0,0,0,,Uptake,,
<DATA_ROOT>\data_raw\core_mof_2024\tsa\extracted\tsa\TSA\single_isotherms\2013[Zn][nan]3[ASR]16_N2_298.csv,data_raw\core_mof_2024\tsa\extracted\tsa\TSA\single_isotherms\2013[Zn][nan]3[ASR]16_N2_298.csv,2013[Zn][nan]3[ASR]16_N2_298.csv,.csv,CoRE MOF 2024,CoRE-2024 single-isotherm tables,adsorption_targets,1051,0.0010023117065429688,2024-10-04T22:11:26,<DATA_ROOT>\data_raw\core_mof_2024\tsa\extracted\tsa\TSA\single_isotherms\2013[Zn][nan]3[ASR]16_N2_298.csv,ok,50000,",",34.0,3.0,0.004,34.0,line_count,True,3,34,3,0,0,1,0,0,0.0,0,0,,Uptake,,
<DATA_ROOT>\data_raw\core_mof_2024\tsa\extracted\tsa\TSA\single_isotherms\2016[Cu][apo]3[ASR]3_N2_298.csv,data_raw\core_mof_2024\tsa\extracted\tsa\TSA\single_isotherms\2016[Cu][apo]3[ASR]3_N2_298.csv,2016[Cu][apo]3[ASR]3_N2_298.csv,.csv,CoRE MOF 2024,CoRE-2024 single-isotherm tables,adsorption_targets,1051,0.0010023117065429688,2024-10-04T22:11:26,<DATA_ROOT>\data_raw\core_mof_2024\tsa\extracted\tsa\TSA\single_isotherms\2016[Cu][apo]3[ASR]3_N2_298.csv,ok,50000,",",34.0,3.0,0.016,34.0,line_count,True,3,34,3,0,0,1,0,0,0.0,0,0,,Uptake,,
<DATA_ROOT>\data_raw\core_mof_2024\tsa\extracted\tsa\TSA\single_isotherms\2007[Cd][uom]3[ASR]1_N2_298.csv,data_raw\core_mof_2024\tsa\extracted\tsa\TSA\single_isotherms\2007[Cd][uom]3[ASR]1_N2_298.csv,2007[Cd][uom]3[ASR]1_N2_298.csv,.csv,CoRE MOF 2024,CoRE-2024 single-isotherm tables,adsorption_targets,1050,0.0010013580322265625,2024-10-04T22:11:26,<DATA_ROOT>\data_raw\core_mof_2024\tsa\extracted\tsa\TSA\single_isotherms\2007[Cd][uom]3[ASR]1_N2_298.csv,ok,50000,",",34.0,3.0,0.014,34.0,line_count,True,3,34,3,0,0,1,0,0,0.0,0,0,,Uptake,,
<DATA_ROOT>\data_raw\core_mof_2024\tsa\extracted\tsa\TSA\single_isotherms\2007[Cd][uom]3[ASR]2_N2_298.csv,data_raw\core_mof_2024\tsa\extracted\tsa\TSA\single_isotherms\2007[Cd][uom]3[ASR]2_N2_298.csv,2007[Cd][uom]3[ASR]2_N2_298.csv,.csv,CoRE MOF 2024,CoRE-2024 single-isotherm tables,adsorption_targets,1050,0.0010013580322265625,2024-10-04T22:11:26,<DATA_ROOT>\data_raw\core_mof_2024\tsa\extracted\tsa\TSA\single_isotherms\2007[Cd][uom]3[ASR]2_N2_298.csv,ok,50000,",",34.0,3.0,0.005,34.0,line_count,True,3,34,3,0,0,1,0,0,0.0,0,0,,Uptake,,
<DATA_ROOT>\data_raw\core_mof_2024\tsa\extracted\tsa\TSA\single_isotherms\2008[Zn][nan]3[ASR]5_CO2_423.csv,data_raw\core_mof_2024\tsa\extracted\tsa\TSA\single_isotherms\2008[Zn][nan]3[ASR]5_CO2_423.csv,2008[Zn][nan]3[ASR]5_CO2_423.csv,.csv,CoRE MOF 2024,CoRE-2024 single-isotherm tables,adsorption_targets,1050,0.0010013580322265625,2024-10-04T22:11:26,<DATA_ROOT>\data_raw\core_mof_2024\tsa\extracted\tsa\TSA\single_isotherms\2008[Zn][nan]3[ASR]5_CO2_423.csv,ok,50000,",",34.0,3.0,0.014,34.0,line_count,True,3,34,3,0,0,1,0,0,0.0,0,0,,Uptake,,
<DATA_ROOT>\data_raw\core_mof_2024\tsa\extracted\tsa\TSA\single_isotherms\2011[Cd][pcu]3[ASR]3_N2_360.5.csv,data_raw\core_mof_2024\tsa\extracted\tsa\TSA\single_isotherms\2011[Cd][pcu]3[ASR]3_N2_360.5.csv,2011[Cd][pcu]3[ASR]3_N2_360.5.csv,.csv,CoRE MOF 2024,CoRE-2024 single-isotherm tables,adsorption_targets,1050,0.0010013580322265625,2024-10-04T22:11:26,<DATA_ROOT>\data_raw\core_mof_2024\tsa\extracted\tsa\TSA\single_isotherms\2011[Cd][pcu]3[ASR]3_N2_360.5.csv,ok,50000,",",34.0,3.0,0.005,34.0,line_count,True,3,34,3,0,0,1,0,0,0.0,0,0,,Uptake,,
<DATA_ROOT>\data_raw\core_mof_2024\tsa\extracted\tsa\TSA\single_isotherms\2015[Cu][crb]3[ASR]3_CO2_423.csv,data_raw\core_mof_2024\tsa\extracted\tsa\TSA\single_isotherms\2015[Cu][crb]3[ASR]3_CO2_423.csv,2015[Cu][crb]3[ASR]3_CO2_423.csv,.csv,CoRE MOF 2024,CoRE-2024 single-isotherm tables,adsorption_targets,1050,0.0010013580322265625,2024-10-04T22:11:26,<DATA_ROOT>\data_raw\core_mof_2024\tsa\extracted\tsa\TSA\single_isotherms\2015[Cu][crb]3[ASR]3_CO2_423.csv,ok,50000,",",34.0,3.0,0.005,34.0,line_count,True,3,34,3,0,0,1,0,0,0.0,0,0,,Uptake,,
<DATA_ROOT>\data_raw\core_mof_2024\tsa\extracted\tsa\TSA\single_isotherms\2019[Zn][nan]3[ASR]6_CO2_423.csv,data_raw\core_mof_2024\tsa\extracted\tsa\TSA\single_isotherms\2019[Zn][nan]3[ASR]6_CO2_423.csv,2019[Zn][nan]3[ASR]6_CO2_423.csv,.csv,CoRE MOF 2024,CoRE-2024 single-isotherm tables,adsorption_targets,1050,0.0010013580322265625,2024-10-04T22:11:26,<DATA_ROOT>\data_raw\core_mof_2024\tsa\extracted\tsa\TSA\single_isotherms\2019[Zn][nan]3[ASR]6_CO2_423.csv,ok,50000,",",34.0,3.0,0.008,34.0,line_count,True,3,34,3,0,0,1,0,0,0.0,0,0,,Uptake,,
<DATA_ROOT>\data_raw\core_mof_2024\tsa\extracted\tsa\TSA\single_isotherms\2020[Zn][bey]2[ASR]1_N2_360.5.csv,data_raw\core_mof_2024\tsa\extracted\tsa\TSA\single_isotherms\2020[Zn][bey]2[ASR]1_N2_360.5.csv,2020[Zn][bey]2[ASR]1_N2_360.5.csv,.csv,CoRE MOF 2024,CoRE-2024 single-isotherm tables,adsorption_targets,1050,0.0010013580322265625,2024-10-04T22:11:26,<DATA_ROOT>\data_raw\core_mof_2024\tsa\extracted\tsa\TSA\single_isotherms\2020[Zn][bey]2[ASR]1_N2_360.5.csv,ok,50000,",",34.0,3.0,0.007,34.0,line_count,True,3,34,3,0,0,1,0,0,0.0,0,0,,Uptake,,
<DATA_ROOT>\data_raw\core_mof_2024\tsa\extracted\tsa\TSA\single_isotherms\2021[Co][nan]3[ASR]15_N2_298.csv,data_raw\core_mof_2024\tsa\extracted\tsa\TSA\single_isotherms\2021[Co][nan]3[ASR]15_N2_298.csv,2021[Co][nan]3[ASR]15_N2_298.csv,.csv,CoRE MOF 2024,CoRE-2024 single-isotherm tables,adsorption_targets,1050,0.0010013580322265625,2024-10-04T22:11:26,<DATA_ROOT>\data_raw\core_mof_2024\tsa\extracted\tsa\TSA\single_isotherms\2021[Co][nan]3[ASR]15_N2_298.csv,ok,50000,",",34.0,3.0,0.005,34.0,line_count,True,3,34,3,0,0,1,0,0,0.0,0,0,,Uptake,,
<DATA_ROOT>\data_raw\core_mof_2024\tsa\extracted\tsa\TSA\single_isotherms\2022[Zn][sra]3[ASR]1_N2_360.5.csv,data_raw\core_mof_2024\tsa\extracted\tsa\TSA\single_isotherms\2022[Zn][sra]3[ASR]1_N2_360.5.csv,2022[Zn][sra]3[ASR]1_N2_360.5.csv,.csv,CoRE MOF 2024,CoRE-2024 single-isotherm tables,adsorption_targets,1050,0.0010013580322265625,2024-10-04T22:11:26,<DATA_ROOT>\data_raw\core_mof_2024\tsa\extracted\tsa\TSA\single_isotherms\2022[Zn][sra]3[ASR]1_N2_360.5.csv,ok,50000,",",34.0,3.0,0.007,34.0,line_count,True,3,34,3,0,0,1,0,0,0.0,0,0,,Uptake,,
<DATA_ROOT>\data_raw\core_mof_2024\tsa\extracted\tsa\TSA\single_isotherms\2003[Ce][nia]3[ASR]1_N2_298.csv,data_raw\core_mof_2024\tsa\extracted\tsa\TSA\single_isotherms\2003[Ce][nia]3[ASR]1_N2_298.csv,2003[Ce][nia]3[ASR]1_N2_298.csv,.csv,CoRE MOF 2024,CoRE-2024 single-isotherm tables,adsorption_targets,1049,0.0010004043579101562,2024-10-04T22:11:26,<DATA_ROOT>\data_raw\core_mof_2024\tsa\extracted\tsa\TSA\single_isotherms\2003[Ce][nia]3[ASR]1_N2_298.csv,ok,50000,",",34.0,3.0,0.022,34.0,line_count,True,3,34,3,0,0,1,0,0,0.0,0,0,,Uptake,,
<DATA_ROOT>\data_raw\core_mof_2024\tsa\extracted\tsa\TSA\single_isotherms\2015[Cu][crb]3[ASR]2_N2_298.csv,data_raw\core_mof_2024\tsa\extracted\tsa\TSA\single_isotherms\2015[Cu][crb]3[ASR]2_N2_298.csv,2015[Cu][crb]3[ASR]2_N2_298.csv,.csv,CoRE MOF 2024,CoRE-2024 single-isotherm tables,adsorption_targets,1049,0.0010004043579101562,2024-10-04T22:11:26,<DATA_ROOT>\data_raw\core_mof_2024\tsa\extracted\tsa\TSA\single_isotherms\2015[Cu][crb]3[ASR]2_N2_298.csv,ok,50000,",",34.0,3.0,0.004,34.0,line_count,True,3,34,3,0,0,1,0,0,0.0,0,0,,Uptake,,
<DATA_ROOT>\data_raw\core_mof_2024\tsa\extracted\tsa\TSA\single_isotherms\2015[Zn][crb]3[ASR]2_N2_298.csv,data_raw\core_mof_2024\tsa\extracted\tsa\TSA\single_isotherms\2015[Zn][crb]3[ASR]2_N2_298.csv,2015[Zn][crb]3[ASR]2_N2_298.csv,.csv,CoRE MOF 2024,CoRE-2024 single-isotherm tables,adsorption_targets,1049,0.0010004043579101562,2024-10-04T22:11:26,<DATA_ROOT>\data_raw\core_mof_2024\tsa\extracted\tsa\TSA\single_isotherms\2015[Zn][crb]3[ASR]2_N2_298.csv,ok,50000,",",34.0,3.0,0.005,34.0,line_count,True,3,34,3,0,0,1,0,0,0.0,0,0,,Uptake,,
<DATA_ROOT>\data_raw\core_mof_2024\tsa\extracted\tsa\TSA\single_isotherms\2016[Co][flu]3[ASR]1_N2_298.csv,data_raw\core_mof_2024\tsa\extracted\tsa\TSA\single_isotherms\2016[Co][flu]3[ASR]1_N2_298.csv,2016[Co][flu]3[ASR]1_N2_298.csv,.csv,CoRE MOF 2024,CoRE-2024 single-isotherm tables,adsorption_targets,1049,0.0010004043579101562,2024-10-04T22:11:26,<DATA_ROOT>\data_raw\core_mof_2024\tsa\extracted\tsa\TSA\single_isotherms\2016[Co][flu]3[ASR]1_N2_298.csv,ok,50000,",",34.0,3.0,0.009,34.0,line_count,True,3,34,3,0,0,1,0,0,0.0,0,0,,Uptake,,
<DATA_ROOT>\data_raw\core_mof_2024\tsa\extracted\tsa\TSA\single_isotherms\2018[Co][fsc]3[ASR]1_N2_298.csv,data_raw\core_mof_2024\tsa\extracted\tsa\TSA\single_isotherms\2018[Co][fsc]3[ASR]1_N2_298.csv,2018[Co][fsc]3[ASR]1_N2_298.csv,.csv,CoRE MOF 2024,CoRE-2024 single-isotherm tables,adsorption_targets,1049,0.0010004043579101562,2024-10-04T22:11:26,<DATA_ROOT>\data_raw\core_mof_2024\tsa\extracted\tsa\TSA\single_isotherms\2018[Co][fsc]3[ASR]1_N2_298.csv,ok,50000,",",34.0,3.0,0.013,34.0,line_count,True,3,34,3,0,0,1,0,0,0.0,0,0,,Uptake,,
<DATA_ROOT>\data_raw\core_mof_2024\tsa\extracted\tsa\TSA\single_isotherms\2023[Mn][fsc]3[ASR]1_N2_298.csv,data_raw\core_mof_2024\tsa\extracted\tsa\TSA\single_isotherms\2023[Mn][fsc]3[ASR]1_N2_298.csv,2023[Mn][fsc]3[ASR]1_N2_298.csv,.csv,CoRE MOF 2024,CoRE-2024 single-isotherm tables,adsorption_targets,1049,0.0010004043579101562,2024-10-04T22:11:26,<DATA_ROOT>\data_raw\core_mof_2024\tsa\extracted\tsa\TSA\single_isotherms\2023[Mn][fsc]3[ASR]1_N2_298.csv,ok,50000,",",34.0,3.0,0.005,34.0,line_count,True,3,34,3,0,0,1,0,0,0.0,0,0,,Uptake,,
<DATA_ROOT>\data_raw\core_mof_2024\tsa\extracted\tsa\TSA\single_isotherms\2016[Zn][nan]3[ASR]3_CO2_423.csv,data_raw\core_mof_2024\tsa\extracted\tsa\TSA\single_isotherms\2016[Zn][nan]3[ASR]3_CO2_423.csv,2016[Zn][nan]3[ASR]3_CO2_423.csv,.csv,CoRE MOF 2024,CoRE-2024 single-isotherm tables,adsorption_targets,1048,0.00099945068359375,2024-10-04T22:11:26,<DATA_ROOT>\data_raw\core_mof_2024\tsa\extracted\tsa\TSA\single_isotherms\2016[Zn][nan]3[ASR]3_CO2_423.csv,ok,50000,",",34.0,3.0,0.018,34.0,line_count,True,3,34,3,0,0,1,0,0,0.0,0,0,,Uptake,,
<DATA_ROOT>\data_raw\core_mof_2024\tsa\extracted\tsa\TSA\single_isotherms\2017[Cd][sql]2[ASR]14_N2_360.5.csv,data_raw\core_mof_2024\tsa\extracted\tsa\TSA\single_isotherms\2017[Cd][sql]2[ASR]14_N2_360.5.csv,2017[Cd][sql]2[ASR]14_N2_360.5.csv,.csv,CoRE MOF 2024,CoRE-2024 single-isotherm tables,adsorption_targets,1048,0.00099945068359375,2024-10-04T22:11:26,<DATA_ROOT>\data_raw\core_mof_2024\tsa\extracted\tsa\TSA\single_isotherms\2017[Cd][sql]2[ASR]14_N2_360.5.csv,ok,50000,",",34.0,3.0,0.014,34.0,line_count,True,3,34,3,0,0,1,0,0,0.0,0,0,,Uptake,,
<DATA_ROOT>\data_raw\core_mof_2024\tsa\extracted\tsa\TSA\single_isotherms\2023[Mn][fsc]3[ASR]1_N2_360.5.csv,data_raw\core_mof_2024\tsa\extracted\tsa\TSA\single_isotherms\2023[Mn][fsc]3[ASR]1_N2_360.5.csv,2023[Mn][fsc]3[ASR]1_N2_360.5.csv,.csv,CoRE MOF 2024,CoRE-2024 single-isotherm tables,adsorption_targets,1048,0.00099945068359375,2024-10-04T22:11:26,<DATA_ROOT>\data_raw\core_mof_2024\tsa\extracted\tsa\TSA\single_isotherms\2023[Mn][fsc]3[ASR]1_N2_360.5.csv,ok,50000,",",34.0,3.0,0.016,34.0,line_count,True,3,34,3,0,0,1,0,0,0.0,0,0,,Uptake,,
<DATA_ROOT>\data_raw\core_mof_2024\tsa\extracted\tsa\TSA\single_isotherms\2015[Cd][pts]3[ASR]2_N2_298.csv,data_raw\core_mof_2024\tsa\extracted\tsa\TSA\single_isotherms\2015[Cd][pts]3[ASR]2_N2_298.csv,2015[Cd][pts]3[ASR]2_N2_298.csv,.csv,CoRE MOF 2024,CoRE-2024 single-isotherm tables,adsorption_targets,1047,0.0009984970092773438,2024-10-04T22:11:26,<DATA_ROOT>\data_raw\core_mof_2024\tsa\extracted\tsa\TSA\single_isotherms\2015[Cd][pts]3[ASR]2_N2_298.csv,ok,50000,",",34.0,3.0,0.016,34.0,line_count,True,3,34,3,0,0,1,0,0,0.0,0,0,,Uptake,,
<DATA_ROOT>\data_raw\core_mof_2024\tsa\extracted\tsa\TSA\single_isotherms\2015[Cu][crb]3[ASR]3_N2_298.csv,data_raw\core_mof_2024\tsa\extracted\tsa\TSA\single_isotherms\2015[Cu][crb]3[ASR]3_N2_298.csv,2015[Cu][crb]3[ASR]3_N2_298.csv,.csv,CoRE MOF 2024,CoRE-2024 single-isotherm tables,adsorption_targets,1047,0.0009984970092773438,2024-10-04T22:11:26,<DATA_ROOT>\data_raw\core_mof_2024\tsa\extracted\tsa\TSA\single_isotherms\2015[Cu][crb]3[ASR]3_N2_298.csv,ok,50000,",",34.0,3.0,0.005,34.0,line_count,True,3,34,3,0,0,1,0,0,0.0,0,0,,Uptake,,
<DATA_ROOT>\data_raw\core_mof_2024\tsa\extracted\tsa\TSA\single_isotherms\2018[Co][fsc]3[ASR]1_N2_360.5.csv,data_raw\core_mof_2024\tsa\extracted\tsa\TSA\single_isotherms\2018[Co][fsc]3[ASR]1_N2_360.5.csv,2018[Co][fsc]3[ASR]1_N2_360.5.csv,.csv,CoRE MOF 2024,CoRE-2024 single-isotherm tables,adsorption_targets,1047,0.0009984970092773438,2024-10-04T22:11:26,<DATA_ROOT>\data_raw\core_mof_2024\tsa\extracted\tsa\TSA\single_isotherms\2018[Co][fsc]3[ASR]1_N2_360.5.csv,ok,50000,",",34.0,3.0,0.008,34.0,line_count,True,3,34,3,0,0,1,0,0,0.0,0,0,,Uptake,,
<DATA_ROOT>\data_raw\core_mof_2024\tsa\extracted\tsa\TSA\single_isotherms\2019[Zn][dia]3[ASR]2_N2_360.5.csv,data_raw\core_mof_2024\tsa\extracted\tsa\TSA\single_isotherms\2019[Zn][dia]3[ASR]2_N2_360.5.csv,2019[Zn][dia]3[ASR]2_N2_360.5.csv,.csv,CoRE MOF 2024,CoRE-2024 single-isotherm tables,adsorption_targets,1047,0.0009984970092773438,2024-10-04T22:11:26,<DATA_ROOT>\data_raw\core_mof_2024\tsa\extracted\tsa\TSA\single_isotherms\2019[Zn][dia]3[ASR]2_N2_360.5.csv,ok,50000,",",34.0,3.0,0.005,34.0,line_count,True,3,34,3,0,0,1,0,0,0.0,0,0,,Uptake,,
<DATA_ROOT>\data_raw\core_mof_2024\tsa\extracted\tsa\TSA\single_isotherms\2015[Zn][dmc]3[ASR]1_N2_360.5.csv,data_raw\core_mof_2024\tsa\extracted\tsa\TSA\single_isotherms\2015[Zn][dmc]3[ASR]1_N2_360.5.csv,2015[Zn][dmc]3[ASR]1_N2_360.5.csv,.csv,CoRE MOF 2024,CoRE-2024 single-isotherm tables,adsorption_targets,1045,0.0009965896606445312,2024-10-04T22:11:26,<DATA_ROOT>\data_raw\core_mof_2024\tsa\extracted\tsa\TSA\single_isotherms\2015[Zn][dmc]3[ASR]1_N2_360.5.csv,ok,50000,",",34.0,3.0,0.014,34.0,line_count,True,3,34,3,0,0,1,0,0,0.0,0,0,,Uptake,,
<DATA_ROOT>\data_raw\core_mof_2024\tsa\extracted\tsa\TSA\single_isotherms\2016[Cu][apo]3[ASR]3_N2_360.5.csv,data_raw\core_mof_2024\tsa\extracted\tsa\TSA\single_isotherms\2016[Cu][apo]3[ASR]3_N2_360.5.csv,2016[Cu][apo]3[ASR]3_N2_360.5.csv,.csv,CoRE MOF 2024,CoRE-2024 single-isotherm tables,adsorption_targets,1045,0.0009965896606445312,2024-10-04T22:11:26,<DATA_ROOT>\data_raw\core_mof_2024\tsa\extracted\tsa\TSA\single_isotherms\2016[Cu][apo]3[ASR]3_N2_360.5.csv,ok,50000,",",34.0,3.0,0.004,34.0,line_count,True,3,34,3,0,0,1,0,0,0.0,0,0,,Uptake,,
<DATA_ROOT>\data_raw\core_mof_2024\tsa\extracted\tsa\TSA\single_isotherms\2019[Cu][kgd]2[ASR]1_N2_360.5.csv,data_raw\core_mof_2024\tsa\extracted\tsa\TSA\single_isotherms\2019[Cu][kgd]2[ASR]1_N2_360.5.csv,2019[Cu][kgd]2[ASR]1_N2_360.5.csv,.csv,CoRE MOF 2024,CoRE-2024 single-isotherm tables,adsorption_targets,1045,0.0009965896606445312,2024-10-04T22:11:26,<DATA_ROOT>\data_raw\core_mof_2024\tsa\extracted\tsa\TSA\single_isotherms\2019[Cu][kgd]2[ASR]1_N2_360.5.csv,ok,50000,",",34.0,3.0,0.016,34.0,line_count,True,3,34,3,0,0,1,0,0,0.0,0,0,,Uptake,,
<DATA_ROOT>\data_raw\core_mof_2024\tsa\extracted\tsa\TSA\single_isotherms\2021[Zn][dmc]3[ASR]1_N2_360.5.csv,data_raw\core_mof_2024\tsa\extracted\tsa\TSA\single_isotherms\2021[Zn][dmc]3[ASR]1_N2_360.5.csv,2021[Zn][dmc]3[ASR]1_N2_360.5.csv,.csv,CoRE MOF 2024,CoRE-2024 single-isotherm tables,adsorption_targets,1045,0.0009965896606445312,2024-10-04T22:11:26,<DATA_ROOT>\data_raw\core_mof_2024\tsa\extracted\tsa\TSA\single_isotherms\2021[Zn][dmc]3[ASR]1_N2_360.5.csv,ok,50000,",",34.0,3.0,0.004,34.0,line_count,True,3,34,3,0,0,1,0,0,0.0,0,0,,Uptake,,
<DATA_ROOT>\data_raw\core_mof_2024\tsa\extracted\tsa\TSA\single_isotherms\2015[Zn][crb]3[ASR]3_N2_360.5.csv,data_raw\core_mof_2024\tsa\extracted\tsa\TSA\single_isotherms\2015[Zn][crb]3[ASR]3_N2_360.5.csv,2015[Zn][crb]3[ASR]3_N2_360.5.csv,.csv,CoRE MOF 2024,CoRE-2024 single-isotherm tables,adsorption_targets,1044,0.000995635986328125,2024-10-04T22:11:26,<DATA_ROOT>\data_raw\core_mof_2024\tsa\extracted\tsa\TSA\single_isotherms\2015[Zn][crb]3[ASR]3_N2_360.5.csv,ok,50000,",",34.0,3.0,0.012,34.0,line_count,True,3,34,3,0,0,1,0,0,0.0,0,0,,Uptake,,
<DATA_ROOT>\data_raw\core_mof_2024\tsa\extracted\tsa\TSA\single_isotherms\2020[Zn][nan]3[ASR]11_N2_298.csv,data_raw\core_mof_2024\tsa\extracted\tsa\TSA\single_isotherms\2020[Zn][nan]3[ASR]11_N2_298.csv,2020[Zn][nan]3[ASR]11_N2_298.csv,.csv,CoRE MOF 2024,CoRE-2024 single-isotherm tables,adsorption_targets,1044,0.000995635986328125,2024-10-04T22:11:26,<DATA_ROOT>\data_raw\core_mof_2024\tsa\extracted\tsa\TSA\single_isotherms\2020[Zn][nan]3[ASR]11_N2_298.csv,ok,50000,",",34.0,3.0,0.018,34.0,line_count,True,3,34,3,0,0,1,0,0,0.0,0,0,,Uptake,,
<DATA_ROOT>\data_raw\core_mof_2024\tsa\extracted\tsa\TSA\single_isotherms\2023[Mn][fsc]3[ASR]1_N2_423.csv,data_raw\core_mof_2024\tsa\extracted\tsa\TSA\single_isotherms\2023[Mn][fsc]3[ASR]1_N2_423.csv,2023[Mn][fsc]3[ASR]1_N2_423.csv,.csv,CoRE MOF 2024,CoRE-2024 single-isotherm tables,adsorption_targets,1043,0.0009946823120117188,2024-10-04T22:11:26,<DATA_ROOT>\data_raw\core_mof_2024\tsa\extracted\tsa\TSA\single_isotherms\2023[Mn][fsc]3[ASR]1_N2_423.csv,ok,50000,",",34.0,3.0,0.015,34.0,line_count,True,3,34,3,0,0,1,0,0,0.0,0,0,,Uptake,,
<DATA_ROOT>\data_raw\core_mof_2024\tsa\extracted\tsa\TSA\single_isotherms\2012[Cd][dia]3[ASR]5_N2_360.5.csv,data_raw\core_mof_2024\tsa\extracted\tsa\TSA\single_isotherms\2012[Cd][dia]3[ASR]5_N2_360.5.csv,2012[Cd][dia]3[ASR]5_N2_360.5.csv,.csv,CoRE MOF 2024,CoRE-2024 single-isotherm tables,adsorption_targets,1042,0.0009937286376953125,2024-10-04T22:11:26,<DATA_ROOT>\data_raw\core_mof_2024\tsa\extracted\tsa\TSA\single_isotherms\2012[Cd][dia]3[ASR]5_N2_360.5.csv,ok,50000,",",34.0,3.0,0.017,34.0,line_count,True,3,34,3,0,0,1,0,0,0.0,0,0,,Uptake,,
<DATA_ROOT>\data_raw\core_mof_2024\tsa\extracted\tsa\TSA\single_isotherms\2015[Zn][crb]3[ASR]2_N2_360.5.csv,data_raw\core_mof_2024\tsa\extracted\tsa\TSA\single_isotherms\2015[Zn][crb]3[ASR]2_N2_360.5.csv,2015[Zn][crb]3[ASR]2_N2_360.5.csv,.csv,CoRE MOF 2024,CoRE-2024 single-isotherm tables,adsorption_targets,1042,0.0009937286376953125,2024-10-04T22:11:26,<DATA_ROOT>\data_raw\core_mof_2024\tsa\extracted\tsa\TSA\single_isotherms\2015[Zn][crb]3[ASR]2_N2_360.5.csv,ok,50000,",",34.0,3.0,0.004,34.0,line_count,True,3,34,3,0,0,1,0,0,0.0,0,0,,Uptake,,
<DATA_ROOT>\data_raw\core_mof_2024\tsa\extracted\tsa\TSA\single_isotherms\2017[Cd][sql]2[ASR]13_N2_360.5.csv,data_raw\core_mof_2024\tsa\extracted\tsa\TSA\single_isotherms\2017[Cd][sql]2[ASR]13_N2_360.5.csv,2017[Cd][sql]2[ASR]13_N2_360.5.csv,.csv,CoRE MOF 2024,CoRE-2024 single-isotherm tables,adsorption_targets,1042,0.0009937286376953125,2024-10-04T22:11:26,<DATA_ROOT>\data_raw\core_mof_2024\tsa\extracted\tsa\TSA\single_isotherms\2017[Cd][sql]2[ASR]13_N2_360.5.csv,ok,50000,",",34.0,3.0,0.007,34.0,line_count,True,3,34,3,0,0,1,0,0,0.0,0,0,,Uptake,,
<DATA_ROOT>\data_raw\core_mof_2024\tsa\extracted\tsa\TSA\single_isotherms\2013[Zn][nan]3[ASR]16_N2_360.5.csv,data_raw\core_mof_2024\tsa\extracted\tsa\TSA\single_isotherms\2013[Zn][nan]3[ASR]16_N2_360.5.csv,2013[Zn][nan]3[ASR]16_N2_360.5.csv,.csv,CoRE MOF 2024,CoRE-2024 single-isotherm tables,adsorption_targets,1041,0.0009927749633789062,2024-10-04T22:11:26,<DATA_ROOT>\data_raw\core_mof_2024\tsa\extracted\tsa\TSA\single_isotherms\2013[Zn][nan]3[ASR]16_N2_360.5.csv,ok,50000,",",34.0,3.0,0.015,34.0,line_count,True,3,34,3,0,0,1,0,0,0.0,0,0,,Uptake,,
<DATA_ROOT>\data_raw\core_mof_2024\tsa\extracted\tsa\TSA\single_isotherms\2015[Co][crb]3[ASR]2_N2_360.5.csv,data_raw\core_mof_2024\tsa\extracted\tsa\TSA\single_isotherms\2015[Co][crb]3[ASR]2_N2_360.5.csv,2015[Co][crb]3[ASR]2_N2_360.5.csv,.csv,CoRE MOF 2024,CoRE-2024 single-isotherm tables,adsorption_targets,1041,0.0009927749633789062,2024-10-04T22:11:26,<DATA_ROOT>\data_raw\core_mof_2024\tsa\extracted\tsa\TSA\single_isotherms\2015[Co][crb]3[ASR]2_N2_360.5.csv,ok,50000,",",34.0,3.0,0.014,34.0,line_count,True,3,34,3,0,0,1,0,0,0.0,0,0,,Uptake,,
<DATA_ROOT>\data_raw\core_mof_2024\tsa\extracted\tsa\TSA\single_isotherms\2015[Cu][crb]3[ASR]3_N2_360.5.csv,data_raw\core_mof_2024\tsa\extracted\tsa\TSA\single_isotherms\2015[Cu][crb]3[ASR]3_N2_360.5.csv,2015[Cu][crb]3[ASR]3_N2_360.5.csv,.csv,CoRE MOF 2024,CoRE-2024 single-isotherm tables,adsorption_targets,1041,0.0009927749633789062,2024-10-04T22:11:26,<DATA_ROOT>\data_raw\core_mof_2024\tsa\extracted\tsa\TSA\single_isotherms\2015[Cu][crb]3[ASR]3_N2_360.5.csv,ok,50000,",",34.0,3.0,0.009,34.0,line_count,True,3,34,3,0,0,1,0,0,0.0,0,0,,Uptake,,
<DATA_ROOT>\data_raw\core_mof_2024\tsa\extracted\tsa\TSA\single_isotherms\2003[Ce][nia]3[ASR]1_N2_360.5.csv,data_raw\core_mof_2024\tsa\extracted\tsa\TSA\single_isotherms\2003[Ce][nia]3[ASR]1_N2_360.5.csv,2003[Ce][nia]3[ASR]1_N2_360.5.csv,.csv,CoRE MOF 2024,CoRE-2024 single-isotherm tables,adsorption_targets,1040,0.0009918212890625,2024-10-04T22:11:26,<DATA_ROOT>\data_raw\core_mof_2024\tsa\extracted\tsa\TSA\single_isotherms\2003[Ce][nia]3[ASR]1_N2_360.5.csv,ok,50000,",",34.0,3.0,0.02,34.0,line_count,True,3,34,3,0,0,1,0,0,0.0,0,0,,Uptake,,
<DATA_ROOT>\data_raw\core_mof_2024\tsa\extracted\tsa\TSA\single_isotherms\2008[Zn][nan]3[ASR]5_N2_360.5.csv,data_raw\core_mof_2024\tsa\extracted\tsa\TSA\single_isotherms\2008[Zn][nan]3[ASR]5_N2_360.5.csv,2008[Zn][nan]3[ASR]5_N2_360.5.csv,.csv,CoRE MOF 2024,CoRE-2024 single-isotherm tables,adsorption_targets,1040,0.0009918212890625,2024-10-04T22:11:26,<DATA_ROOT>\data_raw\core_mof_2024\tsa\extracted\tsa\TSA\single_isotherms\2008[Zn][nan]3[ASR]5_N2_360.5.csv,ok,50000,",",34.0,3.0,0.004,34.0,line_count,True,3,34,3,0,0,1,0,0,0.0,0,0,,Uptake,,
<DATA_ROOT>\data_raw\core_mof_2024\tsa\extracted\tsa\TSA\single_isotherms\2022[Zn][sra]3[ASR]1_N2_423.csv,data_raw\core_mof_2024\tsa\extracted\tsa\TSA\single_isotherms\2022[Zn][sra]3[ASR]1_N2_423.csv,2022[Zn][sra]3[ASR]1_N2_423.csv,.csv,CoRE MOF 2024,CoRE-2024 single-isotherm tables,adsorption_targets,1040,0.0009918212890625,2024-10-04T22:11:26,<DATA_ROOT>\data_raw\core_mof_2024\tsa\extracted\tsa\TSA\single_isotherms\2022[Zn][sra]3[ASR]1_N2_423.csv,ok,50000,",",34.0,3.0,0.006,34.0,line_count,True,3,34,3,0,0,1,0,0,0.0,0,0,,Uptake,,
<DATA_ROOT>\data_raw\core_mof_2024\tsa\extracted\tsa\TSA\single_isotherms\2019[Cu][kgd]2[ASR]1_N2_423.csv,data_raw\core_mof_2024\tsa\extracted\tsa\TSA\single_isotherms\2019[Cu][kgd]2[ASR]1_N2_423.csv,2019[Cu][kgd]2[ASR]1_N2_423.csv,.csv,CoRE MOF 2024,CoRE-2024 single-isotherm tables,adsorption_targets,1039,0.0009908676147460938,2024-10-04T22:11:26,<DATA_ROOT>\data_raw\core_mof_2024\tsa\extracted\tsa\TSA\single_isotherms\2019[Cu][kgd]2[ASR]1_N2_423.csv,ok,50000,",",34.0,3.0,0.006,34.0,line_count,True,3,34,3,0,0,1,0,0,0.0,0,0,,Uptake,,
<DATA_ROOT>\data_raw\core_mof_2024\tsa\extracted\tsa\TSA\single_isotherms\2021[Co][nan]3[ASR]16_CO2_423.csv,data_raw\core_mof_2024\tsa\extracted\tsa\TSA\single_isotherms\2021[Co][nan]3[ASR]16_CO2_423.csv,2021[Co][nan]3[ASR]16_CO2_423.csv,.csv,CoRE MOF 2024,CoRE-2024 single-isotherm tables,adsorption_targets,1039,0.0009908676147460938,2024-10-04T22:11:26,<DATA_ROOT>\data_raw\core_mof_2024\tsa\extracted\tsa\TSA\single_isotherms\2021[Co][nan]3[ASR]16_CO2_423.csv,ok,50000,",",34.0,3.0,0.007,34.0,line_count,True,3,34,3,0,0,1,0,0,0.0,0,0,,Uptake,,
<DATA_ROOT>\data_raw\core_mof_2024\tsa\extracted\tsa\TSA\single_isotherms\2015[Co][crb]3[ASR]1_N2_423.csv,data_raw\core_mof_2024\tsa\extracted\tsa\TSA\single_isotherms\2015[Co][crb]3[ASR]1_N2_423.csv,2015[Co][crb]3[ASR]1_N2_423.csv,.csv,CoRE MOF 2024,CoRE-2024 single-isotherm tables,adsorption_targets,1037,0.0009889602661132812,2024-10-04T22:11:26,<DATA_ROOT>\data_raw\core_mof_2024\tsa\extracted\tsa\TSA\single_isotherms\2015[Co][crb]3[ASR]1_N2_423.csv,ok,50000,",",34.0,3.0,0.013,34.0,line_count,True,3,34,3,0,0,1,0,0,0.0,0,0,,Uptake,,
<DATA_ROOT>\data_raw\core_mof_2024\tsa\extracted\tsa\TSA\single_isotherms\2016[Zn][nan]3[ASR]3_N2_360.5.csv,data_raw\core_mof_2024\tsa\extracted\tsa\TSA\single_isotherms\2016[Zn][nan]3[ASR]3_N2_360.5.csv,2016[Zn][nan]3[ASR]3_N2_360.5.csv,.csv,CoRE MOF 2024,CoRE-2024 single-isotherm tables,adsorption_targets,1037,0.0009889602661132812,2024-10-04T22:11:26,<DATA_ROOT>\data_raw\core_mof_2024\tsa\extracted\tsa\TSA\single_isotherms\2016[Zn][nan]3[ASR]3_N2_360.5.csv,ok,50000,",",34.0,3.0,0.006,34.0,line_count,True,3,34,3,0,0,1,0,0,0.0,0,0,,Uptake,,
<DATA_ROOT>\data_raw\core_mof_2024\tsa\extracted\tsa\TSA\single_isotherms\2014[Zn][dmc]3[ASR]1_N2_360.5.csv,data_raw\core_mof_2024\tsa\extracted\tsa\TSA\single_isotherms\2014[Zn][dmc]3[ASR]1_N2_360.5.csv,2014[Zn][dmc]3[ASR]1_N2_360.5.csv,.csv,CoRE MOF 2024,CoRE-2024 single-isotherm tables,adsorption_targets,1036,0.000988006591796875,2024-10-04T22:11:26,<DATA_ROOT>\data_raw\core_mof_2024\tsa\extracted\tsa\TSA\single_isotherms\2014[Zn][dmc]3[ASR]1_N2_360.5.csv,ok,50000,",",34.0,3.0,0.004,34.0,line_count,True,3,34,3,0,0,1,0,0,0.0,0,0,,Uptake,,
<DATA_ROOT>\data_raw\core_mof_2024\tsa\extracted\tsa\TSA\single_isotherms\2015[Co][crb]3[ASR]1_N2_360.5.csv,data_raw\core_mof_2024\tsa\extracted\tsa\TSA\single_isotherms\2015[Co][crb]3[ASR]1_N2_360.5.csv,2015[Co][crb]3[ASR]1_N2_360.5.csv,.csv,CoRE MOF 2024,CoRE-2024 single-isotherm tables,adsorption_targets,1036,0.000988006591796875,2024-10-04T22:11:26,<DATA_ROOT>\data_raw\core_mof_2024\tsa\extracted\tsa\TSA\single_isotherms\2015[Co][crb]3[ASR]1_N2_360.5.csv,ok,50000,",",34.0,3.0,0.005,34.0,line_count,True,3,34,3,0,0,1,0,0,0.0,0,0,,Uptake,,
<DATA_ROOT>\data_raw\core_mof_2024\tsa\extracted\tsa\TSA\single_isotherms\2016[Zn][nan]3[ASR]3_N2_298.csv,data_raw\core_mof_2024\tsa\extracted\tsa\TSA\single_isotherms\2016[Zn][nan]3[ASR]3_N2_298.csv,2016[Zn][nan]3[ASR]3_N2_298.csv,.csv,CoRE MOF 2024,CoRE-2024 single-isotherm tables,adsorption_targets,1036,0.000988006591796875,2024-10-04T22:11:26,<DATA_ROOT>\data_raw\core_mof_2024\tsa\extracted\tsa\TSA\single_isotherms\2016[Zn][nan]3[ASR]3_N2_298.csv,ok,50000,",",34.0,3.0,0.015,34.0,line_count,True,3,34,3,0,0,1,0,0,0.0,0,0,,Uptake,,
<DATA_ROOT>\data_raw\core_mof_2024\tsa\extracted\tsa\TSA\single_isotherms\2012[Cd][dia]3[ASR]5_N2_423.csv,data_raw\core_mof_2024\tsa\extracted\tsa\TSA\single_isotherms\2012[Cd][dia]3[ASR]5_N2_423.csv,2012[Cd][dia]3[ASR]5_N2_423.csv,.csv,CoRE MOF 2024,CoRE-2024 single-isotherm tables,adsorption_targets,1035,0.0009870529174804688,2024-10-04T22:11:26,<DATA_ROOT>\data_raw\core_mof_2024\tsa\extracted\tsa\TSA\single_isotherms\2012[Cd][dia]3[ASR]5_N2_423.csv,ok,50000,",",34.0,3.0,0.005,34.0,line_count,True,3,34,3,0,0,1,0,0,0.0,0,0,,Uptake,,
<DATA_ROOT>\data_raw\core_mof_2024\tsa\extracted\tsa\TSA\single_isotherms\2015[Cd][pts]3[ASR]2_N2_360.5.csv,data_raw\core_mof_2024\tsa\extracted\tsa\TSA\single_isotherms\2015[Cd][pts]3[ASR]2_N2_360.5.csv,2015[Cd][pts]3[ASR]2_N2_360.5.csv,.csv,CoRE MOF 2024,CoRE-2024 single-isotherm tables,adsorption_targets,1035,0.0009870529174804688,2024-10-04T22:11:26,<DATA_ROOT>\data_raw\core_mof_2024\tsa\extracted\tsa\TSA\single_isotherms\2015[Cd][pts]3[ASR]2_N2_360.5.csv,ok,50000,",",34.0,3.0,0.004,34.0,line_count,True,3,34,3,0,0,1,0,0,0.0,0,0,,Uptake,,
<DATA_ROOT>\data_raw\core_mof_2024\tsa\extracted\tsa\TSA\single_isotherms\2021[Co][nan]3[ASR]9_N2_298.csv,data_raw\core_mof_2024\tsa\extracted\tsa\TSA\single_isotherms\2021[Co][nan]3[ASR]9_N2_298.csv,2021[Co][nan]3[ASR]9_N2_298.csv,.csv,CoRE MOF 2024,CoRE-2024 single-isotherm tables,adsorption_targets,1035,0.0009870529174804688,2024-10-04T22:11:26,<DATA_ROOT>\data_raw\core_mof_2024\tsa\extracted\tsa\TSA\single_isotherms\2021[Co][nan]3[ASR]9_N2_298.csv,ok,50000,",",34.0,3.0,0.015,34.0,line_count,True,3,34,3,0,0,1,0,0,0.0,0,0,,Uptake,,
<DATA_ROOT>\data_raw\core_mof_2024\tsa\extracted\tsa\TSA\single_isotherms\2016[Co][flu]3[ASR]1_N2_360.5.csv,data_raw\core_mof_2024\tsa\extracted\tsa\TSA\single_isotherms\2016[Co][flu]3[ASR]1_N2_360.5.csv,2016[Co][flu]3[ASR]1_N2_360.5.csv,.csv,CoRE MOF 2024,CoRE-2024 single-isotherm tables,adsorption_targets,1034,0.0009860992431640625,2024-10-04T22:11:26,<DATA_ROOT>\data_raw\core_mof_2024\tsa\extracted\tsa\TSA\single_isotherms\2016[Co][flu]3[ASR]1_N2_360.5.csv,ok,50000,",",34.0,3.0,0.007,34.0,line_count,True,3,34,3,0,0,1,0,0,0.0,0,0,,Uptake,,
<DATA_ROOT>\data_raw\core_mof_2024\tsa\extracted\tsa\TSA\single_isotherms\2021[Co][nan]3[ASR]15_N2_360.5.csv,data_raw\core_mof_2024\tsa\extracted\tsa\TSA\single_isotherms\2021[Co][nan]3[ASR]15_N2_360.5.csv,2021[Co][nan]3[ASR]15_N2_360.5.csv,.csv,CoRE MOF 2024,CoRE-2024 single-isotherm tables,adsorption_targets,1033,0.0009851455688476562,2024-10-04T22:11:26,<DATA_ROOT>\data_raw\core_mof_2024\tsa\extracted\tsa\TSA\single_isotherms\2021[Co][nan]3[ASR]15_N2_360.5.csv,ok,50000,",",34.0,3.0,0.015,34.0,line_count,True,3,34,3,0,0,1,0,0,0.0,0,0,,Uptake,,
<DATA_ROOT>\data_raw\core_mof_2024\tsa\extracted\tsa\TSA\single_isotherms\2015[Co][crb]3[ASR]2_N2_423.csv,data_raw\core_mof_2024\tsa\extracted\tsa\TSA\single_isotherms\2015[Co][crb]3[ASR]2_N2_423.csv,2015[Co][crb]3[ASR]2_N2_423.csv,.csv,CoRE MOF 2024,CoRE-2024 single-isotherm tables,adsorption_targets,1031,0.0009832382202148438,2024-10-04T22:11:26,<DATA_ROOT>\data_raw\core_mof_2024\tsa\extracted\tsa\TSA\single_isotherms\2015[Co][crb]3[ASR]2_N2_423.csv,ok,50000,",",34.0,3.0,0.008,34.0,line_count,True,3,34,3,0,0,1,0,0,0.0,0,0,,Uptake,,
<DATA_ROOT>\data_raw\core_mof_2024\tsa\extracted\tsa\TSA\single_isotherms\2015[Zn][crb]3[ASR]1_N2_360.5.csv,data_raw\core_mof_2024\tsa\extracted\tsa\TSA\single_isotherms\2015[Zn][crb]3[ASR]1_N2_360.5.csv,2015[Zn][crb]3[ASR]1_N2_360.5.csv,.csv,CoRE MOF 2024,CoRE-2024 single-isotherm tables,adsorption_targets,1031,0.0009832382202148438,2024-10-04T22:11:26,<DATA_ROOT>\data_raw\core_mof_2024\tsa\extracted\tsa\TSA\single_isotherms\2015[Zn][crb]3[ASR]1_N2_360.5.csv,ok,50000,",",34.0,3.0,0.005,34.0,line_count,True,3,34,3,0,0,1,0,0,0.0,0,0,,Uptake,,
<DATA_ROOT>\data_raw\core_mof_2024\tsa\extracted\tsa\TSA\single_isotherms\2015[Cu][crb]3[ASR]2_N2_360.5.csv,data_raw\core_mof_2024\tsa\extracted\tsa\TSA\single_isotherms\2015[Cu][crb]3[ASR]2_N2_360.5.csv,2015[Cu][crb]3[ASR]2_N2_360.5.csv,.csv,CoRE MOF 2024,CoRE-2024 single-isotherm tables,adsorption_targets,1030,0.0009822845458984375,2024-10-04T22:11:26,<DATA_ROOT>\data_raw\core_mof_2024\tsa\extracted\tsa\TSA\single_isotherms\2015[Cu][crb]3[ASR]2_N2_360.5.csv,ok,50000,",",34.0,3.0,0.004,34.0,line_count,True,3,34,3,0,0,1,0,0,0.0,0,0,,Uptake,,
<DATA_ROOT>\data_raw\core_mof_2024\tsa\extracted\tsa\TSA\single_isotherms\2021[Cu][rtl]3[ASR]2_N2_360.5.csv,data_raw\core_mof_2024\tsa\extracted\tsa\TSA\single_isotherms\2021[Cu][rtl]3[ASR]2_N2_360.5.csv,2021[Cu][rtl]3[ASR]2_N2_360.5.csv,.csv,CoRE MOF 2024,CoRE-2024 single-isotherm tables,adsorption_targets,1028,0.000980377197265625,2024-10-04T22:11:26,<DATA_ROOT>\data_raw\core_mof_2024\tsa\extracted\tsa\TSA\single_isotherms\2021[Cu][rtl]3[ASR]2_N2_360.5.csv,ok,50000,",",34.0,3.0,0.004,34.0,line_count,True,3,34,3,0,0,1,0,0,0.0,0,0,,Uptake,,
<DATA_ROOT>\data_raw\core_mof_2024\tsa\extracted\tsa\TSA\single_isotherms\2020[Zn][nan]3[ASR]11_N2_360.5.csv,data_raw\core_mof_2024\tsa\extracted\tsa\TSA\single_isotherms\2020[Zn][nan]3[ASR]11_N2_360.5.csv,2020[Zn][nan]3[ASR]11_N2_360.5.csv,.csv,CoRE MOF 2024,CoRE-2024 single-isotherm tables,adsorption_targets,1026,0.0009784698486328125,2024-10-04T22:11:26,<DATA_ROOT>\data_raw\core_mof_2024\tsa\extracted\tsa\TSA\single_isotherms\2020[Zn][nan]3[ASR]11_N2_360.5.csv,ok,50000,",",34.0,3.0,0.007,34.0,line_count,True,3,34,3,0,0,1,0,0,0.0,0,0,,Uptake,,
<DATA_ROOT>\data_raw\core_mof_2024\tsa\extracted\tsa\TSA\single_isotherms\2021[Co][nan]3[ASR]16_N2_298.csv,data_raw\core_mof_2024\tsa\extracted\tsa\TSA\single_isotherms\2021[Co][nan]3[ASR]16_N2_298.csv,2021[Co][nan]3[ASR]16_N2_298.csv,.csv,CoRE MOF 2024,CoRE-2024 single-isotherm tables,adsorption_targets,1026,0.0009784698486328125,2024-10-04T22:11:26,<DATA_ROOT>\data_raw\core_mof_2024\tsa\extracted\tsa\TSA\single_isotherms\2021[Co][nan]3[ASR]16_N2_298.csv,ok,50000,",",34.0,3.0,0.006,34.0,line_count,True,3,34,3,0,0,1,0,0,0.0,0,0,,Uptake,,
<DATA_ROOT>\data_raw\core_mof_2024\tsa\extracted\tsa\TSA\single_isotherms\2015[Zn][crb]3[ASR]2_N2_423.csv,data_raw\core_mof_2024\tsa\extracted\tsa\TSA\single_isotherms\2015[Zn][crb]3[ASR]2_N2_423.csv,2015[Zn][crb]3[ASR]2_N2_423.csv,.csv,CoRE MOF 2024,CoRE-2024 single-isotherm tables,adsorption_targets,1024,0.0009765625,2024-10-04T22:11:26,<DATA_ROOT>\data_raw\core_mof_2024\tsa\extracted\tsa\TSA\single_isotherms\2015[Zn][crb]3[ASR]2_N2_423.csv,ok,50000,",",34.0,3.0,0.004,34.0,line_count,True,3,34,3,0,0,1,0,0,0.0,0,0,,Uptake,,
<DATA_ROOT>\data_raw\core_mof_2024\tsa\extracted\tsa\TSA\single_isotherms\2015[Zn][dmc]3[ASR]1_N2_423.csv,data_raw\core_mof_2024\tsa\extracted\tsa\TSA\single_isotherms\2015[Zn][dmc]3[ASR]1_N2_423.csv,2015[Zn][dmc]3[ASR]1_N2_423.csv,.csv,CoRE MOF 2024,CoRE-2024 single-isotherm tables,adsorption_targets,1024,0.0009765625,2024-10-04T22:11:26,<DATA_ROOT>\data_raw\core_mof_2024\tsa\extracted\tsa\TSA\single_isotherms\2015[Zn][dmc]3[ASR]1_N2_423.csv,ok,50000,",",34.0,3.0,0.018,34.0,line_count,True,3,34,3,0,0,1,0,0,0.0,0,0,,Uptake,,
<DATA_ROOT>\data_raw\core_mof_2024\tsa\extracted\tsa\TSA\single_isotherms\2018[Co][fsc]3[ASR]1_N2_423.csv,data_raw\core_mof_2024\tsa\extracted\tsa\TSA\single_isotherms\2018[Co][fsc]3[ASR]1_N2_423.csv,2018[Co][fsc]3[ASR]1_N2_423.csv,.csv,CoRE MOF 2024,CoRE-2024 single-isotherm tables,adsorption_targets,1024,0.0009765625,2024-10-04T22:11:26,<DATA_ROOT>\data_raw\core_mof_2024\tsa\extracted\tsa\TSA\single_isotherms\2018[Co][fsc]3[ASR]1_N2_423.csv,ok,50000,",",34.0,3.0,0.005,34.0,line_count,True,3,34,3,0,0,1,0,0,0.0,0,0,,Uptake,,
<DATA_ROOT>\data_raw\core_mof_2024\tsa\extracted\tsa\TSA\single_isotherms\2021[Zn][dmc]3[ASR]1_N2_423.csv,data_raw\core_mof_2024\tsa\extracted\tsa\TSA\single_isotherms\2021[Zn][dmc]3[ASR]1_N2_423.csv,2021[Zn][dmc]3[ASR]1_N2_423.csv,.csv,CoRE MOF 2024,CoRE-2024 single-isotherm tables,adsorption_targets,1024,0.0009765625,2024-10-04T22:11:26,<DATA_ROOT>\data_raw\core_mof_2024\tsa\extracted\tsa\TSA\single_isotherms\2021[Zn][dmc]3[ASR]1_N2_423.csv,ok,50000,",",34.0,3.0,0.018,34.0,line_count,True,3,34,3,0,0,1,0,0,0.0,0,0,,Uptake,,
<DATA_ROOT>\data_raw\core_mof_2024\tsa\extracted\tsa\TSA\single_isotherms\2020[Zn][bey]2[ASR]1_N2_423.csv,data_raw\core_mof_2024\tsa\extracted\tsa\TSA\single_isotherms\2020[Zn][bey]2[ASR]1_N2_423.csv,2020[Zn][bey]2[ASR]1_N2_423.csv,.csv,CoRE MOF 2024,CoRE-2024 single-isotherm tables,adsorption_targets,1022,0.0009746551513671875,2024-10-04T22:11:26,<DATA_ROOT>\data_raw\core_mof_2024\tsa\extracted\tsa\TSA\single_isotherms\2020[Zn][bey]2[ASR]1_N2_423.csv,ok,50000,",",34.0,3.0,0.006,34.0,line_count,True,3,34,3,0,0,1,0,0,0.0,0,0,,Uptake,,
<DATA_ROOT>\data_raw\core_mof_2024\tsa\extracted\tsa\TSA\single_isotherms\2021[Cu][rtl]3[ASR]2_N2_423.csv,data_raw\core_mof_2024\tsa\extracted\tsa\TSA\single_isotherms\2021[Cu][rtl]3[ASR]2_N2_423.csv,2021[Cu][rtl]3[ASR]2_N2_423.csv,.csv,CoRE MOF 2024,CoRE-2024 single-isotherm tables,adsorption_targets,1022,0.0009746551513671875,2024-10-04T22:11:26,<DATA_ROOT>\data_raw\core_mof_2024\tsa\extracted\tsa\TSA\single_isotherms\2021[Cu][rtl]3[ASR]2_N2_423.csv,ok,50000,",",34.0,3.0,0.007,34.0,line_count,True,3,34,3,0,0,1,0,0,0.0,0,0,,Uptake,,
<DATA_ROOT>\data_raw\core_mof_2024\tsa\extracted\tsa\TSA\single_isotherms\2007[Cd][uom]3[ASR]1_N2_360.5.csv,data_raw\core_mof_2024\tsa\extracted\tsa\TSA\single_isotherms\2007[Cd][uom]3[ASR]1_N2_360.5.csv,2007[Cd][uom]3[ASR]1_N2_360.5.csv,.csv,CoRE MOF 2024,CoRE-2024 single-isotherm tables,adsorption_targets,1021,0.0009737014770507812,2024-10-04T22:11:26,<DATA_ROOT>\data_raw\core_mof_2024\tsa\extracted\tsa\TSA\single_isotherms\2007[Cd][uom]3[ASR]1_N2_360.5.csv,ok,50000,",",34.0,3.0,0.018,34.0,line_count,True,3,34,3,0,0,1,0,0,0.0,0,0,,Uptake,,
<DATA_ROOT>\data_raw\core_mof_2024\tsa\extracted\tsa\TSA\single_isotherms\2019[Zn][dia]3[ASR]2_N2_423.csv,data_raw\core_mof_2024\tsa\extracted\tsa\TSA\single_isotherms\2019[Zn][dia]3[ASR]2_N2_423.csv,2019[Zn][dia]3[ASR]2_N2_423.csv,.csv,CoRE MOF 2024,CoRE-2024 single-isotherm tables,adsorption_targets,1021,0.0009737014770507812,2024-10-04T22:11:26,<DATA_ROOT>\data_raw\core_mof_2024\tsa\extracted\tsa\TSA\single_isotherms\2019[Zn][dia]3[ASR]2_N2_423.csv,ok,50000,",",34.0,3.0,0.006,34.0,line_count,True,3,34,3,0,0,1,0,0,0.0,0,0,,Uptake,,
<DATA_ROOT>\data_raw\core_mof_2024\tsa\extracted\tsa\TSA\single_isotherms\2007[Cd][uom]3[ASR]2_N2_360.5.csv,data_raw\core_mof_2024\tsa\extracted\tsa\TSA\single_isotherms\2007[Cd][uom]3[ASR]2_N2_360.5.csv,2007[Cd][uom]3[ASR]2_N2_360.5.csv,.csv,CoRE MOF 2024,CoRE-2024 single-isotherm tables,adsorption_targets,1020,0.000972747802734375,2024-10-04T22:11:26,<DATA_ROOT>\data_raw\core_mof_2024\tsa\extracted\tsa\TSA\single_isotherms\2007[Cd][uom]3[ASR]2_N2_360.5.csv,ok,50000,",",34.0,3.0,0.005,34.0,line_count,True,3,34,3,0,0,1,0,0,0.0,0,0,,Uptake,,
<DATA_ROOT>\data_raw\core_mof_2024\tsa\extracted\tsa\TSA\single_isotherms\2015[Zn][crb]3[ASR]3_N2_423.csv,data_raw\core_mof_2024\tsa\extracted\tsa\TSA\single_isotherms\2015[Zn][crb]3[ASR]3_N2_423.csv,2015[Zn][crb]3[ASR]3_N2_423.csv,.csv,CoRE MOF 2024,CoRE-2024 single-isotherm tables,adsorption_targets,1019,0.0009717941284179688,2024-10-04T22:11:26,<DATA_ROOT>\data_raw\core_mof_2024\tsa\extracted\tsa\TSA\single_isotherms\2015[Zn][crb]3[ASR]3_N2_423.csv,ok,50000,",",34.0,3.0,0.004,34.0,line_count,True,3,34,3,0,0,1,0,0,0.0,0,0,,Uptake,,
<DATA_ROOT>\data_raw\core_mof_2024\tsa\extracted\tsa\TSA\single_isotherms\2016[Cu][apo]3[ASR]3_N2_423.csv,data_raw\core_mof_2024\tsa\extracted\tsa\TSA\single_isotherms\2016[Cu][apo]3[ASR]3_N2_423.csv,2016[Cu][apo]3[ASR]3_N2_423.csv,.csv,CoRE MOF 2024,CoRE-2024 single-isotherm tables,adsorption_targets,1019,0.0009717941284179688,2024-10-04T22:11:26,<DATA_ROOT>\data_raw\core_mof_2024\tsa\extracted\tsa\TSA\single_isotherms\2016[Cu][apo]3[ASR]3_N2_423.csv,ok,50000,",",34.0,3.0,0.016,34.0,line_count,True,3,34,3,0,0,1,0,0,0.0,0,0,,Uptake,,
<DATA_ROOT>\data_raw\core_mof_2024\tsa\extracted\tsa\TSA\single_isotherms\2017[Cd][sql]2[ASR]14_N2_423.csv,data_raw\core_mof_2024\tsa\extracted\tsa\TSA\single_isotherms\2017[Cd][sql]2[ASR]14_N2_423.csv,2017[Cd][sql]2[ASR]14_N2_423.csv,.csv,CoRE MOF 2024,CoRE-2024 single-isotherm tables,adsorption_targets,1019,0.0009717941284179688,2024-10-04T22:11:26,<DATA_ROOT>\data_raw\core_mof_2024\tsa\extracted\tsa\TSA\single_isotherms\2017[Cd][sql]2[ASR]14_N2_423.csv,ok,50000,",",34.0,3.0,0.006,34.0,line_count,True,3,34,3,0,0,1,0,0,0.0,0,0,,Uptake,,
<DATA_ROOT>\data_raw\core_mof_2024\tsa\extracted\tsa\TSA\single_isotherms\2011[Cd][pcu]3[ASR]3_N2_423.csv,data_raw\core_mof_2024\tsa\extracted\tsa\TSA\single_isotherms\2011[Cd][pcu]3[ASR]3_N2_423.csv,2011[Cd][pcu]3[ASR]3_N2_423.csv,.csv,CoRE MOF 2024,CoRE-2024 single-isotherm tables,adsorption_targets,1018,0.0009708404541015625,2024-10-04T22:11:26,<DATA_ROOT>\data_raw\core_mof_2024\tsa\extracted\tsa\TSA\single_isotherms\2011[Cd][pcu]3[ASR]3_N2_423.csv,ok,50000,",",34.0,3.0,0.013,34.0,line_count,True,3,34,3,0,0,1,0,0,0.0,0,0,,Uptake,,
<DATA_ROOT>\data_raw\core_mof_2024\tsa\extracted\tsa\TSA\single_isotherms\2019[Zn][nan]3[ASR]6_N2_298.csv,data_raw\core_mof_2024\tsa\extracted\tsa\TSA\single_isotherms\2019[Zn][nan]3[ASR]6_N2_298.csv,2019[Zn][nan]3[ASR]6_N2_298.csv,.csv,CoRE MOF 2024,CoRE-2024 single-isotherm tables,adsorption_targets,1016,0.00096893310546875,2024-10-04T22:11:26,<DATA_ROOT>\data_raw\core_mof_2024\tsa\extracted\tsa\TSA\single_isotherms\2019[Zn][nan]3[ASR]6_N2_298.csv,ok,50000,",",34.0,3.0,0.008,34.0,line_count,True,3,34,3,0,0,1,0,0,0.0,0,0,,Uptake,,
<DATA_ROOT>\data_raw\core_mof_2024\tsa\extracted\tsa\TSA\single_isotherms\2021[Co][nan]3[ASR]9_N2_360.5.csv,data_raw\core_mof_2024\tsa\extracted\tsa\TSA\single_isotherms\2021[Co][nan]3[ASR]9_N2_360.5.csv,2021[Co][nan]3[ASR]9_N2_360.5.csv,.csv,CoRE MOF 2024,CoRE-2024 single-isotherm tables,adsorption_targets,1016,0.00096893310546875,2024-10-04T22:11:26,<DATA_ROOT>\data_raw\core_mof_2024\tsa\extracted\tsa\TSA\single_isotherms\2021[Co][nan]3[ASR]9_N2_360.5.csv,ok,50000,",",34.0,3.0,0.008,34.0,line_count,True,3,34,3,0,0,1,0,0,0.0,0,0,,Uptake,,
<DATA_ROOT>\data_raw\core_mof_2024\tsa\extracted\tsa\TSA\single_isotherms\2015[Zn][crb]3[ASR]1_N2_423.csv,data_raw\core_mof_2024\tsa\extracted\tsa\TSA\single_isotherms\2015[Zn][crb]3[ASR]1_N2_423.csv,2015[Zn][crb]3[ASR]1_N2_423.csv,.csv,CoRE MOF 2024,CoRE-2024 single-isotherm tables,adsorption_targets,1015,0.0009679794311523438,2024-10-04T22:11:26,<DATA_ROOT>\data_raw\core_mof_2024\tsa\extracted\tsa\TSA\single_isotherms\2015[Zn][crb]3[ASR]1_N2_423.csv,ok,50000,",",34.0,3.0,0.004,34.0,line_count,True,3,34,3,0,0,1,0,0,0.0,0,0,,Uptake,,
<DATA_ROOT>\data_raw\core_mof_2024\tsa\extracted\tsa\TSA\single_isotherms\2017[Cd][sql]2[ASR]13_N2_423.csv,data_raw\core_mof_2024\tsa\extracted\tsa\TSA\single_isotherms\2017[Cd][sql]2[ASR]13_N2_423.csv,2017[Cd][sql]2[ASR]13_N2_423.csv,.csv,CoRE MOF 2024,CoRE-2024 single-isotherm tables,adsorption_targets,1015,0.0009679794311523438,2024-10-04T22:11:26,<DATA_ROOT>\data_raw\core_mof_2024\tsa\extracted\tsa\TSA\single_isotherms\2017[Cd][sql]2[ASR]13_N2_423.csv,ok,50000,",",34.0,3.0,0.004,34.0,line_count,True,3,34,3,0,0,1,0,0,0.0,0,0,,Uptake,,
<DATA_ROOT>\data_raw\core_mof_2024\tsa\extracted\tsa\TSA\single_isotherms\2014[Zn][dmc]3[ASR]1_N2_423.csv,data_raw\core_mof_2024\tsa\extracted\tsa\TSA\single_isotherms\2014[Zn][dmc]3[ASR]1_N2_423.csv,2014[Zn][dmc]3[ASR]1_N2_423.csv,.csv,CoRE MOF 2024,CoRE-2024 single-isotherm tables,adsorption_targets,1014,0.0009670257568359375,2024-10-04T22:11:26,<DATA_ROOT>\data_raw\core_mof_2024\tsa\extracted\tsa\TSA\single_isotherms\2014[Zn][dmc]3[ASR]1_N2_423.csv,ok,50000,",",34.0,3.0,0.006,34.0,line_count,True,3,34,3,0,0,1,0,0,0.0,0,0,,Uptake,,
<DATA_ROOT>\data_raw\core_mof_2024\tsa\extracted\tsa\TSA\single_isotherms\2020[Zn][nan]3[ASR]11_N2_423.csv,data_raw\core_mof_2024\tsa\extracted\tsa\TSA\single_isotherms\2020[Zn][nan]3[ASR]11_N2_423.csv,2020[Zn][nan]3[ASR]11_N2_423.csv,.csv,CoRE MOF 2024,CoRE-2024 single-isotherm tables,adsorption_targets,1014,0.0009670257568359375,2024-10-04T22:11:26,<DATA_ROOT>\data_raw\core_mof_2024\tsa\extracted\tsa\TSA\single_isotherms\2020[Zn][nan]3[ASR]11_N2_423.csv,ok,50000,",",34.0,3.0,0.007,34.0,line_count,True,3,34,3,0,0,1,0,0,0.0,0,0,,Uptake,,
<DATA_ROOT>\data_raw\core_mof_2024\tsa\extracted\tsa\TSA\single_isotherms\2013[Zn][nan]3[ASR]16_N2_423.csv,data_raw\core_mof_2024\tsa\extracted\tsa\TSA\single_isotherms\2013[Zn][nan]3[ASR]16_N2_423.csv,2013[Zn][nan]3[ASR]16_N2_423.csv,.csv,CoRE MOF 2024,CoRE-2024 single-isotherm tables,adsorption_targets,1012,0.000965118408203125,2024-10-04T22:11:26,<DATA_ROOT>\data_raw\core_mof_2024\tsa\extracted\tsa\TSA\single_isotherms\2013[Zn][nan]3[ASR]16_N2_423.csv,ok,50000,",",34.0,3.0,0.006,34.0,line_count,True,3,34,3,0,0,1,0,0,0.0,0,0,,Uptake,,
<DATA_ROOT>\data_raw\core_mof_2024\tsa\extracted\tsa\TSA\single_isotherms\2016[Co][flu]3[ASR]1_N2_423.csv,data_raw\core_mof_2024\tsa\extracted\tsa\TSA\single_isotherms\2016[Co][flu]3[ASR]1_N2_423.csv,2016[Co][flu]3[ASR]1_N2_423.csv,.csv,CoRE MOF 2024,CoRE-2024 single-isotherm tables,adsorption_targets,1009,0.0009622573852539062,2024-10-04T22:11:26,<DATA_ROOT>\data_raw\core_mof_2024\tsa\extracted\tsa\TSA\single_isotherms\2016[Co][flu]3[ASR]1_N2_423.csv,ok,50000,",",34.0,3.0,0.004,34.0,line_count,True,3,34,3,0,0,1,0,0,0.0,0,0,,Uptake,,
<DATA_ROOT>\data_raw\core_mof_2024\tsa\extracted\tsa\TSA\single_isotherms\2015[Cu][crb]3[ASR]2_N2_423.csv,data_raw\core_mof_2024\tsa\extracted\tsa\TSA\single_isotherms\2015[Cu][crb]3[ASR]2_N2_423.csv,2015[Cu][crb]3[ASR]2_N2_423.csv,.csv,CoRE MOF 2024,CoRE-2024 single-isotherm tables,adsorption_targets,1008,0.0009613037109375,2024-10-04T22:11:26,<DATA_ROOT>\data_raw\core_mof_2024\tsa\extracted\tsa\TSA\single_isotherms\2015[Cu][crb]3[ASR]2_N2_423.csv,ok,50000,",",34.0,3.0,0.016,34.0,line_count,True,3,34,3,0,0,1,0,0,0.0,0,0,,Uptake,,
<DATA_ROOT>\data_raw\core_mof_2024\tsa\extracted\tsa\TSA\single_isotherms\2016[Zn][nan]3[ASR]3_N2_423.csv,data_raw\core_mof_2024\tsa\extracted\tsa\TSA\single_isotherms\2016[Zn][nan]3[ASR]3_N2_423.csv,2016[Zn][nan]3[ASR]3_N2_423.csv,.csv,CoRE MOF 2024,CoRE-2024 single-isotherm tables,adsorption_targets,1007,0.0009603500366210938,2024-10-04T22:11:26,<DATA_ROOT>\data_raw\core_mof_2024\tsa\extracted\tsa\TSA\single_isotherms\2016[Zn][nan]3[ASR]3_N2_423.csv,ok,50000,",",34.0,3.0,0.004,34.0,line_count,True,3,34,3,0,0,1,0,0,0.0,0,0,,Uptake,,
<DATA_ROOT>\data_raw\core_mof_2024\tsa\extracted\tsa\TSA\single_isotherms\2003[Ce][nia]3[ASR]1_N2_423.csv,data_raw\core_mof_2024\tsa\extracted\tsa\TSA\single_isotherms\2003[Ce][nia]3[ASR]1_N2_423.csv,2003[Ce][nia]3[ASR]1_N2_423.csv,.csv,CoRE MOF 2024,CoRE-2024 single-isotherm tables,adsorption_targets,1004,0.000957489013671875,2024-10-04T22:11:26,<DATA_ROOT>\data_raw\core_mof_2024\tsa\extracted\tsa\TSA\single_isotherms\2003[Ce][nia]3[ASR]1_N2_423.csv,ok,50000,",",34.0,3.0,0.029,34.0,line_count,True,3,34,3,0,0,1,0,0,0.0,0,0,,Uptake,,
<DATA_ROOT>\data_raw\core_mof_2024\tsa\extracted\tsa\TSA\single_isotherms\2015[Cu][crb]3[ASR]3_N2_423.csv,data_raw\core_mof_2024\tsa\extracted\tsa\TSA\single_isotherms\2015[Cu][crb]3[ASR]3_N2_423.csv,2015[Cu][crb]3[ASR]3_N2_423.csv,.csv,CoRE MOF 2024,CoRE-2024 single-isotherm tables,adsorption_targets,1004,0.000957489013671875,2024-10-04T22:11:26,<DATA_ROOT>\data_raw\core_mof_2024\tsa\extracted\tsa\TSA\single_isotherms\2015[Cu][crb]3[ASR]3_N2_423.csv,ok,50000,",",34.0,3.0,0.013,34.0,line_count,True,3,34,3,0,0,1,0,0,0.0,0,0,,Uptake,,
<DATA_ROOT>\data_raw\core_mof_2024\tsa\extracted\tsa\TSA\single_isotherms\2007[Cd][uom]3[ASR]2_N2_423.csv,data_raw\core_mof_2024\tsa\extracted\tsa\TSA\single_isotherms\2007[Cd][uom]3[ASR]2_N2_423.csv,2007[Cd][uom]3[ASR]2_N2_423.csv,.csv,CoRE MOF 2024,CoRE-2024 single-isotherm tables,adsorption_targets,1002,0.0009555816650390625,2024-10-04T22:11:26,<DATA_ROOT>\data_raw\core_mof_2024\tsa\extracted\tsa\TSA\single_isotherms\2007[Cd][uom]3[ASR]2_N2_423.csv,ok,50000,",",34.0,3.0,0.012,34.0,line_count,True,3,34,3,0,0,1,0,0,0.0,0,0,,Uptake,,
<DATA_ROOT>\data_raw\core_mof_2024\tsa\extracted\tsa\TSA\single_isotherms\2019[Zn][nan]3[ASR]6_N2_360.5.csv,data_raw\core_mof_2024\tsa\extracted\tsa\TSA\single_isotherms\2019[Zn][nan]3[ASR]6_N2_360.5.csv,2019[Zn][nan]3[ASR]6_N2_360.5.csv,.csv,CoRE MOF 2024,CoRE-2024 single-isotherm tables,adsorption_targets,999,0.0009527206420898438,2024-10-04T22:11:26,<DATA_ROOT>\data_raw\core_mof_2024\tsa\extracted\tsa\TSA\single_isotherms\2019[Zn][nan]3[ASR]6_N2_360.5.csv,ok,50000,",",34.0,3.0,0.005,34.0,line_count,True,3,34,3,0,0,1,0,0,0.0,0,0,,Uptake,,
<DATA_ROOT>\data_raw\core_mof_2024\tsa\extracted\tsa\TSA\single_isotherms\2015[Cd][pts]3[ASR]2_N2_423.csv,data_raw\core_mof_2024\tsa\extracted\tsa\TSA\single_isotherms\2015[Cd][pts]3[ASR]2_N2_423.csv,2015[Cd][pts]3[ASR]2_N2_423.csv,.csv,CoRE MOF 2024,CoRE-2024 single-isotherm tables,adsorption_targets,994,0.0009479522705078125,2024-10-04T22:11:26,<DATA_ROOT>\data_raw\core_mof_2024\tsa\extracted\tsa\TSA\single_isotherms\2015[Cd][pts]3[ASR]2_N2_423.csv,ok,50000,",",34.0,3.0,0.005,34.0,line_count,True,3,34,3,0,0,1,0,0,0.0,0,0,,Uptake,,
<DATA_ROOT>\data_raw\core_mof_2024\tsa\extracted\tsa\TSA\single_isotherms\2008[Zn][nan]3[ASR]5_N2_423.csv,data_raw\core_mof_2024\tsa\extracted\tsa\TSA\single_isotherms\2008[Zn][nan]3[ASR]5_N2_423.csv,2008[Zn][nan]3[ASR]5_N2_423.csv,.csv,CoRE MOF 2024,CoRE-2024 single-isotherm tables,adsorption_targets,993,0.0009469985961914062,2024-10-04T22:11:26,<DATA_ROOT>\data_raw\core_mof_2024\tsa\extracted\tsa\TSA\single_isotherms\2008[Zn][nan]3[ASR]5_N2_423.csv,ok,50000,",",34.0,3.0,0.004,34.0,line_count,True,3,34,3,0,0,1,0,0,0.0,0,0,,Uptake,,
<DATA_ROOT>\data_raw\core_mof_2024\tsa\extracted\tsa\TSA\single_isotherms\2007[Cd][uom]3[ASR]1_N2_423.csv,data_raw\core_mof_2024\tsa\extracted\tsa\TSA\single_isotherms\2007[Cd][uom]3[ASR]1_N2_423.csv,2007[Cd][uom]3[ASR]1_N2_423.csv,.csv,CoRE MOF 2024,CoRE-2024 single-isotherm tables,adsorption_targets,988,0.000942230224609375,2024-10-04T22:11:26,<DATA_ROOT>\data_raw\core_mof_2024\tsa\extracted\tsa\TSA\single_isotherms\2007[Cd][uom]3[ASR]1_N2_423.csv,ok,50000,",",34.0,3.0,0.026,34.0,line_count,True,3,34,3,0,0,1,0,0,0.0,0,0,,Uptake,,
<DATA_ROOT>\data_raw\core_mof_2024\tsa\extracted\tsa\TSA\single_isotherms\2021[Co][nan]3[ASR]9_N2_423.csv,data_raw\core_mof_2024\tsa\extracted\tsa\TSA\single_isotherms\2021[Co][nan]3[ASR]9_N2_423.csv,2021[Co][nan]3[ASR]9_N2_423.csv,.csv,CoRE MOF 2024,CoRE-2024 single-isotherm tables,adsorption_targets,987,0.0009412765502929688,2024-10-04T22:11:26,<DATA_ROOT>\data_raw\core_mof_2024\tsa\extracted\tsa\TSA\single_isotherms\2021[Co][nan]3[ASR]9_N2_423.csv,ok,50000,",",34.0,3.0,0.007,34.0,line_count,True,3,34,3,0,0,1,0,0,0.0,0,0,,Uptake,,
<DATA_ROOT>\data_raw\core_mof_2024\tsa\extracted\tsa\TSA\single_isotherms\2021[Co][nan]3[ASR]15_N2_423.csv,data_raw\core_mof_2024\tsa\extracted\tsa\TSA\single_isotherms\2021[Co][nan]3[ASR]15_N2_423.csv,2021[Co][nan]3[ASR]15_N2_423.csv,.csv,CoRE MOF 2024,CoRE-2024 single-isotherm tables,adsorption_targets,984,0.00093841552734375,2024-10-04T22:11:26,<DATA_ROOT>\data_raw\core_mof_2024\tsa\extracted\tsa\TSA\single_isotherms\2021[Co][nan]3[ASR]15_N2_423.csv,ok,50000,",",34.0,3.0,0.004,34.0,line_count,True,3,34,3,0,0,1,0,0,0.0,0,0,,Uptake,,
<DATA_ROOT>\data_raw\core_mof_2024\tsa\extracted\tsa\TSA\single_isotherms\2021[Co][nan]3[ASR]16_N2_360.5.csv,data_raw\core_mof_2024\tsa\extracted\tsa\TSA\single_isotherms\2021[Co][nan]3[ASR]16_N2_360.5.csv,2021[Co][nan]3[ASR]16_N2_360.5.csv,.csv,CoRE MOF 2024,CoRE-2024 single-isotherm tables,adsorption_targets,984,0.00093841552734375,2024-10-04T22:11:26,<DATA_ROOT>\data_raw\core_mof_2024\tsa\extracted\tsa\TSA\single_isotherms\2021[Co][nan]3[ASR]16_N2_360.5.csv,ok,50000,",",34.0,3.0,0.007,34.0,line_count,True,3,34,3,0,0,1,0,0,0.0,0,0,,Uptake,,
<DATA_ROOT>\data_raw\core_mof_2024\tsa\extracted\tsa\TSA\single_isotherms\2019[Zn][nan]3[ASR]6_N2_423.csv,data_raw\core_mof_2024\tsa\extracted\tsa\TSA\single_isotherms\2019[Zn][nan]3[ASR]6_N2_423.csv,2019[Zn][nan]3[ASR]6_N2_423.csv,.csv,CoRE MOF 2024,CoRE-2024 single-isotherm tables,adsorption_targets,958,0.0009136199951171875,2024-10-04T22:11:26,<DATA_ROOT>\data_raw\core_mof_2024\tsa\extracted\tsa\TSA\single_isotherms\2019[Zn][nan]3[ASR]6_N2_423.csv,ok,50000,",",34.0,3.0,0.021,34.0,line_count,True,3,34,3,0,0,1,0,0,0.0,0,0,,Uptake,,
<DATA_ROOT>\data_raw\core_mof_2024\tsa\extracted\tsa\TSA\single_isotherms\2021[Co][nan]3[ASR]16_N2_423.csv,data_raw\core_mof_2024\tsa\extracted\tsa\TSA\single_isotherms\2021[Co][nan]3[ASR]16_N2_423.csv,2021[Co][nan]3[ASR]16_N2_423.csv,.csv,CoRE MOF 2024,CoRE-2024 single-isotherm tables,adsorption_targets,944,0.0009002685546875,2024-10-04T22:11:26,<DATA_ROOT>\data_raw\core_mof_2024\tsa\extracted\tsa\TSA\single_isotherms\2021[Co][nan]3[ASR]16_N2_423.csv,ok,50000,",",34.0,3.0,0.004,34.0,line_count,True,3,34,3,0,0,1,0,0,0.0,0,0,,Uptake,,
<DATA_ROOT>\data_raw\core_mof_2024\water_gemc\extracted\water\water_data.xlsx,data_raw\core_mof_2024\water_gemc\extracted\water\water_data.xlsx,water_data.xlsx,.xlsx,CoRE MOF 2024,CoRE-2024 water GEMC/Widom tables,general_metadata,2358492,2.2492332458496094,2025-01-29T11:31:34,<DATA_ROOT>\data_raw\core_mof_2024\water_gemc\extracted\water\water_data.xlsx,ok,50000,,8448.0,17.0,2.165,8448.0,read_rows,True,17,8448,9,8,2,1,4,0,0.16223819073083778,0,0,name;structure_name,K_H(mmol/g) Pa),,
<DATA_ROOT>\data_raw\core_mof_2024\water_gemc\extracted\water\widom.xlsx,data_raw\core_mof_2024\water_gemc\extracted\water\widom.xlsx,widom.xlsx,.xlsx,CoRE MOF 2024,CoRE-2024 water GEMC/Widom tables,general_metadata,665325,0.6345033645629883,2025-01-29T11:31:44,<DATA_ROOT>\data_raw\core_mof_2024\water_gemc\extracted\water\widom.xlsx,ok,50000,,8857.0,3.0,0.76,8857.0,read_rows,True,3,8857,2,1,0,1,0,0,0.0,0,0,,H2O_henry(mmol/g/Pa),,
<DATA_ROOT>\data_raw\core_mof_2025\metadata\ncr_meta_data_si.json,data_raw\core_mof_2025\metadata\ncr_meta_data_si.json,ncr_meta_data_si.json,.json,CoRE MOF 2025 metadata,CoRE MOF 2025 metadata,curation_or_validation,4030951,3.84421443939209,2026-05-30T08:45:34,<DATA_ROOT>\data_raw\core_mof_2025\metadata\ncr_meta_data_si.json,ok,50000,,3.0,6519.0,6.677,3.0,read_rows,True,6519,3,0,6519,2,0,23,6519,0.0,0,0,anie202303374-sup-0001-single-crystal_structures_2_FSR_pacman;anie202303374-sup-0001-single-crystal_structures_2_ASR_pacman,,,
<DATA_ROOT>\data_raw\core_mof_2025\metadata\cr_meta_data_si.json,data_raw\core_mof_2025\metadata\cr_meta_data_si.json,cr_meta_data_si.json,.json,CoRE MOF 2025 metadata,CoRE MOF 2025 metadata,general_metadata,20916731,19.947749137878418,2026-05-30T08:45:30,<DATA_ROOT>\data_raw\core_mof_2025\metadata\cr_meta_data_si.json,ok,50000,,10.0,2737.0,3.754,10.0,read_rows,True,2737,10,0,2737,0,0,2,2737,0.006284252831567409,0,0,,,,
<DATA_ROOT>\data_raw\arc_mof\adsorption\pre_comb_4040_co2.csv,data_raw\arc_mof\adsorption\pre_comb_4040_co2.csv,pre_comb_4040_co2.csv,.csv,ARC-MOF,ARC-MOF adsorption task table,adsorption_targets,115050255,109.72047328948975,2026-05-29T09:47:24,<DATA_ROOT>\data_raw\arc_mof\adsorption\pre_comb_4040_co2.csv,ok,50000,",",50000.0,19.0,1.425,559095.0,line_count,False,19,50000,18,1,1,6,6,0,0.003114736842105263,0,1,filename,molc/uc;mmol/g;v/v;wt%;hoa/kcal/mol;S(g1),,
<DATA_ROOT>\data_raw\arc_mof\adsorption\pre_comb_4040_h2.csv,data_raw\arc_mof\adsorption\pre_comb_4040_h2.csv,pre_comb_4040_h2.csv,.csv,ARC-MOF,ARC-MOF adsorption task table,adsorption_targets,112675331,107.45556926727295,2026-05-29T09:47:30,<DATA_ROOT>\data_raw\arc_mof\adsorption\pre_comb_4040_h2.csv,ok,50000,",",50000.0,19.0,1.411,559095.0,line_count,False,19,50000,18,1,1,6,6,0,0.0030473684210526315,0,1,filename,molc/uc;mmol/g;v/v;wt%;hoa/kcal/mol;S(g1),,
<DATA_ROOT>\data_raw\arc_mof\adsorption\post_comb_vsa_co2.csv,data_raw\arc_mof\adsorption\post_comb_vsa_co2.csv,post_comb_vsa_co2.csv,.csv,ARC-MOF,ARC-MOF adsorption task table,adsorption_targets,112294467,107.0923490524292,2026-05-29T09:47:14,<DATA_ROOT>\data_raw\arc_mof\adsorption\post_comb_vsa_co2.csv,ok,50000,",",50000.0,19.0,1.366,559220.0,line_count,False,19,50000,18,1,1,6,6,0,0.002423157894736842,0,1,filename,molc/uc;mmol/g;v/v;wt%;hoa/kcal/mol;S(g1),,
<DATA_ROOT>\data_raw\arc_mof\adsorption\landfill_co2.csv,data_raw\arc_mof\adsorption\landfill_co2.csv,landfill_co2.csv,.csv,ARC-MOF,ARC-MOF adsorption task table,adsorption_targets,112091657,106.89893436431885,2026-05-29T09:45:06,<DATA_ROOT>\data_raw\arc_mof\adsorption\landfill_co2.csv,ok,50000,",",50000.0,19.0,1.278,559220.0,line_count,False,19,50000,18,1,1,6,6,0,0.0054431578947368425,0,1,filename,molc/uc;mmol/g;v/v;wt%;hoa/kcal/mol;S(g1),,
<DATA_ROOT>\data_raw\arc_mof\adsorption\methane_purification_co2.csv,data_raw\arc_mof\adsorption\methane_purification_co2.csv,methane_purification_co2.csv,.csv,ARC-MOF,ARC-MOF adsorption task table,adsorption_targets,111991241,106.8031702041626,2026-05-29T09:47:00,<DATA_ROOT>\data_raw\arc_mof\adsorption\methane_purification_co2.csv,ok,50000,",",50000.0,19.0,1.312,559219.0,line_count,False,19,50000,18,1,1,6,6,0,0.0059210526315789476,0,1,filename,molc/uc;mmol/g;v/v;wt%;hoa/kcal/mol;S(g1),,
<DATA_ROOT>\data_raw\arc_mof\adsorption\methane_purification_ch4.csv,data_raw\arc_mof\adsorption\methane_purification_ch4.csv,methane_purification_ch4.csv,.csv,ARC-MOF,ARC-MOF adsorption task table,adsorption_targets,111902026,106.71808815002441,2026-05-29T09:46:42,<DATA_ROOT>\data_raw\arc_mof\adsorption\methane_purification_ch4.csv,ok,50000,",",50000.0,19.0,1.295,559219.0,line_count,False,19,50000,18,1,1,6,6,0,0.006047368421052632,0,1,filename,molc/uc;mmol/g;v/v;wt%;hoa/kcal/mol;S(g1),,
<DATA_ROOT>\data_raw\arc_mof\adsorption\landfill_ch4.csv,data_raw\arc_mof\adsorption\landfill_ch4.csv,landfill_ch4.csv,.csv,ARC-MOF,ARC-MOF adsorption task table,adsorption_targets,111738653,106.56228351593018,2026-05-29T09:45:00,<DATA_ROOT>\data_raw\arc_mof\adsorption\landfill_ch4.csv,ok,50000,",",50000.0,19.0,1.395,559220.0,line_count,False,19,50000,18,1,1,6,6,0,0.005718947368421053,0,1,filename,molc/uc;mmol/g;v/v;wt%;hoa/kcal/mol;S(g1),,
<DATA_ROOT>\data_raw\arc_mof\adsorption\post_comb_vsa_n2.csv,data_raw\arc_mof\adsorption\post_comb_vsa_n2.csv,post_comb_vsa_n2.csv,.csv,ARC-MOF,ARC-MOF adsorption task table,adsorption_targets,111574088,106.40534210205078,2026-05-29T09:47:14,<DATA_ROOT>\data_raw\arc_mof\adsorption\post_comb_vsa_n2.csv,ok,50000,",",50000.0,19.0,1.276,559220.0,line_count,False,19,50000,18,1,1,6,6,0,0.002294736842105263,0,1,filename,molc/uc;mmol/g;v/v;wt%;hoa/kcal/mol;S(g1),,
<DATA_ROOT>\data_raw\arc_mof\adsorption\methane.csv,data_raw\arc_mof\adsorption\methane.csv,methane.csv,.csv,ARC-MOF,ARC-MOF auxiliary table,adsorption_targets,99056022,94.46718406677246,2026-05-29T09:45:40,<DATA_ROOT>\data_raw\arc_mof\adsorption\methane.csv,ok,50000,",",50000.0,16.0,1.206,559220.0,line_count,False,16,50000,15,1,1,5,5,0,0.00024,0,1,filename,molc/uc;mmol/g;v/v;wt%;hoa/kcal/mol,,
<DATA_ROOT>\data_raw\arc_mof\diversity_sets\func_diverse_set.csv,data_raw\arc_mof\diversity_sets\func_diverse_set.csv,func_diverse_set.csv,.csv,ARC-MOF,ARC-MOF auxiliary table,duplicate_or_diversity,6001983,5.723937034606934,2026-05-29T09:44:02,<DATA_ROOT>\data_raw\arc_mof\diversity_sets\func_diverse_set.csv,ok,50000,",",50000.0,2.0,0.171,149999.0,line_count,False,2,50000,0,2,1,0,0,0,0.0,0,1,filename,,,
<DATA_ROOT>\data_raw\arc_mof\diversity_sets\mc_diverse_set.csv,data_raw\arc_mof\diversity_sets\mc_diverse_set.csv,mc_diverse_set.csv,.csv,ARC-MOF,ARC-MOF auxiliary table,duplicate_or_diversity,733580,0.6995964050292969,2026-05-29T09:45:18,<DATA_ROOT>\data_raw\arc_mof\diversity_sets\mc_diverse_set.csv,ok,50000,",",20000.0,2.0,0.065,20000.0,line_count,True,2,20000,0,2,1,0,0,0,0.0,0,0,filename,,,
<DATA_ROOT>\data_raw\arc_mof\clean_data\clean_data.csv,data_raw\arc_mof\clean_data\clean_data.csv,clean_data.csv,.csv,ARC-MOF,ARC-MOF auxiliary table,general_metadata,59680717,56.91596698760986,2026-03-20T11:38:17,<DATA_ROOT>\data_raw\arc_mof\clean_data\clean_data.csv,ok,50000,",",50000.0,30.0,0.988,263744.0,line_count,False,30,50000,28,2,1,0,24,0,2.6666666666666667e-05,0,0,filename,,,
<DATA_ROOT>\data_raw\arc_mof\clusters\geo_clusters.csv,data_raw\arc_mof\clusters\geo_clusters.csv,geo_clusters.csv,.csv,ARC-MOF,ARC-MOF auxiliary table,topology_or_cluster,24172478,23.052671432495117,2026-05-29T09:44:18,<DATA_ROOT>\data_raw\arc_mof\clusters\geo_clusters.csv,ok,50000,",",50000.0,3.0,0.34,521316.0,line_count,False,3,50000,1,2,2,0,0,0,0.0,0,0,filename;cluster_id,,cluster_id,
<DATA_ROOT>\data_raw\arc_mof\clusters\flig_clusters.csv,data_raw\arc_mof\clusters\flig_clusters.csv,flig_clusters.csv,.csv,ARC-MOF,ARC-MOF auxiliary table,topology_or_cluster,21787993,20.77864933013916,2026-05-29T09:44:02,<DATA_ROOT>\data_raw\arc_mof\clusters\flig_clusters.csv,ok,50000,",",50000.0,3.0,0.35,472571.0,line_count,False,3,50000,1,2,2,0,0,0,0.0,0,0,filename;cluster_id,,cluster_id,
<DATA_ROOT>\data_raw\arc_mof\clusters\mc_clusters.csv,data_raw\arc_mof\clusters\mc_clusters.csv,mc_clusters.csv,.csv,ARC-MOF,ARC-MOF auxiliary table,topology_or_cluster,21200601,20.21846866607666,2026-05-29T09:45:06,<DATA_ROOT>\data_raw\arc_mof\clusters\mc_clusters.csv,ok,50000,",",50000.0,3.0,0.34,472571.0,line_count,False,3,50000,1,2,2,0,0,0,0.0,0,0,filename;cluster_id,,cluster_id,
<DATA_ROOT>\data_raw\arc_mof\clusters\func_clusters.csv,data_raw\arc_mof\clusters\func_clusters.csv,func_clusters.csv,.csv,ARC-MOF,ARC-MOF auxiliary table,topology_or_cluster,18684175,17.818617820739746,2026-05-29T09:44:02,<DATA_ROOT>\data_raw\arc_mof\clusters\func_clusters.csv,ok,50000,",",50000.0,3.0,0.298,405633.0,line_count,False,3,50000,1,2,2,0,0,0,0.0,0,0,filename;cluster_id,,cluster_id,
<DATA_ROOT>\data_raw\arc_mof\topology\all_topology_lists.csv,data_raw\arc_mof\topology\all_topology_lists.csv,all_topology_lists.csv,.csv,ARC-MOF,ARC-MOF auxiliary table,topology_or_cluster,11683716,11.142459869384766,2026-05-29T09:43:52,<DATA_ROOT>\data_raw\arc_mof\topology\all_topology_lists.csv,ok,50000,",",50000.0,4.0,0.254,264225.0,line_count,False,4,50000,0,4,2,0,0,0,0.0,0,0,Name;filename,,likely topology,
<DATA_ROOT>\data_raw\arc_mof\descriptors\rdfs.csv,data_raw\arc_mof\descriptors\rdfs.csv,rdfs.csv,.csv,ARC-MOF,ARC-MOF descriptor table,descriptor_matrix,2129693042,2031.033555984497,2026-05-29T09:53:16,<DATA_ROOT>\data_raw\arc_mof\descriptors\rdfs.csv,ok,50000,",",50000.0,680.0,32.263,279609.0,line_count,False,680,50000,679,1,1,0,679,0,0.0004553235294117647,0,0,Structure_Name,,,
<DATA_ROOT>\data_raw\arc_mof\descriptors\racs.csv,data_raw\arc_mof\descriptors\racs.csv,racs.csv,.csv,ARC-MOF,ARC-MOF descriptor table,descriptor_matrix,838376934,799.5385494232178,2026-05-29T09:48:16,<DATA_ROOT>\data_raw\arc_mof\descriptors\racs.csv,ok,50000,",",50000.0,188.0,11.464,472571.0,line_count,False,188,50000,186,2,1,0,186,0,0.0,0,30,filename,,,
<DATA_ROOT>\data_raw\arc_mof\descriptors\geometric_properties.csv,data_raw\arc_mof\descriptors\geometric_properties.csv,geometric_properties.csv,.csv,ARC-MOF,ARC-MOF descriptor table,descriptor_matrix,110395714,105.28155708312988,2026-05-29T09:45:00,<DATA_ROOT>\data_raw\arc_mof\descriptors\geometric_properties.csv,ok,50000,",",50000.0,29.0,1.43,521316.0,line_count,False,29,50000,27,2,1,0,27,0,2.7586206896551723e-05,0,1,filename,,,
<DATA_ROOT>\data_raw\arc_mof\descriptors\arc_mof_dim.csv,data_raw\arc_mof\descriptors\arc_mof_dim.csv,arc_mof_dim.csv,.csv,ARC-MOF,ARC-MOF descriptor table,descriptor_matrix,13764126,13.126493453979492,2026-05-29T09:43:56,<DATA_ROOT>\data_raw\arc_mof\descriptors\arc_mof_dim.csv,ok,50000,",",50000.0,3.0,0.245,279610.0,line_count,False,3,50000,1,2,1,0,1,0,0.0,0,1,Filename,,,
<DATA_ROOT>\data_raw\arc_mof\process\overall_process.csv,data_raw\arc_mof\process\overall_process.csv,overall_process.csv,.csv,ARC-MOF,ARC-MOF process target table,process_targets,228656569,218.06389713287354,2026-05-29T09:48:10,<DATA_ROOT>\data_raw\arc_mof\process\overall_process.csv,ok,50000,",",50000.0,13.0,2.513,1395025.0,line_count,False,13,50000,11,2,1,6,3,0,0.06153846153846154,0,0,filename,mmol/g_working_capacity;v/v_working_capacity;wt%_uptake;wt%_working_capacity;selectivity;purity,,
<DATA_ROOT>\data_raw\qmof\main_archive\extracted\qmof_database\qmof_database\qmof.json,data_raw\qmof\main_archive\extracted\qmof_database\qmof_database\qmof.json,qmof.json,.json,QMOF,QMOF quantum-property table,quantum_properties,93922658,89.57162666320801,2025-11-14T21:08:14,<DATA_ROOT>\data_raw\qmof\main_archive\extracted\qmof_database\qmof_database\qmof.json,ok,50000,,20372.0,5.0,3.611,20372.0,read_rows,True,5,20372,0,5,2,0,0,3,0.0,0,0,qmof_id;name,,,
<DATA_ROOT>\data_raw\qmof\main_archive\extracted\qmof_database\qmof_database\qmof.csv,data_raw\qmof\main_archive\extracted\qmof_database\qmof_database\qmof.csv,qmof.csv,.csv,QMOF,QMOF quantum-property table,quantum_properties,21573509,20.574101448059082,2025-11-14T21:08:14,<DATA_ROOT>\data_raw\qmof\main_archive\extracted\qmof_database\qmof_database\qmof.csv,ok,50000,",",20372.0,94.0,1.051,20372.0,line_count,True,94,20372,42,52,8,12,22,0,0.2953960588375367,0,9,qmof_id;name;info.mofid.mofid;info.mofid.mofkey;info.mofid.smiles_nodes;info.mofid.smiles_linkers;info.mofid.smiles;info.mofid.topology,outputs.pbe.energy_total;outputs.pbe.bandgap;outputs.pbe.bandgap_spins;outputs.hle17.energy_total;outputs.hle17.bandgap;outputs.hle17.bandgap_spins;outputs.hse06_10hf.energy_total;outputs.hse06_10hf.bandgap;outputs.hse06_10hf.bandgap_spins;outputs.hse06.energy_total;outputs.hse06.bandgap;outputs.hse06.bandgap_spins,info.mofid.mofid;info.mofid.mofkey;info.mofid.smiles_nodes;info.mofid.smiles_linkers;info.mofid.smiles;info.mofid.topology;info.source,
<DATA_ROOT>\data_raw\qmof\thermo_archive\extracted\qmof_thermo_database\qmof_thermo_database\qmof_thermo.json,data_raw\qmof\thermo_archive\extracted\qmof_thermo_database\qmof_thermo_database\qmof_thermo.json,qmof_thermo.json,.json,QMOF,QMOF quantum-property table,quantum_properties,3363077,3.207280158996582,2025-10-31T09:27:26,<DATA_ROOT>\data_raw\qmof\thermo_archive\extracted\qmof_thermo_database\qmof_thermo_database\qmof_thermo.json,ok,50000,,20373.0,4.0,0.106,20373.0,read_rows,True,4,20373,3,1,1,3,0,0,0.0,0,0,qmof_id,energy_above_hull;formation_energy;energy_total,,
<DATA_ROOT>\data_raw\qmof\thermo_archive\extracted\qmof_thermo_database\qmof_thermo_database\reference_thermo.json,data_raw\qmof\thermo_archive\extracted\qmof_thermo_database\qmof_thermo_database\reference_thermo.json,reference_thermo.json,.json,QMOF,QMOF quantum-property table,quantum_properties,1172294,1.1179866790771484,2025-11-09T11:47:28,<DATA_ROOT>\data_raw\qmof\thermo_archive\extracted\qmof_thermo_database\qmof_thermo_database\reference_thermo.json,ok,50000,,7889.0,4.0,0.057,7889.0,read_rows,True,4,7889,3,1,0,3,0,0,0.0,0,0,,energy_above_hull;formation_energy;energy_total,,
<DATA_ROOT>\data_raw\qmof\main_archive\extracted\qmof_database\qmof_database\qmof_structure_data.json,data_raw\qmof\main_archive\extracted\qmof_database\qmof_database\qmof_structure_data.json,qmof_structure_data.json,.json,QMOF,QMOF quantum-property table,structure_or_cif_metadata,3153444757,3007.359272956848,2025-11-14T21:08:24,<DATA_ROOT>\data_raw\qmof\main_archive\extracted\qmof_database\qmof_database\qmof_structure_data.json,ok,50000,,20372.0,3.0,127.392,20372.0,read_rows,True,3,20372,0,3,3,0,0,1,0.0,0,0,qmof_id;name;structure,,,
<DATA_ROOT>\data_raw\qmof\thermo_archive\extracted\qmof_thermo_database\qmof_thermo_database\qmof_thermo_structures.json,data_raw\qmof\thermo_archive\extracted\qmof_thermo_database\qmof_thermo_database\qmof_thermo_structures.json,qmof_thermo_structures.json,.json,QMOF,QMOF quantum-property table,structure_or_cif_metadata,994277320,948.2167434692383,2025-10-31T09:35:28,<DATA_ROOT>\data_raw\qmof\thermo_archive\extracted\qmof_thermo_database\qmof_thermo_database\qmof_thermo_structures.json,ok,50000,,20373.0,2.0,53.522,20373.0,read_rows,True,2,20373,0,2,2,0,0,1,0.0,0,0,qmof_id;structure,,,
<DATA_ROOT>\data_raw\qmof\thermo_archive\extracted\qmof_thermo_database\qmof_thermo_database\reference_thermo_structures.json,data_raw\qmof\thermo_archive\extracted\qmof_thermo_database\qmof_thermo_database\reference_thermo_structures.json,reference_thermo_structures.json,.json,QMOF,QMOF quantum-property table,structure_or_cif_metadata,109538464,104.46401977539062,2025-10-31T09:32:14,<DATA_ROOT>\data_raw\qmof\thermo_archive\extracted\qmof_thermo_database\qmof_thermo_database\reference_thermo_structures.json,ok,50000,,7889.0,2.0,5.63,7889.0,read_rows,True,2,7889,0,2,1,0,0,1,0.0,0,0,structure,,,
<DATA_ROOT>\data_raw\csd_mof_collection\other\extracted\csd_modified\CSD-modified\CR_data_CSD_modified_20250227.csv,data_raw\csd_mof_collection\other\extracted\csd_modified\CSD-modified\CR_data_CSD_modified_20250227.csv,CR_data_CSD_modified_20250227.csv,.csv,CSD-derived context,CSD-derived context,curation_or_validation,6321282,6.028444290161133,2025-02-27T23:44:24,<DATA_ROOT>\data_raw\csd_mof_collection\other\extracted\csd_modified\CSD-modified\CR_data_CSD_modified_20250227.csv,ok,50000,",",9835.0,56.0,0.41,9848.0,line_count,False,56,9835,36,20,5,0,27,0,0.04642130873701794,0,3,refcode;name;mofid-v1;mofid-v2;structure_dimension,,refcode;mofid-v1;mofid-v2;topology(SingleNodes);topology(SingleNodes)-zeo;topology(AllNodes);topology(AllNodes)-zeo;dimension_by_topo;Metal Types;Source,
<DATA_ROOT>\data_raw\csd_mof_collection\csd_mof_collection\extracted\csd_mof_collection_601\CSD_MOF_Collection\Framework details.csv,data_raw\csd_mof_collection\csd_mof_collection\extracted\csd_mof_collection_601\CSD_MOF_Collection\Framework details.csv,Framework details.csv,.csv,CSD-derived context,CSD-derived context,curation_or_validation,731309,0.6974306106567383,2025-11-27T18:18:04,<DATA_ROOT>\data_raw\csd_mof_collection\csd_mof_collection\extracted\csd_mof_collection_601\CSD_MOF_Collection\Framework details.csv,ok,50000,",",15450.0,8.0,0.111,15450.0,line_count,True,8,15450,1,7,2,0,1,0,0.41815533980582525,0,4,CSD refcode;CIF filename,,CSD refcode,
<DATA_ROOT>\data_raw\csd_mof_collection\other\extracted\csd_modified\CSD-modified\NCR_data_CSD_modified_20250227.xlsx,data_raw\csd_mof_collection\other\extracted\csd_modified\CSD-modified\NCR_data_CSD_modified_20250227.xlsx,NCR_data_CSD_modified_20250227.xlsx,.xlsx,CSD-derived context,CSD-derived context,curation_or_validation,693269,0.6611528396606445,2025-02-27T23:45:26,<DATA_ROOT>\data_raw\csd_mof_collection\other\extracted\csd_modified\CSD-modified\NCR_data_CSD_modified_20250227.xlsx,ok,50000,,6954.0,6.0,0.676,6954.0,read_rows,True,6,6954,4,2,1,0,4,0,0.006327293643945931,0,0,refcode,,refcode,
<DATA_ROOT>\data_raw\csd_mof_collection\csd_mof_collection\extracted\csd_mof_collection_601\CSD_MOF_Collection\Frameworks with hydrogen added.csv,data_raw\csd_mof_collection\csd_mof_collection\extracted\csd_mof_collection_601\CSD_MOF_Collection\Frameworks with hydrogen added.csv,Frameworks with hydrogen added.csv,.csv,CSD-derived context,CSD-derived context,curation_or_validation,96570,0.09209632873535156,2025-11-27T18:18:02,<DATA_ROOT>\data_raw\csd_mof_collection\csd_mof_collection\extracted\csd_mof_collection_601\CSD_MOF_Collection\Frameworks with hydrogen added.csv,ok,50000,",",4411.0,2.0,0.057,4411.0,line_count,True,2,4411,0,2,2,0,0,0,0.0,0,0,CSD refcode;CIF filename,,CSD refcode,
<DATA_ROOT>\data_raw\csd_mof_collection\csd_mof_collection\extracted\csd_mof_collection_601\CSD_MOF_Collection\Charged frameworks.csv,data_raw\csd_mof_collection\csd_mof_collection\extracted\csd_mof_collection_601\CSD_MOF_Collection\Charged frameworks.csv,Charged frameworks.csv,.csv,CSD-derived context,CSD-derived context,curation_or_validation,62426,0.05953407287597656,2025-11-27T18:18:02,<DATA_ROOT>\data_raw\csd_mof_collection\csd_mof_collection\extracted\csd_mof_collection_601\CSD_MOF_Collection\Charged frameworks.csv,ok,50000,",",2309.0,2.0,0.055,2309.0,line_count,True,2,2309,0,2,2,0,0,0,0.0,0,0,CSD refcode;CIF filename,,CSD refcode,
<DATA_ROOT>\data_raw\csd_mof_collection\csd_mof_collection\extracted\csd_mof_collection_601\CSD_MOF_Collection\Suspect chemistry frameworks.csv,data_raw\csd_mof_collection\csd_mof_collection\extracted\csd_mof_collection_601\CSD_MOF_Collection\Suspect chemistry frameworks.csv,Suspect chemistry frameworks.csv,.csv,CSD-derived context,CSD-derived context,curation_or_validation,22174,0.021146774291992188,2025-11-27T18:18:02,<DATA_ROOT>\data_raw\csd_mof_collection\csd_mof_collection\extracted\csd_mof_collection_601\CSD_MOF_Collection\Suspect chemistry frameworks.csv,ok,50000,",",1010.0,2.0,0.05,1010.0,line_count,True,2,1010,0,2,2,0,0,0,0.0,0,0,CSD refcode;CIF filename,,CSD refcode,
<DATA_ROOT>\data_raw\mofsimplify\5737968\SciData\SciData\json\thermal\thermal_stability.json,data_raw\mofsimplify\5737968\SciData\SciData\json\thermal\thermal_stability.json,thermal_stability.json,.json,Other/unknown,Other/unknown,general_metadata,36960764,35.248531341552734,2026-06-11T11:51:56,<DATA_ROOT>\data_raw\mofsimplify\5737968\SciData\SciData\json\thermal\thermal_stability.json,ok,50000,,3132.0,14.0,1.233,3132.0,read_rows,True,14,3132,6,8,1,0,7,5,0.0,0,0,CoRE_name,,SBUs,
<DATA_ROOT>\data_raw\mofsimplify\5737968\SciData\SciData\json\solvent_removal\solvent_removal_stability.json,data_raw\mofsimplify\5737968\SciData\SciData\json\solvent_removal\solvent_removal_stability.json,solvent_removal_stability.json,.json,Other/unknown,Other/unknown,general_metadata,23452139,22.365702629089355,2026-06-11T11:51:55,<DATA_ROOT>\data_raw\mofsimplify\5737968\SciData\SciData\json\solvent_removal\solvent_removal_stability.json,ok,50000,,2179.0,13.0,0.773,2179.0,read_rows,True,13,2179,6,7,1,0,6,4,0.0,0,0,CoRE_name,,SBUs,
<DATA_ROOT>\data_raw\mofsimplify\5737968\SciData\SciData\separate_files\thermal_stability\full_TSD_data.csv,data_raw\mofsimplify\5737968\SciData\SciData\separate_files\thermal_stability\full_TSD_data.csv,full_TSD_data.csv,.csv,Other/unknown,Other/unknown,general_metadata,6917613,6.597149848937988,2026-06-11T11:54:03,<DATA_ROOT>\data_raw\mofsimplify\5737968\SciData\SciData\separate_files\thermal_stability\full_TSD_data.csv,ok,50000,",",3132.0,189.0,0.3,3131.0,line_count,False,189,3132,180,9,2,0,179,0,0.0,0,26,CoRE_name;refcode,,refcode,
<DATA_ROOT>\data_raw\mofsimplify\5737968\SciData\SciData\models\thermal\train.csv,data_raw\mofsimplify\5737968\SciData\SciData\models\thermal\train.csv,train.csv,.csv,Other/unknown,Other/unknown,general_metadata,3720952,3.5485763549804688,2026-06-11T11:51:57,<DATA_ROOT>\data_raw\mofsimplify\5737968\SciData\SciData\models\thermal\train.csv,ok,50000,",",2005.0,196.0,0.137,2005.0,line_count,True,196,2005,192,4,4,0,191,0,0.00510204081632653,1,29,filename;CoRE_name;refcode;name,,refcode,
<DATA_ROOT>\data_raw\mofsimplify\5737968\SciData\SciData\separate_files\solvent_removal_stability\full_SSD_data.csv,data_raw\mofsimplify\5737968\SciData\SciData\separate_files\solvent_removal_stability\full_SSD_data.csv,full_SSD_data.csv,.csv,Other/unknown,Other/unknown,general_metadata,3566558,3.401334762573242,2026-06-11T11:51:57,<DATA_ROOT>\data_raw\mofsimplify\5737968\SciData\SciData\separate_files\solvent_removal_stability\full_SSD_data.csv,ok,50000,",",2753.0,189.0,0.265,2752.0,line_count,False,189,2753,179,10,2,0,177,0,0.20849981837994916,0,26,CoRE_name;refcode,,refcode,
<DATA_ROOT>\data_raw\mofsimplify\5737968\SciData\SciData\models\solvent\train.csv,data_raw\mofsimplify\5737968\SciData\SciData\models\solvent\train.csv,train.csv,.csv,Other/unknown,Other/unknown,general_metadata,2530581,2.4133501052856445,2026-06-11T11:51:56,<DATA_ROOT>\data_raw\mofsimplify\5737968\SciData\SciData\models\solvent\train.csv,ok,50000,",",1394.0,197.0,0.116,1394.0,line_count,True,197,1394,193,4,3,0,192,0,0.005076142131979695,1,29,CoRE_name;refcode;filename,,refcode,
<DATA_ROOT>\data_raw\mofsimplify\5737968\SciData\SciData\models\thermal\test.csv,data_raw\mofsimplify\5737968\SciData\SciData\models\thermal\test.csv,test.csv,.csv,Other/unknown,Other/unknown,general_metadata,1173497,1.1191339492797852,2026-06-11T11:51:57,<DATA_ROOT>\data_raw\mofsimplify\5737968\SciData\SciData\models\thermal\test.csv,ok,50000,",",626.0,196.0,0.117,626.0,line_count,True,196,626,192,4,4,0,191,0,0.00510204081632653,1,29,filename;CoRE_name;refcode;name,,refcode,
<DATA_ROOT>\data_raw\mofsimplify\5737968\SciData\SciData\models\thermal\val.csv,data_raw\mofsimplify\5737968\SciData\SciData\models\thermal\val.csv,val.csv,.csv,Other/unknown,Other/unknown,general_metadata,928781,0.8857545852661133,2026-06-11T11:51:57,<DATA_ROOT>\data_raw\mofsimplify\5737968\SciData\SciData\models\thermal\val.csv,ok,50000,",",501.0,196.0,0.101,501.0,line_count,True,196,501,192,4,4,0,191,0,0.00510204081632653,1,29,filename;CoRE_name;refcode;name,,refcode,
<DATA_ROOT>\data_raw\mofsimplify\5737968\SciData\SciData\models\solvent\test.csv,data_raw\mofsimplify\5737968\SciData\SciData\models\solvent\test.csv,test.csv,.csv,Other/unknown,Other/unknown,general_metadata,800508,0.7634239196777344,2026-06-11T11:51:56,<DATA_ROOT>\data_raw\mofsimplify\5737968\SciData\SciData\models\solvent\test.csv,ok,50000,",",436.0,197.0,0.093,436.0,line_count,True,197,436,193,4,3,0,192,0,0.005076142131979695,1,29,CoRE_name;refcode;filename,,refcode,
<DATA_ROOT>\data_raw\mofsimplify\5737968\SciData\SciData\models\solvent\val.csv,data_raw\mofsimplify\5737968\SciData\SciData\models\solvent\val.csv,val.csv,.csv,Other/unknown,Other/unknown,general_metadata,637798,0.6082515716552734,2026-06-11T11:51:56,<DATA_ROOT>\data_raw\mofsimplify\5737968\SciData\SciData\models\solvent\val.csv,ok,50000,",",349.0,197.0,0.058,349.0,line_count,True,197,349,193,4,3,0,192,0,0.005076142131979695,1,29,CoRE_name;refcode;filename,,refcode,
<DATA_ROOT>\data_raw\mofsimplify\5737968\SciData\SciData\separate_files\solvent_removal_stability\randomly_sampled_100_hand_labeled_SSD.csv,data_raw\mofsimplify\5737968\SciData\SciData\separate_files\solvent_removal_stability\randomly_sampled_100_hand_labeled_SSD.csv,randomly_sampled_100_hand_labeled_SSD.csv,.csv,Other/unknown,Other/unknown,general_metadata,68987,0.06579113006591797,2026-06-11T11:51:57,<DATA_ROOT>\data_raw\mofsimplify\5737968\SciData\SciData\separate_files\solvent_removal_stability\randomly_sampled_100_hand_labeled_SSD.csv,ok,50000,",",100.0,13.0,0.051,99.0,line_count,False,13,100,5,8,1,0,4,0,0.0,0,0,CoRE_name,,,
<DATA_ROOT>\data_raw\mofsimplify\5737968\SciData\SciData\blinded_test_set\blinded_40_elsevier_MOFs.csv,data_raw\mofsimplify\5737968\SciData\SciData\blinded_test_set\blinded_40_elsevier_MOFs.csv,blinded_40_elsevier_MOFs.csv,.csv,Other/unknown,Other/unknown,general_metadata,3662,0.0034923553466796875,2026-06-11T11:51:54,<DATA_ROOT>\data_raw\mofsimplify\5737968\SciData\SciData\blinded_test_set\blinded_40_elsevier_MOFs.csv,ok,50000,",",40.0,8.0,0.031,39.0,line_count,False,8,40,5,3,2,0,5,0,0.0,0,0,CoRE_name;refcode,,refcode,
<DATA_ROOT>\data_raw\mofsimplify\5737968\SciData\SciData\blinded_test_set\blinded_TGA\XANDAU.csv,data_raw\mofsimplify\5737968\SciData\SciData\blinded_test_set\blinded_TGA\XANDAU.csv,XANDAU.csv,.csv,Other/unknown,Other/unknown,general_metadata,221,0.00021076202392578125,2026-06-11T11:51:55,<DATA_ROOT>\data_raw\mofsimplify\5737968\SciData\SciData\blinded_test_set\blinded_TGA\XANDAU.csv,ok,50000,",",5.0,2.0,0.026,5.0,line_count,True,2,5,2,0,0,0,2,0,0.0,0,0,,,,
<DATA_ROOT>\data_raw\mofsimplify\5737968\SciData\SciData\blinded_test_set\blinded_TGA\ORUKET.csv,data_raw\mofsimplify\5737968\SciData\SciData\blinded_test_set\blinded_TGA\ORUKET.csv,ORUKET.csv,.csv,Other/unknown,Other/unknown,general_metadata,186,0.0001773834228515625,2026-06-11T11:51:55,<DATA_ROOT>\data_raw\mofsimplify\5737968\SciData\SciData\blinded_test_set\blinded_TGA\ORUKET.csv,ok,50000,",",4.0,2.0,0.004,4.0,line_count,True,2,4,2,0,0,0,2,0,0.0,0,0,,,,
<DATA_ROOT>\data_raw\mofsimplify\5737968\SciData\SciData\blinded_test_set\blinded_TGA\UXINAR.csv,data_raw\mofsimplify\5737968\SciData\SciData\blinded_test_set\blinded_TGA\UXINAR.csv,UXINAR.csv,.csv,Other/unknown,Other/unknown,general_metadata,185,0.00017642974853515625,2026-06-11T11:51:55,<DATA_ROOT>\data_raw\mofsimplify\5737968\SciData\SciData\blinded_test_set\blinded_TGA\UXINAR.csv,ok,50000,",",4.0,2.0,0.006,4.0,line_count,True,2,4,2,0,0,0,2,0,0.0,0,0,,,,
<DATA_ROOT>\data_raw\mofsimplify\5737968\SciData\SciData\blinded_test_set\blinded_TGA\GOYYEA.csv,data_raw\mofsimplify\5737968\SciData\SciData\blinded_test_set\blinded_TGA\GOYYEA.csv,GOYYEA.csv,.csv,Other/unknown,Other/unknown,general_metadata,184,0.00017547607421875,2026-06-11T11:51:55,<DATA_ROOT>\data_raw\mofsimplify\5737968\SciData\SciData\blinded_test_set\blinded_TGA\GOYYEA.csv,ok,50000,",",4.0,2.0,0.015,4.0,line_count,True,2,4,2,0,0,0,2,0,0.0,0,0,,,,
<DATA_ROOT>\data_raw\mofsimplify\5737968\SciData\SciData\blinded_test_set\blinded_TGA\LADHEF.csv,data_raw\mofsimplify\5737968\SciData\SciData\blinded_test_set\blinded_TGA\LADHEF.csv,LADHEF.csv,.csv,Other/unknown,Other/unknown,general_metadata,184,0.00017547607421875,2026-06-11T11:51:55,<DATA_ROOT>\data_raw\mofsimplify\5737968\SciData\SciData\blinded_test_set\blinded_TGA\LADHEF.csv,ok,50000,",",4.0,2.0,0.005,4.0,line_count,True,2,4,2,0,0,0,2,0,0.0,0,0,,,,
<DATA_ROOT>\data_raw\mofsimplify\5737968\SciData\SciData\blinded_test_set\blinded_TGA\LIJXEI.csv,data_raw\mofsimplify\5737968\SciData\SciData\blinded_test_set\blinded_TGA\LIJXEI.csv,LIJXEI.csv,.csv,Other/unknown,Other/unknown,general_metadata,184,0.00017547607421875,2026-06-11T11:51:55,<DATA_ROOT>\data_raw\mofsimplify\5737968\SciData\SciData\blinded_test_set\blinded_TGA\LIJXEI.csv,ok,50000,",",4.0,2.0,0.001,4.0,line_count,True,2,4,2,0,0,0,2,0,0.0,0,0,,,,
<DATA_ROOT>\data_raw\mofsimplify\5737968\SciData\SciData\blinded_test_set\blinded_TGA\QAVYUJ.csv,data_raw\mofsimplify\5737968\SciData\SciData\blinded_test_set\blinded_TGA\QAVYUJ.csv,QAVYUJ.csv,.csv,Other/unknown,Other/unknown,general_metadata,184,0.00017547607421875,2026-06-11T11:51:55,<DATA_ROOT>\data_raw\mofsimplify\5737968\SciData\SciData\blinded_test_set\blinded_TGA\QAVYUJ.csv,ok,50000,",",4.0,2.0,0.014,4.0,line_count,True,2,4,2,0,0,0,2,0,0.0,0,0,,,,
<DATA_ROOT>\data_raw\mofsimplify\5737968\SciData\SciData\blinded_test_set\blinded_TGA\RUZCOF.csv,data_raw\mofsimplify\5737968\SciData\SciData\blinded_test_set\blinded_TGA\RUZCOF.csv,RUZCOF.csv,.csv,Other/unknown,Other/unknown,general_metadata,184,0.00017547607421875,2026-06-11T11:51:55,<DATA_ROOT>\data_raw\mofsimplify\5737968\SciData\SciData\blinded_test_set\blinded_TGA\RUZCOF.csv,ok,50000,",",4.0,2.0,0.015,4.0,line_count,True,2,4,2,0,0,0,2,0,0.0,0,0,,,,
<DATA_ROOT>\data_raw\mofsimplify\5737968\SciData\SciData\blinded_test_set\blinded_TGA\TEJGEW.csv,data_raw\mofsimplify\5737968\SciData\SciData\blinded_test_set\blinded_TGA\TEJGEW.csv,TEJGEW.csv,.csv,Other/unknown,Other/unknown,general_metadata,184,0.00017547607421875,2026-06-11T11:51:55,<DATA_ROOT>\data_raw\mofsimplify\5737968\SciData\SciData\blinded_test_set\blinded_TGA\TEJGEW.csv,ok,50000,",",4.0,2.0,0.006,4.0,line_count,True,2,4,2,0,0,0,2,0,0.0,0,0,,,,
<DATA_ROOT>\data_raw\mofsimplify\5737968\SciData\SciData\blinded_test_set\blinded_TGA\CODNAM.csv,data_raw\mofsimplify\5737968\SciData\SciData\blinded_test_set\blinded_TGA\CODNAM.csv,CODNAM.csv,.csv,Other/unknown,Other/unknown,general_metadata,183,0.00017452239990234375,2026-06-11T11:51:55,<DATA_ROOT>\data_raw\mofsimplify\5737968\SciData\SciData\blinded_test_set\blinded_TGA\CODNAM.csv,ok,50000,",",4.0,2.0,0.019,4.0,line_count,True,2,4,2,0,0,0,2,0,0.0,0,0,,,,
<DATA_ROOT>\data_raw\mofsimplify\5737968\SciData\SciData\blinded_test_set\blinded_TGA\FUBNOH.csv,data_raw\mofsimplify\5737968\SciData\SciData\blinded_test_set\blinded_TGA\FUBNOH.csv,FUBNOH.csv,.csv,Other/unknown,Other/unknown,general_metadata,183,0.00017452239990234375,2026-06-11T11:51:55,<DATA_ROOT>\data_raw\mofsimplify\5737968\SciData\SciData\blinded_test_set\blinded_TGA\FUBNOH.csv,ok,50000,",",4.0,2.0,0.009,4.0,line_count,True,2,4,2,0,0,0,2,0,0.0,0,0,,,,
<DATA_ROOT>\data_raw\mofsimplify\5737968\SciData\SciData\blinded_test_set\blinded_TGA\GAJTOC.csv,data_raw\mofsimplify\5737968\SciData\SciData\blinded_test_set\blinded_TGA\GAJTOC.csv,GAJTOC.csv,.csv,Other/unknown,Other/unknown,general_metadata,183,0.00017452239990234375,2026-06-11T11:51:55,<DATA_ROOT>\data_raw\mofsimplify\5737968\SciData\SciData\blinded_test_set\blinded_TGA\GAJTOC.csv,ok,50000,",",4.0,2.0,0.005,4.0,line_count,True,2,4,2,0,0,0,2,0,0.0,0,0,,,,
<DATA_ROOT>\data_raw\mofsimplify\5737968\SciData\SciData\blinded_test_set\blinded_TGA\IRAHUF.csv,data_raw\mofsimplify\5737968\SciData\SciData\blinded_test_set\blinded_TGA\IRAHUF.csv,IRAHUF.csv,.csv,Other/unknown,Other/unknown,general_metadata,183,0.00017452239990234375,2026-06-11T11:51:55,<DATA_ROOT>\data_raw\mofsimplify\5737968\SciData\SciData\blinded_test_set\blinded_TGA\IRAHUF.csv,ok,50000,",",4.0,2.0,0.007,4.0,line_count,True,2,4,2,0,0,0,2,0,0.0,0,0,,,,
<DATA_ROOT>\data_raw\mofsimplify\5737968\SciData\SciData\blinded_test_set\blinded_TGA\OGAGIN.csv,data_raw\mofsimplify\5737968\SciData\SciData\blinded_test_set\blinded_TGA\OGAGIN.csv,OGAGIN.csv,.csv,Other/unknown,Other/unknown,general_metadata,183,0.00017452239990234375,2026-06-11T11:51:55,<DATA_ROOT>\data_raw\mofsimplify\5737968\SciData\SciData\blinded_test_set\blinded_TGA\OGAGIN.csv,ok,50000,",",4.0,2.0,0.005,4.0,line_count,True,2,4,2,0,0,0,2,0,0.0,0,0,,,,
<DATA_ROOT>\data_raw\mofsimplify\5737968\SciData\SciData\blinded_test_set\blinded_TGA\OGIBOV.csv,data_raw\mofsimplify\5737968\SciData\SciData\blinded_test_set\blinded_TGA\OGIBOV.csv,OGIBOV.csv,.csv,Other/unknown,Other/unknown,general_metadata,183,0.00017452239990234375,2026-06-11T11:51:55,<DATA_ROOT>\data_raw\mofsimplify\5737968\SciData\SciData\blinded_test_set\blinded_TGA\OGIBOV.csv,ok,50000,",",4.0,2.0,0.005,4.0,line_count,True,2,4,2,0,0,0,2,0,0.0,0,0,,,,
<DATA_ROOT>\data_raw\mofsimplify\5737968\SciData\SciData\blinded_test_set\blinded_TGA\POLBUN.csv,data_raw\mofsimplify\5737968\SciData\SciData\blinded_test_set\blinded_TGA\POLBUN.csv,POLBUN.csv,.csv,Other/unknown,Other/unknown,general_metadata,183,0.00017452239990234375,2026-06-11T11:51:55,<DATA_ROOT>\data_raw\mofsimplify\5737968\SciData\SciData\blinded_test_set\blinded_TGA\POLBUN.csv,ok,50000,",",4.0,2.0,0.004,4.0,line_count,True,2,4,2,0,0,0,2,0,0.0,0,0,,,,
<DATA_ROOT>\data_raw\mofsimplify\5737968\SciData\SciData\blinded_test_set\blinded_TGA\SEZPOE.csv,data_raw\mofsimplify\5737968\SciData\SciData\blinded_test_set\blinded_TGA\SEZPOE.csv,SEZPOE.csv,.csv,Other/unknown,Other/unknown,general_metadata,183,0.00017452239990234375,2026-06-11T11:51:55,<DATA_ROOT>\data_raw\mofsimplify\5737968\SciData\SciData\blinded_test_set\blinded_TGA\SEZPOE.csv,ok,50000,",",4.0,2.0,0.004,4.0,line_count,True,2,4,2,0,0,0,2,0,0.0,0,0,,,,
<DATA_ROOT>\data_raw\mofsimplify\5737968\SciData\SciData\blinded_test_set\blinded_TGA\TUMDAI.csv,data_raw\mofsimplify\5737968\SciData\SciData\blinded_test_set\blinded_TGA\TUMDAI.csv,TUMDAI.csv,.csv,Other/unknown,Other/unknown,general_metadata,183,0.00017452239990234375,2026-06-11T11:51:55,<DATA_ROOT>\data_raw\mofsimplify\5737968\SciData\SciData\blinded_test_set\blinded_TGA\TUMDAI.csv,ok,50000,",",4.0,2.0,0.003,4.0,line_count,True,2,4,2,0,0,0,2,0,0.0,0,0,,,,
<DATA_ROOT>\data_raw\mofsimplify\5737968\SciData\SciData\blinded_test_set\blinded_TGA\XEJWUG.csv,data_raw\mofsimplify\5737968\SciData\SciData\blinded_test_set\blinded_TGA\XEJWUG.csv,XEJWUG.csv,.csv,Other/unknown,Other/unknown,general_metadata,183,0.00017452239990234375,2026-06-11T11:51:55,<DATA_ROOT>\data_raw\mofsimplify\5737968\SciData\SciData\blinded_test_set\blinded_TGA\XEJWUG.csv,ok,50000,",",4.0,2.0,0.002,4.0,line_count,True,2,4,2,0,0,0,2,0,0.0,0,0,,,,
<DATA_ROOT>\data_raw\mofsimplify\5737968\SciData\SciData\blinded_test_set\blinded_TGA\BIBBUL.csv,data_raw\mofsimplify\5737968\SciData\SciData\blinded_test_set\blinded_TGA\BIBBUL.csv,BIBBUL.csv,.csv,Other/unknown,Other/unknown,general_metadata,182,0.0001735687255859375,2026-06-11T11:51:54,<DATA_ROOT>\data_raw\mofsimplify\5737968\SciData\SciData\blinded_test_set\blinded_TGA\BIBBUL.csv,ok,50000,",",4.0,2.0,0.016,4.0,line_count,True,2,4,2,0,0,0,2,0,0.0,0,0,,,,
<DATA_ROOT>\data_raw\mofsimplify\5737968\SciData\SciData\blinded_test_set\blinded_TGA\GAJTUI.csv,data_raw\mofsimplify\5737968\SciData\SciData\blinded_test_set\blinded_TGA\GAJTUI.csv,GAJTUI.csv,.csv,Other/unknown,Other/unknown,general_metadata,182,0.0001735687255859375,2026-06-11T11:51:55,<DATA_ROOT>\data_raw\mofsimplify\5737968\SciData\SciData\blinded_test_set\blinded_TGA\GAJTUI.csv,ok,50000,",",4.0,2.0,0.01,4.0,line_count,True,2,4,2,0,0,0,2,0,0.0,0,0,,,,
<DATA_ROOT>\data_raw\mofsimplify\5737968\SciData\SciData\blinded_test_set\blinded_TGA\MUFJAZ.csv,data_raw\mofsimplify\5737968\SciData\SciData\blinded_test_set\blinded_TGA\MUFJAZ.csv,MUFJAZ.csv,.csv,Other/unknown,Other/unknown,general_metadata,182,0.0001735687255859375,2026-06-11T11:51:55,<DATA_ROOT>\data_raw\mofsimplify\5737968\SciData\SciData\blinded_test_set\blinded_TGA\MUFJAZ.csv,ok,50000,",",4.0,2.0,0.004,4.0,line_count,True,2,4,2,0,0,0,2,0,0.0,0,0,,,,
<DATA_ROOT>\data_raw\mofsimplify\5737968\SciData\SciData\blinded_test_set\blinded_TGA\TEJGAS.csv,data_raw\mofsimplify\5737968\SciData\SciData\blinded_test_set\blinded_TGA\TEJGAS.csv,TEJGAS.csv,.csv,Other/unknown,Other/unknown,general_metadata,182,0.0001735687255859375,2026-06-11T11:51:55,<DATA_ROOT>\data_raw\mofsimplify\5737968\SciData\SciData\blinded_test_set\blinded_TGA\TEJGAS.csv,ok,50000,",",4.0,2.0,0.002,4.0,line_count,True,2,4,2,0,0,0,2,0,0.0,0,0,,,,
<DATA_ROOT>\data_raw\mofsimplify\5737968\SciData\SciData\blinded_test_set\blinded_TGA\UTUMAY.csv,data_raw\mofsimplify\5737968\SciData\SciData\blinded_test_set\blinded_TGA\UTUMAY.csv,UTUMAY.csv,.csv,Other/unknown,Other/unknown,general_metadata,182,0.0001735687255859375,2026-06-11T11:51:55,<DATA_ROOT>\data_raw\mofsimplify\5737968\SciData\SciData\blinded_test_set\blinded_TGA\UTUMAY.csv,ok,50000,",",4.0,2.0,0.015,4.0,line_count,True,2,4,2,0,0,0,2,0,0.0,0,0,,,,
<DATA_ROOT>\data_raw\mofsimplify\5737968\SciData\SciData\blinded_test_set\blinded_TGA\AVIHOE.csv,data_raw\mofsimplify\5737968\SciData\SciData\blinded_test_set\blinded_TGA\AVIHOE.csv,AVIHOE.csv,.csv,Other/unknown,Other/unknown,general_metadata,181,0.00017261505126953125,2026-06-11T11:51:54,<DATA_ROOT>\data_raw\mofsimplify\5737968\SciData\SciData\blinded_test_set\blinded_TGA\AVIHOE.csv,ok,50000,",",4.0,2.0,0.003,4.0,line_count,True,2,4,2,0,0,0,2,0,0.0,0,0,,,,
<DATA_ROOT>\data_raw\mofsimplify\5737968\SciData\SciData\blinded_test_set\blinded_TGA\DIVSUY.csv,data_raw\mofsimplify\5737968\SciData\SciData\blinded_test_set\blinded_TGA\DIVSUY.csv,DIVSUY.csv,.csv,Other/unknown,Other/unknown,general_metadata,181,0.00017261505126953125,2026-06-11T11:51:55,<DATA_ROOT>\data_raw\mofsimplify\5737968\SciData\SciData\blinded_test_set\blinded_TGA\DIVSUY.csv,ok,50000,",",4.0,2.0,0.004,4.0,line_count,True,2,4,2,0,0,0,2,0,0.0,0,0,,,,
<DATA_ROOT>\data_raw\mofsimplify\5737968\SciData\SciData\blinded_test_set\blinded_TGA\ELAZEX.csv,data_raw\mofsimplify\5737968\SciData\SciData\blinded_test_set\blinded_TGA\ELAZEX.csv,ELAZEX.csv,.csv,Other/unknown,Other/unknown,general_metadata,181,0.00017261505126953125,2026-06-11T11:51:55,<DATA_ROOT>\data_raw\mofsimplify\5737968\SciData\SciData\blinded_test_set\blinded_TGA\ELAZEX.csv,ok,50000,",",4.0,2.0,0.007,4.0,line_count,True,2,4,2,0,0,0,2,0,0.0,0,0,,,,
<DATA_ROOT>\data_raw\mofsimplify\5737968\SciData\SciData\blinded_test_set\blinded_TGA\HEBTAL.csv,data_raw\mofsimplify\5737968\SciData\SciData\blinded_test_set\blinded_TGA\HEBTAL.csv,HEBTAL.csv,.csv,Other/unknown,Other/unknown,general_metadata,181,0.00017261505126953125,2026-06-11T11:51:55,<DATA_ROOT>\data_raw\mofsimplify\5737968\SciData\SciData\blinded_test_set\blinded_TGA\HEBTAL.csv,ok,50000,",",4.0,2.0,0.003,4.0,line_count,True,2,4,2,0,0,0,2,0,0.0,0,0,,,,
<DATA_ROOT>\data_raw\mofsimplify\5737968\SciData\SciData\blinded_test_set\blinded_TGA\OGAGAF.csv,data_raw\mofsimplify\5737968\SciData\SciData\blinded_test_set\blinded_TGA\OGAGAF.csv,OGAGAF.csv,.csv,Other/unknown,Other/unknown,general_metadata,181,0.00017261505126953125,2026-06-11T11:51:55,<DATA_ROOT>\data_raw\mofsimplify\5737968\SciData\SciData\blinded_test_set\blinded_TGA\OGAGAF.csv,ok,50000,",",4.0,2.0,0.018,4.0,line_count,True,2,4,2,0,0,0,2,0,0.0,0,0,,,,
<DATA_ROOT>\data_raw\mofsimplify\5737968\SciData\SciData\blinded_test_set\blinded_TGA\OQUCOU.csv,data_raw\mofsimplify\5737968\SciData\SciData\blinded_test_set\blinded_TGA\OQUCOU.csv,OQUCOU.csv,.csv,Other/unknown,Other/unknown,general_metadata,181,0.00017261505126953125,2026-06-11T11:51:55,<DATA_ROOT>\data_raw\mofsimplify\5737968\SciData\SciData\blinded_test_set\blinded_TGA\OQUCOU.csv,ok,50000,",",4.0,2.0,0.002,4.0,line_count,True,2,4,2,0,0,0,2,0,0.0,0,0,,,,
<DATA_ROOT>\data_raw\mofsimplify\5737968\SciData\SciData\blinded_test_set\blinded_TGA\OROLUD.csv,data_raw\mofsimplify\5737968\SciData\SciData\blinded_test_set\blinded_TGA\OROLUD.csv,OROLUD.csv,.csv,Other/unknown,Other/unknown,general_metadata,181,0.00017261505126953125,2026-06-11T11:51:55,<DATA_ROOT>\data_raw\mofsimplify\5737968\SciData\SciData\blinded_test_set\blinded_TGA\OROLUD.csv,ok,50000,",",4.0,2.0,0.003,4.0,line_count,True,2,4,2,0,0,0,2,0,0.0,0,0,,,,
<DATA_ROOT>\data_raw\mofsimplify\5737968\SciData\SciData\blinded_test_set\blinded_TGA\ORULEU.csv,data_raw\mofsimplify\5737968\SciData\SciData\blinded_test_set\blinded_TGA\ORULEU.csv,ORULEU.csv,.csv,Other/unknown,Other/unknown,general_metadata,181,0.00017261505126953125,2026-06-11T11:51:55,<DATA_ROOT>\data_raw\mofsimplify\5737968\SciData\SciData\blinded_test_set\blinded_TGA\ORULEU.csv,ok,50000,",",4.0,2.0,0.004,4.0,line_count,True,2,4,2,0,0,0,2,0,0.0,0,0,,,,
<DATA_ROOT>\data_raw\mofsimplify\5737968\SciData\SciData\blinded_test_set\blinded_TGA\PENNUT.csv,data_raw\mofsimplify\5737968\SciData\SciData\blinded_test_set\blinded_TGA\PENNUT.csv,PENNUT.csv,.csv,Other/unknown,Other/unknown,general_metadata,181,0.00017261505126953125,2026-06-11T11:51:55,<DATA_ROOT>\data_raw\mofsimplify\5737968\SciData\SciData\blinded_test_set\blinded_TGA\PENNUT.csv,ok,50000,",",4.0,2.0,0.01,4.0,line_count,True,2,4,2,0,0,0,2,0,0.0,0,0,,,,
<DATA_ROOT>\data_raw\mofsimplify\5737968\SciData\SciData\blinded_test_set\blinded_TGA\TUMQID.csv,data_raw\mofsimplify\5737968\SciData\SciData\blinded_test_set\blinded_TGA\TUMQID.csv,TUMQID.csv,.csv,Other/unknown,Other/unknown,general_metadata,180,0.000171661376953125,2026-06-11T11:51:55,<DATA_ROOT>\data_raw\mofsimplify\5737968\SciData\SciData\blinded_test_set\blinded_TGA\TUMQID.csv,ok,50000,",",4.0,2.0,0.004,4.0,line_count,True,2,4,2,0,0,0,2,0,0.0,0,0,,,,
<DATA_ROOT>\data_raw\mofsimplify\5737968\SciData\SciData\blinded_test_set\blinded_TGA\XEKMIL.csv,data_raw\mofsimplify\5737968\SciData\SciData\blinded_test_set\blinded_TGA\XEKMIL.csv,XEKMIL.csv,.csv,Other/unknown,Other/unknown,general_metadata,180,0.000171661376953125,2026-06-11T11:51:55,<DATA_ROOT>\data_raw\mofsimplify\5737968\SciData\SciData\blinded_test_set\blinded_TGA\XEKMIL.csv,ok,50000,",",4.0,2.0,0.004,4.0,line_count,True,2,4,2,0,0,0,2,0,0.0,0,0,,,,
<DATA_ROOT>\data_raw\mofsimplify\5737968\SciData\SciData\blinded_test_set\blinded_TGA\NOPJUZ.csv,data_raw\mofsimplify\5737968\SciData\SciData\blinded_test_set\blinded_TGA\NOPJUZ.csv,NOPJUZ.csv,.csv,Other/unknown,Other/unknown,general_metadata,172,0.000164031982421875,2026-06-11T11:51:55,<DATA_ROOT>\data_raw\mofsimplify\5737968\SciData\SciData\blinded_test_set\blinded_TGA\NOPJUZ.csv,ok,50000,",",4.0,2.0,0.004,4.0,line_count,True,2,4,2,0,0,0,2,0,0.0,0,0,,,,
<DATA_ROOT>\data_raw\mofsimplify\5737968\SciData\SciData\blinded_test_set\blinded_TGA\AVAQIX.csv,data_raw\mofsimplify\5737968\SciData\SciData\blinded_test_set\blinded_TGA\AVAQIX.csv,AVAQIX.csv,.csv,Other/unknown,Other/unknown,general_metadata,171,0.00016307830810546875,2026-06-11T11:51:54,<DATA_ROOT>\data_raw\mofsimplify\5737968\SciData\SciData\blinded_test_set\blinded_TGA\AVAQIX.csv,ok,50000,",",4.0,2.0,0.015,4.0,line_count,True,2,4,2,0,0,0,2,0,0.0,0,0,,,,
<DATA_ROOT>\data_raw\mofsimplify\5737968\SciData\SciData\blinded_test_set\blinded_TGA\XEJXAN.csv,data_raw\mofsimplify\5737968\SciData\SciData\blinded_test_set\blinded_TGA\XEJXAN.csv,XEJXAN.csv,.csv,Other/unknown,Other/unknown,general_metadata,170,0.0001621246337890625,2026-06-11T11:51:55,<DATA_ROOT>\data_raw\mofsimplify\5737968\SciData\SciData\blinded_test_set\blinded_TGA\XEJXAN.csv,ok,50000,",",4.0,2.0,0.006,4.0,line_count,True,2,4,2,0,0,0,2,0,0.0,0,0,,,,
<DATA_ROOT>\data_raw\mofsimplify\5737968\SciData\SciData\blinded_test_set\blinded_TGA\AVIHIY.csv,data_raw\mofsimplify\5737968\SciData\SciData\blinded_test_set\blinded_TGA\AVIHIY.csv,AVIHIY.csv,.csv,Other/unknown,Other/unknown,general_metadata,157,0.00014972686767578125,2026-06-11T11:51:54,<DATA_ROOT>\data_raw\mofsimplify\5737968\SciData\SciData\blinded_test_set\blinded_TGA\AVIHIY.csv,ok,50000,",",4.0,2.0,0.006,4.0,line_count,True,2,4,2,0,0,0,2,0,0.0,0,0,,,,
<DATA_ROOT>\data_raw\mofsimplify\5737968\SciData\SciData\blinded_test_set\blinded_TGA\FESTUT.csv,data_raw\mofsimplify\5737968\SciData\SciData\blinded_test_set\blinded_TGA\FESTUT.csv,FESTUT.csv,.csv,Other/unknown,Other/unknown,general_metadata,145,0.00013828277587890625,2026-06-11T11:51:55,<DATA_ROOT>\data_raw\mofsimplify\5737968\SciData\SciData\blinded_test_set\blinded_TGA\FESTUT.csv,ok,50000,",",4.0,2.0,0.014,4.0,line_count,True,2,4,2,0,0,0,2,0,0.0,0,0,,,,
<DATA_ROOT>\PROJECT_DATA_ARCHIVE_STRUCTURE_AND_CONTENTS.txt,PROJECT_DATA_ARCHIVE_STRUCTURE_AND_CONTENTS.txt,PROJECT_DATA_ARCHIVE_STRUCTURE_AND_CONTENTS.txt,.txt,Other/unknown,Other/unknown,structure_or_cif_metadata,5260283,5.016596794128418,2026-06-04T11:53:18,<DATA_ROOT>\PROJECT_DATA_ARCHIVE_STRUCTURE_AND_CONTENTS.txt,failed,50000,",",,,0.09,,unknown,False,0,0,0,0,0,0,0,0,,0,0,,,,The 'low_memory' option is not supported with the 'python' engine
<DATA_ROOT>\data_raw\mofsimplify\5737968\SciData\SciData\not_labeled_structures\SSD_conflicting_solvent_labels.csv,data_raw\mofsimplify\5737968\SciData\SciData\not_labeled_structures\SSD_conflicting_solvent_labels.csv,SSD_conflicting_solvent_labels.csv,.csv,Other/unknown,Other/unknown,structure_or_cif_metadata,2144791,2.0454320907592773,2026-06-11T11:51:57,<DATA_ROOT>\data_raw\mofsimplify\5737968\SciData\SciData\not_labeled_structures\SSD_conflicting_solvent_labels.csv,ok,50000,",",1559.0,4.0,0.229,1558.0,line_count,False,4,1559,0,4,1,0,0,0,0.0,0,0,name,,,
<DATA_ROOT>\data_raw\mofsimplify\5737968\SciData\SciData\not_labeled_structures\TGA_keywords_no_TGA_data.csv,data_raw\mofsimplify\5737968\SciData\SciData\not_labeled_structures\TGA_keywords_no_TGA_data.csv,TGA_keywords_no_TGA_data.csv,.csv,Other/unknown,Other/unknown,structure_or_cif_metadata,1126893,1.0746889114379883,2026-06-11T11:51:57,<DATA_ROOT>\data_raw\mofsimplify\5737968\SciData\SciData\not_labeled_structures\TGA_keywords_no_TGA_data.csv,ok,50000,",",862.0,4.0,0.08,861.0,line_count,False,4,862,0,4,1,0,0,0,0.0,0,0,name,,,
<DATA_ROOT>\data_raw\mofsimplify\5737968\SciData\SciData\not_labeled_structures\SSD_eliminated_RAC_duplicates.csv,data_raw\mofsimplify\5737968\SciData\SciData\not_labeled_structures\SSD_eliminated_RAC_duplicates.csv,SSD_eliminated_RAC_duplicates.csv,.csv,Other/unknown,Other/unknown,structure_or_cif_metadata,92633,0.08834171295166016,2026-06-11T11:51:57,<DATA_ROOT>\data_raw\mofsimplify\5737968\SciData\SciData\not_labeled_structures\SSD_eliminated_RAC_duplicates.csv,ok,50000,",",111.0,179.0,0.046,110.0,line_count,False,179,111,176,3,2,0,174,0,0.0,0,26,name;duplicate_ID,,,
