source_table,target_column,model,split_type,repeat,n_train,n_test,n_numeric_features,n_categorical_features,rmse,mae,r2,spearman,top_1pct_recovery,top_5pct_recovery,top_10pct_recovery,ndcg_10pct,hgb_skipped_due_to_categorical_features,feature_source,target_family,feature_table,task,gas,target_property,target_unit,split_group_column,descriptor_family
ARC-MOF::ARC-MOF adsorption task table::post_comb_vsa_n2.csv,wt%,dummy,random,0,48000,12000,5,0,0.23381967560979408,0.1778563551666667,-0.19015533243490035,,0.0,0.028333333333333332,0.085,0.36333831543301,False,table_local_non_descriptor,uptake_or_loading,,,,,,,
ARC-MOF::ARC-MOF adsorption task table::post_comb_vsa_n2.csv,wt%,ridge,random,0,48000,12000,5,0,0.12383567615831649,0.055856031552492386,0.6661640530314492,0.7553216104524715,0.05,0.23333333333333334,0.3358333333333333,0.6498831873712931,False,table_local_non_descriptor,uptake_or_loading,,,,,,,
ARC-MOF::ARC-MOF adsorption task table::post_comb_vsa_n2.csv,wt%,hgb,random,0,48000,12000,5,0,0.12331130163822573,0.055649422697920975,0.6689852825829325,0.7763122319497716,0.025,0.19666666666666666,0.29583333333333334,0.638632714095207,False,table_local_non_descriptor,uptake_or_loading,,,,,,,
ARC-MOF::ARC-MOF adsorption task table::post_comb_vsa_n2.csv,wt%,randomforest,random,0,48000,12000,5,0,0.13188819694557014,0.06401913182476351,0.6213365377204867,0.7552328083983386,0.025,0.13166666666666665,0.235,0.6160776363308808,False,table_local_non_descriptor,uptake_or_loading,,,,,,,
ARC-MOF::ARC-MOF adsorption task table::post_comb_vsa_n2.csv,wt%,extratrees,random,0,48000,12000,5,0,0.14483171666508332,0.07050453919810405,0.5433653153871527,0.7502102601278401,0.03333333333333333,0.13333333333333333,0.22916666666666666,0.6095377057945317,False,table_local_non_descriptor,uptake_or_loading,,,,,,,
ARC-MOF::ARC-MOF adsorption task table::post_comb_vsa_n2.csv,wt%,dummy,random,1,48000,12000,5,0,0.21814508952722078,0.1750503095,-0.19776577832409137,,0.008333333333333333,0.035,0.10333333333333333,0.38899833888346913,False,table_local_non_descriptor,uptake_or_loading,,,,,,,
ARC-MOF::ARC-MOF adsorption task table::post_comb_vsa_n2.csv,wt%,ridge,random,1,48000,12000,5,0,0.09928615569468974,0.05362189252317906,0.7518819218889916,0.7560977874108701,0.058333333333333334,0.21833333333333332,0.29833333333333334,0.6890082234440146,False,table_local_non_descriptor,uptake_or_loading,,,,,,,
ARC-MOF::ARC-MOF adsorption task table::post_comb_vsa_n2.csv,wt%,hgb,random,1,48000,12000,5,0,0.09895229856001583,0.05349791220947227,0.7535477476817024,0.7769509956001769,0.041666666666666664,0.19166666666666668,0.2833333333333333,0.6773619401636477,False,table_local_non_descriptor,uptake_or_loading,,,,,,,
ARC-MOF::ARC-MOF adsorption task table::post_comb_vsa_n2.csv,wt%,randomforest,random,1,48000,12000,5,0,0.11219406956805125,0.06209445267583997,0.6831739956012202,0.7606978421399286,0.05,0.14333333333333334,0.24,0.6613432822935601,False,table_local_non_descriptor,uptake_or_loading,,,,,,,
ARC-MOF::ARC-MOF adsorption task table::post_comb_vsa_n2.csv,wt%,extratrees,random,1,48000,12000,5,0,0.13331273530830767,0.0690478768332927,0.552673840336159,0.755744903336123,0.025,0.14,0.23333333333333334,0.6620949666259153,False,table_local_non_descriptor,uptake_or_loading,,,,,,,
ARC-MOF::ARC-MOF adsorption task table::post_comb_vsa_n2.csv,wt%,dummy,random,2,48000,12000,5,0,0.229649346490626,0.17819629225000003,-0.2181153299508085,,0.008333333333333333,0.04666666666666667,0.09333333333333334,0.3657201877100287,False,table_local_non_descriptor,uptake_or_loading,,,,,,,
ARC-MOF::ARC-MOF adsorption task table::post_comb_vsa_n2.csv,wt%,ridge,random,2,48000,12000,5,0,0.11306490795593659,0.05607445869754803,0.7047338589837784,0.7583814615438879,0.09166666666666666,0.21666666666666667,0.315,0.6670442436176341,False,table_local_non_descriptor,uptake_or_loading,,,,,,,
ARC-MOF::ARC-MOF adsorption task table::post_comb_vsa_n2.csv,wt%,hgb,random,2,48000,12000,5,0,0.11251786151729923,0.055855820230978875,0.7075841427563032,0.7783682073707862,0.03333333333333333,0.205,0.285,0.66156844073471,False,table_local_non_descriptor,uptake_or_loading,,,,,,,
ARC-MOF::ARC-MOF adsorption task table::post_comb_vsa_n2.csv,wt%,randomforest,random,2,48000,12000,5,0,0.12823759463600526,0.06509877643957579,0.620170486124631,0.757461741175665,0.025,0.12666666666666668,0.22583333333333333,0.6306487337056548,False,table_local_non_descriptor,uptake_or_loading,,,,,,,
ARC-MOF::ARC-MOF adsorption task table::post_comb_vsa_n2.csv,wt%,extratrees,random,2,48000,12000,5,0,0.14328178644488962,0.07167890396482414,0.5258235767752795,0.7539840788063564,0.041666666666666664,0.13333333333333333,0.22,0.6251651538878552,False,table_local_non_descriptor,uptake_or_loading,,,,,,,
ARC-MOF::ARC-MOF adsorption task table::post_comb_vsa_n2.csv,wt%,dummy,random,3,48000,12000,5,0,0.22281387419540027,0.17505595341666666,-0.1613408827150542,,0.008333333333333333,0.043333333333333335,0.10583333333333333,0.35849967330061,False,table_local_non_descriptor,uptake_or_loading,,,,,,,
ARC-MOF::ARC-MOF adsorption task table::post_comb_vsa_n2.csv,wt%,ridge,random,3,48000,12000,5,0,0.11230528421771813,0.054777264746946656,0.7049635748052638,0.7514085501185478,0.075,0.21833333333333332,0.3258333333333333,0.6706949153387598,False,table_local_non_descriptor,uptake_or_loading,,,,,,,
ARC-MOF::ARC-MOF adsorption task table::post_comb_vsa_n2.csv,wt%,hgb,random,3,48000,12000,5,0,0.11196665183141521,0.05480370527203354,0.7067401298897644,0.7754988242768662,0.008333333333333333,0.20333333333333334,0.29833333333333334,0.649310688150172,False,table_local_non_descriptor,uptake_or_loading,,,,,,,
ARC-MOF::ARC-MOF adsorption task table::post_comb_vsa_n2.csv,wt%,randomforest,random,3,48000,12000,5,0,0.1274354036792922,0.06405036634331895,0.6201121070902467,0.7543791914892648,0.03333333333333333,0.125,0.24,0.6315023027784165,False,table_local_non_descriptor,uptake_or_loading,,,,,,,
ARC-MOF::ARC-MOF adsorption task table::post_comb_vsa_n2.csv,wt%,extratrees,random,3,48000,12000,5,0,0.14412114025985676,0.07053385483381877,0.5141181976991298,0.7497404573142968,0.041666666666666664,0.13166666666666665,0.22916666666666666,0.6275783411391175,False,table_local_non_descriptor,uptake_or_loading,,,,,,,
ARC-MOF::ARC-MOF adsorption task table::post_comb_vsa_n2.csv,wt%,dummy,random,4,48000,12000,5,0,0.2198541012576164,0.17461228908333334,-0.15549724223087624,,0.0,0.043333333333333335,0.1075,0.37993202786888886,False,table_local_non_descriptor,uptake_or_loading,,,,,,,
ARC-MOF::ARC-MOF adsorption task table::post_comb_vsa_n2.csv,wt%,ridge,random,4,48000,12000,5,0,0.10832219405544913,0.05478265002729144,0.7194988370048674,0.7515348230195934,0.06666666666666667,0.22666666666666666,0.31416666666666665,0.6659673666893413,False,table_local_non_descriptor,uptake_or_loading,,,,,,,
ARC-MOF::ARC-MOF adsorption task table::post_comb_vsa_n2.csv,wt%,hgb,random,4,48000,12000,5,0,0.1081109026606239,0.05459768606191784,0.720592051178268,0.777210108801256,0.041666666666666664,0.20833333333333334,0.305,0.6609706836777102,False,table_local_non_descriptor,uptake_or_loading,,,,,,,
ARC-MOF::ARC-MOF adsorption task table::post_comb_vsa_n2.csv,wt%,randomforest,random,4,48000,12000,5,0,0.11884525548269921,0.06313032136044905,0.6623525552803371,0.7543771085065477,0.041666666666666664,0.13333333333333333,0.2225,0.6436000533841472,False,table_local_non_descriptor,uptake_or_loading,,,,,,,
ARC-MOF::ARC-MOF adsorption task table::post_comb_vsa_n2.csv,wt%,extratrees,random,4,48000,12000,5,0,0.13066203588236422,0.06933507117305114,0.5918699130296668,0.749251051573131,0.03333333333333333,0.09666666666666666,0.20833333333333334,0.6331724050956976,False,table_local_non_descriptor,uptake_or_loading,,,,,,,
ARC-MOF::ARC-MOF adsorption task table::post_comb_vsa_n2.csv,wt%,dummy,random,5,48000,12000,5,0,0.23164885853688194,0.17740912041666665,-0.2079170618838566,,0.008333333333333333,0.051666666666666666,0.09833333333333333,0.3757684719218538,False,table_local_non_descriptor,uptake_or_loading,,,,,,,
ARC-MOF::ARC-MOF adsorption task table::post_comb_vsa_n2.csv,wt%,ridge,random,5,48000,12000,5,0,0.11953972767427073,0.05503152342623264,0.6783368497705438,0.7513449995161938,0.075,0.2,0.305,0.6469807086695507,False,table_local_non_descriptor,uptake_or_loading,,,,,,,
ARC-MOF::ARC-MOF adsorption task table::post_comb_vsa_n2.csv,wt%,hgb,random,5,48000,12000,5,0,0.11905005861887631,0.05490589908612599,0.6809667016863747,0.7777831323661282,0.06666666666666667,0.2,0.28,0.6416448165846239,False,table_local_non_descriptor,uptake_or_loading,,,,,,,
ARC-MOF::ARC-MOF adsorption task table::post_comb_vsa_n2.csv,wt%,randomforest,random,5,48000,12000,5,0,0.1310753472012177,0.06392129143595181,0.6132602428110532,0.7540766442339947,0.03333333333333333,0.13333333333333333,0.225,0.6166549804087644,False,table_local_non_descriptor,uptake_or_loading,,,,,,,
ARC-MOF::ARC-MOF adsorption task table::post_comb_vsa_n2.csv,wt%,extratrees,random,5,48000,12000,5,0,0.14453871470484186,0.07101371696264869,0.5297322858460072,0.7480823682555009,0.016666666666666666,0.11166666666666666,0.21,0.6108836549455718,False,table_local_non_descriptor,uptake_or_loading,,,,,,,
ARC-MOF::ARC-MOF adsorption task table::post_comb_vsa_n2.csv,wt%,dummy,random,6,48000,12000,5,0,0.23376029333694948,0.17688877525,-0.18841311330768296,,0.016666666666666666,0.05333333333333334,0.11083333333333334,0.36367817816881126,False,table_local_non_descriptor,uptake_or_loading,,,,,,,
ARC-MOF::ARC-MOF adsorption task table::post_comb_vsa_n2.csv,wt%,ridge,random,6,48000,12000,5,0,0.12518675373237012,0.05603367640007071,0.6591661631230227,0.7514843013128046,0.1,0.21833333333333332,0.30083333333333334,0.6314563129832897,False,table_local_non_descriptor,uptake_or_loading,,,,,,,
ARC-MOF::ARC-MOF adsorption task table::post_comb_vsa_n2.csv,wt%,hgb,random,6,48000,12000,5,0,0.1246431076842786,0.055641825976315736,0.6621200001529086,0.7774415394865958,0.06666666666666667,0.20666666666666667,0.3016666666666667,0.6395253608300852,False,table_local_non_descriptor,uptake_or_loading,,,,,,,
ARC-MOF::ARC-MOF adsorption task table::post_comb_vsa_n2.csv,wt%,randomforest,random,6,48000,12000,5,0,0.13410371049288608,0.06411159289625391,0.6088822399567649,0.7553369452968817,0.03333333333333333,0.13333333333333333,0.23166666666666666,0.6091396202108469,False,table_local_non_descriptor,uptake_or_loading,,,,,,,
ARC-MOF::ARC-MOF adsorption task table::post_comb_vsa_n2.csv,wt%,extratrees,random,6,48000,12000,5,0,0.14681891706096326,0.07062466775936739,0.5311974331538648,0.7538710541946491,0.025,0.13,0.22666666666666666,0.6008967295469684,False,table_local_non_descriptor,uptake_or_loading,,,,,,,
ARC-MOF::ARC-MOF adsorption task table::post_comb_vsa_n2.csv,wt%,dummy,random,7,48000,12000,5,0,0.2408849142331309,0.17639651133333334,-0.1483813028604497,,0.008333333333333333,0.058333333333333334,0.09916666666666667,0.3638710936575001,False,table_local_non_descriptor,uptake_or_loading,,,,,,,
ARC-MOF::ARC-MOF adsorption task table::post_comb_vsa_n2.csv,wt%,ridge,random,7,48000,12000,5,0,0.1414172653015184,0.05538289940419338,0.6042036568674118,0.7570121140763962,0.09166666666666666,0.23166666666666666,0.3275,0.6227957301584452,False,table_local_non_descriptor,uptake_or_loading,,,,,,,
ARC-MOF::ARC-MOF adsorption task table::post_comb_vsa_n2.csv,wt%,hgb,random,7,48000,12000,5,0,0.1409266909544709,0.055031197039089916,0.6069449169260183,0.7788576234316995,0.06666666666666667,0.225,0.32916666666666666,0.6268919944473493,False,table_local_non_descriptor,uptake_or_loading,,,,,,,
ARC-MOF::ARC-MOF adsorption task table::post_comb_vsa_n2.csv,wt%,randomforest,random,7,48000,12000,5,0,0.1504178333777782,0.06411673668191349,0.5522190993352508,0.7580295247893525,0.025,0.13166666666666665,0.24083333333333334,0.5916896045193364,False,table_local_non_descriptor,uptake_or_loading,,,,,,,
ARC-MOF::ARC-MOF adsorption task table::post_comb_vsa_n2.csv,wt%,extratrees,random,7,48000,12000,5,0,0.1638330179194163,0.07117260169413714,0.4687856839334117,0.7516055380758183,0.025,0.12333333333333334,0.22333333333333333,0.579830509003824,False,table_local_non_descriptor,uptake_or_loading,,,,,,,
ARC-MOF::ARC-MOF adsorption task table::post_comb_vsa_n2.csv,wt%,dummy,random,8,48000,12000,5,0,0.2309051632284156,0.17645209908333329,-0.17883665808064309,,0.016666666666666666,0.055,0.0875,0.3547525234594948,False,table_local_non_descriptor,uptake_or_loading,,,,,,,
ARC-MOF::ARC-MOF adsorption task table::post_comb_vsa_n2.csv,wt%,ridge,random,8,48000,12000,5,0,0.12187014782436156,0.05480494767738043,0.6716167324260927,0.7548746315290927,0.125,0.22833333333333333,0.31916666666666665,0.6520505591320735,False,table_local_non_descriptor,uptake_or_loading,,,,,,,
ARC-MOF::ARC-MOF adsorption task table::post_comb_vsa_n2.csv,wt%,hgb,random,8,48000,12000,5,0,0.12134619345794398,0.05456133380160289,0.6744342884429169,0.7781120913257504,0.058333333333333334,0.225,0.2966666666666667,0.6511290127082899,False,table_local_non_descriptor,uptake_or_loading,,,,,,,
ARC-MOF::ARC-MOF adsorption task table::post_comb_vsa_n2.csv,wt%,randomforest,random,8,48000,12000,5,0,0.133135763605543,0.06416242682731715,0.6080995057149932,0.7526522175164144,0.041666666666666664,0.12666666666666668,0.23583333333333334,0.6143977627426639,False,table_local_non_descriptor,uptake_or_loading,,,,,,,
ARC-MOF::ARC-MOF adsorption task table::post_comb_vsa_n2.csv,wt%,extratrees,random,8,48000,12000,5,0,0.14833283401614172,0.07055743376983217,0.5135245451012203,0.7515091469896324,0.05,0.13666666666666666,0.22083333333333333,0.6171904298643648,False,table_local_non_descriptor,uptake_or_loading,,,,,,,
ARC-MOF::ARC-MOF adsorption task table::post_comb_vsa_n2.csv,wt%,dummy,random,9,48000,12000,5,0,0.22196879146664253,0.17467908183333333,-0.1732826614317322,,0.0,0.03666666666666667,0.08916666666666667,0.36752914921659885,False,table_local_non_descriptor,uptake_or_loading,,,,,,,
ARC-MOF::ARC-MOF adsorption task table::post_comb_vsa_n2.csv,wt%,ridge,random,9,48000,12000,5,0,0.1106282492122363,0.05462643186114668,0.7085588334790673,0.7503788831478221,0.06666666666666667,0.21166666666666667,0.3075,0.667739643232706,False,table_local_non_descriptor,uptake_or_loading,,,,,,,
ARC-MOF::ARC-MOF adsorption task table::post_comb_vsa_n2.csv,wt%,hgb,random,9,48000,12000,5,0,0.11019012784082124,0.05443410211678122,0.7108626530849987,0.7750376562076042,0.05,0.185,0.2733333333333333,0.6533634071668528,False,table_local_non_descriptor,uptake_or_loading,,,,,,,
ARC-MOF::ARC-MOF adsorption task table::post_comb_vsa_n2.csv,wt%,randomforest,random,9,48000,12000,5,0,0.12178306850574813,0.06302880290340163,0.6468228131810752,0.7543127392836787,0.041666666666666664,0.15166666666666667,0.22,0.6300220507586017,False,table_local_non_descriptor,uptake_or_loading,,,,,,,
ARC-MOF::ARC-MOF adsorption task table::post_comb_vsa_n2.csv,wt%,extratrees,random,9,48000,12000,5,0,0.13831846555265578,0.0704634701866453,0.5444047970672297,0.7486006857229441,0.03333333333333333,0.145,0.22416666666666665,0.6324603690843036,False,table_local_non_descriptor,uptake_or_loading,,,,,,,
ARC-MOF::ARC-MOF adsorption task table::post_comb_vsa_n2.csv,v/v,dummy,random,0,48000,12000,5,0,1.7733139443026391,0.8970157849999999,-0.03648368819448189,,0.008333333333333333,0.06166666666666667,0.09916666666666667,0.2882906045266127,False,table_local_non_descriptor,uptake_or_loading,,,,,,,
ARC-MOF::ARC-MOF adsorption task table::post_comb_vsa_n2.csv,v/v,ridge,random,0,48000,12000,5,0,1.4947655734511982,0.34112961950412424,0.2635599696359042,0.8560243544708969,0.10833333333333334,0.39166666666666666,0.515,0.5772839350221879,False,table_local_non_descriptor,uptake_or_loading,,,,,,,
ARC-MOF::ARC-MOF adsorption task table::post_comb_vsa_n2.csv,v/v,hgb,random,0,48000,12000,5,0,1.4882710145202935,0.3285728899607065,0.26994553648125696,0.8551213078192558,0.09166666666666666,0.37166666666666665,0.5025,0.5624478763723788,False,table_local_non_descriptor,uptake_or_loading,,,,,,,
ARC-MOF::ARC-MOF adsorption task table::post_comb_vsa_n2.csv,v/v,randomforest,random,0,48000,12000,5,0,1.5441127789867712,0.3693678892215753,0.21413264623180928,0.8235685159731898,0.1,0.2966666666666667,0.4325,0.5420264728316988,False,table_local_non_descriptor,uptake_or_loading,,,,,,,
ARC-MOF::ARC-MOF adsorption task table::post_comb_vsa_n2.csv,v/v,extratrees,random,0,48000,12000,5,0,1.6855239341414314,0.4028465821214786,0.06360074157936502,0.8099086490358899,0.06666666666666667,0.26166666666666666,0.3925,0.5284335522791603,False,table_local_non_descriptor,uptake_or_loading,,,,,,,
ARC-MOF::ARC-MOF adsorption task table::post_comb_vsa_n2.csv,v/v,dummy,random,1,48000,12000,5,0,1.2955144073494655,0.8914152367500001,-0.059959592319803745,,0.008333333333333333,0.045,0.10333333333333333,0.31288147684950013,False,table_local_non_descriptor,uptake_or_loading,,,,,,,
ARC-MOF::ARC-MOF adsorption task table::post_comb_vsa_n2.csv,v/v,ridge,random,1,48000,12000,5,0,0.8766697091245592,0.32503012253753094,0.5146256553466313,0.851508261983274,0.14166666666666666,0.365,0.49,0.6865783311534434,False,table_local_non_descriptor,uptake_or_loading,,,,,,,
ARC-MOF::ARC-MOF adsorption task table::post_comb_vsa_n2.csv,v/v,hgb,random,1,48000,12000,5,0,0.8708887474880066,0.3198316137498625,0.5210058894561639,0.8491813746467775,0.15833333333333333,0.31166666666666665,0.46,0.6699556550756074,False,table_local_non_descriptor,uptake_or_loading,,,,,,,
ARC-MOF::ARC-MOF adsorption task table::post_comb_vsa_n2.csv,v/v,randomforest,random,1,48000,12000,5,0,1.0745207515125008,0.36995469067739284,0.27082053520873417,0.8219807489500803,0.09166666666666666,0.2833333333333333,0.42833333333333334,0.6470430179083001,False,table_local_non_descriptor,uptake_or_loading,,,,,,,
ARC-MOF::ARC-MOF adsorption task table::post_comb_vsa_n2.csv,v/v,extratrees,random,1,48000,12000,5,0,1.4164537780459392,0.4005104339449471,-0.26709631954988855,0.8104267523822696,0.09166666666666666,0.245,0.3858333333333333,0.6214594370303822,False,table_local_non_descriptor,uptake_or_loading,,,,,,,
ARC-MOF::ARC-MOF adsorption task table::post_comb_vsa_n2.csv,v/v,dummy,random,2,48000,12000,5,0,1.5661444485955511,0.90453455975,-0.05214128049593181,,0.008333333333333333,0.035,0.09333333333333334,0.2770876135500876,False,table_local_non_descriptor,uptake_or_loading,,,,,,,
ARC-MOF::ARC-MOF adsorption task table::post_comb_vsa_n2.csv,v/v,ridge,random,2,48000,12000,5,0,1.2365074554893232,0.3431055514032173,0.3441509284093943,0.8545398803425998,0.08333333333333333,0.39,0.485,0.605221448224011,False,table_local_non_descriptor,uptake_or_loading,,,,,,,
ARC-MOF::ARC-MOF adsorption task table::post_comb_vsa_n2.csv,v/v,hgb,random,2,48000,12000,5,0,1.2271671294585842,0.3314671703681439,0.3540218069675545,0.8521187368788266,0.11666666666666667,0.3433333333333333,0.4508333333333333,0.590578806840248,False,table_local_non_descriptor,uptake_or_loading,,,,,,,
ARC-MOF::ARC-MOF adsorption task table::post_comb_vsa_n2.csv,v/v,randomforest,random,2,48000,12000,5,0,1.524194855893942,0.394587940483495,0.0034676245228216773,0.8215583947980236,0.075,0.28833333333333333,0.42,0.5661265049231529,False,table_local_non_descriptor,uptake_or_loading,,,,,,,
ARC-MOF::ARC-MOF adsorption task table::post_comb_vsa_n2.csv,v/v,extratrees,random,2,48000,12000,5,0,1.671120483931177,0.42401839722222817,-0.1979148669999069,0.808944118245927,0.06666666666666667,0.25333333333333335,0.3775,0.5419189527110575,False,table_local_non_descriptor,uptake_or_loading,,,,,,,
ARC-MOF::ARC-MOF adsorption task table::post_comb_vsa_n2.csv,v/v,dummy,random,3,48000,12000,5,0,1.6072648300325816,0.8993167436666668,-0.034906382667212243,,0.008333333333333333,0.03833333333333333,0.09833333333333333,0.26972550450841676,False,table_local_non_descriptor,uptake_or_loading,,,,,,,
ARC-MOF::ARC-MOF adsorption task table::post_comb_vsa_n2.csv,v/v,ridge,random,3,48000,12000,5,0,1.291462358341246,0.34173716893458855,0.3318258233469986,0.8517838277693308,0.08333333333333333,0.36833333333333335,0.49833333333333335,0.612875599421773,False,table_local_non_descriptor,uptake_or_loading,,,,,,,
ARC-MOF::ARC-MOF adsorption task table::post_comb_vsa_n2.csv,v/v,hgb,random,3,48000,12000,5,0,1.280514959601832,0.3319280488218355,0.3431056974697214,0.850242479992991,0.1,0.31833333333333336,0.465,0.5948681319925796,False,table_local_non_descriptor,uptake_or_loading,,,,,,,
ARC-MOF::ARC-MOF adsorption task table::post_comb_vsa_n2.csv,v/v,randomforest,random,3,48000,12000,5,0,1.4330729753639262,0.38332543702093425,0.1772596547383689,0.8215973732669348,0.058333333333333334,0.26666666666666666,0.42833333333333334,0.5908032537893133,False,table_local_non_descriptor,uptake_or_loading,,,,,,,
ARC-MOF::ARC-MOF adsorption task table::post_comb_vsa_n2.csv,v/v,extratrees,random,3,48000,12000,5,0,1.6305886519671904,0.41075170597759353,-0.06516040280547397,0.810472216137607,0.06666666666666667,0.245,0.3875,0.5705530281065191,False,table_local_non_descriptor,uptake_or_loading,,,,,,,
ARC-MOF::ARC-MOF adsorption task table::post_comb_vsa_n2.csv,v/v,dummy,random,4,48000,12000,5,0,1.5336970292932548,0.8867905312500001,-0.03537076922014326,,0.008333333333333333,0.06166666666666667,0.10333333333333333,0.31754753003309916,False,table_local_non_descriptor,uptake_or_loading,,,,,,,
ARC-MOF::ARC-MOF adsorption task table::post_comb_vsa_n2.csv,v/v,ridge,random,4,48000,12000,5,0,1.2096730009121737,0.3343184242590158,0.3559008556853953,0.8519813239801415,0.09166666666666666,0.38166666666666665,0.5025,0.6374649034926869,False,table_local_non_descriptor,uptake_or_loading,,,,,,,
ARC-MOF::ARC-MOF adsorption task table::post_comb_vsa_n2.csv,v/v,hgb,random,4,48000,12000,5,0,1.2001596505661873,0.3229290686991749,0.36599192343987386,0.8499795392771641,0.058333333333333334,0.3616666666666667,0.4875,0.606100230249131,False,table_local_non_descriptor,uptake_or_loading,,,,,,,
ARC-MOF::ARC-MOF adsorption task table::post_comb_vsa_n2.csv,v/v,randomforest,random,4,48000,12000,5,0,1.3019947636929177,0.3716779299018482,0.2538344016157493,0.8216266998052923,0.125,0.3016666666666667,0.4275,0.5966497329635809,False,table_local_non_descriptor,uptake_or_loading,,,,,,,
ARC-MOF::ARC-MOF adsorption task table::post_comb_vsa_n2.csv,v/v,extratrees,random,4,48000,12000,5,0,1.4181826361325218,0.40353419965982645,0.11471914081055812,0.8082308238346596,0.09166666666666666,0.25833333333333336,0.38083333333333336,0.580052444057346,False,table_local_non_descriptor,uptake_or_loading,,,,,,,
ARC-MOF::ARC-MOF adsorption task table::post_comb_vsa_n2.csv,v/v,dummy,random,5,48000,12000,5,0,1.6350255858368472,0.9083235493333334,-0.049696147782246625,,0.0,0.04,0.10083333333333333,0.2842912339505772,False,table_local_non_descriptor,uptake_or_loading,,,,,,,
ARC-MOF::ARC-MOF adsorption task table::post_comb_vsa_n2.csv,v/v,ridge,random,5,48000,12000,5,0,1.312696534457154,0.341819381067411,0.3233825804566407,0.8532047046256909,0.08333333333333333,0.3516666666666667,0.49666666666666665,0.6081431413311552,False,table_local_non_descriptor,uptake_or_loading,,,,,,,
ARC-MOF::ARC-MOF adsorption task table::post_comb_vsa_n2.csv,v/v,hgb,random,5,48000,12000,5,0,1.3043337168387028,0.33383325332362057,0.33197619491082486,0.851068321762851,0.11666666666666667,0.31833333333333336,0.4633333333333333,0.5866648604515502,False,table_local_non_descriptor,uptake_or_loading,,,,,,,
ARC-MOF::ARC-MOF adsorption task table::post_comb_vsa_n2.csv,v/v,randomforest,random,5,48000,12000,5,0,1.4348396879686067,0.38188785146274207,0.19160939266086485,0.8221572610501515,0.09166666666666666,0.2866666666666667,0.43583333333333335,0.5820851375573753,False,table_local_non_descriptor,uptake_or_loading,,,,,,,
ARC-MOF::ARC-MOF adsorption task table::post_comb_vsa_n2.csv,v/v,extratrees,random,5,48000,12000,5,0,1.587196886727203,0.4159236048476263,0.010818232207062684,0.8094060235588232,0.06666666666666667,0.25666666666666665,0.3933333333333333,0.5722012920263932,False,table_local_non_descriptor,uptake_or_loading,,,,,,,
ARC-MOF::ARC-MOF adsorption task table::post_comb_vsa_n2.csv,v/v,dummy,random,6,48000,12000,5,0,1.8358513613138976,0.9194316893333333,-0.04002629605763741,,0.025,0.041666666666666664,0.1025,0.26526496429479124,False,table_local_non_descriptor,uptake_or_loading,,,,,,,
ARC-MOF::ARC-MOF adsorption task table::post_comb_vsa_n2.csv,v/v,ridge,random,6,48000,12000,5,0,1.539003394310256,0.3508095971400562,0.2691160184435236,0.8571667595646957,0.09166666666666666,0.37833333333333335,0.49666666666666665,0.586481774437865,False,table_local_non_descriptor,uptake_or_loading,,,,,,,
ARC-MOF::ARC-MOF adsorption task table::post_comb_vsa_n2.csv,v/v,hgb,random,6,48000,12000,5,0,1.5258011045306026,0.34005004067718525,0.2816019608059953,0.8541895695035575,0.14166666666666666,0.35833333333333334,0.4816666666666667,0.5826900142864396,False,table_local_non_descriptor,uptake_or_loading,,,,,,,
ARC-MOF::ARC-MOF adsorption task table::post_comb_vsa_n2.csv,v/v,randomforest,random,6,48000,12000,5,0,1.5735448362790396,0.37671380755514866,0.23593987944968342,0.8232435001000098,0.11666666666666667,0.30333333333333334,0.44083333333333335,0.5680078895339916,False,table_local_non_descriptor,uptake_or_loading,,,,,,,
ARC-MOF::ARC-MOF adsorption task table::post_comb_vsa_n2.csv,v/v,extratrees,random,6,48000,12000,5,0,1.7204895254730608,0.4123436356828302,0.08657403166475386,0.8118037662404797,0.06666666666666667,0.24166666666666667,0.4041666666666667,0.5529169214571074,False,table_local_non_descriptor,uptake_or_loading,,,,,,,
ARC-MOF::ARC-MOF adsorption task table::post_comb_vsa_n2.csv,v/v,dummy,random,7,48000,12000,5,0,2.1860841156758712,0.9060402701666666,-0.022408136153253322,,0.008333333333333333,0.04,0.09,0.2702732623139544,False,table_local_non_descriptor,uptake_or_loading,,,,,,,
ARC-MOF::ARC-MOF adsorption task table::post_comb_vsa_n2.csv,v/v,ridge,random,7,48000,12000,5,0,1.9581321733568482,0.34812540384694074,0.17969649721721948,0.8536247427786339,0.11666666666666667,0.3566666666666667,0.4866666666666667,0.5202933090376023,False,table_local_non_descriptor,uptake_or_loading,,,,,,,
ARC-MOF::ARC-MOF adsorption task table::post_comb_vsa_n2.csv,v/v,hgb,random,7,48000,12000,5,0,1.9493106788454309,0.335419800288955,0.1870708746693993,0.8528205716884213,0.1,0.325,0.47333333333333333,0.5153448069231782,False,table_local_non_descriptor,uptake_or_loading,,,,,,,
ARC-MOF::ARC-MOF adsorption task table::post_comb_vsa_n2.csv,v/v,randomforest,random,7,48000,12000,5,0,2.034076286031965,0.38412725096835615,0.11483337013248252,0.8229405152694312,0.06666666666666667,0.2966666666666667,0.4241666666666667,0.4922344022275882,False,table_local_non_descriptor,uptake_or_loading,,,,,,,
ARC-MOF::ARC-MOF adsorption task table::post_comb_vsa_n2.csv,v/v,extratrees,random,7,48000,12000,5,0,2.1489127984076624,0.4205968846959007,0.012065516705017765,0.8109506513652859,0.10833333333333334,0.26,0.39,0.4760401877561023,False,table_local_non_descriptor,uptake_or_loading,,,,,,,
ARC-MOF::ARC-MOF adsorption task table::post_comb_vsa_n2.csv,v/v,dummy,random,8,48000,12000,5,0,1.7673216842363384,0.8981683176666666,-0.03490215490376025,,0.0,0.06,0.10833333333333334,0.2683347129204009,False,table_local_non_descriptor,uptake_or_loading,,,,,,,
ARC-MOF::ARC-MOF adsorption task table::post_comb_vsa_n2.csv,v/v,ridge,random,8,48000,12000,5,0,1.4830449639988232,0.33796096737924175,0.2712531072340183,0.8496699820214181,0.1,0.3383333333333333,0.4816666666666667,0.575312512406946,False,table_local_non_descriptor,uptake_or_loading,,,,,,,
ARC-MOF::ARC-MOF adsorption task table::post_comb_vsa_n2.csv,v/v,hgb,random,8,48000,12000,5,0,1.4775427698122012,0.32965028952687536,0.2766504739708211,0.849005057079866,0.075,0.335,0.47583333333333333,0.5634483303762985,False,table_local_non_descriptor,uptake_or_loading,,,,,,,
ARC-MOF::ARC-MOF adsorption task table::post_comb_vsa_n2.csv,v/v,randomforest,random,8,48000,12000,5,0,1.5986687295628994,0.38071654621178047,0.15319183025688976,0.8185934686269047,0.075,0.29833333333333334,0.4325,0.5415994999785779,False,table_local_non_descriptor,uptake_or_loading,,,,,,,
ARC-MOF::ARC-MOF adsorption task table::post_comb_vsa_n2.csv,v/v,extratrees,random,8,48000,12000,5,0,1.7569501163995438,0.41232687892204467,-0.022791102417818898,0.8067503710853405,0.1,0.265,0.3825,0.5277658744942115,False,table_local_non_descriptor,uptake_or_loading,,,,,,,
ARC-MOF::ARC-MOF adsorption task table::post_comb_vsa_n2.csv,v/v,dummy,random,9,48000,12000,5,0,1.5513311044466738,0.8945542085,-0.04099348628237309,,0.0,0.051666666666666666,0.1025,0.28229007957022056,False,table_local_non_descriptor,uptake_or_loading,,,,,,,
ARC-MOF::ARC-MOF adsorption task table::post_comb_vsa_n2.csv,v/v,ridge,random,9,48000,12000,5,0,1.2263458880847815,0.3293626994724459,0.34947353410982485,0.8527411079427059,0.10833333333333334,0.36,0.5108333333333334,0.6138041245637417,False,table_local_non_descriptor,uptake_or_loading,,,,,,,
ARC-MOF::ARC-MOF adsorption task table::post_comb_vsa_n2.csv,v/v,hgb,random,9,48000,12000,5,0,1.2153337619294642,0.3161609589641382,0.36110404716711697,0.8514447707423451,0.08333333333333333,0.35,0.49666666666666665,0.6018814857280008,False,table_local_non_descriptor,uptake_or_loading,,,,,,,
ARC-MOF::ARC-MOF adsorption task table::post_comb_vsa_n2.csv,v/v,randomforest,random,9,48000,12000,5,0,1.3804111920933382,0.36920822110813456,0.1757556949694702,0.8227176913955232,0.125,0.2966666666666667,0.43166666666666664,0.5744196809810539,False,table_local_non_descriptor,uptake_or_loading,,,,,,,
ARC-MOF::ARC-MOF adsorption task table::post_comb_vsa_n2.csv,v/v,extratrees,random,9,48000,12000,5,0,1.5907053479020075,0.4030519024306363,-0.09450687494994847,0.8074480267759031,0.10833333333333334,0.245,0.3925,0.5564413429626486,False,table_local_non_descriptor,uptake_or_loading,,,,,,,
ARC-MOF::ARC-MOF adsorption task table::post_comb_vsa_n2.csv,mmol/g,dummy,random,0,48000,12000,5,0,0.08346701216343896,0.06348974391666667,-0.1901533259104513,,0.0,0.028333333333333332,0.085,0.3633380590935378,False,table_local_non_descriptor,uptake_or_loading,,,,,,,
ARC-MOF::ARC-MOF adsorption task table::post_comb_vsa_n2.csv,mmol/g,ridge,random,0,48000,12000,5,0,0.04420586896119484,0.019939042511331547,0.6661640957099632,0.7553216247702751,0.05,0.23333333333333334,0.3358333333333333,0.6498829796453591,False,table_local_non_descriptor,uptake_or_loading,,,,,,,
ARC-MOF::ARC-MOF adsorption task table::post_comb_vsa_n2.csv,mmol/g,hgb,random,0,48000,12000,5,0,0.044012977559932796,0.019857040348536904,0.6690711117133743,0.7763220084098905,0.025,0.205,0.2941666666666667,0.6373114354876411,False,table_local_non_descriptor,uptake_or_loading,,,,,,,
ARC-MOF::ARC-MOF adsorption task table::post_comb_vsa_n2.csv,mmol/g,randomforest,random,0,48000,12000,5,0,0.047080388617312036,0.022853056664042165,0.6213366632212387,0.7552304856552333,0.025,0.13166666666666665,0.235,0.6160774468699162,False,table_local_non_descriptor,uptake_or_loading,,,,,,,
ARC-MOF::ARC-MOF adsorption task table::post_comb_vsa_n2.csv,mmol/g,extratrees,random,0,48000,12000,5,0,0.05170086857890686,0.025168151738662697,0.5433653552037419,0.750210584698871,0.03333333333333333,0.13333333333333333,0.22916666666666666,0.609537518886557,False,table_local_non_descriptor,uptake_or_loading,,,,,,,
ARC-MOF::ARC-MOF adsorption task table::post_comb_vsa_n2.csv,mmol/g,dummy,random,1,48000,12000,5,0,0.07787159484105015,0.06248806125,-0.1977627110601592,,0.008333333333333333,0.035,0.10333333333333333,0.38899703148370274,False,table_local_non_descriptor,uptake_or_loading,,,,,,,
ARC-MOF::ARC-MOF adsorption task table::post_comb_vsa_n2.csv,mmol/g,ridge,random,1,48000,12000,5,0,0.03544238360063971,0.01914151688626989,0.7518818734672265,0.7560980734892552,0.058333333333333334,0.21833333333333332,0.29833333333333334,0.6890075709763618,False,table_local_non_descriptor,uptake_or_loading,,,,,,,
ARC-MOF::ARC-MOF adsorption task table::post_comb_vsa_n2.csv,mmol/g,hgb,random,1,48000,12000,5,0,0.03531867826095985,0.019094159618164287,0.7536108752353416,0.7785867594395924,0.041666666666666664,0.19166666666666668,0.2833333333333333,0.6800171956855618,False,table_local_non_descriptor,uptake_or_loading,,,,,,,
ARC-MOF::ARC-MOF adsorption task table::post_comb_vsa_n2.csv,mmol/g,randomforest,random,1,48000,12000,5,0,0.04005014289416433,0.022165981423376203,0.6831740179665108,0.7606989982338522,0.05,0.14333333333333334,0.24,0.6613212697530149,False,table_local_non_descriptor,uptake_or_loading,,,,,,,
ARC-MOF::ARC-MOF adsorption task table::post_comb_vsa_n2.csv,mmol/g,extratrees,random,1,48000,12000,5,0,0.04758891632762389,0.024648162708026583,0.5526738567626217,0.755745861265653,0.025,0.14,0.23333333333333334,0.6620944746911757,False,table_local_non_descriptor,uptake_or_loading,,,,,,,
ARC-MOF::ARC-MOF adsorption task table::post_comb_vsa_n2.csv,mmol/g,dummy,random,2,48000,12000,5,0,0.08197847264884545,0.06361109200000001,-0.21811778417763783,,0.008333333333333333,0.04666666666666667,0.09333333333333334,0.3657214102383497,False,table_local_non_descriptor,uptake_or_loading,,,,,,,
ARC-MOF::ARC-MOF adsorption task table::post_comb_vsa_n2.csv,mmol/g,ridge,random,2,48000,12000,5,0,0.04036100814972512,0.02001701265094588,0.7047338578229683,0.7583812785008683,0.09166666666666666,0.21666666666666667,0.315,0.6670448629616046,False,table_local_non_descriptor,uptake_or_loading,,,,,,,
ARC-MOF::ARC-MOF adsorption task table::post_comb_vsa_n2.csv,mmol/g,hgb,random,2,48000,12000,5,0,0.04015884535888369,0.019934300597002536,0.7076843457298798,0.7784985095831742,0.058333333333333334,0.205,0.285,0.6595764536294761,False,table_local_non_descriptor,uptake_or_loading,,,,,,,
ARC-MOF::ARC-MOF adsorption task table::post_comb_vsa_n2.csv,mmol/g,randomforest,random,2,48000,12000,5,0,0.045777293492158797,0.023238531181637132,0.6201694758772831,0.7574603912947723,0.025,0.12666666666666668,0.22583333333333333,0.6306491793644178,False,table_local_non_descriptor,uptake_or_loading,,,,,,,
ARC-MOF::ARC-MOF adsorption task table::post_comb_vsa_n2.csv,mmol/g,extratrees,random,2,48000,12000,5,0,0.05099868066192501,0.025574573066658928,0.5285805242671128,0.7540097415507628,0.041666666666666664,0.13333333333333333,0.22,0.62537981979257,False,table_local_non_descriptor,uptake_or_loading,,,,,,,
ARC-MOF::ARC-MOF adsorption task table::post_comb_vsa_n2.csv,mmol/g,dummy,random,3,48000,12000,5,0,0.07953827219236609,0.06249007991666667,-0.16133946352895712,,0.008333333333333333,0.043333333333333335,0.10583333333333333,0.3584995302390187,False,table_local_non_descriptor,uptake_or_loading,,,,,,,
ARC-MOF::ARC-MOF adsorption task table::post_comb_vsa_n2.csv,mmol/g,ridge,random,3,48000,12000,5,0,0.04008984604540625,0.019553950617836328,0.7049635622135734,0.7514084118485895,0.075,0.21833333333333332,0.3258333333333333,0.6706947776117533,False,table_local_non_descriptor,uptake_or_loading,,,,,,,
ARC-MOF::ARC-MOF adsorption task table::post_comb_vsa_n2.csv,mmol/g,hgb,random,3,48000,12000,5,0,0.03996921518810399,0.019569847602973103,0.7067364277044423,0.7754922151599293,0.008333333333333333,0.19833333333333333,0.29833333333333334,0.6508070195441173,False,table_local_non_descriptor,uptake_or_loading,,,,,,,
ARC-MOF::ARC-MOF adsorption task table::post_comb_vsa_n2.csv,mmol/g,randomforest,random,3,48000,12000,5,0,0.0454913888198575,0.022864426073787372,0.620103519274139,0.7543792442021596,0.03333333333333333,0.125,0.24,0.6315015732308029,False,table_local_non_descriptor,uptake_or_loading,,,,,,,
ARC-MOF::ARC-MOF adsorption task table::post_comb_vsa_n2.csv,mmol/g,extratrees,random,3,48000,12000,5,0,0.051447214414275105,0.025178613869244592,0.5141182253843498,0.7497399928537722,0.041666666666666664,0.13166666666666665,0.22916666666666666,0.627578118562903,False,table_local_non_descriptor,uptake_or_loading,,,,,,,
ARC-MOF::ARC-MOF adsorption task table::post_comb_vsa_n2.csv,mmol/g,dummy,random,4,48000,12000,5,0,0.07848163666641814,0.062331710500000005,-0.15549339107688276,,0.0,0.043333333333333335,0.1075,0.3799320191034526,False,table_local_non_descriptor,uptake_or_loading,,,,,,,
ARC-MOF::ARC-MOF adsorption task table::post_comb_vsa_n2.csv,mmol/g,ridge,random,4,48000,12000,5,0,0.03866799507014628,0.019555877654211518,0.7194988330593091,0.7515350923407808,0.06666666666666667,0.22666666666666666,0.31416666666666665,0.6659673899746977,False,table_local_non_descriptor,uptake_or_loading,,,,,,,
ARC-MOF::ARC-MOF adsorption task table::post_comb_vsa_n2.csv,mmol/g,hgb,random,4,48000,12000,5,0,0.038592130227275145,0.01949087032373292,0.7205984143304978,0.7772106377423116,0.058333333333333334,0.20833333333333334,0.305,0.6607819446545142,False,table_local_non_descriptor,uptake_or_loading,,,,,,,
ARC-MOF::ARC-MOF adsorption task table::post_comb_vsa_n2.csv,mmol/g,randomforest,random,4,48000,12000,5,0,0.04242444052498669,0.022535758961657038,0.6623524438290673,0.7543786015462571,0.041666666666666664,0.13333333333333333,0.2225,0.6435993621706099,False,table_local_non_descriptor,uptake_or_loading,,,,,,,
ARC-MOF::ARC-MOF adsorption task table::post_comb_vsa_n2.csv,mmol/g,extratrees,random,4,48000,12000,5,0,0.04664269161643907,0.024750684408931488,0.5918699503940881,0.749251258504092,0.03333333333333333,0.09666666666666666,0.20833333333333334,0.6331723287250488,False,table_local_non_descriptor,uptake_or_loading,,,,,,,
ARC-MOF::ARC-MOF adsorption task table::post_comb_vsa_n2.csv,mmol/g,dummy,random,5,48000,12000,5,0,0.08269237563659564,0.0633301015,-0.2079232983330188,,0.008333333333333333,0.051666666666666666,0.09833333333333333,0.37576908480081606,False,table_local_non_descriptor,uptake_or_loading,,,,,,,
ARC-MOF::ARC-MOF adsorption task table::post_comb_vsa_n2.csv,mmol/g,ridge,random,5,48000,12000,5,0,0.0426723383328797,0.01964471700934592,0.6783368550059301,0.7513451707559614,0.075,0.2,0.305,0.6469810304134359,False,table_local_non_descriptor,uptake_or_loading,,,,,,,
ARC-MOF::ARC-MOF adsorption task table::post_comb_vsa_n2.csv,mmol/g,hgb,random,5,48000,12000,5,0,0.04249502742394799,0.019602123625073187,0.6810044327853997,0.7779477301463648,0.058333333333333334,0.20166666666666666,0.28,0.6427184474427424,False,table_local_non_descriptor,uptake_or_loading,,,,,,,
ARC-MOF::ARC-MOF adsorption task table::post_comb_vsa_n2.csv,mmol/g,randomforest,random,5,48000,12000,5,0,0.04679024820441751,0.02281814994376093,0.6132599773304765,0.7540754538725782,0.03333333333333333,0.13333333333333333,0.225,0.6166551497342979,False,table_local_non_descriptor,uptake_or_loading,,,,,,,
ARC-MOF::ARC-MOF adsorption task table::post_comb_vsa_n2.csv,mmol/g,extratrees,random,5,48000,12000,5,0,0.05159627767039927,0.02534991777232728,0.5297322865402339,0.7480817753972283,0.016666666666666666,0.11166666666666666,0.21,0.6108840527227754,False,table_local_non_descriptor,uptake_or_loading,,,,,,,
ARC-MOF::ARC-MOF adsorption task table::post_comb_vsa_n2.csv,mmol/g,dummy,random,6,48000,12000,5,0,0.08344587916081946,0.06314434758333333,-0.18841285005967245,,0.016666666666666666,0.05333333333333334,0.11083333333333334,0.3636792528301578,False,table_local_non_descriptor,uptake_or_loading,,,,,,,
ARC-MOF::ARC-MOF adsorption task table::post_comb_vsa_n2.csv,mmol/g,ridge,random,6,48000,12000,5,0,0.04468816971147143,0.020002457896179195,0.6591661775465425,0.7514841451834,0.1,0.21833333333333332,0.30083333333333334,0.6314568930504606,False,table_local_non_descriptor,uptake_or_loading,,,,,,,
ARC-MOF::ARC-MOF adsorption task table::post_comb_vsa_n2.csv,mmol/g,hgb,random,6,48000,12000,5,0,0.04449263993998914,0.019859729240097206,0.6621422387165107,0.7774633857729889,0.06666666666666667,0.20666666666666667,0.3016666666666667,0.6395087877780711,False,table_local_non_descriptor,uptake_or_loading,,,,,,,
ARC-MOF::ARC-MOF adsorption task table::post_comb_vsa_n2.csv,mmol/g,randomforest,random,6,48000,12000,5,0,0.04787133921642632,0.022886037550553875,0.608881188802778,0.7553375512829519,0.03333333333333333,0.13333333333333333,0.23166666666666666,0.6091402447591683,False,table_local_non_descriptor,uptake_or_loading,,,,,,,
ARC-MOF::ARC-MOF adsorption task table::post_comb_vsa_n2.csv,mmol/g,extratrees,random,6,48000,12000,5,0,0.0524102455122507,0.025211034011616888,0.5311974793557388,0.7538707824623606,0.025,0.13,0.22666666666666666,0.6008973523077525,False,table_local_non_descriptor,uptake_or_loading,,,,,,,
ARC-MOF::ARC-MOF adsorption task table::post_comb_vsa_n2.csv,mmol/g,dummy,random,7,48000,12000,5,0,0.08598910149424945,0.06296862375000001,-0.14837936536809893,,0.008333333333333333,0.058333333333333334,0.09916666666666667,0.36387088610587026,False,table_local_non_descriptor,uptake_or_loading,,,,,,,
ARC-MOF::ARC-MOF adsorption task table::post_comb_vsa_n2.csv,mmol/g,ridge,random,7,48000,12000,5,0,0.0504820027760683,0.019770146506898543,0.604203717289745,0.7570117837998314,0.09166666666666666,0.23166666666666666,0.3275,0.6227955410946346,False,table_local_non_descriptor,uptake_or_loading,,,,,,,
ARC-MOF::ARC-MOF adsorption task table::post_comb_vsa_n2.csv,mmol/g,hgb,random,7,48000,12000,5,0,0.050305509356421425,0.01964381769495128,0.6069664177575289,0.7796195474607783,0.06666666666666667,0.22833333333333333,0.32916666666666666,0.6277544523634925,False,table_local_non_descriptor,uptake_or_loading,,,,,,,
ARC-MOF::ARC-MOF adsorption task table::post_comb_vsa_n2.csv,mmol/g,randomforest,random,7,48000,12000,5,0,0.05369495043290629,0.02288787069315318,0.5522192185756369,0.7580287129201487,0.025,0.13166666666666665,0.24083333333333334,0.5916894494642146,False,table_local_non_descriptor,uptake_or_loading,,,,,,,
ARC-MOF::ARC-MOF adsorption task table::post_comb_vsa_n2.csv,mmol/g,extratrees,random,7,48000,12000,5,0,0.058483798860781575,0.025406628890888898,0.46878576067186595,0.7516058272197947,0.025,0.12333333333333334,0.22333333333333333,0.5798303888533365,False,table_local_non_descriptor,uptake_or_loading,,,,,,,
ARC-MOF::ARC-MOF adsorption task table::post_comb_vsa_n2.csv,mmol/g,dummy,random,8,48000,12000,5,0,0.08242676496105093,0.062988465,-0.1788389542149218,,0.016666666666666666,0.055,0.0875,0.3547524800954189,False,table_local_non_descriptor,uptake_or_loading,,,,,,,
ARC-MOF::ARC-MOF adsorption task table::post_comb_vsa_n2.csv,mmol/g,ridge,random,8,48000,12000,5,0,0.04350423189776799,0.019563836254566723,0.6716167637993057,0.7548742778486024,0.125,0.22833333333333333,0.31916666666666665,0.6520505390228206,False,table_local_non_descriptor,uptake_or_loading,,,,,,,
ARC-MOF::ARC-MOF adsorption task table::post_comb_vsa_n2.csv,mmol/g,hgb,random,8,48000,12000,5,0,0.043315784925309915,0.019477788998497846,0.6744555128254986,0.7781446579883938,0.058333333333333334,0.22833333333333333,0.2966666666666667,0.6505398713186973,False,table_local_non_descriptor,uptake_or_loading,,,,,,,
ARC-MOF::ARC-MOF adsorption task table::post_comb_vsa_n2.csv,mmol/g,randomforest,random,8,48000,12000,5,0,0.04752568140602513,0.022904095407268937,0.6081005331125938,0.7526522354151215,0.041666666666666664,0.12666666666666668,0.23583333333333334,0.6143960217532661,False,table_local_non_descriptor,uptake_or_loading,,,,,,,
ARC-MOF::ARC-MOF adsorption task table::post_comb_vsa_n2.csv,mmol/g,extratrees,random,8,48000,12000,5,0,0.05295067019203881,0.025187032639620795,0.5135245923907569,0.7515093761773192,0.05,0.13666666666666666,0.22083333333333333,0.6171903260276386,False,table_local_non_descriptor,uptake_or_loading,,,,,,,
ARC-MOF::ARC-MOF adsorption task table::post_comb_vsa_n2.csv,mmol/g,dummy,random,9,48000,12000,5,0,0.07923679064229781,0.0623555385,-0.17328702154586995,,0.0,0.03666666666666667,0.08916666666666667,0.36752891853982084,False,table_local_non_descriptor,uptake_or_loading,,,,,,,
ARC-MOF::ARC-MOF adsorption task table::post_comb_vsa_n2.csv,mmol/g,ridge,random,9,48000,12000,5,0,0.03949118576054442,0.019500105075331273,0.7085588572515449,0.7503789294629345,0.06666666666666667,0.21166666666666667,0.3075,0.6677394470574045,False,table_local_non_descriptor,uptake_or_loading,,,,,,,
ARC-MOF::ARC-MOF adsorption task table::post_comb_vsa_n2.csv,mmol/g,hgb,random,9,48000,12000,5,0,0.03933359618060784,0.019431066854217742,0.7108802081232026,0.7750333475356181,0.05,0.185,0.2733333333333333,0.6534221594379556,False,table_local_non_descriptor,uptake_or_loading,,,,,,,
ARC-MOF::ARC-MOF adsorption task table::post_comb_vsa_n2.csv,mmol/g,randomforest,random,9,48000,12000,5,0,0.0434731623785417,0.022499566007508756,0.6468225393166972,0.7543113617665375,0.041666666666666664,0.15166666666666667,0.22,0.6300223247951455,False,table_local_non_descriptor,uptake_or_loading,,,,,,,
ARC-MOF::ARC-MOF adsorption task table::post_comb_vsa_n2.csv,mmol/g,extratrees,random,9,48000,12000,5,0,0.04937582018659298,0.02515348512434145,0.5444047802810883,0.7486007054930857,0.03333333333333333,0.145,0.22416666666666665,0.6324602995555557,False,table_local_non_descriptor,uptake_or_loading,,,,,,,
ARC-MOF::ARC-MOF adsorption task table::post_comb_vsa_n2.csv,S(g1),dummy,random,0,48000,12000,5,0,84.40608922808666,1.322035202833333,-0.0001912176450769021,,0.008333333333333333,0.051666666666666666,0.1075,0.0054923085385616644,False,table_local_non_descriptor,selectivity,,,,,,,
ARC-MOF::ARC-MOF adsorption task table::post_comb_vsa_n2.csv,S(g1),ridge,random,0,48000,12000,5,0,84.39863817727772,1.8104359394635952,-1.46392320434785e-05,0.11789558959841986,0.016666666666666666,0.03,0.07333333333333333,0.02282544479945593,False,table_local_non_descriptor,selectivity,,,,,,,
ARC-MOF::ARC-MOF adsorption task table::post_comb_vsa_n2.csv,S(g1),hgb,random,0,48000,12000,5,0,84.60803402065673,1.8761706657935824,-0.004982934364487823,0.605846649875323,0.008333333333333333,0.25333333333333335,0.3491666666666667,0.015184356223497286,False,table_local_non_descriptor,selectivity,,,,,,,
ARC-MOF::ARC-MOF adsorption task table::post_comb_vsa_n2.csv,S(g1),randomforest,random,0,48000,12000,5,0,102.18099946469073,2.5401378452466354,-0.4658035602658692,0.5408436845260329,0.075,0.245,0.2925,0.014579853686885786,False,table_local_non_descriptor,selectivity,,,,,,,
ARC-MOF::ARC-MOF adsorption task table::post_comb_vsa_n2.csv,S(g1),extratrees,random,0,48000,12000,5,0,99.59853927284348,2.218443884544634,-0.39264818539401003,0.5029314382662315,0.1,0.20666666666666667,0.2783333333333333,0.014063837431958288,False,table_local_non_descriptor,selectivity,,,,,,,
ARC-MOF::ARC-MOF adsorption task table::post_comb_vsa_n2.csv,S(g1),dummy,random,1,48000,12000,5,0,1.3037150673667055,0.33594561525,-0.020040608995256726,,0.008333333333333333,0.05333333333333334,0.09916666666666667,0.1520557367264433,False,table_local_non_descriptor,selectivity,,,,,,,
ARC-MOF::ARC-MOF adsorption task table::post_comb_vsa_n2.csv,S(g1),ridge,random,1,48000,12000,5,0,1.6307511223588476,1.0387765775915845,-0.5959800726003277,0.38265984801592756,0.008333333333333333,0.03833333333333333,0.08583333333333333,0.22365045942473394,False,table_local_non_descriptor,selectivity,,,,,,,
ARC-MOF::ARC-MOF adsorption task table::post_comb_vsa_n2.csv,S(g1),hgb,random,1,48000,12000,5,0,5.820050909509115,0.8492211145521132,-19.328515225737515,0.5925600529035141,0.008333333333333333,0.25166666666666665,0.33416666666666667,0.3240429996691301,False,table_local_non_descriptor,selectivity,,,,,,,
ARC-MOF::ARC-MOF adsorption task table::post_comb_vsa_n2.csv,S(g1),randomforest,random,1,48000,12000,5,0,34.64435487451901,1.1491890204191817,-719.3060282815734,0.5303619272801746,0.1,0.205,0.2916666666666667,0.3040584532825157,False,table_local_non_descriptor,selectivity,,,,,,,
ARC-MOF::ARC-MOF adsorption task table::post_comb_vsa_n2.csv,S(g1),extratrees,random,1,48000,12000,5,0,38.4123354197061,1.1885158496978694,-884.5100963511234,0.4848235144413717,0.09166666666666666,0.18666666666666668,0.2683333333333333,0.29085427595061675,False,table_local_non_descriptor,selectivity,,,,,,,
ARC-MOF::ARC-MOF adsorption task table::post_comb_vsa_n2.csv,S(g1),dummy,random,2,48000,12000,5,0,152.9215384958411,1.9459941833333332,-0.0001373481329796089,,0.0,0.05333333333333334,0.095,0.004019513144442452,False,table_local_non_descriptor,selectivity,,,,,,,
ARC-MOF::ARC-MOF adsorption task table::post_comb_vsa_n2.csv,S(g1),ridge,random,2,48000,12000,5,0,152.91766410728442,2.2410141280010696,-8.667022785635581e-05,0.6011527328902196,0.2,0.33166666666666667,0.37333333333333335,0.011854687241852837,False,table_local_non_descriptor,selectivity,,,,,,,
ARC-MOF::ARC-MOF adsorption task table::post_comb_vsa_n2.csv,S(g1),hgb,random,2,48000,12000,5,0,152.93603557846808,2.3173500795247737,-0.00032698474242875974,0.6055209987358184,0.0,0.25666666666666665,0.3416666666666667,0.008863188234756807,False,table_local_non_descriptor,selectivity,,,,,,,
ARC-MOF::ARC-MOF adsorption task table::post_comb_vsa_n2.csv,S(g1),randomforest,random,2,48000,12000,5,0,153.4377089088932,2.257352297338752,-0.006900457790868009,0.5465762726221239,0.10833333333333334,0.23833333333333334,0.3,0.009781955372461992,False,table_local_non_descriptor,selectivity,,,,,,,
ARC-MOF::ARC-MOF adsorption task table::post_comb_vsa_n2.csv,S(g1),extratrees,random,2,48000,12000,5,0,153.59228772041274,2.29282885026833,-0.008930257097570227,0.5025417802156312,0.1,0.22166666666666668,0.27416666666666667,0.00983294880392876,False,table_local_non_descriptor,selectivity,,,,,,,
ARC-MOF::ARC-MOF adsorption task table::post_comb_vsa_n2.csv,S(g1),dummy,random,3,48000,12000,5,0,7.141472352896223,0.42350452316666665,-0.001419763048061018,,0.008333333333333333,0.056666666666666664,0.10416666666666667,0.04756051235615898,False,table_local_non_descriptor,selectivity,,,,,,,
ARC-MOF::ARC-MOF adsorption task table::post_comb_vsa_n2.csv,S(g1),ridge,random,3,48000,12000,5,0,7.188272591156159,1.095156077127867,-0.014587985788154567,0.38946073530371683,0.016666666666666666,0.041666666666666664,0.08583333333333333,0.07225363983920836,False,table_local_non_descriptor,selectivity,,,,,,,
ARC-MOF::ARC-MOF adsorption task table::post_comb_vsa_n2.csv,S(g1),hgb,random,3,48000,12000,5,0,8.887451306075375,1.1191301662084159,-0.5509403967745534,0.5883455487996009,0.0,0.25,0.3358333333333333,0.11103936713652972,False,table_local_non_descriptor,selectivity,,,,,,,
ARC-MOF::ARC-MOF adsorption task table::post_comb_vsa_n2.csv,S(g1),randomforest,random,3,48000,12000,5,0,30.301464105114178,1.1817339710381223,-17.028843381114896,0.5362145054447603,0.09166666666666666,0.22333333333333333,0.30083333333333334,0.11194891210636844,False,table_local_non_descriptor,selectivity,,,,,,,
ARC-MOF::ARC-MOF adsorption task table::post_comb_vsa_n2.csv,S(g1),extratrees,random,3,48000,12000,5,0,31.038371604761124,1.1704032492439944,-17.916400321538777,0.49077052867573034,0.09166666666666666,0.20666666666666667,0.28,0.10692001511797353,False,table_local_non_descriptor,selectivity,,,,,,,
ARC-MOF::ARC-MOF adsorption task table::post_comb_vsa_n2.csv,S(g1),dummy,random,4,48000,12000,5,0,152.14754371185646,1.7249509973333337,-0.00010611407721561328,,0.016666666666666666,0.04,0.0975,0.0032226679145332454,False,table_local_non_descriptor,selectivity,,,,,,,
ARC-MOF::ARC-MOF adsorption task table::post_comb_vsa_n2.csv,S(g1),ridge,random,4,48000,12000,5,0,152.14346819608636,2.0645987481251864,-5.25359050036478e-05,0.5957501652552795,0.26666666666666666,0.325,0.3641666666666667,0.009466746518785587,False,table_local_non_descriptor,selectivity,,,,,,,
ARC-MOF::ARC-MOF adsorption task table::post_comb_vsa_n2.csv,S(g1),hgb,random,4,48000,12000,5,0,152.1595183416597,2.0978137194490603,-0.0002635451006005596,0.5918316688519314,0.008333333333333333,0.255,0.3383333333333333,0.008099285481258772,False,table_local_non_descriptor,selectivity,,,,,,,
ARC-MOF::ARC-MOF adsorption task table::post_comb_vsa_n2.csv,S(g1),randomforest,random,4,48000,12000,5,0,152.4400809402951,1.9976175194374655,-0.003955660736257194,0.5360326529229332,0.10833333333333334,0.20666666666666667,0.2775,0.007501133714716627,False,table_local_non_descriptor,selectivity,,,,,,,
ARC-MOF::ARC-MOF adsorption task table::post_comb_vsa_n2.csv,S(g1),extratrees,random,4,48000,12000,5,0,152.48094953216182,1.9789571114616271,-0.0044940460995217535,0.49750316316784887,0.125,0.18833333333333332,0.2525,0.007136242945367475,False,table_local_non_descriptor,selectivity,,,,,,,
ARC-MOF::ARC-MOF adsorption task table::post_comb_vsa_n2.csv,S(g1),dummy,random,5,48000,12000,5,0,20.590163271724965,0.6302266531666667,-0.0005255628369806864,,0.008333333333333333,0.04666666666666667,0.0925,0.04108703692361921,False,table_local_non_descriptor,selectivity,,,,,,,
ARC-MOF::ARC-MOF adsorption task table::post_comb_vsa_n2.csv,S(g1),ridge,random,5,48000,12000,5,0,20.594164122859397,1.2732246913046317,-0.0009144225740278511,0.2832216560359236,0.016666666666666666,0.028333333333333332,0.07833333333333334,0.021992271637604494,False,table_local_non_descriptor,selectivity,,,,,,,
ARC-MOF::ARC-MOF adsorption task table::post_comb_vsa_n2.csv,S(g1),hgb,random,5,48000,12000,5,0,21.114125475453008,1.274248806676409,-0.05209463138677983,0.6083175418843244,0.0,0.27,0.3466666666666667,0.04089101023946194,False,table_local_non_descriptor,selectivity,,,,,,,
ARC-MOF::ARC-MOF adsorption task table::post_comb_vsa_n2.csv,S(g1),randomforest,random,5,48000,12000,5,0,35.84674538508844,1.3272621851724766,-2.032550700719383,0.5393901903683688,0.11666666666666667,0.225,0.305,0.04227456780261125,False,table_local_non_descriptor,selectivity,,,,,,,
ARC-MOF::ARC-MOF adsorption task table::post_comb_vsa_n2.csv,S(g1),extratrees,random,5,48000,12000,5,0,35.70364470191339,1.3076259088472166,-2.0083870626992053,0.4956482318484272,0.125,0.205,0.2725,0.040065224670660704,False,table_local_non_descriptor,selectivity,,,,,,,
ARC-MOF::ARC-MOF adsorption task table::post_comb_vsa_n2.csv,S(g1),dummy,random,6,48000,12000,5,0,157.29238218391612,2.3254333664166666,-0.00019068473118410978,,0.0,0.056666666666666664,0.1125,0.0028102420869237955,False,table_local_non_descriptor,selectivity,,,,,,,
ARC-MOF::ARC-MOF adsorption task table::post_comb_vsa_n2.csv,S(g1),ridge,random,6,48000,12000,5,0,157.2902898779527,2.5489719085293374,-0.00016407580090316287,0.5989333160224415,0.175,0.3333333333333333,0.38083333333333336,0.010309537092521366,False,table_local_non_descriptor,selectivity,,,,,,,
ARC-MOF::ARC-MOF adsorption task table::post_comb_vsa_n2.csv,S(g1),hgb,random,6,48000,12000,5,0,157.29221072379872,2.435380493566082,-0.00018850417143445597,0.6135956233864548,0.008333333333333333,0.27,0.36583333333333334,0.007288364984511853,False,table_local_non_descriptor,selectivity,,,,,,,
ARC-MOF::ARC-MOF adsorption task table::post_comb_vsa_n2.csv,S(g1),randomforest,random,6,48000,12000,5,0,157.61398106573358,2.525113469788187,-0.0042848313570220675,0.5337762961876038,0.10833333333333334,0.25833333333333336,0.3016666666666667,0.00692065619075575,False,table_local_non_descriptor,selectivity,,,,,,,
ARC-MOF::ARC-MOF adsorption task table::post_comb_vsa_n2.csv,S(g1),extratrees,random,6,48000,12000,5,0,157.679180280325,2.5218579079372674,-0.0051158759743923365,0.4956529011711651,0.13333333333333333,0.22666666666666666,0.2833333333333333,0.007262653936718143,False,table_local_non_descriptor,selectivity,,,,,,,
ARC-MOF::ARC-MOF adsorption task table::post_comb_vsa_n2.csv,S(g1),dummy,random,7,48000,12000,5,0,33.22076270199823,0.6446697089166666,-0.00021772700769773223,,0.008333333333333333,0.058333333333333334,0.09916666666666667,0.014531228180796838,False,table_local_non_descriptor,selectivity,,,,,,,
ARC-MOF::ARC-MOF adsorption task table::post_comb_vsa_n2.csv,S(g1),ridge,random,7,48000,12000,5,0,33.220942964621266,1.2600716428225935,-0.00022858180726226252,0.5503075365358393,0.11666666666666667,0.26166666666666666,0.3425,0.035388728694956524,False,table_local_non_descriptor,selectivity,,,,,,,
ARC-MOF::ARC-MOF adsorption task table::post_comb_vsa_n2.csv,S(g1),hgb,random,7,48000,12000,5,0,33.524613148712625,1.2562947904459685,-0.018598188503913704,0.6058962426678324,0.008333333333333333,0.23333333333333334,0.3408333333333333,0.03133633432370834,False,table_local_non_descriptor,selectivity,,,,,,,
ARC-MOF::ARC-MOF adsorption task table::post_comb_vsa_n2.csv,S(g1),randomforest,random,7,48000,12000,5,0,51.000135775271424,1.5857847696400256,-1.357317139730739,0.5444880847532221,0.1,0.21333333333333335,0.2925,0.029775313510903602,False,table_local_non_descriptor,selectivity,,,,,,,
ARC-MOF::ARC-MOF adsorption task table::post_comb_vsa_n2.csv,S(g1),extratrees,random,7,48000,12000,5,0,52.42552144382308,1.6284748996598986,-1.4909262360198645,0.49755420856383803,0.11666666666666667,0.205,0.27,0.0283014423956654,False,table_local_non_descriptor,selectivity,,,,,,,
ARC-MOF::ARC-MOF adsorption task table::post_comb_vsa_n2.csv,S(g1),dummy,random,8,48000,12000,5,0,41.495619735732525,0.7089377585833333,-0.0001782413961310958,,0.0,0.05333333333333334,0.0975,0.0117316091008909,False,table_local_non_descriptor,selectivity,,,,,,,
ARC-MOF::ARC-MOF adsorption task table::post_comb_vsa_n2.csv,S(g1),ridge,random,8,48000,12000,5,0,41.496197338983855,1.3321966327264336,-0.0002060857916863501,0.21913859744306904,0.016666666666666666,0.041666666666666664,0.08166666666666667,0.015312389574206258,False,table_local_non_descriptor,selectivity,,,,,,,
ARC-MOF::ARC-MOF adsorption task table::post_comb_vsa_n2.csv,S(g1),hgb,random,8,48000,12000,5,0,41.808650681353186,1.3053999330935384,-0.015325269471574865,0.5999676785655327,0.008333333333333333,0.23833333333333334,0.3441666666666667,0.025751376764028718,False,table_local_non_descriptor,selectivity,,,,,,,
ARC-MOF::ARC-MOF adsorption task table::post_comb_vsa_n2.csv,S(g1),randomforest,random,8,48000,12000,5,0,56.743102798656935,1.534888129693385,-0.8702473671748954,0.5394477047042254,0.09166666666666666,0.24,0.31416666666666665,0.025379802675389564,False,table_local_non_descriptor,selectivity,,,,,,,
ARC-MOF::ARC-MOF adsorption task table::post_comb_vsa_n2.csv,S(g1),extratrees,random,8,48000,12000,5,0,56.21901681605117,1.4996863542408645,-0.8358592602071571,0.49712007601937047,0.075,0.2,0.28583333333333333,0.023977785340339647,False,table_local_non_descriptor,selectivity,,,,,,,
ARC-MOF::ARC-MOF adsorption task table::post_comb_vsa_n2.csv,S(g1),dummy,random,9,48000,12000,5,0,177.6878351094906,2.996196976666667,-0.0002557718495781458,,0.008333333333333333,0.065,0.11,0.046405212858274494,False,table_local_non_descriptor,selectivity,,,,,,,
ARC-MOF::ARC-MOF adsorption task table::post_comb_vsa_n2.csv,S(g1),ridge,random,9,48000,12000,5,0,177.68231233427102,3.0962047733625804,-0.00019359424538767378,0.5995213124873281,0.19166666666666668,0.3233333333333333,0.36583333333333334,0.007853535725055606,False,table_local_non_descriptor,selectivity,,,,,,,
ARC-MOF::ARC-MOF adsorption task table::post_comb_vsa_n2.csv,S(g1),hgb,random,9,48000,12000,5,0,177.68416670579887,3.0716520254674737,-0.00021447128348506261,0.6099481049863519,0.008333333333333333,0.255,0.3475,0.005756641355619394,False,table_local_non_descriptor,selectivity,,,,,,,
ARC-MOF::ARC-MOF adsorption task table::post_comb_vsa_n2.csv,S(g1),randomforest,random,9,48000,12000,5,0,177.83949299148043,3.1720360418979503,-0.001963951915244344,0.5398843281173519,0.09166666666666666,0.23833333333333334,0.3025,0.006522133348728383,False,table_local_non_descriptor,selectivity,,,,,,,
ARC-MOF::ARC-MOF adsorption task table::post_comb_vsa_n2.csv,S(g1),extratrees,random,9,48000,12000,5,0,177.86827442492148,3.1989603565934686,-0.0022882926099454526,0.5048180484025847,0.09166666666666666,0.20166666666666666,0.27166666666666667,0.006456727348947537,False,table_local_non_descriptor,selectivity,,,,,,,
ARC-MOF::ARC-MOF adsorption task table::post_comb_vsa_n2.csv,molc/uc,dummy,random,0,48000,12000,5,0,0.2665100819557777,0.13169132775,-0.074726307977097,,0.0,0.04,0.085,0.17583221634738924,False,table_local_non_descriptor,uptake_or_loading,,,,,,,
ARC-MOF::ARC-MOF adsorption task table::post_comb_vsa_n2.csv,molc/uc,ridge,random,0,48000,12000,5,0,0.22861222553264043,0.12506463583490204,0.2091948346486453,0.6562722283412625,0.041666666666666664,0.175,0.26166666666666666,0.39339391748613606,False,table_local_non_descriptor,uptake_or_loading,,,,,,,
ARC-MOF::ARC-MOF adsorption task table::post_comb_vsa_n2.csv,molc/uc,hgb,random,0,48000,12000,5,0,0.22737130243624717,0.122278738849508,0.21775662553874742,0.6974064599238308,0.05,0.16666666666666666,0.26416666666666666,0.3901816570780784,False,table_local_non_descriptor,uptake_or_loading,,,,,,,
ARC-MOF::ARC-MOF adsorption task table::post_comb_vsa_n2.csv,molc/uc,randomforest,random,0,48000,12000,5,0,0.24792238008716105,0.128592936459309,0.06995907506096744,0.6612638544381124,0.016666666666666666,0.14333333333333334,0.2375,0.3462632437204143,False,table_local_non_descriptor,uptake_or_loading,,,,,,,
ARC-MOF::ARC-MOF adsorption task table::post_comb_vsa_n2.csv,molc/uc,extratrees,random,0,48000,12000,5,0,0.27270669540726694,0.13847189553314726,-0.12528413460408538,0.6293141055826901,0.008333333333333333,0.12666666666666668,0.2275,0.3385470379185159,False,table_local_non_descriptor,uptake_or_loading,,,,,,,
ARC-MOF::ARC-MOF adsorption task table::post_comb_vsa_n2.csv,molc/uc,dummy,random,1,48000,12000,5,0,0.2610825147736465,0.1279835895,-0.069413928373536,,0.016666666666666666,0.04,0.09583333333333334,0.18268900155001372,False,table_local_non_descriptor,uptake_or_loading,,,,,,,
ARC-MOF::ARC-MOF adsorption task table::post_comb_vsa_n2.csv,molc/uc,ridge,random,1,48000,12000,5,0,0.2257372859433112,0.12333042439899161,0.2005397774578357,0.6493329113036883,0.05,0.18,0.2733333333333333,0.38937237744859593,False,table_local_non_descriptor,uptake_or_loading,,,,,,,
ARC-MOF::ARC-MOF adsorption task table::post_comb_vsa_n2.csv,molc/uc,hgb,random,1,48000,12000,5,0,0.22458303373781313,0.1198745487545776,0.2086945625211144,0.6990769694312999,0.05,0.15833333333333333,0.26666666666666666,0.38287546867278693,False,table_local_non_descriptor,uptake_or_loading,,,,,,,
ARC-MOF::ARC-MOF adsorption task table::post_comb_vsa_n2.csv,molc/uc,randomforest,random,1,48000,12000,5,0,0.2475352341361416,0.12803846338058245,0.03868811436961339,0.6580334216165921,0.016666666666666666,0.11,0.235,0.3364983341106607,False,table_local_non_descriptor,uptake_or_loading,,,,,,,
ARC-MOF::ARC-MOF adsorption task table::post_comb_vsa_n2.csv,molc/uc,extratrees,random,1,48000,12000,5,0,0.27287959024725356,0.13726519298258,-0.1682408018647863,0.6263491246139155,0.0,0.11333333333333333,0.2275,0.3332529837683659,False,table_local_non_descriptor,uptake_or_loading,,,,,,,
ARC-MOF::ARC-MOF adsorption task table::post_comb_vsa_n2.csv,molc/uc,dummy,random,2,48000,12000,5,0,0.2707530249345656,0.13303221716666666,-0.07861603359428893,,0.016666666666666666,0.056666666666666664,0.11416666666666667,0.19138882434018287,False,table_local_non_descriptor,uptake_or_loading,,,,,,,
ARC-MOF::ARC-MOF adsorption task table::post_comb_vsa_n2.csv,molc/uc,ridge,random,2,48000,12000,5,0,0.23287525692267716,0.12604815802218572,0.20206607293089296,0.6473206824455608,0.058333333333333334,0.18833333333333332,0.26916666666666667,0.41112593956415844,False,table_local_non_descriptor,uptake_or_loading,,,,,,,
ARC-MOF::ARC-MOF adsorption task table::post_comb_vsa_n2.csv,molc/uc,hgb,random,2,48000,12000,5,0,0.23090019880375656,0.12282928458300076,0.215543527536585,0.697312760108942,0.06666666666666667,0.18166666666666667,0.2608333333333333,0.3904441408666518,False,table_local_non_descriptor,uptake_or_loading,,,,,,,
ARC-MOF::ARC-MOF adsorption task table::post_comb_vsa_n2.csv,molc/uc,randomforest,random,2,48000,12000,5,0,0.2543933671278932,0.13123428401585238,0.047792047418367956,0.6630431351476757,0.025,0.12,0.23083333333333333,0.34817802364644906,False,table_local_non_descriptor,uptake_or_loading,,,,,,,
ARC-MOF::ARC-MOF adsorption task table::post_comb_vsa_n2.csv,molc/uc,extratrees,random,2,48000,12000,5,0,0.283086468532221,0.14221846724290585,-0.17912122858005608,0.6253567761910572,0.041666666666666664,0.11,0.215,0.32991836968068916,False,table_local_non_descriptor,uptake_or_loading,,,,,,,
ARC-MOF::ARC-MOF adsorption task table::post_comb_vsa_n2.csv,molc/uc,dummy,random,3,48000,12000,5,0,0.26681291574463356,0.13112606241666666,-0.07333803388727689,,0.0,0.043333333333333335,0.08916666666666667,0.1767784667068585,False,table_local_non_descriptor,uptake_or_loading,,,,,,,
ARC-MOF::ARC-MOF adsorption task table::post_comb_vsa_n2.csv,molc/uc,ridge,random,3,48000,12000,5,0,0.22918107621665482,0.12325683449488857,0.20808178886824724,0.6443892146314572,0.058333333333333334,0.18333333333333332,0.2808333333333333,0.40390090355991565,False,table_local_non_descriptor,uptake_or_loading,,,,,,,
ARC-MOF::ARC-MOF adsorption task table::post_comb_vsa_n2.csv,molc/uc,hgb,random,3,48000,12000,5,0,0.22762970254283724,0.12014329971698896,0.21876681482208227,0.6974622317475441,0.041666666666666664,0.17333333333333334,0.2625,0.38156902614412697,False,table_local_non_descriptor,uptake_or_loading,,,,,,,
ARC-MOF::ARC-MOF adsorption task table::post_comb_vsa_n2.csv,molc/uc,randomforest,random,3,48000,12000,5,0,0.2516299902613125,0.12955325783437835,0.045342425314531254,0.6571012815312506,0.008333333333333333,0.12166666666666667,0.23166666666666666,0.3397190818773307,False,table_local_non_descriptor,uptake_or_loading,,,,,,,
ARC-MOF::ARC-MOF adsorption task table::post_comb_vsa_n2.csv,molc/uc,extratrees,random,3,48000,12000,5,0,0.28316862047612207,0.1408877628624922,-0.20896317174108336,0.6192896244279174,0.041666666666666664,0.115,0.21833333333333332,0.3255672702477593,False,table_local_non_descriptor,uptake_or_loading,,,,,,,
ARC-MOF::ARC-MOF adsorption task table::post_comb_vsa_n2.csv,molc/uc,dummy,random,4,48000,12000,5,0,0.2701971004767088,0.13115115266666666,-0.06760122997094964,,0.0,0.043333333333333335,0.09083333333333334,0.18407841286353918,False,table_local_non_descriptor,uptake_or_loading,,,,,,,
ARC-MOF::ARC-MOF adsorption task table::post_comb_vsa_n2.csv,molc/uc,ridge,random,4,48000,12000,5,0,0.23391857086755058,0.12353192161373333,0.1998395141706607,0.6492080894448086,0.058333333333333334,0.17,0.2675,0.381462557008879,False,table_local_non_descriptor,uptake_or_loading,,,,,,,
ARC-MOF::ARC-MOF adsorption task table::post_comb_vsa_n2.csv,molc/uc,hgb,random,4,48000,12000,5,0,0.2330715517785183,0.12063929186460401,0.20562378460973618,0.6947234663544201,0.025,0.17166666666666666,0.25166666666666665,0.3676751969568345,False,table_local_non_descriptor,uptake_or_loading,,,,,,,
ARC-MOF::ARC-MOF adsorption task table::post_comb_vsa_n2.csv,molc/uc,randomforest,random,4,48000,12000,5,0,0.2553673632189899,0.1297868082090791,0.04637312580311337,0.6600363391794792,0.025,0.12,0.21166666666666667,0.321926554484926,False,table_local_non_descriptor,uptake_or_loading,,,,,,,
ARC-MOF::ARC-MOF adsorption task table::post_comb_vsa_n2.csv,molc/uc,extratrees,random,4,48000,12000,5,0,0.28304127932763684,0.1406058069522519,-0.17151338270258432,0.6259431313564542,0.008333333333333333,0.10333333333333333,0.2125,0.3194828235714659,False,table_local_non_descriptor,uptake_or_loading,,,,,,,
ARC-MOF::ARC-MOF adsorption task table::post_comb_vsa_n2.csv,molc/uc,dummy,random,5,48000,12000,5,0,0.26557949600122543,0.13130221825000002,-0.07694619045410112,,0.0,0.06,0.10333333333333333,0.18739011986516096,False,table_local_non_descriptor,uptake_or_loading,,,,,,,
ARC-MOF::ARC-MOF adsorption task table::post_comb_vsa_n2.csv,molc/uc,ridge,random,5,48000,12000,5,0,0.22852483732252324,0.1263569707881718,0.20260825287067663,0.642936516653626,0.05,0.16,0.25416666666666665,0.38428513661641006,False,table_local_non_descriptor,uptake_or_loading,,,,,,,
ARC-MOF::ARC-MOF adsorption task table::post_comb_vsa_n2.csv,molc/uc,hgb,random,5,48000,12000,5,0,0.22720198627952906,0.12291325883849044,0.21181318212626776,0.6927233889153434,0.058333333333333334,0.155,0.24916666666666668,0.38320788198911193,False,table_local_non_descriptor,uptake_or_loading,,,,,,,
ARC-MOF::ARC-MOF adsorption task table::post_comb_vsa_n2.csv,molc/uc,randomforest,random,5,48000,12000,5,0,0.2500614783218415,0.1307824668800347,0.04523056344393239,0.6580330619452135,0.025,0.12,0.21833333333333332,0.3379040949032063,False,table_local_non_descriptor,uptake_or_loading,,,,,,,
ARC-MOF::ARC-MOF adsorption task table::post_comb_vsa_n2.csv,molc/uc,extratrees,random,5,48000,12000,5,0,0.28214794793076864,0.14187710260379882,-0.21551049088299634,0.6284274271701173,0.025,0.11,0.21916666666666668,0.3256628860962255,False,table_local_non_descriptor,uptake_or_loading,,,,,,,
ARC-MOF::ARC-MOF adsorption task table::post_comb_vsa_n2.csv,molc/uc,dummy,random,6,48000,12000,5,0,0.26134074275737873,0.12896657575,-0.0731267306359924,,0.008333333333333333,0.056666666666666664,0.11166666666666666,0.19731258414032676,False,table_local_non_descriptor,uptake_or_loading,,,,,,,
ARC-MOF::ARC-MOF adsorption task table::post_comb_vsa_n2.csv,molc/uc,ridge,random,6,48000,12000,5,0,0.2252326521002776,0.12452471276281749,0.20292447838508454,0.6449958697561587,0.075,0.165,0.255,0.38714218194595085,False,table_local_non_descriptor,uptake_or_loading,,,,,,,
ARC-MOF::ARC-MOF adsorption task table::post_comb_vsa_n2.csv,molc/uc,hgb,random,6,48000,12000,5,0,0.22405908163100002,0.12092395007083263,0.21120913231927185,0.6920995474255991,0.041666666666666664,0.16166666666666665,0.25833333333333336,0.3841455428754293,False,table_local_non_descriptor,uptake_or_loading,,,,,,,
ARC-MOF::ARC-MOF adsorption task table::post_comb_vsa_n2.csv,molc/uc,randomforest,random,6,48000,12000,5,0,0.24631665664820226,0.1307293814727083,0.04671154614731221,0.6493442688840924,0.025,0.12666666666666668,0.22166666666666668,0.3431163253255773,False,table_local_non_descriptor,uptake_or_loading,,,,,,,
ARC-MOF::ARC-MOF adsorption task table::post_comb_vsa_n2.csv,molc/uc,extratrees,random,6,48000,12000,5,0,0.27654758688162107,0.14217404217236299,-0.20164592269825832,0.6185918969440984,0.03333333333333333,0.11833333333333333,0.20833333333333334,0.3331458392443755,False,table_local_non_descriptor,uptake_or_loading,,,,,,,
ARC-MOF::ARC-MOF adsorption task table::post_comb_vsa_n2.csv,molc/uc,dummy,random,7,48000,12000,5,0,0.2629468188307866,0.1282816535,-0.06845936987968226,,0.016666666666666666,0.06333333333333334,0.09416666666666666,0.1951745089688074,False,table_local_non_descriptor,uptake_or_loading,,,,,,,
ARC-MOF::ARC-MOF adsorption task table::post_comb_vsa_n2.csv,molc/uc,ridge,random,7,48000,12000,5,0,0.22749472258697903,0.12320584173772992,0.20023052800532248,0.6475155381816288,0.05,0.19833333333333333,0.2708333333333333,0.4049292885806641,False,table_local_non_descriptor,uptake_or_loading,,,,,,,
ARC-MOF::ARC-MOF adsorption task table::post_comb_vsa_n2.csv,molc/uc,hgb,random,7,48000,12000,5,0,0.22587444379288496,0.12019796974530571,0.2115823062445107,0.6910219445441473,0.041666666666666664,0.19666666666666666,0.2633333333333333,0.3845072250295277,False,table_local_non_descriptor,uptake_or_loading,,,,,,,
ARC-MOF::ARC-MOF adsorption task table::post_comb_vsa_n2.csv,molc/uc,randomforest,random,7,48000,12000,5,0,0.25188484159983054,0.13047544804378333,0.019548229934020056,0.6537725185130282,0.008333333333333333,0.12166666666666667,0.23,0.3374658713992221,False,table_local_non_descriptor,uptake_or_loading,,,,,,,
ARC-MOF::ARC-MOF adsorption task table::post_comb_vsa_n2.csv,molc/uc,extratrees,random,7,48000,12000,5,0,0.27925583764365886,0.14068987822043158,-0.20511000189383632,0.6268780264964967,0.025,0.11666666666666667,0.21416666666666667,0.3264691909669638,False,table_local_non_descriptor,uptake_or_loading,,,,,,,
ARC-MOF::ARC-MOF adsorption task table::post_comb_vsa_n2.csv,molc/uc,dummy,random,8,48000,12000,5,0,0.27043757586068545,0.13223163708333335,-0.0720003037002328,,0.008333333333333333,0.06166666666666667,0.09416666666666666,0.18247955773841487,False,table_local_non_descriptor,uptake_or_loading,,,,,,,
ARC-MOF::ARC-MOF adsorption task table::post_comb_vsa_n2.csv,molc/uc,ridge,random,8,48000,12000,5,0,0.2326414944824475,0.12577481817767036,0.20670412173118313,0.6492703453548615,0.075,0.185,0.2575,0.3863067951042199,False,table_local_non_descriptor,uptake_or_loading,,,,,,,
ARC-MOF::ARC-MOF adsorption task table::post_comb_vsa_n2.csv,molc/uc,hgb,random,8,48000,12000,5,0,0.23087048679748076,0.12268575139804959,0.21873624437534822,0.698082096785228,0.03333333333333333,0.18,0.25583333333333336,0.37776235654695267,False,table_local_non_descriptor,uptake_or_loading,,,,,,,
ARC-MOF::ARC-MOF adsorption task table::post_comb_vsa_n2.csv,molc/uc,randomforest,random,8,48000,12000,5,0,0.2551681173059975,0.13184499848044096,0.04563685810532192,0.6609788043566284,0.016666666666666666,0.11,0.22333333333333333,0.33058001511747037,False,table_local_non_descriptor,uptake_or_loading,,,,,,,
ARC-MOF::ARC-MOF adsorption task table::post_comb_vsa_n2.csv,molc/uc,extratrees,random,8,48000,12000,5,0,0.2823828742269269,0.14127446575768193,-0.1687928559892795,0.6324589012144376,0.016666666666666666,0.11,0.2175,0.32848891022054894,False,table_local_non_descriptor,uptake_or_loading,,,,,,,
ARC-MOF::ARC-MOF adsorption task table::post_comb_vsa_n2.csv,molc/uc,dummy,random,9,48000,12000,5,0,0.2573353072625474,0.12785948583333334,-0.07222995119113707,,0.008333333333333333,0.04666666666666667,0.105,0.1933387960497248,False,table_local_non_descriptor,uptake_or_loading,,,,,,,
ARC-MOF::ARC-MOF adsorption task table::post_comb_vsa_n2.csv,molc/uc,ridge,random,9,48000,12000,5,0,0.22154604057406702,0.12346667260982047,0.20527446720439946,0.6380218972723832,0.058333333333333334,0.175,0.26666666666666666,0.39874400526872933,False,table_local_non_descriptor,uptake_or_loading,,,,,,,
ARC-MOF::ARC-MOF adsorption task table::post_comb_vsa_n2.csv,molc/uc,hgb,random,9,48000,12000,5,0,0.2201287783399711,0.11970473530150459,0.21540989384946585,0.6878766714449193,0.058333333333333334,0.17333333333333334,0.26,0.3895190596470279,False,table_local_non_descriptor,uptake_or_loading,,,,,,,
ARC-MOF::ARC-MOF adsorption task table::post_comb_vsa_n2.csv,molc/uc,randomforest,random,9,48000,12000,5,0,0.24027949978618637,0.12719338992397347,0.06519157277149112,0.6533545563479861,0.05,0.13333333333333333,0.23666666666666666,0.36372404964821214,False,table_local_non_descriptor,uptake_or_loading,,,,,,,
ARC-MOF::ARC-MOF adsorption task table::post_comb_vsa_n2.csv,molc/uc,extratrees,random,9,48000,12000,5,0,0.2735929264553619,0.13918577850132283,-0.21198964745997784,0.6214014762281638,0.016666666666666666,0.115,0.21583333333333332,0.3353929272099131,False,table_local_non_descriptor,uptake_or_loading,,,,,,,
ARC-MOF::ARC-MOF adsorption task table::landfill_ch4.csv,wt%,dummy,random,0,48000,12000,5,0,1.7411329441853094,1.2049955381666666,-0.7961024188155639,,0.008333333333333333,0.045,0.09916666666666667,0.36677594241652695,False,table_local_non_descriptor,uptake_or_loading,,,,,,,
ARC-MOF::ARC-MOF adsorption task table::landfill_ch4.csv,wt%,ridge,random,0,48000,12000,5,0,0.49734423689713836,0.2847682882911524,0.8534514885557174,0.8279492269144436,0.03333333333333333,0.13833333333333334,0.2866666666666667,0.7619054251345467,False,table_local_non_descriptor,uptake_or_loading,,,,,,,
ARC-MOF::ARC-MOF adsorption task table::landfill_ch4.csv,wt%,hgb,random,0,48000,12000,5,0,0.4810447451560687,0.2715945597692883,0.8628997705636682,0.8265134383931682,0.025,0.13,0.2708333333333333,0.7500911454927018,False,table_local_non_descriptor,uptake_or_loading,,,,,,,
ARC-MOF::ARC-MOF adsorption task table::landfill_ch4.csv,wt%,randomforest,random,0,48000,12000,5,0,0.5382937311535563,0.3036129579543705,0.828325466409949,0.8004245425324946,0.025,0.11833333333333333,0.22833333333333333,0.7381512398361905,False,table_local_non_descriptor,uptake_or_loading,,,,,,,
ARC-MOF::ARC-MOF adsorption task table::landfill_ch4.csv,wt%,extratrees,random,0,48000,12000,5,0,0.615292223388689,0.34844128836026844,0.7756995813875498,0.7884655577130003,0.016666666666666666,0.11333333333333333,0.23333333333333334,0.731221211503604,False,table_local_non_descriptor,uptake_or_loading,,,,,,,
ARC-MOF::ARC-MOF adsorption task table::landfill_ch4.csv,wt%,dummy,random,1,48000,12000,5,0,1.736355138031714,1.199120421,-0.7878959797517291,,0.0,0.05,0.10416666666666667,0.3624201250835657,False,table_local_non_descriptor,uptake_or_loading,,,,,,,
ARC-MOF::ARC-MOF adsorption task table::landfill_ch4.csv,wt%,ridge,random,1,48000,12000,5,0,0.503774640200145,0.2861998228779574,0.8494995710123743,0.8315372525313767,0.041666666666666664,0.16666666666666666,0.2941666666666667,0.7720822865180939,False,table_local_non_descriptor,uptake_or_loading,,,,,,,
ARC-MOF::ARC-MOF adsorption task table::landfill_ch4.csv,wt%,hgb,random,1,48000,12000,5,0,0.4830299113277236,0.27305032793704426,0.8616391616458512,0.8287550543437711,0.008333333333333333,0.16833333333333333,0.2783333333333333,0.7632681527751325,False,table_local_non_descriptor,uptake_or_loading,,,,,,,
ARC-MOF::ARC-MOF adsorption task table::landfill_ch4.csv,wt%,randomforest,random,1,48000,12000,5,0,0.5458980152128017,0.30671876664007497,0.8232789979576345,0.8000171646318399,0.03333333333333333,0.11833333333333333,0.23083333333333333,0.7345265935965695,False,table_local_non_descriptor,uptake_or_loading,,,,,,,
ARC-MOF::ARC-MOF adsorption task table::landfill_ch4.csv,wt%,extratrees,random,1,48000,12000,5,0,0.6220272166421521,0.34981258666425885,0.7705521936655004,0.7868267469679926,0.025,0.105,0.22333333333333333,0.7306423028176658,False,table_local_non_descriptor,uptake_or_loading,,,,,,,
ARC-MOF::ARC-MOF adsorption task table::landfill_ch4.csv,wt%,dummy,random,2,48000,12000,5,0,1.748035731868527,1.2118003698333333,-0.8102710307971015,,0.016666666666666666,0.03666666666666667,0.09833333333333333,0.3610918504437206,False,table_local_non_descriptor,uptake_or_loading,,,,,,,
ARC-MOF::ARC-MOF adsorption task table::landfill_ch4.csv,wt%,ridge,random,2,48000,12000,5,0,0.5048442832972169,0.2896698647286369,0.8490066309458009,0.8264050676298621,0.041666666666666664,0.14833333333333334,0.2825,0.7567396557210173,False,table_local_non_descriptor,uptake_or_loading,,,,,,,
ARC-MOF::ARC-MOF adsorption task table::landfill_ch4.csv,wt%,hgb,random,2,48000,12000,5,0,0.4897442862743906,0.2777587065913366,0.8579040350370106,0.8245115328727334,0.025,0.16166666666666665,0.27416666666666667,0.7528307141006206,False,table_local_non_descriptor,uptake_or_loading,,,,,,,
ARC-MOF::ARC-MOF adsorption task table::landfill_ch4.csv,wt%,randomforest,random,2,48000,12000,5,0,0.5488337637374242,0.310555736962518,0.8215466801823181,0.797628012573023,0.008333333333333333,0.13166666666666665,0.21416666666666667,0.7289844484669,False,table_local_non_descriptor,uptake_or_loading,,,,,,,
ARC-MOF::ARC-MOF adsorption task table::landfill_ch4.csv,wt%,extratrees,random,2,48000,12000,5,0,0.6252492243641113,0.3534665265464547,0.7683942628642496,0.7874179163750684,0.025,0.10333333333333333,0.20166666666666666,0.71912192297571,False,table_local_non_descriptor,uptake_or_loading,,,,,,,
ARC-MOF::ARC-MOF adsorption task table::landfill_ch4.csv,wt%,dummy,random,3,48000,12000,5,0,1.7202256057788574,1.1869162550833334,-0.7547623832484966,,0.0,0.05,0.09833333333333333,0.34260870637002333,False,table_local_non_descriptor,uptake_or_loading,,,,,,,
ARC-MOF::ARC-MOF adsorption task table::landfill_ch4.csv,wt%,ridge,random,3,48000,12000,5,0,0.503421571046158,0.28360294207345715,0.8497165552219887,0.827301017243089,0.016666666666666666,0.15833333333333333,0.265,0.7542173939616216,False,table_local_non_descriptor,uptake_or_loading,,,,,,,
ARC-MOF::ARC-MOF adsorption task table::landfill_ch4.csv,wt%,hgb,random,3,48000,12000,5,0,0.486790603785099,0.27232709688314133,0.8594820279262756,0.8263922014989392,0.016666666666666666,0.16,0.27166666666666667,0.7567906016807424,False,table_local_non_descriptor,uptake_or_loading,,,,,,,
ARC-MOF::ARC-MOF adsorption task table::landfill_ch4.csv,wt%,randomforest,random,3,48000,12000,5,0,0.5414881589642951,0.3037658291470651,0.8261296900729144,0.799992600720374,0.025,0.13333333333333333,0.2225,0.7316385018538145,False,table_local_non_descriptor,uptake_or_loading,,,,,,,
ARC-MOF::ARC-MOF adsorption task table::landfill_ch4.csv,wt%,extratrees,random,3,48000,12000,5,0,0.6136720256814853,0.34403799306088606,0.7766838392782525,0.7890722971599144,0.03333333333333333,0.115,0.21583333333333332,0.7291638099545047,False,table_local_non_descriptor,uptake_or_loading,,,,,,,
ARC-MOF::ARC-MOF adsorption task table::landfill_ch4.csv,wt%,dummy,random,4,48000,12000,5,0,1.7038871787053982,1.1798335723333335,-0.7330269903377917,,0.008333333333333333,0.04833333333333333,0.11416666666666667,0.3523520672590026,False,table_local_non_descriptor,uptake_or_loading,,,,,,,
ARC-MOF::ARC-MOF adsorption task table::landfill_ch4.csv,wt%,ridge,random,4,48000,12000,5,0,0.4997222001943615,0.28271987832087425,0.8509331949178467,0.8283465286944591,0.03333333333333333,0.16,0.2775,0.7563479670519436,False,table_local_non_descriptor,uptake_or_loading,,,,,,,
ARC-MOF::ARC-MOF adsorption task table::landfill_ch4.csv,wt%,hgb,random,4,48000,12000,5,0,0.48153398244100004,0.2692094851842982,0.8615867905264828,0.8273534521861088,0.016666666666666666,0.16666666666666666,0.2708333333333333,0.7580297015314733,False,table_local_non_descriptor,uptake_or_loading,,,,,,,
ARC-MOF::ARC-MOF adsorption task table::landfill_ch4.csv,wt%,randomforest,random,4,48000,12000,5,0,0.5366902610004595,0.2984207205149913,0.8280623108513132,0.8029277005413036,0.05,0.15333333333333332,0.2575,0.7413441785859582,False,table_local_non_descriptor,uptake_or_loading,,,,,,,
ARC-MOF::ARC-MOF adsorption task table::landfill_ch4.csv,wt%,extratrees,random,4,48000,12000,5,0,0.6096040317953791,0.33902085638407903,0.7781704910153944,0.7898365219883059,0.025,0.14166666666666666,0.24833333333333332,0.7359262615610195,False,table_local_non_descriptor,uptake_or_loading,,,,,,,
ARC-MOF::ARC-MOF adsorption task table::landfill_ch4.csv,wt%,dummy,random,5,48000,12000,5,0,1.7470756689482707,1.2117250009166667,-0.8079607201369738,,0.008333333333333333,0.06,0.10416666666666667,0.3775002145761217,False,table_local_non_descriptor,uptake_or_loading,,,,,,,
ARC-MOF::ARC-MOF adsorption task table::landfill_ch4.csv,wt%,ridge,random,5,48000,12000,5,0,0.49901445974283365,0.28543433583452243,0.8525000679681791,0.8253356331794023,0.025,0.12166666666666667,0.25333333333333335,0.7580806875498983,False,table_local_non_descriptor,uptake_or_loading,,,,,,,
ARC-MOF::ARC-MOF adsorption task table::landfill_ch4.csv,wt%,hgb,random,5,48000,12000,5,0,0.48072480065820866,0.2712848426167385,0.8631141314747479,0.8259629901672986,0.025,0.12666666666666668,0.255,0.757338728413513,False,table_local_non_descriptor,uptake_or_loading,,,,,,,
ARC-MOF::ARC-MOF adsorption task table::landfill_ch4.csv,wt%,randomforest,random,5,48000,12000,5,0,0.5397452768293545,0.30679093868527973,0.8274387567456949,0.7993084649111653,0.016666666666666666,0.12166666666666667,0.22,0.734626139241183,False,table_local_non_descriptor,uptake_or_loading,,,,,,,
ARC-MOF::ARC-MOF adsorption task table::landfill_ch4.csv,wt%,extratrees,random,5,48000,12000,5,0,0.6225315596094797,0.3517847069169182,0.7704441810215075,0.7866924002876832,0.016666666666666666,0.10333333333333333,0.21,0.7316449830830707,False,table_local_non_descriptor,uptake_or_loading,,,,,,,
ARC-MOF::ARC-MOF adsorption task table::landfill_ch4.csv,wt%,dummy,random,6,48000,12000,5,0,1.744162393396094,1.2059373603333334,-0.7964680665553914,,0.025,0.05333333333333334,0.09416666666666666,0.3555694442883387,False,table_local_non_descriptor,uptake_or_loading,,,,,,,
ARC-MOF::ARC-MOF adsorption task table::landfill_ch4.csv,wt%,ridge,random,6,48000,12000,5,0,0.5112121401146872,0.2917422910825563,0.8456708434127855,0.8241009639024522,0.05,0.16333333333333333,0.28583333333333333,0.7589572190711181,False,table_local_non_descriptor,uptake_or_loading,,,,,,,
ARC-MOF::ARC-MOF adsorption task table::landfill_ch4.csv,wt%,hgb,random,6,48000,12000,5,0,0.4911582306002667,0.27689591132100116,0.857541450685373,0.8223312924490809,0.03333333333333333,0.145,0.26666666666666666,0.7595424696028827,False,table_local_non_descriptor,uptake_or_loading,,,,,,,
ARC-MOF::ARC-MOF adsorption task table::landfill_ch4.csv,wt%,randomforest,random,6,48000,12000,5,0,0.5459677955146509,0.3095688926042818,0.8239728256798581,0.7964450520368412,0.03333333333333333,0.125,0.24583333333333332,0.7409320764641214,False,table_local_non_descriptor,uptake_or_loading,,,,,,,
ARC-MOF::ARC-MOF adsorption task table::landfill_ch4.csv,wt%,extratrees,random,6,48000,12000,5,0,0.6228563589132362,0.3501847628827481,0.7709019089296468,0.784468065421697,0.05,0.12333333333333334,0.23416666666666666,0.7323305347043997,False,table_local_non_descriptor,uptake_or_loading,,,,,,,
ARC-MOF::ARC-MOF adsorption task table::landfill_ch4.csv,wt%,dummy,random,7,48000,12000,5,0,1.7399817657817451,1.2009322544166667,-0.7836659529805765,,0.041666666666666664,0.065,0.10833333333333334,0.3594865568927844,False,table_local_non_descriptor,uptake_or_loading,,,,,,,
ARC-MOF::ARC-MOF adsorption task table::landfill_ch4.csv,wt%,ridge,random,7,48000,12000,5,0,0.5027349447275028,0.2875599930250205,0.8510974018037518,0.8284905009991114,0.03333333333333333,0.13833333333333334,0.2575,0.7582971226028522,False,table_local_non_descriptor,uptake_or_loading,,,,,,,
ARC-MOF::ARC-MOF adsorption task table::landfill_ch4.csv,wt%,hgb,random,7,48000,12000,5,0,0.4852034818726627,0.2738627685689672,0.8613014420326676,0.8279226845177019,0.016666666666666666,0.14,0.25666666666666665,0.7619469374386733,False,table_local_non_descriptor,uptake_or_loading,,,,,,,
ARC-MOF::ARC-MOF adsorption task table::landfill_ch4.csv,wt%,randomforest,random,7,48000,12000,5,0,0.5438424929525203,0.3079661221100481,0.8257509558838497,0.7986575290671114,0.025,0.10166666666666667,0.22833333333333333,0.7404231767930881,False,table_local_non_descriptor,uptake_or_loading,,,,,,,
ARC-MOF::ARC-MOF adsorption task table::landfill_ch4.csv,wt%,extratrees,random,7,48000,12000,5,0,0.6194875578826596,0.34821933153520385,0.7739058608250946,0.7880094842153171,0.03333333333333333,0.11833333333333333,0.22583333333333333,0.7355259500671334,False,table_local_non_descriptor,uptake_or_loading,,,,,,,
ARC-MOF::ARC-MOF adsorption task table::landfill_ch4.csv,wt%,dummy,random,8,48000,12000,5,0,1.7450370088492184,1.2052524410833334,-0.7876442337646321,,0.008333333333333333,0.056666666666666664,0.09666666666666666,0.3556491431621386,False,table_local_non_descriptor,uptake_or_loading,,,,,,,
ARC-MOF::ARC-MOF adsorption task table::landfill_ch4.csv,wt%,ridge,random,8,48000,12000,5,0,0.5092654012214718,0.2893724152240146,0.8477490005828914,0.8239639392083369,0.008333333333333333,0.155,0.28,0.7607159200016291,False,table_local_non_descriptor,uptake_or_loading,,,,,,,
ARC-MOF::ARC-MOF adsorption task table::landfill_ch4.csv,wt%,hgb,random,8,48000,12000,5,0,0.49311576081529773,0.2794235918622858,0.857252150081019,0.8236277567816541,0.0,0.15,0.26,0.7562220863727437,False,table_local_non_descriptor,uptake_or_loading,,,,,,,
ARC-MOF::ARC-MOF adsorption task table::landfill_ch4.csv,wt%,randomforest,random,8,48000,12000,5,0,0.5477071625163465,0.3101567980063245,0.8238962316867224,0.7979841862912163,0.03333333333333333,0.105,0.21,0.7273328777555033,False,table_local_non_descriptor,uptake_or_loading,,,,,,,
ARC-MOF::ARC-MOF adsorption task table::landfill_ch4.csv,wt%,extratrees,random,8,48000,12000,5,0,0.6307739318000226,0.3557176963179724,0.7664288053161724,0.7860246033339433,0.041666666666666664,0.1,0.19666666666666666,0.7178325619776263,False,table_local_non_descriptor,uptake_or_loading,,,,,,,
ARC-MOF::ARC-MOF adsorption task table::landfill_ch4.csv,wt%,dummy,random,9,48000,12000,5,0,1.732009750929861,1.1950968051666666,-0.7796280724713549,,0.0,0.04833333333333333,0.09083333333333334,0.3569421947293799,False,table_local_non_descriptor,uptake_or_loading,,,,,,,
ARC-MOF::ARC-MOF adsorption task table::landfill_ch4.csv,wt%,ridge,random,9,48000,12000,5,0,0.5008336326026456,0.285153786767779,0.8511956752697651,0.8282076235255341,0.041666666666666664,0.14833333333333334,0.27666666666666667,0.758357516665965,False,table_local_non_descriptor,uptake_or_loading,,,,,,,
ARC-MOF::ARC-MOF adsorption task table::landfill_ch4.csv,wt%,hgb,random,9,48000,12000,5,0,0.4838338618366627,0.2743507131851135,0.861125949660272,0.8269418385282624,0.025,0.15666666666666668,0.26666666666666666,0.7542952858298888,False,table_local_non_descriptor,uptake_or_loading,,,,,,,
ARC-MOF::ARC-MOF adsorption task table::landfill_ch4.csv,wt%,randomforest,random,9,48000,12000,5,0,0.5413799722012154,0.3050688146265979,0.8261266773665324,0.8008770292307237,0.041666666666666664,0.12166666666666667,0.23666666666666666,0.7383823583712303,False,table_local_non_descriptor,uptake_or_loading,,,,,,,
ARC-MOF::ARC-MOF adsorption task table::landfill_ch4.csv,wt%,extratrees,random,9,48000,12000,5,0,0.619818841834721,0.3487814044675569,0.7720927552372321,0.7880527369425503,0.041666666666666664,0.105,0.215,0.7329559670642376,False,table_local_non_descriptor,uptake_or_loading,,,,,,,
ARC-MOF::ARC-MOF adsorption task table::landfill_ch4.csv,v/v,dummy,random,0,48000,12000,5,0,15.878001538082978,10.771864041583333,-0.6401680200144582,,0.016666666666666666,0.04833333333333333,0.09,0.323108933926977,False,table_local_non_descriptor,uptake_or_loading,,,,,,,
ARC-MOF::ARC-MOF adsorption task table::landfill_ch4.csv,v/v,ridge,random,0,48000,12000,5,0,6.100648760891359,3.8211171435640376,0.7578699433444703,0.8414391749740527,0.05,0.16333333333333333,0.3075,0.7211959725443382,False,table_local_non_descriptor,uptake_or_loading,,,,,,,
ARC-MOF::ARC-MOF adsorption task table::landfill_ch4.csv,v/v,hgb,random,0,48000,12000,5,0,5.9834855962791424,3.595439742523876,0.767080869473971,0.8414910981908366,0.03333333333333333,0.16333333333333333,0.2975,0.7160668310153026,False,table_local_non_descriptor,uptake_or_loading,,,,,,,
ARC-MOF::ARC-MOF adsorption task table::landfill_ch4.csv,v/v,randomforest,random,0,48000,12000,5,0,6.698661013925583,3.926818557600553,0.7080740769296614,0.8100305201810032,0.016666666666666666,0.10833333333333334,0.2475,0.6720731190656781,False,table_local_non_descriptor,uptake_or_loading,,,,,,,
ARC-MOF::ARC-MOF adsorption task table::landfill_ch4.csv,v/v,extratrees,random,0,48000,12000,5,0,7.600991267959864,4.410966534443152,0.6241304641641019,0.7951220481500352,0.025,0.11333333333333333,0.2375,0.6543258947711532,False,table_local_non_descriptor,uptake_or_loading,,,,,,,
ARC-MOF::ARC-MOF adsorption task table::landfill_ch4.csv,v/v,dummy,random,1,48000,12000,5,0,15.911506545681979,10.801581071416667,-0.6414483568074116,,0.008333333333333333,0.055,0.095,0.318919065173335,False,table_local_non_descriptor,uptake_or_loading,,,,,,,
ARC-MOF::ARC-MOF adsorption task table::landfill_ch4.csv,v/v,ridge,random,1,48000,12000,5,0,6.041907274063361,3.7905742743148405,0.7633248115748926,0.8452141026683706,0.016666666666666666,0.17333333333333334,0.3016666666666667,0.7292712334724466,False,table_local_non_descriptor,uptake_or_loading,,,,,,,
ARC-MOF::ARC-MOF adsorption task table::landfill_ch4.csv,v/v,hgb,random,1,48000,12000,5,0,5.868875182469217,3.5424345819468464,0.7766868147316541,0.8446674263908772,0.016666666666666666,0.16666666666666666,0.29083333333333333,0.7223565708780112,False,table_local_non_descriptor,uptake_or_loading,,,,,,,
ARC-MOF::ARC-MOF adsorption task table::landfill_ch4.csv,v/v,randomforest,random,1,48000,12000,5,0,6.615909681577321,3.880086787591688,0.7162187120921844,0.81160972017238,0.008333333333333333,0.12166666666666667,0.25,0.674646261309166,False,table_local_non_descriptor,uptake_or_loading,,,,,,,
ARC-MOF::ARC-MOF adsorption task table::landfill_ch4.csv,v/v,extratrees,random,1,48000,12000,5,0,7.506169606875357,4.344265996849449,0.6347069860382775,0.7971170480078701,0.016666666666666666,0.13333333333333333,0.23666666666666666,0.6637603460798223,False,table_local_non_descriptor,uptake_or_loading,,,,,,,
ARC-MOF::ARC-MOF adsorption task table::landfill_ch4.csv,v/v,dummy,random,2,48000,12000,5,0,15.961498710911641,10.848756457333334,-0.6602572971282819,,0.016666666666666666,0.03166666666666667,0.09083333333333334,0.3190325292835597,False,table_local_non_descriptor,uptake_or_loading,,,,,,,
ARC-MOF::ARC-MOF adsorption task table::landfill_ch4.csv,v/v,ridge,random,2,48000,12000,5,0,6.0975759357029915,3.8471235950705602,0.7577060900378176,0.8415014172591169,0.025,0.15333333333333332,0.285,0.7226190303904501,False,table_local_non_descriptor,uptake_or_loading,,,,,,,
ARC-MOF::ARC-MOF adsorption task table::landfill_ch4.csv,v/v,hgb,random,2,48000,12000,5,0,5.939476953557965,3.5995135765411503,0.7701076782302532,0.8419545519645457,0.03333333333333333,0.16,0.2891666666666667,0.722401623874097,False,table_local_non_descriptor,uptake_or_loading,,,,,,,
ARC-MOF::ARC-MOF adsorption task table::landfill_ch4.csv,v/v,randomforest,random,2,48000,12000,5,0,6.6994710999361535,3.9354346222586725,0.7075112951746116,0.808451439048386,0.03333333333333333,0.13166666666666665,0.24916666666666668,0.6651461710898013,False,table_local_non_descriptor,uptake_or_loading,,,,,,,
ARC-MOF::ARC-MOF adsorption task table::landfill_ch4.csv,v/v,extratrees,random,2,48000,12000,5,0,7.590377841846291,4.406863440842713,0.6245476268260759,0.7949757293610242,0.0,0.12166666666666667,0.24,0.663754028176131,False,table_local_non_descriptor,uptake_or_loading,,,,,,,
ARC-MOF::ARC-MOF adsorption task table::landfill_ch4.csv,v/v,dummy,random,3,48000,12000,5,0,15.415005323171687,10.689972443999999,-0.5418858593738562,,0.016666666666666666,0.03833333333333333,0.1025,0.3039937157546013,False,table_local_non_descriptor,uptake_or_loading,,,,,,,
ARC-MOF::ARC-MOF adsorption task table::landfill_ch4.csv,v/v,ridge,random,3,48000,12000,5,0,6.084579373594016,3.788183969079322,0.7597706925874897,0.8393254492232547,0.0,0.165,0.29,0.7185205810896286,False,table_local_non_descriptor,uptake_or_loading,,,,,,,
ARC-MOF::ARC-MOF adsorption task table::landfill_ch4.csv,v/v,hgb,random,3,48000,12000,5,0,5.956513741365546,3.5641132488336176,0.7697767589793559,0.8396615985957331,0.0,0.17166666666666666,0.2791666666666667,0.7114292307524013,False,table_local_non_descriptor,uptake_or_loading,,,,,,,
ARC-MOF::ARC-MOF adsorption task table::landfill_ch4.csv,v/v,randomforest,random,3,48000,12000,5,0,6.662016237855261,3.894036130351482,0.7120107735700791,0.8100566323615099,0.05,0.125,0.2608333333333333,0.6729285045286523,False,table_local_non_descriptor,uptake_or_loading,,,,,,,
ARC-MOF::ARC-MOF adsorption task table::landfill_ch4.csv,v/v,extratrees,random,3,48000,12000,5,0,7.6402420375580915,4.404548502281416,0.6212269235564218,0.7949332397307001,0.041666666666666664,0.11,0.23833333333333334,0.6487849794239031,False,table_local_non_descriptor,uptake_or_loading,,,,,,,
ARC-MOF::ARC-MOF adsorption task table::landfill_ch4.csv,v/v,dummy,random,4,48000,12000,5,0,15.108754979752469,10.5805383835,-0.5050366759212521,,0.0,0.055,0.1175,0.31421532475334946,False,table_local_non_descriptor,uptake_or_loading,,,,,,,
ARC-MOF::ARC-MOF adsorption task table::landfill_ch4.csv,v/v,ridge,random,4,48000,12000,5,0,5.997335913176958,3.733785496180951,0.7628590934177268,0.8430422473181994,0.016666666666666666,0.14666666666666667,0.31083333333333335,0.724620447181604,False,table_local_non_descriptor,uptake_or_loading,,,,,,,
ARC-MOF::ARC-MOF adsorption task table::landfill_ch4.csv,v/v,hgb,random,4,48000,12000,5,0,5.834496287875566,3.491035440331702,0.7755619625241598,0.843203379805955,0.025,0.14833333333333334,0.31,0.7177581381747061,False,table_local_non_descriptor,uptake_or_loading,,,,,,,
ARC-MOF::ARC-MOF adsorption task table::landfill_ch4.csv,v/v,randomforest,random,4,48000,12000,5,0,6.517485472391775,3.81739532856461,0.7199407829386644,0.8123611456526084,0.041666666666666664,0.14833333333333334,0.27416666666666667,0.6841988936432986,False,table_local_non_descriptor,uptake_or_loading,,,,,,,
ARC-MOF::ARC-MOF adsorption task table::landfill_ch4.csv,v/v,extratrees,random,4,48000,12000,5,0,7.355454963920961,4.238381452979518,0.6432953192948236,0.798572471239607,0.03333333333333333,0.145,0.25416666666666665,0.6634982236100399,False,table_local_non_descriptor,uptake_or_loading,,,,,,,
ARC-MOF::ARC-MOF adsorption task table::landfill_ch4.csv,v/v,dummy,random,5,48000,12000,5,0,16.047560580169446,10.922977266583333,-0.6617265434422959,,0.016666666666666666,0.06,0.11,0.3362702473268724,False,table_local_non_descriptor,uptake_or_loading,,,,,,,
ARC-MOF::ARC-MOF adsorption task table::landfill_ch4.csv,v/v,ridge,random,5,48000,12000,5,0,6.0617268867092555,3.8179394394100115,0.76289853370862,0.8399221555778933,0.025,0.15,0.2891666666666667,0.7234698556938866,False,table_local_non_descriptor,uptake_or_loading,,,,,,,
ARC-MOF::ARC-MOF adsorption task table::landfill_ch4.csv,v/v,hgb,random,5,48000,12000,5,0,5.93384620996556,3.591113750720103,0.7727969892502788,0.8399964750427544,0.016666666666666666,0.165,0.2875,0.7225436228666188,False,table_local_non_descriptor,uptake_or_loading,,,,,,,
ARC-MOF::ARC-MOF adsorption task table::landfill_ch4.csv,v/v,randomforest,random,5,48000,12000,5,0,6.648477677465354,3.927030547829381,0.7147760833329877,0.8094086527717677,0.008333333333333333,0.12166666666666667,0.23,0.6751624555392576,False,table_local_non_descriptor,uptake_or_loading,,,,,,,
ARC-MOF::ARC-MOF adsorption task table::landfill_ch4.csv,v/v,extratrees,random,5,48000,12000,5,0,7.618797520362445,4.435934502590718,0.6254460573195462,0.7938461524777831,0.03333333333333333,0.11,0.2325,0.6568320775632003,False,table_local_non_descriptor,uptake_or_loading,,,,,,,
ARC-MOF::ARC-MOF adsorption task table::landfill_ch4.csv,v/v,dummy,random,6,48000,12000,5,0,16.001510721161146,10.890702916583333,-0.6571284000752469,,0.008333333333333333,0.04833333333333333,0.08916666666666667,0.3097564915911717,False,table_local_non_descriptor,uptake_or_loading,,,,,,,
ARC-MOF::ARC-MOF adsorption task table::landfill_ch4.csv,v/v,ridge,random,6,48000,12000,5,0,6.030560148603212,3.7938884821596677,0.7646308745723754,0.8405060912155733,0.03333333333333333,0.165,0.3025,0.7320487451283066,False,table_local_non_descriptor,uptake_or_loading,,,,,,,
ARC-MOF::ARC-MOF adsorption task table::landfill_ch4.csv,v/v,hgb,random,6,48000,12000,5,0,5.854088987585462,3.5334800390174648,0.7782044510579821,0.8411489681846764,0.008333333333333333,0.17333333333333334,0.28833333333333333,0.7277050678494815,False,table_local_non_descriptor,uptake_or_loading,,,,,,,
ARC-MOF::ARC-MOF adsorption task table::landfill_ch4.csv,v/v,randomforest,random,6,48000,12000,5,0,6.6161940258518435,3.904966808419009,0.7166973399515001,0.8090124827489736,0.016666666666666666,0.14666666666666667,0.24916666666666668,0.6779532780809504,False,table_local_non_descriptor,uptake_or_loading,,,,,,,
ARC-MOF::ARC-MOF adsorption task table::landfill_ch4.csv,v/v,extratrees,random,6,48000,12000,5,0,7.565040324093692,4.3981703652445985,0.6296121931533689,0.7954022592971417,0.016666666666666666,0.13,0.24666666666666667,0.6636610148946062,False,table_local_non_descriptor,uptake_or_loading,,,,,,,
ARC-MOF::ARC-MOF adsorption task table::landfill_ch4.csv,v/v,dummy,random,7,48000,12000,5,0,15.907290490075342,10.800491848083334,-0.6340440361081503,,0.008333333333333333,0.04833333333333333,0.1075,0.3107791870484487,False,table_local_non_descriptor,uptake_or_loading,,,,,,,
ARC-MOF::ARC-MOF adsorption task table::landfill_ch4.csv,v/v,ridge,random,7,48000,12000,5,0,6.056584233420959,3.811915601159035,0.7631208393295622,0.8431258895721577,0.03333333333333333,0.15833333333333333,0.28833333333333333,0.7282841464298574,False,table_local_non_descriptor,uptake_or_loading,,,,,,,
ARC-MOF::ARC-MOF adsorption task table::landfill_ch4.csv,v/v,hgb,random,7,48000,12000,5,0,5.882281018811069,3.5454269439870405,0.7765589984590209,0.8440217612437979,0.016666666666666666,0.16666666666666666,0.2975,0.7306328419582366,False,table_local_non_descriptor,uptake_or_loading,,,,,,,
ARC-MOF::ARC-MOF adsorption task table::landfill_ch4.csv,v/v,randomforest,random,7,48000,12000,5,0,6.568567135872226,3.850940776622865,0.7213797879347538,0.8122402776795509,0.05,0.12833333333333333,0.245,0.6818564563896835,False,table_local_non_descriptor,uptake_or_loading,,,,,,,
ARC-MOF::ARC-MOF adsorption task table::landfill_ch4.csv,v/v,extratrees,random,7,48000,12000,5,0,7.442201054469231,4.305071476063332,0.6423369058976828,0.7982082334487749,0.008333333333333333,0.12166666666666667,0.2375,0.6617390980894008,False,table_local_non_descriptor,uptake_or_loading,,,,,,,
ARC-MOF::ARC-MOF adsorption task table::landfill_ch4.csv,v/v,dummy,random,8,48000,12000,5,0,15.997120429384518,10.859922834833334,-0.6387201113563776,,0.008333333333333333,0.056666666666666664,0.10166666666666667,0.31789979274142716,False,table_local_non_descriptor,uptake_or_loading,,,,,,,
ARC-MOF::ARC-MOF adsorption task table::landfill_ch4.csv,v/v,ridge,random,8,48000,12000,5,0,6.113446706730768,3.837623864506421,0.7606720524200541,0.8402485210926266,0.03333333333333333,0.18666666666666668,0.32083333333333336,0.7381807582245519,False,table_local_non_descriptor,uptake_or_loading,,,,,,,
ARC-MOF::ARC-MOF adsorption task table::landfill_ch4.csv,v/v,hgb,random,8,48000,12000,5,0,5.955281925417574,3.616282375681025,0.7728954647655377,0.8414327773431952,0.025,0.185,0.3075,0.7345870553181174,False,table_local_non_descriptor,uptake_or_loading,,,,,,,
ARC-MOF::ARC-MOF adsorption task table::landfill_ch4.csv,v/v,randomforest,random,8,48000,12000,5,0,6.658868629431514,3.910337212623315,0.7160629610370041,0.8089469134568211,0.025,0.12833333333333333,0.24916666666666668,0.6806419590954818,False,table_local_non_descriptor,uptake_or_loading,,,,,,,
ARC-MOF::ARC-MOF adsorption task table::landfill_ch4.csv,v/v,extratrees,random,8,48000,12000,5,0,7.574168185145505,4.406572286317001,0.6326406956227466,0.7954584259841978,0.025,0.12,0.25166666666666665,0.6699791114817814,False,table_local_non_descriptor,uptake_or_loading,,,,,,,
ARC-MOF::ARC-MOF adsorption task table::landfill_ch4.csv,v/v,dummy,random,9,48000,12000,5,0,15.845929357226748,10.777895602666666,-0.631833867545428,,0.016666666666666666,0.056666666666666664,0.1,0.31902926559536343,False,table_local_non_descriptor,uptake_or_loading,,,,,,,
ARC-MOF::ARC-MOF adsorption task table::landfill_ch4.csv,v/v,ridge,random,9,48000,12000,5,0,5.999718563491367,3.7357887143480353,0.7660611939196837,0.8404550239189756,0.008333333333333333,0.14666666666666667,0.2975,0.720572028418282,False,table_local_non_descriptor,uptake_or_loading,,,,,,,
ARC-MOF::ARC-MOF adsorption task table::landfill_ch4.csv,v/v,hgb,random,9,48000,12000,5,0,5.8623044999054414,3.5367641399679592,0.7766544740800237,0.8401864195899948,0.008333333333333333,0.15,0.30083333333333334,0.7200180255251708,False,table_local_non_descriptor,uptake_or_loading,,,,,,,
ARC-MOF::ARC-MOF adsorption task table::landfill_ch4.csv,v/v,randomforest,random,9,48000,12000,5,0,6.546521500217064,3.8271493994940293,0.7214765868998639,0.8132422787787909,0.016666666666666666,0.135,0.2633333333333333,0.6807769401537409,False,table_local_non_descriptor,uptake_or_loading,,,,,,,
ARC-MOF::ARC-MOF adsorption task table::landfill_ch4.csv,v/v,extratrees,random,9,48000,12000,5,0,7.455351118530067,4.3063302006834085,0.6387759020795483,0.7987934165691807,0.025,0.11333333333333333,0.25083333333333335,0.6665218022685704,False,table_local_non_descriptor,uptake_or_loading,,,,,,,
ARC-MOF::ARC-MOF adsorption task table::landfill_ch4.csv,mmol/g,dummy,random,0,48000,12000,5,0,1.0882080900904834,0.7531222092499998,-0.7961024282569602,,0.008333333333333333,0.045,0.09916666666666667,0.3667759438038633,False,table_local_non_descriptor,uptake_or_loading,,,,,,,
ARC-MOF::ARC-MOF adsorption task table::landfill_ch4.csv,mmol/g,ridge,random,0,48000,12000,5,0,0.3108401486823691,0.1779801865228592,0.8534514871923737,0.8279490297909278,0.03333333333333333,0.13833333333333334,0.2866666666666667,0.7619054249312172,False,table_local_non_descriptor,uptake_or_loading,,,,,,,
ARC-MOF::ARC-MOF adsorption task table::landfill_ch4.csv,mmol/g,hgb,random,0,48000,12000,5,0,0.3006529675339177,0.16974660345852763,0.8628997681845993,0.826513195997112,0.025,0.13,0.2708333333333333,0.7500911451863637,False,table_local_non_descriptor,uptake_or_loading,,,,,,,
ARC-MOF::ARC-MOF adsorption task table::landfill_ch4.csv,mmol/g,randomforest,random,0,48000,12000,5,0,0.3364334528128428,0.18975791827671723,0.8283255973125168,0.80042509021687,0.025,0.11833333333333333,0.22833333333333333,0.7381512355377603,False,table_local_non_descriptor,uptake_or_loading,,,,,,,
ARC-MOF::ARC-MOF adsorption task table::landfill_ch4.csv,mmol/g,extratrees,random,0,48000,12000,5,0,0.3845576476404328,0.21777580260471963,0.7756995708394993,0.7884653460253341,0.016666666666666666,0.11333333333333333,0.23333333333333334,0.731221213771211,False,table_local_non_descriptor,uptake_or_loading,,,,,,,
ARC-MOF::ARC-MOF adsorption task table::landfill_ch4.csv,mmol/g,dummy,random,1,48000,12000,5,0,1.0852222881724571,0.7494502588333335,-0.7878970794427025,,0.0,0.05,0.10416666666666667,0.36242012578819927,False,table_local_non_descriptor,uptake_or_loading,,,,,,,
ARC-MOF::ARC-MOF adsorption task table::landfill_ch4.csv,mmol/g,ridge,random,1,48000,12000,5,0,0.31485914937911264,0.17887488689789574,0.8494995698272382,0.8315373435503471,0.041666666666666664,0.16666666666666666,0.2941666666666667,0.7720822917120674,False,table_local_non_descriptor,uptake_or_loading,,,,,,,
ARC-MOF::ARC-MOF adsorption task table::landfill_ch4.csv,mmol/g,hgb,random,1,48000,12000,5,0,0.3018936936121664,0.17065645316241107,0.8616391607876659,0.8287551520462816,0.008333333333333333,0.16833333333333333,0.2783333333333333,0.7632681562383122,False,table_local_non_descriptor,uptake_or_loading,,,,,,,
ARC-MOF::ARC-MOF adsorption task table::landfill_ch4.csv,mmol/g,randomforest,random,1,48000,12000,5,0,0.3411862616903657,0.19169924998148297,0.8232789934678735,0.8000161730641316,0.03333333333333333,0.11833333333333333,0.23083333333333333,0.7345265961776947,False,table_local_non_descriptor,uptake_or_loading,,,,,,,
ARC-MOF::ARC-MOF adsorption task table::landfill_ch4.csv,mmol/g,extratrees,random,1,48000,12000,5,0,0.3888212483749245,0.21866103931617129,0.770488164493573,0.7868284329844293,0.025,0.105,0.22333333333333333,0.7308142361622426,False,table_local_non_descriptor,uptake_or_loading,,,,,,,
ARC-MOF::ARC-MOF adsorption task table::landfill_ch4.csv,mmol/g,dummy,random,2,48000,12000,5,0,1.0925224592624305,0.7573752321666667,-0.8102714587940292,,0.016666666666666666,0.03666666666666667,0.09833333333333333,0.361091847853495,False,table_local_non_descriptor,uptake_or_loading,,,,,,,
ARC-MOF::ARC-MOF adsorption task table::landfill_ch4.csv,mmol/g,ridge,random,2,48000,12000,5,0,0.31552767687256883,0.18104366207749922,0.8490066304884338,0.8264048568557353,0.041666666666666664,0.14833333333333334,0.2825,0.756739656122982,False,table_local_non_descriptor,uptake_or_loading,,,,,,,
ARC-MOF::ARC-MOF adsorption task table::landfill_ch4.csv,mmol/g,hgb,random,2,48000,12000,5,0,0.3060901790007866,0.17359918977259717,0.8579040343634725,0.8245113173332125,0.025,0.16166666666666665,0.27416666666666667,0.7528307081710628,False,table_local_non_descriptor,uptake_or_loading,,,,,,,
ARC-MOF::ARC-MOF adsorption task table::landfill_ch4.csv,mmol/g,randomforest,random,2,48000,12000,5,0,0.3430211014181902,0.19409732147326714,0.8215466803837503,0.7976290301888275,0.008333333333333333,0.13166666666666665,0.21416666666666667,0.7289844352240127,False,table_local_non_descriptor,uptake_or_loading,,,,,,,
ARC-MOF::ARC-MOF adsorption task table::landfill_ch4.csv,mmol/g,extratrees,random,2,48000,12000,5,0,0.3907807632549343,0.22091656793562234,0.7683942642246885,0.7874186819919486,0.025,0.10333333333333333,0.20166666666666666,0.71912192060373,False,table_local_non_descriptor,uptake_or_loading,,,,,,,
ARC-MOF::ARC-MOF adsorption task table::landfill_ch4.csv,mmol/g,dummy,random,3,48000,12000,5,0,1.0751410473887808,0.7418226603333332,-0.7547625129608324,,0.0,0.05,0.09833333333333333,0.3426087026766775,False,table_local_non_descriptor,uptake_or_loading,,,,,,,
ARC-MOF::ARC-MOF adsorption task table::landfill_ch4.csv,mmol/g,ridge,random,3,48000,12000,5,0,0.3146384859075381,0.1772518406955212,0.8497165525266945,0.8273011617016545,0.016666666666666666,0.15833333333333333,0.265,0.7542173981403115,False,table_local_non_descriptor,uptake_or_loading,,,,,,,
ARC-MOF::ARC-MOF adsorption task table::landfill_ch4.csv,mmol/g,hgb,random,3,48000,12000,5,0,0.30424413221708774,0.17020443895498175,0.8594820245008998,0.8263923379716814,0.016666666666666666,0.16,0.27166666666666667,0.7567905970602524,False,table_local_non_descriptor,uptake_or_loading,,,,,,,
ARC-MOF::ARC-MOF adsorption task table::landfill_ch4.csv,mmol/g,randomforest,random,3,48000,12000,5,0,0.3384301061382461,0.18985365270138005,0.8261296844072625,0.7999916376411855,0.025,0.13333333333333333,0.2225,0.7316385666549484,False,table_local_non_descriptor,uptake_or_loading,,,,,,,
ARC-MOF::ARC-MOF adsorption task table::landfill_ch4.csv,mmol/g,extratrees,random,3,48000,12000,5,0,0.38351039096160255,0.2149953346020462,0.7767241595245421,0.7890868708118022,0.03333333333333333,0.11333333333333333,0.21583333333333332,0.7287140352481654,False,table_local_non_descriptor,uptake_or_loading,,,,,,,
ARC-MOF::ARC-MOF adsorption task table::landfill_ch4.csv,mmol/g,dummy,random,4,48000,12000,5,0,1.0649297374346367,0.7373959797499998,-0.7330277947424975,,0.008333333333333333,0.04833333333333333,0.11416666666666667,0.35235206558245785,False,table_local_non_descriptor,uptake_or_loading,,,,,,,
ARC-MOF::ARC-MOF adsorption task table::landfill_ch4.csv,mmol/g,ridge,random,4,48000,12000,5,0,0.31232637315500833,0.17669992310261626,0.8509331978011346,0.8283468091697342,0.03333333333333333,0.16,0.2775,0.7563479771868034,False,table_local_non_descriptor,uptake_or_loading,,,,,,,
ARC-MOF::ARC-MOF adsorption task table::landfill_ch4.csv,mmol/g,hgb,random,4,48000,12000,5,0,0.300958736458279,0.16825592613792742,0.861586793822237,0.8273537357590638,0.016666666666666666,0.16666666666666666,0.2708333333333333,0.7580297082445546,False,table_local_non_descriptor,uptake_or_loading,,,,,,,
ARC-MOF::ARC-MOF adsorption task table::landfill_ch4.csv,mmol/g,randomforest,random,4,48000,12000,5,0,0.33543141089050266,0.18651294359254783,0.8280623143029111,0.8029284868595754,0.05,0.15333333333333332,0.2575,0.7413441905065136,False,table_local_non_descriptor,uptake_or_loading,,,,,,,
ARC-MOF::ARC-MOF adsorption task table::landfill_ch4.csv,mmol/g,extratrees,random,4,48000,12000,5,0,0.38100252014040686,0.21188803421748245,0.7781704922002972,0.7898361541152549,0.025,0.14166666666666666,0.24833333333333332,0.7359262449843333,False,table_local_non_descriptor,uptake_or_loading,,,,,,,
ARC-MOF::ARC-MOF adsorption task table::landfill_ch4.csv,mmol/g,dummy,random,5,48000,12000,5,0,1.0919222972938634,0.7573281285833333,-0.8079607194442577,,0.008333333333333333,0.06,0.10416666666666667,0.377500215654828,False,table_local_non_descriptor,uptake_or_loading,,,,,,,
ARC-MOF::ARC-MOF adsorption task table::landfill_ch4.csv,mmol/g,ridge,random,5,48000,12000,5,0,0.3118840385726739,0.17839645938610882,0.8525000679930803,0.825335645543529,0.025,0.12166666666666667,0.25333333333333335,0.7580806885943192,False,table_local_non_descriptor,uptake_or_loading,,,,,,,
ARC-MOF::ARC-MOF adsorption task table::landfill_ch4.csv,mmol/g,hgb,random,5,48000,12000,5,0,0.30045300217199167,0.16955302728860855,0.8631141309762751,0.8259630385985621,0.025,0.12666666666666668,0.255,0.7573387263560344,False,table_local_non_descriptor,uptake_or_loading,,,,,,,
ARC-MOF::ARC-MOF adsorption task table::landfill_ch4.csv,mmol/g,randomforest,random,5,48000,12000,5,0,0.33734117589168844,0.1917440912036954,0.8274383715494396,0.7993077294738586,0.016666666666666666,0.12166666666666667,0.22,0.7346261366366529,False,table_local_non_descriptor,uptake_or_loading,,,,,,,
ARC-MOF::ARC-MOF adsorption task table::landfill_ch4.csv,mmol/g,extratrees,random,5,48000,12000,5,0,0.3890822316692873,0.21986544111236503,0.7704441747182309,0.7866932101370679,0.016666666666666666,0.10333333333333333,0.21,0.731644980492278,False,table_local_non_descriptor,uptake_or_loading,,,,,,,
ARC-MOF::ARC-MOF adsorption task table::landfill_ch4.csv,mmol/g,dummy,random,6,48000,12000,5,0,1.0901013766036716,0.7537108504166667,-0.7964676689673416,,0.025,0.05333333333333334,0.09416666666666666,0.35556944653951167,False,table_local_non_descriptor,uptake_or_loading,,,,,,,
ARC-MOF::ARC-MOF adsorption task table::landfill_ch4.csv,mmol/g,ridge,random,6,48000,12000,5,0,0.3195075852890784,0.1823389288419838,0.845670846002915,0.8241011871382479,0.05,0.16333333333333333,0.28583333333333333,0.7589572229674124,False,table_local_non_descriptor,uptake_or_loading,,,,,,,
ARC-MOF::ARC-MOF adsorption task table::landfill_ch4.csv,mmol/g,hgb,random,6,48000,12000,5,0,0.30697388991039015,0.17305993897933133,0.8575414549527287,0.8223315086559557,0.03333333333333333,0.145,0.26666666666666666,0.7595424746903969,False,table_local_non_descriptor,uptake_or_loading,,,,,,,
ARC-MOF::ARC-MOF adsorption task table::landfill_ch4.csv,mmol/g,randomforest,random,6,48000,12000,5,0,0.3412298679057925,0.19348054494173902,0.8239728305460083,0.7964456380538325,0.03333333333333333,0.125,0.24583333333333332,0.7409262029972823,False,table_local_non_descriptor,uptake_or_loading,,,,,,,
ARC-MOF::ARC-MOF adsorption task table::landfill_ch4.csv,mmol/g,extratrees,random,6,48000,12000,5,0,0.3892852232552415,0.21886547327944322,0.7709019107553758,0.7844683942510425,0.05,0.12333333333333334,0.23416666666666666,0.7323302136873556,False,table_local_non_descriptor,uptake_or_loading,,,,,,,
ARC-MOF::ARC-MOF adsorption task table::landfill_ch4.csv,mmol/g,dummy,random,7,48000,12000,5,0,1.0874887739477201,0.7505826623333334,-0.7836664924756107,,0.041666666666666664,0.065,0.10833333333333334,0.3594865526689093,False,table_local_non_descriptor,uptake_or_loading,,,,,,,
ARC-MOF::ARC-MOF adsorption task table::landfill_ch4.csv,mmol/g,ridge,random,7,48000,12000,5,0,0.31420934289130903,0.17972499534038472,0.8510974011020895,0.8284903308253786,0.03333333333333333,0.13833333333333334,0.2575,0.758297128907018,False,table_local_non_descriptor,uptake_or_loading,,,,,,,
ARC-MOF::ARC-MOF adsorption task table::landfill_ch4.csv,mmol/g,hgb,random,7,48000,12000,5,0,0.3032521771149221,0.1711642359404522,0.8613014426662586,0.8279224910893508,0.016666666666666666,0.14,0.25666666666666665,0.7619469382731461,False,table_local_non_descriptor,uptake_or_loading,,,,,,,
ARC-MOF::ARC-MOF adsorption task table::landfill_ch4.csv,mmol/g,randomforest,random,7,48000,12000,5,0,0.33990100784670646,0.19247852170990648,0.8257515219298933,0.7986570477617811,0.025,0.10166666666666667,0.22833333333333333,0.7404233975927219,False,table_local_non_descriptor,uptake_or_loading,,,,,,,
ARC-MOF::ARC-MOF adsorption task table::landfill_ch4.csv,mmol/g,extratrees,random,7,48000,12000,5,0,0.3871797178102548,0.21763708080998387,0.7739058701176961,0.7880094847320136,0.03333333333333333,0.11833333333333333,0.22583333333333333,0.7355259991864134,False,table_local_non_descriptor,uptake_or_loading,,,,,,,
ARC-MOF::ARC-MOF adsorption task table::landfill_ch4.csv,mmol/g,dummy,random,8,48000,12000,5,0,1.0906483433061043,0.7532827760833334,-0.7876449312756917,,0.008333333333333333,0.056666666666666664,0.09666666666666666,0.35564914313303847,False,table_local_non_descriptor,uptake_or_loading,,,,,,,
ARC-MOF::ARC-MOF adsorption task table::landfill_ch4.csv,mmol/g,ridge,random,8,48000,12000,5,0,0.31829087614776846,0.18085776014751725,0.8477490002147382,0.8239641483991325,0.008333333333333333,0.155,0.28,0.7607159233211915,False,table_local_non_descriptor,uptake_or_loading,,,,,,,
ARC-MOF::ARC-MOF adsorption task table::landfill_ch4.csv,mmol/g,hgb,random,8,48000,12000,5,0,0.30819735114435326,0.17463974536323607,0.8572521494925583,0.8236279532935555,0.0,0.15,0.26,0.7562220884031405,False,table_local_non_descriptor,uptake_or_loading,,,,,,,
ARC-MOF::ARC-MOF adsorption task table::landfill_ch4.csv,mmol/g,randomforest,random,8,48000,12000,5,0,0.34231690036218076,0.1938479057189746,0.8238963100986729,0.7979843224362138,0.03333333333333333,0.105,0.21,0.7273328804637905,False,table_local_non_descriptor,uptake_or_loading,,,,,,,
ARC-MOF::ARC-MOF adsorption task table::landfill_ch4.csv,mmol/g,extratrees,random,8,48000,12000,5,0,0.3942243431454568,0.2223131752845868,0.7664399012124897,0.7860159628426804,0.041666666666666664,0.09833333333333333,0.1975,0.7177917017630661,False,table_local_non_descriptor,uptake_or_loading,,,,,,,
ARC-MOF::ARC-MOF adsorption task table::landfill_ch4.csv,mmol/g,dummy,random,9,48000,12000,5,0,1.0825060932293147,0.74693550125,-0.7796280731980074,,0.0,0.04833333333333333,0.09083333333333334,0.35694220244428043,False,table_local_non_descriptor,uptake_or_loading,,,,,,,
ARC-MOF::ARC-MOF adsorption task table::landfill_ch4.csv,mmol/g,ridge,random,9,48000,12000,5,0,0.3130210231848973,0.17822111689710038,0.8511956722361065,0.8282080100226971,0.041666666666666664,0.14833333333333334,0.27666666666666667,0.7583575192149852,False,table_local_non_descriptor,uptake_or_loading,,,,,,,
ARC-MOF::ARC-MOF adsorption task table::landfill_ch4.csv,mmol/g,hgb,random,9,48000,12000,5,0,0.30239616690027393,0.17146919511203418,0.8611259463335939,0.8269422000317557,0.025,0.15666666666666668,0.26666666666666666,0.754295288181832,False,table_local_non_descriptor,uptake_or_loading,,,,,,,
ARC-MOF::ARC-MOF adsorption task table::landfill_ch4.csv,mmol/g,randomforest,random,9,48000,12000,5,0,0.3383624821077796,0.19066801743903408,0.8261266774739225,0.8008761511073866,0.041666666666666664,0.12166666666666667,0.23666666666666666,0.7383823650587353,False,table_local_non_descriptor,uptake_or_loading,,,,,,,
ARC-MOF::ARC-MOF adsorption task table::landfill_ch4.csv,mmol/g,extratrees,random,9,48000,12000,5,0,0.3873867788120664,0.21798837432031906,0.7720927515440406,0.7880529692530992,0.041666666666666664,0.105,0.215,0.7329559733758271,False,table_local_non_descriptor,uptake_or_loading,,,,,,,
ARC-MOF::ARC-MOF adsorption task table::landfill_ch4.csv,S(g1),dummy,random,0,48000,12000,5,0,13.901143310624047,1.5402370907500003,-0.009397501482104387,,0.008333333333333333,0.04666666666666667,0.08916666666666667,0.0925262787832726,False,table_local_non_descriptor,selectivity,,,,,,,
ARC-MOF::ARC-MOF adsorption task table::landfill_ch4.csv,S(g1),ridge,random,0,48000,12000,5,0,13.780010111210396,1.3120412982157303,0.008117434515919397,0.7598602378117966,0.075,0.22833333333333333,0.36583333333333334,0.25047784549714,False,table_local_non_descriptor,selectivity,,,,,,,
ARC-MOF::ARC-MOF adsorption task table::landfill_ch4.csv,S(g1),hgb,random,0,48000,12000,5,0,13.683319032031935,1.2297193535070918,0.021988211000406044,0.7599817913885016,0.1,0.21833333333333332,0.3575,0.3585581370126063,False,table_local_non_descriptor,selectivity,,,,,,,
ARC-MOF::ARC-MOF adsorption task table::landfill_ch4.csv,S(g1),randomforest,random,0,48000,12000,5,0,15.193738650707266,1.2726388337288153,-0.20584222566688593,0.7284910751255712,0.041666666666666664,0.18833333333333332,0.31333333333333335,0.24005666674026072,False,table_local_non_descriptor,selectivity,,,,,,,
ARC-MOF::ARC-MOF adsorption task table::landfill_ch4.csv,S(g1),extratrees,random,0,48000,12000,5,0,14.738711883792767,1.2994290007009206,-0.13469787787272236,0.6965101998096667,0.05,0.16833333333333333,0.2891666666666667,0.2112950533339202,False,table_local_non_descriptor,selectivity,,,,,,,
ARC-MOF::ARC-MOF adsorption task table::landfill_ch4.csv,S(g1),dummy,random,1,48000,12000,5,0,42.26809711951736,1.8746443419999999,-0.0015867323650700094,,0.008333333333333333,0.06,0.10416666666666667,0.04548923748332301,False,table_local_non_descriptor,selectivity,,,,,,,
ARC-MOF::ARC-MOF adsorption task table::landfill_ch4.csv,S(g1),ridge,random,1,48000,12000,5,0,42.19441692769686,1.5751510102915525,0.0019020824807920444,0.7661672817293423,0.075,0.26,0.35583333333333333,0.20358374034627663,False,table_local_non_descriptor,selectivity,,,,,,,
ARC-MOF::ARC-MOF adsorption task table::landfill_ch4.csv,S(g1),hgb,random,1,48000,12000,5,0,42.16155311333664,1.716490352048209,0.0034562469008632135,0.7666023145044593,0.08333333333333333,0.235,0.3575,0.2516956006752466,False,table_local_non_descriptor,selectivity,,,,,,,
ARC-MOF::ARC-MOF adsorption task table::landfill_ch4.csv,S(g1),randomforest,random,1,48000,12000,5,0,42.471279262688554,1.5192760225550301,-0.011239102567233594,0.7344093472775951,0.041666666666666664,0.17,0.295,0.18627920504728124,False,table_local_non_descriptor,selectivity,,,,,,,
ARC-MOF::ARC-MOF adsorption task table::landfill_ch4.csv,S(g1),extratrees,random,1,48000,12000,5,0,42.43055254191303,1.5678009759017817,-0.009300629937909921,0.7048851273879724,0.06666666666666667,0.15833333333333333,0.2875,0.18219327257527432,False,table_local_non_descriptor,selectivity,,,,,,,
ARC-MOF::ARC-MOF adsorption task table::landfill_ch4.csv,S(g1),dummy,random,2,48000,12000,5,0,43.121116271128564,1.870812225166667,-0.0015124389476159905,,0.0,0.055,0.11416666666666667,0.04464569459911304,False,table_local_non_descriptor,selectivity,,,,,,,
ARC-MOF::ARC-MOF adsorption task table::landfill_ch4.csv,S(g1),ridge,random,2,48000,12000,5,0,43.0485335231299,1.5781976945271616,0.0018562746730977908,0.764220968110068,0.075,0.255,0.37833333333333335,0.6253860292520323,False,table_local_non_descriptor,selectivity,,,,,,,
ARC-MOF::ARC-MOF adsorption task table::landfill_ch4.csv,S(g1),hgb,random,2,48000,12000,5,0,43.0267633447537,1.7089274584923848,0.002865566774868711,0.7659905657660817,0.075,0.235,0.37833333333333335,0.2510652289410721,False,table_local_non_descriptor,selectivity,,,,,,,
ARC-MOF::ARC-MOF adsorption task table::landfill_ch4.csv,S(g1),randomforest,random,2,48000,12000,5,0,43.763834963918264,1.5952328753993121,-0.031589946932001345,0.7332424952721941,0.058333333333333334,0.19,0.315,0.2984644385064295,False,table_local_non_descriptor,selectivity,,,,,,,
ARC-MOF::ARC-MOF adsorption task table::landfill_ch4.csv,S(g1),extratrees,random,2,48000,12000,5,0,43.73646870995168,1.6157757099851477,-0.030300209598843386,0.7048120046974179,0.05,0.165,0.295,0.09853174598521584,False,table_local_non_descriptor,selectivity,,,,,,,
ARC-MOF::ARC-MOF adsorption task table::landfill_ch4.csv,S(g1),dummy,random,3,48000,12000,5,0,2.612068996308149,1.4520648423333333,-0.3009398381163093,,0.008333333333333333,0.03833333333333333,0.08416666666666667,0.2147581572691337,False,table_local_non_descriptor,selectivity,,,,,,,
ARC-MOF::ARC-MOF adsorption task table::landfill_ch4.csv,S(g1),ridge,random,3,48000,12000,5,0,1.8147572260170357,1.2108750121031053,0.3720501037395493,0.7601275824400129,0.06666666666666667,0.22666666666666666,0.38166666666666665,0.5814581880188183,False,table_local_non_descriptor,selectivity,,,,,,,
ARC-MOF::ARC-MOF adsorption task table::landfill_ch4.csv,S(g1),hgb,random,3,48000,12000,5,0,2.7664609408824865,1.4529426436588886,-0.45927455570949194,0.7619648100564438,0.06666666666666667,0.22,0.37833333333333335,0.5912577040948771,False,table_local_non_descriptor,selectivity,,,,,,,
ARC-MOF::ARC-MOF adsorption task table::landfill_ch4.csv,S(g1),randomforest,random,3,48000,12000,5,0,17.462863767793333,1.33298240223403,-57.14586776275612,0.7278693561380585,0.025,0.17,0.29833333333333334,0.5194730095847704,False,table_local_non_descriptor,selectivity,,,,,,,
ARC-MOF::ARC-MOF adsorption task table::landfill_ch4.csv,S(g1),extratrees,random,3,48000,12000,5,0,7.7457816631964524,1.2356630684624332,-10.43979985482844,0.6977813493169026,0.008333333333333333,0.155,0.2733333333333333,0.49053230212564514,False,table_local_non_descriptor,selectivity,,,,,,,
ARC-MOF::ARC-MOF adsorption task table::landfill_ch4.csv,S(g1),dummy,random,4,48000,12000,5,0,2.6102083967267107,1.4544690913333334,-0.3022762215209982,,0.03333333333333333,0.06166666666666667,0.11,0.23564012970723006,False,table_local_non_descriptor,selectivity,,,,,,,
ARC-MOF::ARC-MOF adsorption task table::landfill_ch4.csv,S(g1),ridge,random,4,48000,12000,5,0,1.8222081827492338,1.220408271174168,0.36532888825940335,0.7651318189200973,0.08333333333333333,0.23666666666666666,0.37333333333333335,0.596325988292116,False,table_local_non_descriptor,selectivity,,,,,,,
ARC-MOF::ARC-MOF adsorption task table::landfill_ch4.csv,S(g1),hgb,random,4,48000,12000,5,0,2.584460687463491,1.4214057642536886,-0.27671101947220245,0.7669744324453245,0.075,0.23166666666666666,0.37083333333333335,0.6104841769525277,False,table_local_non_descriptor,selectivity,,,,,,,
ARC-MOF::ARC-MOF adsorption task table::landfill_ch4.csv,S(g1),randomforest,random,4,48000,12000,5,0,7.05306041338092,1.1838002799797527,-8.50841117148554,0.729134786147852,0.058333333333333334,0.16166666666666665,0.31166666666666665,0.5352807264389857,False,table_local_non_descriptor,selectivity,,,,,,,
ARC-MOF::ARC-MOF adsorption task table::landfill_ch4.csv,S(g1),extratrees,random,4,48000,12000,5,0,6.615814037772758,1.1944112676362475,-7.366028205533652,0.6984675756527284,0.06666666666666667,0.14666666666666667,0.2816666666666667,0.5072442301002756,False,table_local_non_descriptor,selectivity,,,,,,,
ARC-MOF::ARC-MOF adsorption task table::landfill_ch4.csv,S(g1),dummy,random,5,48000,12000,5,0,2.667341470573168,1.4912108676666667,-0.31139915644456706,,0.016666666666666666,0.06333333333333334,0.09833333333333333,0.2272868891459914,False,table_local_non_descriptor,selectivity,,,,,,,
ARC-MOF::ARC-MOF adsorption task table::landfill_ch4.csv,S(g1),ridge,random,5,48000,12000,5,0,1.8464632355385875,1.2310067493469359,0.3715669812400916,0.764408351060971,0.075,0.20833333333333334,0.3566666666666667,0.5767801071814406,False,table_local_non_descriptor,selectivity,,,,,,,
ARC-MOF::ARC-MOF adsorption task table::landfill_ch4.csv,S(g1),hgb,random,5,48000,12000,5,0,2.4309666120909763,1.4292270317946507,-0.08927027840460577,0.7652144572193711,0.08333333333333333,0.20833333333333334,0.3566666666666667,0.573904201290818,False,table_local_non_descriptor,selectivity,,,,,,,
ARC-MOF::ARC-MOF adsorption task table::landfill_ch4.csv,S(g1),randomforest,random,5,48000,12000,5,0,7.850468950625219,1.188269451556885,-10.359752414490423,0.72810705354675,0.03333333333333333,0.15833333333333333,0.30333333333333334,0.5213682668335787,False,table_local_non_descriptor,selectivity,,,,,,,
ARC-MOF::ARC-MOF adsorption task table::landfill_ch4.csv,S(g1),extratrees,random,5,48000,12000,5,0,11.161329827298607,1.3294722903636906,-21.961991389508572,0.6952974005364938,0.016666666666666666,0.13333333333333333,0.2825,0.4852129589153306,False,table_local_non_descriptor,selectivity,,,,,,,
ARC-MOF::ARC-MOF adsorption task table::landfill_ch4.csv,S(g1),dummy,random,6,48000,12000,5,0,16.605393910308646,1.6395554929999998,-0.007609372278813531,,0.008333333333333333,0.05,0.1,0.08171885199853074,False,table_local_non_descriptor,selectivity,,,,,,,
ARC-MOF::ARC-MOF adsorption task table::landfill_ch4.csv,S(g1),ridge,random,6,48000,12000,5,0,16.46158762675697,1.3689912850175106,0.009767285555565497,0.7634544674236281,0.08333333333333333,0.22333333333333333,0.3516666666666667,0.28797910038237035,False,table_local_non_descriptor,selectivity,,,,,,,
ARC-MOF::ARC-MOF adsorption task table::landfill_ch4.csv,S(g1),hgb,random,6,48000,12000,5,0,16.40213500053765,1.5606383582523238,0.01690701301217168,0.7650081599810911,0.09166666666666666,0.23166666666666666,0.3516666666666667,0.3168876819257097,False,table_local_non_descriptor,selectivity,,,,,,,
ARC-MOF::ARC-MOF adsorption task table::landfill_ch4.csv,S(g1),randomforest,random,6,48000,12000,5,0,20.143399107770463,1.4277593185097672,-0.48272069442762344,0.7294211606959334,0.058333333333333334,0.17333333333333334,0.30083333333333334,0.26937840942485813,False,table_local_non_descriptor,selectivity,,,,,,,
ARC-MOF::ARC-MOF adsorption task table::landfill_ch4.csv,S(g1),extratrees,random,6,48000,12000,5,0,19.306537452192615,1.4335535120233664,-0.3620800045022432,0.7010703586924392,0.041666666666666664,0.165,0.2833333333333333,0.26001319987619426,False,table_local_non_descriptor,selectivity,,,,,,,
ARC-MOF::ARC-MOF adsorption task table::landfill_ch4.csv,S(g1),dummy,random,7,48000,12000,5,0,2.71281025961685,1.471154590833333,-0.28340150018940147,,0.0,0.04666666666666667,0.09166666666666666,0.2013756668788451,False,table_local_non_descriptor,selectivity,,,,,,,
ARC-MOF::ARC-MOF adsorption task table::landfill_ch4.csv,S(g1),ridge,random,7,48000,12000,5,0,1.9470091582857796,1.2374203246581976,0.33891136240200126,0.7612736361921056,0.08333333333333333,0.26,0.3925,0.588577791330298,False,table_local_non_descriptor,selectivity,,,,,,,
ARC-MOF::ARC-MOF adsorption task table::landfill_ch4.csv,S(g1),hgb,random,7,48000,12000,5,0,3.3718888499250683,1.2001736338653126,-0.9827602541144969,0.760462932007907,0.06666666666666667,0.24333333333333335,0.3858333333333333,0.5807594355449537,False,table_local_non_descriptor,selectivity,,,,,,,
ARC-MOF::ARC-MOF adsorption task table::landfill_ch4.csv,S(g1),randomforest,random,7,48000,12000,5,0,12.128336344698972,1.4279294435143026,-24.65229164715286,0.7250193551195132,0.06666666666666667,0.20166666666666666,0.32,0.5313957021035849,False,table_local_non_descriptor,selectivity,,,,,,,
ARC-MOF::ARC-MOF adsorption task table::landfill_ch4.csv,S(g1),extratrees,random,7,48000,12000,5,0,18.321570952036815,1.4616571559108982,-57.539515228695464,0.6964676117216352,0.058333333333333334,0.165,0.29583333333333334,0.4948406671633571,False,table_local_non_descriptor,selectivity,,,,,,,
ARC-MOF::ARC-MOF adsorption task table::landfill_ch4.csv,S(g1),dummy,random,8,48000,12000,5,0,16.594637189136076,1.634901424,-0.007576340005006399,,0.008333333333333333,0.058333333333333334,0.09166666666666666,0.08462826990479451,False,table_local_non_descriptor,selectivity,,,,,,,
ARC-MOF::ARC-MOF adsorption task table::landfill_ch4.csv,S(g1),ridge,random,8,48000,12000,5,0,16.45225091482012,1.372173113571064,0.009640011995398323,0.759083266317054,0.09166666666666666,0.23,0.3625,0.2884307786244122,False,table_local_non_descriptor,selectivity,,,,,,,
ARC-MOF::ARC-MOF adsorption task table::landfill_ch4.csv,S(g1),hgb,random,8,48000,12000,5,0,16.40246562191436,1.5623082665006822,0.015624696055442144,0.7595825372170155,0.1,0.22,0.3616666666666667,0.31908925593354925,False,table_local_non_descriptor,selectivity,,,,,,,
ARC-MOF::ARC-MOF adsorption task table::landfill_ch4.csv,S(g1),randomforest,random,8,48000,12000,5,0,26.01127663101355,1.6522497787929624,-1.4755162008755707,0.7212315766657272,0.06666666666666667,0.20666666666666667,0.30416666666666664,0.20608792181882385,False,table_local_non_descriptor,selectivity,,,,,,,
ARC-MOF::ARC-MOF adsorption task table::landfill_ch4.csv,S(g1),extratrees,random,8,48000,12000,5,0,26.761670903339347,1.6812860946838148,-1.6204078312236168,0.694623467818759,0.025,0.19,0.29,0.18802806794970356,False,table_local_non_descriptor,selectivity,,,,,,,
ARC-MOF::ARC-MOF adsorption task table::landfill_ch4.csv,S(g1),dummy,random,9,48000,12000,5,0,60.32632645918063,2.2456657695833333,-0.0011596638332540543,,0.008333333333333333,0.03833333333333333,0.0825,0.10535155913518948,False,table_local_non_descriptor,selectivity,,,,,,,
ARC-MOF::ARC-MOF adsorption task table::landfill_ch4.csv,S(g1),ridge,random,9,48000,12000,5,0,60.25692733849749,1.9293121406713587,0.001142469908591015,0.7683166701565849,0.15,0.25833333333333336,0.38,0.6759403706531274,False,table_local_non_descriptor,selectivity,,,,,,,
ARC-MOF::ARC-MOF adsorption task table::landfill_ch4.csv,S(g1),hgb,random,9,48000,12000,5,0,60.1534599144634,1.8715143754683208,0.004569809784338963,0.769143250378039,0.11666666666666667,0.24,0.37583333333333335,0.2593467526752201,False,table_local_non_descriptor,selectivity,,,,,,,
ARC-MOF::ARC-MOF adsorption task table::landfill_ch4.csv,S(g1),randomforest,random,9,48000,12000,5,0,60.455494426323135,1.9593087253144283,-0.005451528125067551,0.7314416754128461,0.075,0.18666666666666668,0.3025,0.1251876487268021,False,table_local_non_descriptor,selectivity,,,,,,,
ARC-MOF::ARC-MOF adsorption task table::landfill_ch4.csv,S(g1),extratrees,random,9,48000,12000,5,0,62.413670998025395,2.1637840882388355,-0.07164030298158797,0.698595834490829,0.05,0.18,0.2808333333333333,0.11990439102920848,False,table_local_non_descriptor,selectivity,,,,,,,
ARC-MOF::ARC-MOF adsorption task table::landfill_ch4.csv,molc/uc,dummy,random,0,48000,12000,5,0,2.295404681116117,1.26249311875,-0.3661012108507833,,0.008333333333333333,0.043333333333333335,0.08916666666666667,0.18312064273083226,False,table_local_non_descriptor,uptake_or_loading,,,,,,,
ARC-MOF::ARC-MOF adsorption task table::landfill_ch4.csv,molc/uc,ridge,random,0,48000,12000,5,0,1.507227861203169,0.7591708758314409,0.41099066573161747,0.7215838803867837,0.016666666666666666,0.13666666666666666,0.2525,0.3900055355140376,False,table_local_non_descriptor,uptake_or_loading,,,,,,,
ARC-MOF::ARC-MOF adsorption task table::landfill_ch4.csv,molc/uc,hgb,random,0,48000,12000,5,0,1.505616955959726,0.7446195415240392,0.41224904370688586,0.8021870034897031,0.016666666666666666,0.14,0.24666666666666667,0.4187075500162978,False,table_local_non_descriptor,uptake_or_loading,,,,,,,
ARC-MOF::ARC-MOF adsorption task table::landfill_ch4.csv,molc/uc,randomforest,random,0,48000,12000,5,0,1.6614424701707975,0.8142099497406331,0.28429349265344017,0.7596708891411168,0.016666666666666666,0.12,0.2325,0.3975876931009784,False,table_local_non_descriptor,uptake_or_loading,,,,,,,
ARC-MOF::ARC-MOF adsorption task table::landfill_ch4.csv,molc/uc,extratrees,random,0,48000,12000,5,0,1.885501452445213,0.9028738812010113,0.0782395012113335,0.7575854611826985,0.016666666666666666,0.11833333333333333,0.23166666666666666,0.4005093941886919,False,table_local_non_descriptor,uptake_or_loading,,,,,,,
ARC-MOF::ARC-MOF adsorption task table::landfill_ch4.csv,molc/uc,dummy,random,1,48000,12000,5,0,2.2600026552834045,1.2371203957499999,-0.3601923436463592,,0.016666666666666666,0.04833333333333333,0.08916666666666667,0.18571533817827723,False,table_local_non_descriptor,uptake_or_loading,,,,,,,
ARC-MOF::ARC-MOF adsorption task table::landfill_ch4.csv,molc/uc,ridge,random,1,48000,12000,5,0,1.4931447562303808,0.7537061865787056,0.4062737453052596,0.7191244720946519,0.008333333333333333,0.13,0.25416666666666665,0.38613605930902006,False,table_local_non_descriptor,uptake_or_loading,,,,,,,
ARC-MOF::ARC-MOF adsorption task table::landfill_ch4.csv,molc/uc,hgb,random,1,48000,12000,5,0,1.4923593373161022,0.7413514174542062,0.4068982007458455,0.8033457032466244,0.016666666666666666,0.14333333333333334,0.23916666666666667,0.3937236164903874,False,table_local_non_descriptor,uptake_or_loading,,,,,,,
ARC-MOF::ARC-MOF adsorption task table::landfill_ch4.csv,molc/uc,randomforest,random,1,48000,12000,5,0,1.6782403388854195,0.8351644654003891,0.24994909630034234,0.7556046960874575,0.016666666666666666,0.105,0.21,0.3719980585793895,False,table_local_non_descriptor,uptake_or_loading,,,,,,,
ARC-MOF::ARC-MOF adsorption task table::landfill_ch4.csv,molc/uc,extratrees,random,1,48000,12000,5,0,1.9374365694429834,0.942230959462066,0.0003743006929164405,0.7499222450557786,0.0,0.10166666666666667,0.20166666666666666,0.37931199345290634,False,table_local_non_descriptor,uptake_or_loading,,,,,,,
ARC-MOF::ARC-MOF adsorption task table::landfill_ch4.csv,molc/uc,dummy,random,2,48000,12000,5,0,2.2897811364332514,1.2677716268333334,-0.3816318206382898,,0.008333333333333333,0.055,0.11916666666666667,0.2014752354750786,False,table_local_non_descriptor,uptake_or_loading,,,,,,,
ARC-MOF::ARC-MOF adsorption task table::landfill_ch4.csv,molc/uc,ridge,random,2,48000,12000,5,0,1.4905610397900684,0.7605527507648764,0.41453099075096767,0.7240935149849069,0.041666666666666664,0.13166666666666665,0.25916666666666666,0.3949109179364605,False,table_local_non_descriptor,uptake_or_loading,,,,,,,
ARC-MOF::ARC-MOF adsorption task table::landfill_ch4.csv,molc/uc,hgb,random,2,48000,12000,5,0,1.4897698472592467,0.7469673313677149,0.4151523618402607,0.8024288763707312,0.041666666666666664,0.15,0.25833333333333336,0.4164411964319186,False,table_local_non_descriptor,uptake_or_loading,,,,,,,
ARC-MOF::ARC-MOF adsorption task table::landfill_ch4.csv,molc/uc,randomforest,random,2,48000,12000,5,0,1.6718957572385647,0.8303571996462271,0.2634151674335159,0.7593188479535211,0.025,0.11,0.2025,0.37873202389458743,False,table_local_non_descriptor,uptake_or_loading,,,,,,,
ARC-MOF::ARC-MOF adsorption task table::landfill_ch4.csv,molc/uc,extratrees,random,2,48000,12000,5,0,1.9233459572673153,0.9301164700566272,0.025191744802502303,0.7562147495386794,0.0,0.105,0.20416666666666666,0.38106363013379235,False,table_local_non_descriptor,uptake_or_loading,,,,,,,
ARC-MOF::ARC-MOF adsorption task table::landfill_ch4.csv,molc/uc,dummy,random,3,48000,12000,5,0,2.3026372810236926,1.2610632854166668,-0.3397175454525192,,0.008333333333333333,0.04666666666666667,0.0925,0.17718313703023553,False,table_local_non_descriptor,uptake_or_loading,,,,,,,
ARC-MOF::ARC-MOF adsorption task table::landfill_ch4.csv,molc/uc,ridge,random,3,48000,12000,5,0,1.5302417476667698,0.7552916079811084,0.4083262886430159,0.7197910020526505,0.008333333333333333,0.12166666666666667,0.26,0.38647615702972005,False,table_local_non_descriptor,uptake_or_loading,,,,,,,
ARC-MOF::ARC-MOF adsorption task table::landfill_ch4.csv,molc/uc,hgb,random,3,48000,12000,5,0,1.5298388197142636,0.7434182551385293,0.40863783482927474,0.804147120677435,0.03333333333333333,0.135,0.235,0.39395699819939156,False,table_local_non_descriptor,uptake_or_loading,,,,,,,
ARC-MOF::ARC-MOF adsorption task table::landfill_ch4.csv,molc/uc,randomforest,random,3,48000,12000,5,0,1.7053704946825683,0.8338437276127295,0.26514835452489616,0.7563208614340727,0.016666666666666666,0.09,0.19916666666666666,0.3740417831380541,False,table_local_non_descriptor,uptake_or_loading,,,,,,,
ARC-MOF::ARC-MOF adsorption task table::landfill_ch4.csv,molc/uc,extratrees,random,3,48000,12000,5,0,1.9605857303187773,0.9429883513192352,0.02874368361562396,0.7526622941126168,0.008333333333333333,0.08,0.19,0.36616277810639203,False,table_local_non_descriptor,uptake_or_loading,,,,,,,
ARC-MOF::ARC-MOF adsorption task table::landfill_ch4.csv,molc/uc,dummy,random,4,48000,12000,5,0,2.2488905857349972,1.2431131654166667,-0.3412297389272807,,0.016666666666666666,0.045,0.09166666666666666,0.18470591755664756,False,table_local_non_descriptor,uptake_or_loading,,,,,,,
ARC-MOF::ARC-MOF adsorption task table::landfill_ch4.csv,molc/uc,ridge,random,4,48000,12000,5,0,1.478534861423969,0.7392148378852434,0.4202648145931588,0.7233795029149107,0.008333333333333333,0.115,0.24666666666666667,0.39011440472524794,False,table_local_non_descriptor,uptake_or_loading,,,,,,,
ARC-MOF::ARC-MOF adsorption task table::landfill_ch4.csv,molc/uc,hgb,random,4,48000,12000,5,0,1.4778082188034705,0.728109103203009,0.42083450934807853,0.8070293626193735,0.025,0.12833333333333333,0.2425,0.4086723178027019,False,table_local_non_descriptor,uptake_or_loading,,,,,,,
ARC-MOF::ARC-MOF adsorption task table::landfill_ch4.csv,molc/uc,randomforest,random,4,48000,12000,5,0,1.670035280246788,0.8208839885509516,0.2603643880009643,0.7554590060502712,0.0,0.10833333333333334,0.19583333333333333,0.3766029611168591,False,table_local_non_descriptor,uptake_or_loading,,,,,,,
ARC-MOF::ARC-MOF adsorption task table::landfill_ch4.csv,molc/uc,extratrees,random,4,48000,12000,5,0,1.9335158077631698,0.9251686271609781,0.008570183765332473,0.7516499549838448,0.0,0.11166666666666666,0.19416666666666665,0.3780645242633421,False,table_local_non_descriptor,uptake_or_loading,,,,,,,
ARC-MOF::ARC-MOF adsorption task table::landfill_ch4.csv,molc/uc,dummy,random,5,48000,12000,5,0,2.304859186988176,1.2668258241666666,-0.37267416107361395,,0.0,0.051666666666666666,0.095,0.18932520491567315,False,table_local_non_descriptor,uptake_or_loading,,,,,,,
ARC-MOF::ARC-MOF adsorption task table::landfill_ch4.csv,molc/uc,ridge,random,5,48000,12000,5,0,1.5141788377035608,0.7694247877403323,0.40757550436368517,0.717055707953468,0.0,0.13,0.2525,0.3824408940032322,False,table_local_non_descriptor,uptake_or_loading,,,,,,,
ARC-MOF::ARC-MOF adsorption task table::landfill_ch4.csv,molc/uc,hgb,random,5,48000,12000,5,0,1.511585736365227,0.7552132472181882,0.40960287562675257,0.8019546837093758,0.008333333333333333,0.14,0.24333333333333335,0.4044823752136215,False,table_local_non_descriptor,uptake_or_loading,,,,,,,
ARC-MOF::ARC-MOF adsorption task table::landfill_ch4.csv,molc/uc,randomforest,random,5,48000,12000,5,0,1.6703322833657346,0.8283489356562613,0.2790844168696597,0.7580105183974083,0.041666666666666664,0.12333333333333334,0.22166666666666668,0.3929777570337282,False,table_local_non_descriptor,uptake_or_loading,,,,,,,
ARC-MOF::ARC-MOF adsorption task table::landfill_ch4.csv,molc/uc,extratrees,random,5,48000,12000,5,0,1.936412107913045,0.9329617536336444,0.03111051609525406,0.7550892409977662,0.016666666666666666,0.11333333333333333,0.2225,0.39098663625066216,False,table_local_non_descriptor,uptake_or_loading,,,,,,,
ARC-MOF::ARC-MOF adsorption task table::landfill_ch4.csv,molc/uc,dummy,random,6,48000,12000,5,0,2.263643810309391,1.243941827,-0.36851332559499017,,0.008333333333333333,0.058333333333333334,0.11416666666666667,0.1938560095472726,False,table_local_non_descriptor,uptake_or_loading,,,,,,,
ARC-MOF::ARC-MOF adsorption task table::landfill_ch4.csv,molc/uc,ridge,random,6,48000,12000,5,0,1.4893560235013652,0.7554234116703147,0.407579740895055,0.7212363739618904,0.025,0.12166666666666667,0.25666666666666665,0.3883509405178445,False,table_local_non_descriptor,uptake_or_loading,,,,,,,
ARC-MOF::ARC-MOF adsorption task table::landfill_ch4.csv,molc/uc,hgb,random,6,48000,12000,5,0,1.4846677168735731,0.7404970468414925,0.41130360040764935,0.8033550209089054,0.041666666666666664,0.13333333333333333,0.25,0.41574095637629904,False,table_local_non_descriptor,uptake_or_loading,,,,,,,
ARC-MOF::ARC-MOF adsorption task table::landfill_ch4.csv,molc/uc,randomforest,random,6,48000,12000,5,0,1.6677918184282203,0.8192148863942688,0.2571236587388184,0.7572218108150236,0.016666666666666666,0.09333333333333334,0.2,0.37631588364378094,False,table_local_non_descriptor,uptake_or_loading,,,,,,,
ARC-MOF::ARC-MOF adsorption task table::landfill_ch4.csv,molc/uc,extratrees,random,6,48000,12000,5,0,1.903058663800543,0.9155140719947678,0.03275342289783034,0.7533184171292783,0.016666666666666666,0.095,0.21666666666666667,0.38966763378509967,False,table_local_non_descriptor,uptake_or_loading,,,,,,,
ARC-MOF::ARC-MOF adsorption task table::landfill_ch4.csv,molc/uc,dummy,random,7,48000,12000,5,0,2.2555631636468068,1.2390075268333334,-0.3614126885727611,,0.008333333333333333,0.07,0.095,0.19206527970490886,False,table_local_non_descriptor,uptake_or_loading,,,,,,,
ARC-MOF::ARC-MOF adsorption task table::landfill_ch4.csv,molc/uc,ridge,random,7,48000,12000,5,0,1.4829982198011078,0.7469149135119069,0.41148021635211696,0.720360329746588,0.008333333333333333,0.15166666666666667,0.27166666666666667,0.40818952210319853,False,table_local_non_descriptor,uptake_or_loading,,,,,,,
ARC-MOF::ARC-MOF adsorption task table::landfill_ch4.csv,molc/uc,hgb,random,7,48000,12000,5,0,1.4793147011256798,0.732304126030379,0.4144001542589997,0.8048854011171789,0.008333333333333333,0.14333333333333334,0.26416666666666666,0.4198842682415037,False,table_local_non_descriptor,uptake_or_loading,,,,,,,
ARC-MOF::ARC-MOF adsorption task table::landfill_ch4.csv,molc/uc,randomforest,random,7,48000,12000,5,0,1.6453280982527623,0.805959647952914,0.2755893338508192,0.7586277907131056,0.025,0.115,0.21416666666666667,0.38790295501436917,False,table_local_non_descriptor,uptake_or_loading,,,,,,,
ARC-MOF::ARC-MOF adsorption task table::landfill_ch4.csv,molc/uc,extratrees,random,7,48000,12000,5,0,1.8910434984050721,0.9057452372270066,0.04306410652315651,0.7555109594710906,0.016666666666666666,0.10666666666666667,0.22166666666666668,0.390758563516267,False,table_local_non_descriptor,uptake_or_loading,,,,,,,
ARC-MOF::ARC-MOF adsorption task table::landfill_ch4.csv,molc/uc,dummy,random,8,48000,12000,5,0,2.3400466220264633,1.2755963139166666,-0.35776226927183874,,0.008333333333333333,0.06166666666666667,0.10083333333333333,0.19235789022068517,False,table_local_non_descriptor,uptake_or_loading,,,,,,,
ARC-MOF::ARC-MOF adsorption task table::landfill_ch4.csv,molc/uc,ridge,random,8,48000,12000,5,0,1.5521196246998765,0.7748719206919362,0.4026551885723022,0.7215411562447581,0.025,0.15,0.2675,0.3961408828026852,False,table_local_non_descriptor,uptake_or_loading,,,,,,,
ARC-MOF::ARC-MOF adsorption task table::landfill_ch4.csv,molc/uc,hgb,random,8,48000,12000,5,0,1.5491935619680204,0.763989596845718,0.4049052997343736,0.8036742807973103,0.008333333333333333,0.135,0.25583333333333336,0.4095137384633149,False,table_local_non_descriptor,uptake_or_loading,,,,,,,
ARC-MOF::ARC-MOF adsorption task table::landfill_ch4.csv,molc/uc,randomforest,random,8,48000,12000,5,0,1.7273733338890915,0.8471158203688796,0.2601441067855669,0.7544770581838511,0.025,0.10833333333333334,0.21,0.3807612035111607,False,table_local_non_descriptor,uptake_or_loading,,,,,,,
ARC-MOF::ARC-MOF adsorption task table::landfill_ch4.csv,molc/uc,extratrees,random,8,48000,12000,5,0,1.9756212028627003,0.9387435416337784,0.03220790036482257,0.754315332905719,0.008333333333333333,0.10666666666666667,0.20916666666666667,0.3766459973847972,False,table_local_non_descriptor,uptake_or_loading,,,,,,,
ARC-MOF::ARC-MOF adsorption task table::landfill_ch4.csv,molc/uc,dummy,random,9,48000,12000,5,0,2.2319604671711883,1.2328581678333332,-0.36418469449764146,,0.008333333333333333,0.05,0.105,0.1986235680023633,False,table_local_non_descriptor,uptake_or_loading,,,,,,,
ARC-MOF::ARC-MOF adsorption task table::landfill_ch4.csv,molc/uc,ridge,random,9,48000,12000,5,0,1.457618660167511,0.7422533780285024,0.4181808447915505,0.7232233880887483,0.0,0.11833333333333333,0.2608333333333333,0.39599047264512244,False,table_local_non_descriptor,uptake_or_loading,,,,,,,
ARC-MOF::ARC-MOF adsorption task table::landfill_ch4.csv,molc/uc,hgb,random,9,48000,12000,5,0,1.4542396362757692,0.7248847579086354,0.4208752423456984,0.8054637724865413,0.025,0.12666666666666668,0.255,0.4230461070437998,False,table_local_non_descriptor,uptake_or_loading,,,,,,,
ARC-MOF::ARC-MOF adsorption task table::landfill_ch4.csv,molc/uc,randomforest,random,9,48000,12000,5,0,1.6310406505589627,0.8102703930583702,0.27149968008365344,0.7564704097003876,0.025,0.10833333333333334,0.21333333333333335,0.39573317835770383,False,table_local_non_descriptor,uptake_or_loading,,,,,,,
ARC-MOF::ARC-MOF adsorption task table::landfill_ch4.csv,molc/uc,extratrees,random,9,48000,12000,5,0,1.8976736943513168,0.9065480345973091,0.013849381570926966,0.7538446573161911,0.025,0.105,0.225,0.39933241148674115,False,table_local_non_descriptor,uptake_or_loading,,,,,,,
ARC-MOF::ARC-MOF adsorption task table::methane_purification_ch4.csv,wt%,dummy,random,0,48000,12000,5,0,3.728546388775163,3.1706250159166665,-0.11454820257082243,,0.0,0.043333333333333335,0.0975,0.4322913614731756,False,table_local_non_descriptor,uptake_or_loading,,,,,,,
ARC-MOF::ARC-MOF adsorption task table::methane_purification_ch4.csv,wt%,ridge,random,0,48000,12000,5,0,1.7308599208563091,1.2412082854348954,0.759816262998056,0.8060217220990697,0.0,0.13333333333333333,0.25916666666666666,0.7550313168696916,False,table_local_non_descriptor,uptake_or_loading,,,,,,,
ARC-MOF::ARC-MOF adsorption task table::methane_purification_ch4.csv,wt%,hgb,random,0,48000,12000,5,0,1.6684125764988007,1.1896199882029248,0.7768347014795692,0.8033259845781359,0.008333333333333333,0.11833333333333333,0.24166666666666667,0.7453044457510803,False,table_local_non_descriptor,uptake_or_loading,,,,,,,
ARC-MOF::ARC-MOF adsorption task table::methane_purification_ch4.csv,wt%,randomforest,random,0,48000,12000,5,0,1.8697724234016277,1.3256222314071453,0.7197166789188058,0.7703396044224772,0.041666666666666664,0.11666666666666667,0.21333333333333335,0.7257805769353183,False,table_local_non_descriptor,uptake_or_loading,,,,,,,
ARC-MOF::ARC-MOF adsorption task table::methane_purification_ch4.csv,wt%,extratrees,random,0,48000,12000,5,0,2.113312172741811,1.4825022849842362,0.6419472088784135,0.755023357179042,0.016666666666666666,0.095,0.20583333333333334,0.7167057068405444,False,table_local_non_descriptor,uptake_or_loading,,,,,,,
ARC-MOF::ARC-MOF adsorption task table::methane_purification_ch4.csv,wt%,dummy,random,1,48000,12000,5,0,3.717246105981668,3.172024469583333,-0.10370857038984571,,0.0,0.04833333333333333,0.11166666666666666,0.42478931745582854,False,table_local_non_descriptor,uptake_or_loading,,,,,,,
ARC-MOF::ARC-MOF adsorption task table::methane_purification_ch4.csv,wt%,ridge,random,1,48000,12000,5,0,1.7478173855072525,1.2457897826431001,0.7559920959794388,0.8025921239557755,0.03333333333333333,0.14333333333333334,0.2633333333333333,0.7617800791428798,False,table_local_non_descriptor,uptake_or_loading,,,,,,,
ARC-MOF::ARC-MOF adsorption task table::methane_purification_ch4.csv,wt%,hgb,random,1,48000,12000,5,0,1.6768250179764164,1.1914967132771852,0.775411624160423,0.7998072205708271,0.016666666666666666,0.13333333333333333,0.2608333333333333,0.75341529859548,False,table_local_non_descriptor,uptake_or_loading,,,,,,,
ARC-MOF::ARC-MOF adsorption task table::methane_purification_ch4.csv,wt%,randomforest,random,1,48000,12000,5,0,1.8737100360206949,1.3210159621106896,0.719575114970978,0.7698281370063581,0.016666666666666666,0.11833333333333333,0.235,0.7283622485100962,False,table_local_non_descriptor,uptake_or_loading,,,,,,,
ARC-MOF::ARC-MOF adsorption task table::methane_purification_ch4.csv,wt%,extratrees,random,1,48000,12000,5,0,2.1268627963904945,1.480336442996039,0.6386810549019208,0.7519715496953412,0.025,0.10666666666666667,0.22083333333333333,0.7149194759369922,False,table_local_non_descriptor,uptake_or_loading,,,,,,,
ARC-MOF::ARC-MOF adsorption task table::methane_purification_ch4.csv,wt%,dummy,random,2,48000,12000,5,0,3.73781547226855,3.1699232293333335,-0.11972607748945663,,0.008333333333333333,0.043333333333333335,0.1,0.4222587215201676,False,table_local_non_descriptor,uptake_or_loading,,,,,,,
ARC-MOF::ARC-MOF adsorption task table::methane_purification_ch4.csv,wt%,ridge,random,2,48000,12000,5,0,1.7508385219630338,1.2598598934372436,0.754320870481689,0.8042527293508736,0.05,0.16666666666666666,0.2825,0.7629766591480038,False,table_local_non_descriptor,uptake_or_loading,,,,,,,
ARC-MOF::ARC-MOF adsorption task table::methane_purification_ch4.csv,wt%,hgb,random,2,48000,12000,5,0,1.6893839306423646,1.2094948597030437,0.7712649093394033,0.8026310648035087,0.03333333333333333,0.175,0.27416666666666667,0.7537384951367767,False,table_local_non_descriptor,uptake_or_loading,,,,,,,
ARC-MOF::ARC-MOF adsorption task table::methane_purification_ch4.csv,wt%,randomforest,random,2,48000,12000,5,0,1.8675444693850032,1.3269823362332525,0.7204767213759979,0.7720314512675653,0.058333333333333334,0.11666666666666667,0.22916666666666666,0.7309630072527082,False,table_local_non_descriptor,uptake_or_loading,,,,,,,
ARC-MOF::ARC-MOF adsorption task table::methane_purification_ch4.csv,wt%,extratrees,random,2,48000,12000,5,0,2.1115965531078724,1.4841984138761588,0.6426465603646259,0.7558140449664097,0.05,0.12166666666666667,0.22,0.7259998115712568,False,table_local_non_descriptor,uptake_or_loading,,,,,,,
ARC-MOF::ARC-MOF adsorption task table::methane_purification_ch4.csv,wt%,dummy,random,3,48000,12000,5,0,3.7049773130056223,3.158952628,-0.09893226486137774,,0.008333333333333333,0.05333333333333334,0.09,0.40734951777224243,False,table_local_non_descriptor,uptake_or_loading,,,,,,,
ARC-MOF::ARC-MOF adsorption task table::methane_purification_ch4.csv,wt%,ridge,random,3,48000,12000,5,0,1.7520064431880475,1.2448879140594902,0.7542626239682146,0.8064844230594942,0.03333333333333333,0.14333333333333334,0.2733333333333333,0.7599024711333372,False,table_local_non_descriptor,uptake_or_loading,,,,,,,
ARC-MOF::ARC-MOF adsorption task table::methane_purification_ch4.csv,wt%,hgb,random,3,48000,12000,5,0,1.6799453778276388,1.1909515192038507,0.7740615521152928,0.8050545020555504,0.025,0.13666666666666666,0.27,0.7560064190640775,False,table_local_non_descriptor,uptake_or_loading,,,,,,,
ARC-MOF::ARC-MOF adsorption task table::methane_purification_ch4.csv,wt%,randomforest,random,3,48000,12000,5,0,1.865670788487423,1.321944590100002,0.721343073964374,0.7692315576730885,0.041666666666666664,0.11166666666666666,0.23833333333333334,0.7351709948116079,False,table_local_non_descriptor,uptake_or_loading,,,,,,,
ARC-MOF::ARC-MOF adsorption task table::methane_purification_ch4.csv,wt%,extratrees,random,3,48000,12000,5,0,2.1055711307119425,1.4748641396670794,0.6450724972620434,0.7521815364528861,0.025,0.105,0.21833333333333332,0.7270857797379652,False,table_local_non_descriptor,uptake_or_loading,,,,,,,
ARC-MOF::ARC-MOF adsorption task table::methane_purification_ch4.csv,wt%,dummy,random,4,48000,12000,5,0,3.6813738596367993,3.14160129625,-0.09178333040685693,,0.008333333333333333,0.04666666666666667,0.11166666666666666,0.4196623400031046,False,table_local_non_descriptor,uptake_or_loading,,,,,,,
ARC-MOF::ARC-MOF adsorption task table::methane_purification_ch4.csv,wt%,ridge,random,4,48000,12000,5,0,1.9667362178114522,1.227606224912903,0.6883918258173939,0.8076774889317471,0.016666666666666666,0.13166666666666665,0.2633333333333333,0.7544927915131919,False,table_local_non_descriptor,uptake_or_loading,,,,,,,
ARC-MOF::ARC-MOF adsorption task table::methane_purification_ch4.csv,wt%,hgb,random,4,48000,12000,5,0,1.6631139090953782,1.1839868525200516,0.7771766998398129,0.8062580749936931,0.016666666666666666,0.12666666666666668,0.25833333333333336,0.7502597931755125,False,table_local_non_descriptor,uptake_or_loading,,,,,,,
ARC-MOF::ARC-MOF adsorption task table::methane_purification_ch4.csv,wt%,randomforest,random,4,48000,12000,5,0,1.8384278120397768,1.3136141410112905,0.7277237417609936,0.7735934274326786,0.025,0.11333333333333333,0.22583333333333333,0.7312144799189593,False,table_local_non_descriptor,uptake_or_loading,,,,,,,
ARC-MOF::ARC-MOF adsorption task table::methane_purification_ch4.csv,wt%,extratrees,random,4,48000,12000,5,0,2.0685091356075533,1.4622947027129336,0.65530776712564,0.7566364879151898,0.016666666666666666,0.12,0.22416666666666665,0.7342147576379338,False,table_local_non_descriptor,uptake_or_loading,,,,,,,
ARC-MOF::ARC-MOF adsorption task table::methane_purification_ch4.csv,wt%,dummy,random,5,48000,12000,5,0,3.741272586704283,3.179111727833333,-0.1167007036120511,,0.008333333333333333,0.056666666666666664,0.11166666666666666,0.43554429361829095,False,table_local_non_descriptor,uptake_or_loading,,,,,,,
ARC-MOF::ARC-MOF adsorption task table::methane_purification_ch4.csv,wt%,ridge,random,5,48000,12000,5,0,1.7407986126761055,1.2422008439801209,0.7582340418177124,0.8013946202341338,0.025,0.13666666666666666,0.2675,0.7580922750020297,False,table_local_non_descriptor,uptake_or_loading,,,,,,,
ARC-MOF::ARC-MOF adsorption task table::methane_purification_ch4.csv,wt%,hgb,random,5,48000,12000,5,0,1.676191483302633,1.192304413922289,0.7758465923087454,0.7995734517392422,0.025,0.13166666666666665,0.25416666666666665,0.7569662629287407,False,table_local_non_descriptor,uptake_or_loading,,,,,,,
ARC-MOF::ARC-MOF adsorption task table::methane_purification_ch4.csv,wt%,randomforest,random,5,48000,12000,5,0,1.856883199642182,1.3219184738839458,0.724914777985735,0.7704938134001035,0.025,0.12333333333333334,0.23583333333333334,0.7302587703098207,False,table_local_non_descriptor,uptake_or_loading,,,,,,,
ARC-MOF::ARC-MOF adsorption task table::methane_purification_ch4.csv,wt%,extratrees,random,5,48000,12000,5,0,2.1081064347093013,1.4824360257338491,0.6454453757370452,0.7554955915813366,0.041666666666666664,0.11,0.2175,0.720588821017316,False,table_local_non_descriptor,uptake_or_loading,,,,,,,
ARC-MOF::ARC-MOF adsorption task table::methane_purification_ch4.csv,wt%,dummy,random,6,48000,12000,5,0,3.739042178509866,3.1791835838333338,-0.110750603948919,,0.025,0.05,0.09,0.4196627504177426,False,table_local_non_descriptor,uptake_or_loading,,,,,,,
ARC-MOF::ARC-MOF adsorption task table::methane_purification_ch4.csv,wt%,ridge,random,6,48000,12000,5,0,1.770571455724603,1.2632958883749728,0.7509292397164437,0.8020600761935348,0.025,0.13333333333333333,0.2658333333333333,0.7522723690992117,False,table_local_non_descriptor,uptake_or_loading,,,,,,,
ARC-MOF::ARC-MOF adsorption task table::methane_purification_ch4.csv,wt%,hgb,random,6,48000,12000,5,0,1.7066422867424462,1.2120256757614498,0.7685906864536395,0.7968639873703413,0.025,0.12666666666666668,0.2475,0.7475093761648237,False,table_local_non_descriptor,uptake_or_loading,,,,,,,
ARC-MOF::ARC-MOF adsorption task table::methane_purification_ch4.csv,wt%,randomforest,random,6,48000,12000,5,0,1.872585555429257,1.3312642939887136,0.7214012473870218,0.7740163290774241,0.025,0.12333333333333334,0.22083333333333333,0.7355214392236622,False,table_local_non_descriptor,uptake_or_loading,,,,,,,
ARC-MOF::ARC-MOF adsorption task table::methane_purification_ch4.csv,wt%,extratrees,random,6,48000,12000,5,0,2.1041179380263286,1.476213683451012,0.648248476460834,0.7585131010998226,0.05,0.12166666666666667,0.21833333333333332,0.7335524256686239,False,table_local_non_descriptor,uptake_or_loading,,,,,,,
ARC-MOF::ARC-MOF adsorption task table::methane_purification_ch4.csv,wt%,dummy,random,7,48000,12000,5,0,3.7292491162827037,3.172543390083333,-0.10662702667141133,,0.03333333333333333,0.06166666666666667,0.10916666666666666,0.4252440630925117,False,table_local_non_descriptor,uptake_or_loading,,,,,,,
ARC-MOF::ARC-MOF adsorption task table::methane_purification_ch4.csv,wt%,ridge,random,7,48000,12000,5,0,1.7458216511748166,1.2495531003428217,0.7574740401985036,0.8097152298643389,0.03333333333333333,0.16,0.2683333333333333,0.7621119083744713,False,table_local_non_descriptor,uptake_or_loading,,,,,,,
ARC-MOF::ARC-MOF adsorption task table::methane_purification_ch4.csv,wt%,hgb,random,7,48000,12000,5,0,1.6671645641837924,1.186201393533362,0.7788354973536227,0.8080089057734327,0.016666666666666666,0.13333333333333333,0.2633333333333333,0.7570948696354757,False,table_local_non_descriptor,uptake_or_loading,,,,,,,
ARC-MOF::ARC-MOF adsorption task table::methane_purification_ch4.csv,wt%,randomforest,random,7,48000,12000,5,0,1.8503587276362503,1.3124942737075331,0.7275603288251173,0.7749842549535882,0.016666666666666666,0.13666666666666666,0.21666666666666667,0.7341665204155111,False,table_local_non_descriptor,uptake_or_loading,,,,,,,
ARC-MOF::ARC-MOF adsorption task table::methane_purification_ch4.csv,wt%,extratrees,random,7,48000,12000,5,0,2.1001624337626987,1.477058250127422,0.6490346405884366,0.7560593706004032,0.025,0.11333333333333333,0.2075,0.7220583585380488,False,table_local_non_descriptor,uptake_or_loading,,,,,,,
ARC-MOF::ARC-MOF adsorption task table::methane_purification_ch4.csv,wt%,dummy,random,8,48000,12000,5,0,3.74122227840124,3.184176663833333,-0.10855683439192543,,0.008333333333333333,0.051666666666666666,0.095,0.4202041374434473,False,table_local_non_descriptor,uptake_or_loading,,,,,,,
ARC-MOF::ARC-MOF adsorption task table::methane_purification_ch4.csv,wt%,ridge,random,8,48000,12000,5,0,1.7677757137254289,1.2566873469259952,0.752494265080903,0.8021480977889107,0.016666666666666666,0.14166666666666666,0.2833333333333333,0.7587161104944189,False,table_local_non_descriptor,uptake_or_loading,,,,,,,
ARC-MOF::ARC-MOF adsorption task table::methane_purification_ch4.csv,wt%,hgb,random,8,48000,12000,5,0,1.6926968607878328,1.2003504915921557,0.7730713561927052,0.8000350269593985,0.025,0.13833333333333334,0.275,0.753348012291686,False,table_local_non_descriptor,uptake_or_loading,,,,,,,
ARC-MOF::ARC-MOF adsorption task table::methane_purification_ch4.csv,wt%,randomforest,random,8,48000,12000,5,0,1.8662019880427476,1.317985060386738,0.7241657216795971,0.7731999995763472,0.03333333333333333,0.11333333333333333,0.22666666666666666,0.7311189203898407,False,table_local_non_descriptor,uptake_or_loading,,,,,,,
ARC-MOF::ARC-MOF adsorption task table::methane_purification_ch4.csv,wt%,extratrees,random,8,48000,12000,5,0,2.0917957868623853,1.4683786826343133,0.6534471234962146,0.7605712431993592,0.008333333333333333,0.1,0.22166666666666668,0.7326487389798259,False,table_local_non_descriptor,uptake_or_loading,,,,,,,
ARC-MOF::ARC-MOF adsorption task table::methane_purification_ch4.csv,wt%,dummy,random,9,48000,12000,5,0,3.7219150975362245,3.1702165824999997,-0.10329592277141986,,0.0,0.04666666666666667,0.08833333333333333,0.4193695500634422,False,table_local_non_descriptor,uptake_or_loading,,,,,,,
ARC-MOF::ARC-MOF adsorption task table::methane_purification_ch4.csv,wt%,ridge,random,9,48000,12000,5,0,1.7472577748310425,1.2497586400777843,0.7568506838099329,0.8043685005354252,0.041666666666666664,0.16333333333333333,0.27166666666666667,0.7481809266222729,False,table_local_non_descriptor,uptake_or_loading,,,,,,,
ARC-MOF::ARC-MOF adsorption task table::methane_purification_ch4.csv,wt%,hgb,random,9,48000,12000,5,0,1.676430696317714,1.1981698299340442,0.7761638135501381,0.803515257137943,0.05,0.14666666666666667,0.2733333333333333,0.750528786192612,False,table_local_non_descriptor,uptake_or_loading,,,,,,,
ARC-MOF::ARC-MOF adsorption task table::methane_purification_ch4.csv,wt%,randomforest,random,9,48000,12000,5,0,1.8610797583466177,1.3275030399625969,0.7241397912488939,0.769718056504448,0.016666666666666666,0.12333333333333334,0.23666666666666666,0.7341871253807344,False,table_local_non_descriptor,uptake_or_loading,,,,,,,
ARC-MOF::ARC-MOF adsorption task table::methane_purification_ch4.csv,wt%,extratrees,random,9,48000,12000,5,0,2.1041127560489357,1.4823608113472808,0.6473879839686565,0.7536003497458328,0.03333333333333333,0.11333333333333333,0.21416666666666667,0.7189279763103736,False,table_local_non_descriptor,uptake_or_loading,,,,,,,
ARC-MOF::ARC-MOF adsorption task table::methane_purification_ch4.csv,v/v,dummy,random,0,48000,12000,5,0,34.422327218633214,28.735674753833333,-0.05661900934979691,,0.008333333333333333,0.04666666666666667,0.09166666666666666,0.4179061427997624,False,table_local_non_descriptor,uptake_or_loading,,,,,,,
ARC-MOF::ARC-MOF adsorption task table::methane_purification_ch4.csv,v/v,ridge,random,0,48000,12000,5,0,20.909522253677142,16.555698923538962,0.6101242866128977,0.7694730052088259,0.0,0.145,0.255,0.7442485241186799,False,table_local_non_descriptor,uptake_or_loading,,,,,,,
ARC-MOF::ARC-MOF adsorption task table::methane_purification_ch4.csv,v/v,hgb,random,0,48000,12000,5,0,20.378375001834108,15.934010220959085,0.6296800901882984,0.7672860247153998,0.03333333333333333,0.14666666666666667,0.25083333333333335,0.7364333429409163,False,table_local_non_descriptor,uptake_or_loading,,,,,,,
ARC-MOF::ARC-MOF adsorption task table::methane_purification_ch4.csv,v/v,randomforest,random,0,48000,12000,5,0,22.822989265975252,17.28860520545174,0.5355028920626921,0.7248993664017772,0.016666666666666666,0.11333333333333333,0.2075,0.6789079566399996,False,table_local_non_descriptor,uptake_or_loading,,,,,,,
ARC-MOF::ARC-MOF adsorption task table::methane_purification_ch4.csv,v/v,extratrees,random,0,48000,12000,5,0,25.59381205767209,19.07269098885097,0.41587214691694996,0.6981354054612804,0.016666666666666666,0.10666666666666667,0.2125,0.6702905899930715,False,table_local_non_descriptor,uptake_or_loading,,,,,,,
ARC-MOF::ARC-MOF adsorption task table::methane_purification_ch4.csv,v/v,dummy,random,1,48000,12000,5,0,34.42224635440839,28.832140201416667,-0.05564394257305483,,0.008333333333333333,0.055,0.10166666666666667,0.40928386499677294,False,table_local_non_descriptor,uptake_or_loading,,,,,,,
ARC-MOF::ARC-MOF adsorption task table::methane_purification_ch4.csv,v/v,ridge,random,1,48000,12000,5,0,20.61256203899796,16.29989371353965,0.621467655478539,0.7723703243571923,0.041666666666666664,0.12833333333333333,0.255,0.7448958320772666,False,table_local_non_descriptor,uptake_or_loading,,,,,,,
ARC-MOF::ARC-MOF adsorption task table::methane_purification_ch4.csv,v/v,hgb,random,1,48000,12000,5,0,20.10149701205694,15.693489535041449,0.6400055158950689,0.770486946919119,0.041666666666666664,0.13166666666666665,0.25166666666666665,0.7427812934555427,False,table_local_non_descriptor,uptake_or_loading,,,,,,,
ARC-MOF::ARC-MOF adsorption task table::methane_purification_ch4.csv,v/v,randomforest,random,1,48000,12000,5,0,22.6261027396718,17.178630514374024,0.5439015957889696,0.7297604769898317,0.016666666666666666,0.105,0.2175,0.6867844446769534,False,table_local_non_descriptor,uptake_or_loading,,,,,,,
ARC-MOF::ARC-MOF adsorption task table::methane_purification_ch4.csv,v/v,extratrees,random,1,48000,12000,5,0,25.390089459485473,18.92243059347853,0.4256620611930422,0.7014690854144501,0.025,0.1,0.21,0.6712851040189879,False,table_local_non_descriptor,uptake_or_loading,,,,,,,
ARC-MOF::ARC-MOF adsorption task table::methane_purification_ch4.csv,v/v,dummy,random,2,48000,12000,5,0,34.3675217582412,28.738109931833336,-0.059043658440134594,,0.016666666666666666,0.03833333333333333,0.09,0.4080282775729578,False,table_local_non_descriptor,uptake_or_loading,,,,,,,
ARC-MOF::ARC-MOF adsorption task table::methane_purification_ch4.csv,v/v,ridge,random,2,48000,12000,5,0,20.801518458988348,16.49236222704038,0.6120216350337161,0.7692265182272393,0.016666666666666666,0.14333333333333334,0.2708333333333333,0.747290126857085,False,table_local_non_descriptor,uptake_or_loading,,,,,,,
ARC-MOF::ARC-MOF adsorption task table::methane_purification_ch4.csv,v/v,hgb,random,2,48000,12000,5,0,20.331503539085546,15.886136939822553,0.6293564692827214,0.768214730381729,0.025,0.13333333333333333,0.2683333333333333,0.7445710945326625,False,table_local_non_descriptor,uptake_or_loading,,,,,,,
ARC-MOF::ARC-MOF adsorption task table::methane_purification_ch4.csv,v/v,randomforest,random,2,48000,12000,5,0,22.656134112598448,17.276346345872007,0.5397550361083279,0.7274713406874338,0.03333333333333333,0.13,0.22416666666666665,0.6818993670100817,False,table_local_non_descriptor,uptake_or_loading,,,,,,,
ARC-MOF::ARC-MOF adsorption task table::methane_purification_ch4.csv,v/v,extratrees,random,2,48000,12000,5,0,25.630494684479565,19.169151999377352,0.410978146144812,0.6951931093029439,0.041666666666666664,0.11333333333333333,0.21083333333333334,0.6677350639411268,False,table_local_non_descriptor,uptake_or_loading,,,,,,,
ARC-MOF::ARC-MOF adsorption task table::methane_purification_ch4.csv,v/v,dummy,random,3,48000,12000,5,0,34.346457274105205,28.764497837000004,-0.05144119506749312,,0.016666666666666666,0.045,0.10833333333333334,0.395250662608453,False,table_local_non_descriptor,uptake_or_loading,,,,,,,
ARC-MOF::ARC-MOF adsorption task table::methane_purification_ch4.csv,v/v,ridge,random,3,48000,12000,5,0,20.827029324624686,16.428423706227928,0.6133876257865238,0.7713199083190433,0.008333333333333333,0.14833333333333334,0.27,0.739432358123627,False,table_local_non_descriptor,uptake_or_loading,,,,,,,
ARC-MOF::ARC-MOF adsorption task table::methane_purification_ch4.csv,v/v,hgb,random,3,48000,12000,5,0,20.255665398375477,15.791370824389833,0.6343091264653244,0.7708944511295585,0.008333333333333333,0.14833333333333334,0.27416666666666667,0.7383777031434504,False,table_local_non_descriptor,uptake_or_loading,,,,,,,
ARC-MOF::ARC-MOF adsorption task table::methane_purification_ch4.csv,v/v,randomforest,random,3,48000,12000,5,0,22.594676044800693,17.166890739130846,0.5449770192127672,0.7285612197295628,0.016666666666666666,0.11666666666666667,0.21833333333333332,0.682428004064612,False,table_local_non_descriptor,uptake_or_loading,,,,,,,
ARC-MOF::ARC-MOF adsorption task table::methane_purification_ch4.csv,v/v,extratrees,random,3,48000,12000,5,0,25.294021405638375,18.877143987635463,0.42976107835465294,0.7015047173725817,0.016666666666666666,0.11,0.2225,0.6793594106029041,False,table_local_non_descriptor,uptake_or_loading,,,,,,,
ARC-MOF::ARC-MOF adsorption task table::methane_purification_ch4.csv,v/v,dummy,random,4,48000,12000,5,0,34.033226331945386,28.518717340916666,-0.04606631099983116,,0.0,0.06666666666666667,0.1125,0.4109777714330053,False,table_local_non_descriptor,uptake_or_loading,,,,,,,
ARC-MOF::ARC-MOF adsorption task table::methane_purification_ch4.csv,v/v,ridge,random,4,48000,12000,5,0,24.507252157813262,16.049470984479772,0.45757186159345253,0.7735109656699076,0.016666666666666666,0.13833333333333334,0.2825,0.7425369236878304,False,table_local_non_descriptor,uptake_or_loading,,,,,,,
ARC-MOF::ARC-MOF adsorption task table::methane_purification_ch4.csv,v/v,hgb,random,4,48000,12000,5,0,20.104619257939227,15.612960613376272,0.6349564514827623,0.7724071751322309,0.025,0.13666666666666666,0.2775,0.7415937671972802,False,table_local_non_descriptor,uptake_or_loading,,,,,,,
ARC-MOF::ARC-MOF adsorption task table::methane_purification_ch4.csv,v/v,randomforest,random,4,48000,12000,5,0,22.489770600231928,17.09142014077089,0.5432032314686929,0.7306952057939221,0.03333333333333333,0.11,0.23,0.6871853602292823,False,table_local_non_descriptor,uptake_or_loading,,,,,,,
ARC-MOF::ARC-MOF adsorption task table::methane_purification_ch4.csv,v/v,extratrees,random,4,48000,12000,5,0,25.18449402608273,18.7955974349618,0.427178339582174,0.7016488889329853,0.0,0.10833333333333334,0.23333333333333334,0.6757349890735791,False,table_local_non_descriptor,uptake_or_loading,,,,,,,
ARC-MOF::ARC-MOF adsorption task table::methane_purification_ch4.csv,v/v,dummy,random,5,48000,12000,5,0,34.60848676243481,28.944614833666673,-0.06403435226603627,,0.025,0.06666666666666667,0.1175,0.4232765479257381,False,table_local_non_descriptor,uptake_or_loading,,,,,,,
ARC-MOF::ARC-MOF adsorption task table::methane_purification_ch4.csv,v/v,ridge,random,5,48000,12000,5,0,20.692259701772997,16.38035403943051,0.6196299887238564,0.7676160907046801,0.008333333333333333,0.13333333333333333,0.26666666666666666,0.7423943308664471,False,table_local_non_descriptor,uptake_or_loading,,,,,,,
ARC-MOF::ARC-MOF adsorption task table::methane_purification_ch4.csv,v/v,hgb,random,5,48000,12000,5,0,20.216334159029643,15.823224607176613,0.6369259217227452,0.767804950748655,0.008333333333333333,0.13333333333333333,0.26166666666666666,0.7400499716000933,False,table_local_non_descriptor,uptake_or_loading,,,,,,,
ARC-MOF::ARC-MOF adsorption task table::methane_purification_ch4.csv,v/v,randomforest,random,5,48000,12000,5,0,22.518006031908403,17.158490666399,0.5495461628371879,0.729800924144956,0.03333333333333333,0.115,0.2075,0.6892384623334062,False,table_local_non_descriptor,uptake_or_loading,,,,,,,
ARC-MOF::ARC-MOF adsorption task table::methane_purification_ch4.csv,v/v,extratrees,random,5,48000,12000,5,0,25.477318422248832,19.03175525142729,0.42336916993908846,0.6999129833558458,0.025,0.09666666666666666,0.20166666666666666,0.6758983625172942,False,table_local_non_descriptor,uptake_or_loading,,,,,,,
ARC-MOF::ARC-MOF adsorption task table::methane_purification_ch4.csv,v/v,dummy,random,6,48000,12000,5,0,34.652161853461436,28.992124314166663,-0.06328962521469483,,0.0,0.05,0.09166666666666666,0.402376706420248,False,table_local_non_descriptor,uptake_or_loading,,,,,,,
ARC-MOF::ARC-MOF adsorption task table::methane_purification_ch4.csv,v/v,ridge,random,6,48000,12000,5,0,20.74136707418508,16.359421442430623,0.6190520305250001,0.7700668759173213,0.016666666666666666,0.14,0.24666666666666667,0.741006764103283,False,table_local_non_descriptor,uptake_or_loading,,,,,,,
ARC-MOF::ARC-MOF adsorption task table::methane_purification_ch4.csv,v/v,hgb,random,6,48000,12000,5,0,20.233826115393928,15.760861674783087,0.6374675092652172,0.7687943301292802,0.016666666666666666,0.13,0.25,0.7420286375813169,False,table_local_non_descriptor,uptake_or_loading,,,,,,,
ARC-MOF::ARC-MOF adsorption task table::methane_purification_ch4.csv,v/v,randomforest,random,6,48000,12000,5,0,22.623167509653864,17.171011811763577,0.5467918300323473,0.7326914134301684,0.008333333333333333,0.11166666666666666,0.2125,0.6917414637091178,False,table_local_non_descriptor,uptake_or_loading,,,,,,,
ARC-MOF::ARC-MOF adsorption task table::methane_purification_ch4.csv,v/v,extratrees,random,6,48000,12000,5,0,25.527871115877375,19.006853281541083,0.4229411512425769,0.7018922424541393,0.025,0.105,0.21583333333333332,0.679910619109919,False,table_local_non_descriptor,uptake_or_loading,,,,,,,
ARC-MOF::ARC-MOF adsorption task table::methane_purification_ch4.csv,v/v,dummy,random,7,48000,12000,5,0,34.49850298011603,28.837175935166666,-0.0571070132730882,,0.016666666666666666,0.058333333333333334,0.105,0.4061305868987326,False,table_local_non_descriptor,uptake_or_loading,,,,,,,
ARC-MOF::ARC-MOF adsorption task table::methane_purification_ch4.csv,v/v,ridge,random,7,48000,12000,5,0,20.74079118522844,16.423271252986492,0.6179069900546101,0.7749965240325026,0.0,0.14333333333333334,0.27416666666666667,0.7522535579337103,False,table_local_non_descriptor,uptake_or_loading,,,,,,,
ARC-MOF::ARC-MOF adsorption task table::methane_purification_ch4.csv,v/v,hgb,random,7,48000,12000,5,0,20.159479251877965,15.753414061838122,0.6390250429090016,0.774703772301428,0.0,0.14333333333333334,0.26916666666666667,0.7510152353397297,False,table_local_non_descriptor,uptake_or_loading,,,,,,,
ARC-MOF::ARC-MOF adsorption task table::methane_purification_ch4.csv,v/v,randomforest,random,7,48000,12000,5,0,22.571037438090787,17.142408178550408,0.5474969646708756,0.7322310927773371,0.03333333333333333,0.10666666666666667,0.21083333333333334,0.6870321019860484,False,table_local_non_descriptor,uptake_or_loading,,,,,,,
ARC-MOF::ARC-MOF adsorption task table::methane_purification_ch4.csv,v/v,extratrees,random,7,48000,12000,5,0,25.60315935836007,19.106380521194048,0.41775526082764847,0.6992529151890043,0.025,0.09166666666666666,0.18166666666666667,0.6640898361882157,False,table_local_non_descriptor,uptake_or_loading,,,,,,,
ARC-MOF::ARC-MOF adsorption task table::methane_purification_ch4.csv,v/v,dummy,random,8,48000,12000,5,0,34.65859197535131,29.03519841016667,-0.05798281902843172,,0.016666666666666666,0.051666666666666666,0.1075,0.41132270971705764,False,table_local_non_descriptor,uptake_or_loading,,,,,,,
ARC-MOF::ARC-MOF adsorption task table::methane_purification_ch4.csv,v/v,ridge,random,8,48000,12000,5,0,20.934159952263833,16.51523966035511,0.6140172812218403,0.7660721223256184,0.025,0.115,0.2658333333333333,0.7443373990371976,False,table_local_non_descriptor,uptake_or_loading,,,,,,,
ARC-MOF::ARC-MOF adsorption task table::methane_purification_ch4.csv,v/v,hgb,random,8,48000,12000,5,0,20.41847801519348,15.956573300919072,0.6327992849897984,0.7660489838151135,0.03333333333333333,0.12333333333333334,0.2675,0.7350337985107451,False,table_local_non_descriptor,uptake_or_loading,,,,,,,
ARC-MOF::ARC-MOF adsorption task table::methane_purification_ch4.csv,v/v,randomforest,random,8,48000,12000,5,0,22.569289870225305,17.09890137705316,0.5513655974387704,0.7329014323362953,0.008333333333333333,0.13,0.22416666666666665,0.691125040536346,False,table_local_non_descriptor,uptake_or_loading,,,,,,,
ARC-MOF::ARC-MOF adsorption task table::methane_purification_ch4.csv,v/v,extratrees,random,8,48000,12000,5,0,25.172694326347482,18.737730212526078,0.44189464589212957,0.7064624895969261,0.025,0.105,0.21583333333333332,0.6837263093986675,False,table_local_non_descriptor,uptake_or_loading,,,,,,,
ARC-MOF::ARC-MOF adsorption task table::methane_purification_ch4.csv,v/v,dummy,random,9,48000,12000,5,0,34.39495072068635,28.920765014666667,-0.05360883711653064,,0.0,0.04833333333333333,0.0975,0.41047842855390243,False,table_local_non_descriptor,uptake_or_loading,,,,,,,
ARC-MOF::ARC-MOF adsorption task table::methane_purification_ch4.csv,v/v,ridge,random,9,48000,12000,5,0,20.50067109256251,16.18162962622297,0.6256945268597246,0.7720662497716643,0.008333333333333333,0.15,0.2675,0.7433769748029718,False,table_local_non_descriptor,uptake_or_loading,,,,,,,
ARC-MOF::ARC-MOF adsorption task table::methane_purification_ch4.csv,v/v,hgb,random,9,48000,12000,5,0,19.998840264064366,15.666407193112232,0.6437953007031568,0.7730268523893801,0.025,0.14833333333333334,0.2825,0.7475103390763531,False,table_local_non_descriptor,uptake_or_loading,,,,,,,
ARC-MOF::ARC-MOF adsorption task table::methane_purification_ch4.csv,v/v,randomforest,random,9,48000,12000,5,0,22.279981645021692,16.98690008812894,0.5579008509982679,0.734678094961048,0.008333333333333333,0.11833333333333333,0.21583333333333332,0.6911076947955431,False,table_local_non_descriptor,uptake_or_loading,,,,,,,
ARC-MOF::ARC-MOF adsorption task table::methane_purification_ch4.csv,v/v,extratrees,random,9,48000,12000,5,0,25.011083602213784,18.74262143959368,0.44287193378286505,0.7064621576476657,0.016666666666666666,0.10666666666666667,0.21,0.6755579099032064,False,table_local_non_descriptor,uptake_or_loading,,,,,,,
ARC-MOF::ARC-MOF adsorption task table::methane_purification_ch4.csv,mmol/g,dummy,random,0,48000,12000,5,0,2.3303415131830705,1.9816406380833336,-0.1145482213133191,,0.0,0.043333333333333335,0.0975,0.432291361181646,False,table_local_non_descriptor,uptake_or_loading,,,,,,,
ARC-MOF::ARC-MOF adsorption task table::methane_purification_ch4.csv,mmol/g,ridge,random,0,48000,12000,5,0,1.0817874482479584,0.7757551748366248,0.7598162641383769,0.8060216939151461,0.0,0.13333333333333333,0.25916666666666666,0.7550313158240178,False,table_local_non_descriptor,uptake_or_loading,,,,,,,
ARC-MOF::ARC-MOF adsorption task table::methane_purification_ch4.csv,mmol/g,hgb,random,0,48000,12000,5,0,1.0427578596935794,0.7435124899171905,0.7768347018600051,0.8033259577137155,0.008333333333333333,0.11833333333333333,0.24166666666666667,0.7453044444485387,False,table_local_non_descriptor,uptake_or_loading,,,,,,,
ARC-MOF::ARC-MOF adsorption task table::methane_purification_ch4.csv,mmol/g,randomforest,random,0,48000,12000,5,0,1.1686065186974082,0.8285132292588426,0.719717276720468,0.770340268727528,0.041666666666666664,0.11666666666666667,0.21333333333333335,0.725780599857412,False,table_local_non_descriptor,uptake_or_loading,,,,,,,
ARC-MOF::ARC-MOF adsorption task table::methane_purification_ch4.csv,mmol/g,extratrees,random,0,48000,12000,5,0,1.3208201063060143,0.9265639301956826,0.6419472099629779,0.7550232376926086,0.016666666666666666,0.095,0.20583333333333334,0.7167057073210971,False,table_local_non_descriptor,uptake_or_loading,,,,,,,
ARC-MOF::ARC-MOF adsorption task table::methane_purification_ch4.csv,mmol/g,dummy,random,1,48000,12000,5,0,2.323278798064273,1.9825152950833331,-0.10370855181528515,,0.0,0.04833333333333333,0.11166666666666666,0.42478931631147737,False,table_local_non_descriptor,uptake_or_loading,,,,,,,
ARC-MOF::ARC-MOF adsorption task table::methane_purification_ch4.csv,mmol/g,ridge,random,1,48000,12000,5,0,1.0923858658490755,0.7786186098701328,0.7559920963098388,0.8025920964415658,0.03333333333333333,0.14333333333333334,0.2633333333333333,0.7617800788820247,False,table_local_non_descriptor,uptake_or_loading,,,,,,,
ARC-MOF::ARC-MOF adsorption task table::methane_purification_ch4.csv,mmol/g,hgb,random,1,48000,12000,5,0,1.0480156361073385,0.7446854405802887,0.7754116244811318,0.7998071839282034,0.016666666666666666,0.13333333333333333,0.2608333333333333,0.7534153001312661,False,table_local_non_descriptor,uptake_or_loading,,,,,,,
ARC-MOF::ARC-MOF adsorption task table::methane_purification_ch4.csv,mmol/g,randomforest,random,1,48000,12000,5,0,1.1710661062578247,0.8256334798001791,0.7195763922278506,0.7698278818772208,0.016666666666666666,0.11833333333333333,0.235,0.7283622487532984,False,table_local_non_descriptor,uptake_or_loading,,,,,,,
ARC-MOF::ARC-MOF adsorption task table::methane_purification_ch4.csv,mmol/g,extratrees,random,1,48000,12000,5,0,1.329289252286595,0.9252102754407682,0.6386810528602266,0.7519715573247157,0.025,0.10666666666666667,0.22083333333333333,0.7149194749178728,False,table_local_non_descriptor,uptake_or_loading,,,,,,,
ARC-MOF::ARC-MOF adsorption task table::methane_purification_ch4.csv,mmol/g,dummy,random,2,48000,12000,5,0,2.336134608157175,1.9812020149166667,-0.11972601997323573,,0.008333333333333333,0.043333333333333335,0.1,0.422258721605465,False,table_local_non_descriptor,uptake_or_loading,,,,,,,
ARC-MOF::ARC-MOF adsorption task table::methane_purification_ch4.csv,mmol/g,ridge,random,2,48000,12000,5,0,1.0942740750811444,0.7874124314771686,0.7543208705731191,0.8042527555793978,0.05,0.16666666666666666,0.2825,0.7629766610241222,False,table_local_non_descriptor,uptake_or_loading,,,,,,,
ARC-MOF::ARC-MOF adsorption task table::methane_purification_ch4.csv,mmol/g,hgb,random,2,48000,12000,5,0,1.0558649548090049,0.755934283432726,0.7712649097438172,0.8026310966924236,0.03333333333333333,0.175,0.27416666666666667,0.753738495553304,False,table_local_non_descriptor,uptake_or_loading,,,,,,,
ARC-MOF::ARC-MOF adsorption task table::methane_purification_ch4.csv,mmol/g,randomforest,random,2,48000,12000,5,0,1.1672152937690747,0.829363961001967,0.7204767207014432,0.7720314696502119,0.058333333333333334,0.11666666666666667,0.22916666666666666,0.7309630069853218,False,table_local_non_descriptor,uptake_or_loading,,,,,,,
ARC-MOF::ARC-MOF adsorption task table::methane_purification_ch4.csv,mmol/g,extratrees,random,2,48000,12000,5,0,1.3197478460955683,0.9276240076044865,0.6426465595309632,0.7558140205522862,0.05,0.12166666666666667,0.22,0.7259998125955692,False,table_local_non_descriptor,uptake_or_loading,,,,,,,
ARC-MOF::ARC-MOF adsorption task table::methane_purification_ch4.csv,mmol/g,dummy,random,3,48000,12000,5,0,2.315610724246566,1.9743453975833334,-0.09893217470328763,,0.008333333333333333,0.05333333333333334,0.09,0.4073495196290582,False,table_local_non_descriptor,uptake_or_loading,,,,,,,
ARC-MOF::ARC-MOF adsorption task table::methane_purification_ch4.csv,mmol/g,ridge,random,3,48000,12000,5,0,1.0950040245785835,0.7780549435273818,0.7542626247558466,0.8064844126195858,0.03333333333333333,0.14333333333333334,0.2733333333333333,0.759902474072426,False,table_local_non_descriptor,uptake_or_loading,,,,,,,
ARC-MOF::ARC-MOF adsorption task table::methane_purification_ch4.csv,mmol/g,hgb,random,3,48000,12000,5,0,1.0499658593311765,0.7443446975561891,0.7740615526227467,0.8050544920550852,0.025,0.13666666666666666,0.27,0.7560064229768486,False,table_local_non_descriptor,uptake_or_loading,,,,,,,
ARC-MOF::ARC-MOF adsorption task table::methane_purification_ch4.csv,mmol/g,randomforest,random,3,48000,12000,5,0,1.166044239541791,0.8262153657011198,0.7213430751884025,0.769231526892773,0.041666666666666664,0.11166666666666666,0.23833333333333334,0.7351710008408583,False,table_local_non_descriptor,uptake_or_loading,,,,,,,
ARC-MOF::ARC-MOF adsorption task table::methane_purification_ch4.csv,mmol/g,extratrees,random,3,48000,12000,5,0,1.3158256566785802,0.9216922689831748,0.645156801759872,0.75218600066391,0.03333333333333333,0.105,0.21833333333333332,0.7270862470299622,False,table_local_non_descriptor,uptake_or_loading,,,,,,,
ARC-MOF::ARC-MOF adsorption task table::methane_purification_ch4.csv,mmol/g,dummy,random,4,48000,12000,5,0,2.3008587139866505,1.9635008052499998,-0.09178338214321968,,0.008333333333333333,0.04666666666666667,0.11166666666666666,0.4196623418078798,False,table_local_non_descriptor,uptake_or_loading,,,,,,,
ARC-MOF::ARC-MOF adsorption task table::methane_purification_ch4.csv,mmol/g,ridge,random,4,48000,12000,5,0,1.2292101339359567,0.7672538885459944,0.6883918261719854,0.8076774919498426,0.016666666666666666,0.13166666666666665,0.2633333333333333,0.7544927934084332,False,table_local_non_descriptor,uptake_or_loading,,,,,,,
ARC-MOF::ARC-MOF adsorption task table::methane_purification_ch4.csv,mmol/g,hgb,random,4,48000,12000,5,0,1.039446192738189,0.7399917804235994,0.7771766994885427,0.8062580742634147,0.016666666666666666,0.12666666666666668,0.25833333333333336,0.7502597946303792,False,table_local_non_descriptor,uptake_or_loading,,,,,,,
ARC-MOF::ARC-MOF adsorption task table::methane_purification_ch4.csv,mmol/g,randomforest,random,4,48000,12000,5,0,1.149017383257682,0.8210088364305099,0.7277237407505832,0.7735934039019852,0.025,0.11333333333333333,0.22583333333333333,0.731214480361975,False,table_local_non_descriptor,uptake_or_loading,,,,,,,
ARC-MOF::ARC-MOF adsorption task table::methane_purification_ch4.csv,mmol/g,extratrees,random,4,48000,12000,5,0,1.2928182094830767,0.9139341864258995,0.6553077664310241,0.7566364033367332,0.016666666666666666,0.12,0.22416666666666665,0.7342147586786089,False,table_local_non_descriptor,uptake_or_loading,,,,,,,
ARC-MOF::ARC-MOF adsorption task table::methane_purification_ch4.csv,mmol/g,dummy,random,5,48000,12000,5,0,2.338295324507853,1.98694482875,-0.11670066385574152,,0.008333333333333333,0.056666666666666664,0.11166666666666666,0.43554429442908055,False,table_local_non_descriptor,uptake_or_loading,,,,,,,
ARC-MOF::ARC-MOF adsorption task table::methane_purification_ch4.csv,mmol/g,ridge,random,5,48000,12000,5,0,1.0879991315373911,0.7763755274689459,0.7582340423177589,0.801394632574079,0.025,0.13666666666666666,0.2675,0.7580922772571989,False,table_local_non_descriptor,uptake_or_loading,,,,,,,
ARC-MOF::ARC-MOF adsorption task table::methane_purification_ch4.csv,mmol/g,hgb,random,5,48000,12000,5,0,1.0476196765440604,0.7451902573727377,0.7758465924241662,0.7995734668336689,0.025,0.13166666666666665,0.25416666666666665,0.7569662653368832,False,table_local_non_descriptor,uptake_or_loading,,,,,,,
ARC-MOF::ARC-MOF adsorption task table::methane_purification_ch4.csv,mmol/g,randomforest,random,5,48000,12000,5,0,1.1605519992779203,0.8261990422869433,0.724914778090544,0.7704938014862542,0.025,0.12333333333333334,0.23583333333333334,0.7302587697456888,False,table_local_non_descriptor,uptake_or_loading,,,,,,,
ARC-MOF::ARC-MOF adsorption task table::methane_purification_ch4.csv,mmol/g,extratrees,random,5,48000,12000,5,0,1.3175377105756585,0.9264724389880493,0.6454608814310695,0.7555063422790625,0.041666666666666664,0.11,0.21666666666666667,0.7202834313314151,False,table_local_non_descriptor,uptake_or_loading,,,,,,,
ARC-MOF::ARC-MOF adsorption task table::methane_purification_ch4.csv,mmol/g,dummy,random,6,48000,12000,5,0,2.3369013404837498,1.9869897383333337,-0.11075058473979582,,0.025,0.05,0.09,0.41966274949693644,False,table_local_non_descriptor,uptake_or_loading,,,,,,,
ARC-MOF::ARC-MOF adsorption task table::methane_purification_ch4.csv,mmol/g,ridge,random,6,48000,12000,5,0,1.1066071609951653,0.7895599321144746,0.7509292390038422,0.802060090062296,0.025,0.13333333333333333,0.2658333333333333,0.7522723693789088,False,table_local_non_descriptor,uptake_or_loading,,,,,,,
ARC-MOF::ARC-MOF adsorption task table::methane_purification_ch4.csv,mmol/g,hgb,random,6,48000,12000,5,0,1.0666514319989944,0.7575160480919882,0.7685906850713727,0.7968639963381381,0.025,0.12666666666666668,0.2475,0.7475093740650702,False,table_local_non_descriptor,uptake_or_loading,,,,,,,
ARC-MOF::ARC-MOF adsorption task table::methane_purification_ch4.csv,mmol/g,randomforest,random,6,48000,12000,5,0,1.1703660122588855,0.832040286057485,0.7214012280791244,0.7740161868939532,0.025,0.12333333333333334,0.22083333333333333,0.735521438861688,False,table_local_non_descriptor,uptake_or_loading,,,,,,,
ARC-MOF::ARC-MOF adsorption task table::methane_purification_ch4.csv,mmol/g,extratrees,random,6,48000,12000,5,0,1.3150575425496704,0.9224968533805284,0.648257125652087,0.7583902083151467,0.05,0.12333333333333334,0.21666666666666667,0.7334545243508171,False,table_local_non_descriptor,uptake_or_loading,,,,,,,
ARC-MOF::ARC-MOF adsorption task table::methane_purification_ch4.csv,mmol/g,dummy,random,7,48000,12000,5,0,2.3307808547014335,1.9828396192499997,-0.10662717416079781,,0.03333333333333333,0.06166666666666667,0.10916666666666666,0.42524406123848757,False,table_local_non_descriptor,uptake_or_loading,,,,,,,
ARC-MOF::ARC-MOF adsorption task table::methane_purification_ch4.csv,mmol/g,ridge,random,7,48000,12000,5,0,1.0911385324386988,0.7809706873152912,0.7574740403509961,0.809715242927999,0.03333333333333333,0.16,0.2683333333333333,0.7621119070649734,False,table_local_non_descriptor,uptake_or_loading,,,,,,,
ARC-MOF::ARC-MOF adsorption task table::methane_purification_ch4.csv,mmol/g,hgb,random,7,48000,12000,5,0,1.041977853544585,0.7413758704058625,0.7788354972822331,0.8080089230214946,0.016666666666666666,0.13333333333333333,0.2633333333333333,0.7570948678426023,False,table_local_non_descriptor,uptake_or_loading,,,,,,,
ARC-MOF::ARC-MOF adsorption task table::methane_purification_ch4.csv,mmol/g,randomforest,random,7,48000,12000,5,0,1.1564742074334469,0.8203089267052747,0.727560327969704,0.7749842498189092,0.016666666666666666,0.13666666666666666,0.21666666666666667,0.734166519285579,False,table_local_non_descriptor,uptake_or_loading,,,,,,,
ARC-MOF::ARC-MOF adsorption task table::methane_purification_ch4.csv,mmol/g,extratrees,random,7,48000,12000,5,0,1.3126015231558934,0.9231614093043181,0.6490346400029393,0.7560594387862521,0.025,0.11333333333333333,0.2075,0.7220583572688459,False,table_local_non_descriptor,uptake_or_loading,,,,,,,
ARC-MOF::ARC-MOF adsorption task table::methane_purification_ch4.csv,mmol/g,dummy,random,8,48000,12000,5,0,2.3382639657565125,1.9901104175833333,-0.10855687175823925,,0.008333333333333333,0.051666666666666666,0.095,0.4202041369476344,False,table_local_non_descriptor,uptake_or_loading,,,,,,,
ARC-MOF::ARC-MOF adsorption task table::methane_purification_ch4.csv,mmol/g,ridge,random,8,48000,12000,5,0,1.1048598233629763,0.7854295930876175,0.7524942645543283,0.8021481551260979,0.016666666666666666,0.14166666666666666,0.2833333333333333,0.758716110669773,False,table_local_non_descriptor,uptake_or_loading,,,,,,,
ARC-MOF::ARC-MOF adsorption task table::methane_purification_ch4.csv,mmol/g,hgb,random,8,48000,12000,5,0,1.0579355384550273,0.7502190552539666,0.7730713564499058,0.8000350859114831,0.025,0.13833333333333334,0.275,0.7533480117841593,False,table_local_non_descriptor,uptake_or_loading,,,,,,,
ARC-MOF::ARC-MOF adsorption task table::methane_purification_ch4.csv,mmol/g,randomforest,random,8,48000,12000,5,0,1.1663764503592127,0.8237405387791944,0.7241656239335748,0.773200072300235,0.03333333333333333,0.11333333333333333,0.22666666666666666,0.7311189160587883,False,table_local_non_descriptor,uptake_or_loading,,,,,,,
ARC-MOF::ARC-MOF adsorption task table::methane_purification_ch4.csv,mmol/g,extratrees,random,8,48000,12000,5,0,1.3073723673777748,0.9177366781102521,0.6534471238799451,0.7605711966074915,0.008333333333333333,0.1,0.22166666666666668,0.7326487137535318,False,table_local_non_descriptor,uptake_or_loading,,,,,,,
ARC-MOF::ARC-MOF adsorption task table::methane_purification_ch4.csv,mmol/g,dummy,random,9,48000,12000,5,0,2.326196960525985,1.9813853690833334,-0.1032959402153164,,0.0,0.04666666666666667,0.08833333333333333,0.4193695495968055,False,table_local_non_descriptor,uptake_or_loading,,,,,,,
ARC-MOF::ARC-MOF adsorption task table::methane_purification_ch4.csv,mmol/g,ridge,random,9,48000,12000,5,0,1.0920361141510595,0.781099153276508,0.756850682927265,0.8043685192260959,0.041666666666666664,0.16333333333333333,0.27166666666666667,0.7481809257835684,False,table_local_non_descriptor,uptake_or_loading,,,,,,,
ARC-MOF::ARC-MOF adsorption task table::methane_purification_ch4.csv,mmol/g,hgb,random,9,48000,12000,5,0,1.0477691890668392,0.7488561444964908,0.7761638130860149,0.8035152798024116,0.05,0.14666666666666667,0.2733333333333333,0.7505287863135499,False,table_local_non_descriptor,uptake_or_loading,,,,,,,
ARC-MOF::ARC-MOF adsorption task table::methane_purification_ch4.csv,mmol/g,randomforest,random,9,48000,12000,5,0,1.1631748499542318,0.8296894012281362,0.7241397922453613,0.7697180350645488,0.016666666666666666,0.12333333333333334,0.23666666666666666,0.7341871182599959,False,table_local_non_descriptor,uptake_or_loading,,,,,,,
ARC-MOF::ARC-MOF adsorption task table::methane_purification_ch4.csv,mmol/g,extratrees,random,9,48000,12000,5,0,1.3147697006201338,0.9262545767777746,0.647549260332911,0.7536217349549417,0.03333333333333333,0.11666666666666667,0.215,0.7191805185426263,False,table_local_non_descriptor,uptake_or_loading,,,,,,,
ARC-MOF::ARC-MOF adsorption task table::methane_purification_ch4.csv,S(g1),dummy,random,0,48000,12000,5,0,0.24368962754346632,0.15161368633333333,-0.1002214837572033,,0.008333333333333333,0.051666666666666666,0.10166666666666667,0.32293157395681094,False,table_local_non_descriptor,selectivity,,,,,,,
ARC-MOF::ARC-MOF adsorption task table::methane_purification_ch4.csv,S(g1),ridge,random,0,48000,12000,5,0,0.2152845744339549,0.15379951644647583,0.14131898996553283,0.3702121842213127,0.1,0.18833333333333332,0.31583333333333335,0.5188009846609936,False,table_local_non_descriptor,selectivity,,,,,,,
ARC-MOF::ARC-MOF adsorption task table::methane_purification_ch4.csv,S(g1),hgb,random,0,48000,12000,5,0,0.20907646543811445,0.14582439877878967,0.19012809796695496,0.39119420146668776,0.05,0.18,0.3,0.5031846219631647,False,table_local_non_descriptor,selectivity,,,,,,,
ARC-MOF::ARC-MOF adsorption task table::methane_purification_ch4.csv,S(g1),randomforest,random,0,48000,12000,5,0,0.23914507779766228,0.1603551007443463,-0.05956822415719176,0.2978323849724093,0.05,0.145,0.2625,0.47003187711402866,False,table_local_non_descriptor,selectivity,,,,,,,
ARC-MOF::ARC-MOF adsorption task table::methane_purification_ch4.csv,S(g1),extratrees,random,0,48000,12000,5,0,0.2727409984724079,0.1739733901276551,-0.3781829882206662,0.2498911502475729,0.05,0.13333333333333333,0.2425,0.45677528546850177,False,table_local_non_descriptor,selectivity,,,,,,,
ARC-MOF::ARC-MOF adsorption task table::methane_purification_ch4.csv,S(g1),dummy,random,1,48000,12000,5,0,0.24663580934443433,0.15306012083333334,-0.0893660116982844,,0.008333333333333333,0.043333333333333335,0.08833333333333333,0.2989289705331825,False,table_local_non_descriptor,selectivity,,,,,,,
ARC-MOF::ARC-MOF adsorption task table::methane_purification_ch4.csv,S(g1),ridge,random,1,48000,12000,5,0,0.21874436219219195,0.15589442405655035,0.1430898380306712,0.37295561557171164,0.06666666666666667,0.20333333333333334,0.295,0.5150954166316181,False,table_local_non_descriptor,selectivity,,,,,,,
ARC-MOF::ARC-MOF adsorption task table::methane_purification_ch4.csv,S(g1),hgb,random,1,48000,12000,5,0,0.21096386771602071,0.14741339299383338,0.20296441061601833,0.39749123694133626,0.10833333333333334,0.18333333333333332,0.2916666666666667,0.5165398946130866,False,table_local_non_descriptor,selectivity,,,,,,,
ARC-MOF::ARC-MOF adsorption task table::methane_purification_ch4.csv,S(g1),randomforest,random,1,48000,12000,5,0,0.23255715834410734,0.16022762098016277,0.031452375828874946,0.30909565639909076,0.05,0.155,0.26916666666666667,0.4763276374657971,False,table_local_non_descriptor,selectivity,,,,,,,
ARC-MOF::ARC-MOF adsorption task table::methane_purification_ch4.csv,S(g1),extratrees,random,1,48000,12000,5,0,0.25129551402114625,0.1725599180028949,-0.13091776904342267,0.2658141813564168,0.03333333333333333,0.14,0.25583333333333336,0.4599892956566121,False,table_local_non_descriptor,selectivity,,,,,,,
ARC-MOF::ARC-MOF adsorption task table::methane_purification_ch4.csv,S(g1),dummy,random,2,48000,12000,5,0,0.2669297256730655,0.15351980616666666,-0.08388701950077793,,0.0,0.04833333333333333,0.10083333333333333,0.29581231365709265,False,table_local_non_descriptor,selectivity,,,,,,,
ARC-MOF::ARC-MOF adsorption task table::methane_purification_ch4.csv,S(g1),ridge,random,2,48000,12000,5,0,0.24036878290593067,0.15667664557120634,0.12108623962301246,0.35791568342004,0.08333333333333333,0.18666666666666668,0.32,0.502741375866556,False,table_local_non_descriptor,selectivity,,,,,,,
ARC-MOF::ARC-MOF adsorption task table::methane_purification_ch4.csv,S(g1),hgb,random,2,48000,12000,5,0,0.2334741346886193,0.1480276454521056,0.1707839797714623,0.3821688670326208,0.05,0.19666666666666666,0.32083333333333336,0.49175403130268164,False,table_local_non_descriptor,selectivity,,,,,,,
ARC-MOF::ARC-MOF adsorption task table::methane_purification_ch4.csv,S(g1),randomforest,random,2,48000,12000,5,0,0.2617760502617856,0.16361354151630728,-0.04243733279665207,0.2893449332420438,0.025,0.12833333333333333,0.25666666666666665,0.4381946942414853,False,table_local_non_descriptor,selectivity,,,,,,,
ARC-MOF::ARC-MOF adsorption task table::methane_purification_ch4.csv,S(g1),extratrees,random,2,48000,12000,5,0,0.29346348260705585,0.17752235699083613,-0.31008136528397,0.24048326303777204,0.025,0.11666666666666667,0.24,0.4198851779059318,False,table_local_non_descriptor,selectivity,,,,,,,
ARC-MOF::ARC-MOF adsorption task table::methane_purification_ch4.csv,S(g1),dummy,random,3,48000,12000,5,0,0.24399475008791513,0.15133858741666667,-0.089692593717134,,0.0,0.06166666666666667,0.09416666666666666,0.31781843008493127,False,table_local_non_descriptor,selectivity,,,,,,,
ARC-MOF::ARC-MOF adsorption task table::methane_purification_ch4.csv,S(g1),ridge,random,3,48000,12000,5,0,0.2173306250657778,0.15506914429930968,0.1354603947848929,0.35733511353869196,0.08333333333333333,0.19166666666666668,0.32666666666666666,0.5149742145738111,False,table_local_non_descriptor,selectivity,,,,,,,
ARC-MOF::ARC-MOF adsorption task table::methane_purification_ch4.csv,S(g1),hgb,random,3,48000,12000,5,0,0.20993986669464998,0.14618072280659372,0.19326133990306749,0.37811179463158723,0.06666666666666667,0.16333333333333333,0.30583333333333335,0.515118402819989,False,table_local_non_descriptor,selectivity,,,,,,,
ARC-MOF::ARC-MOF adsorption task table::methane_purification_ch4.csv,S(g1),randomforest,random,3,48000,12000,5,0,0.23138430376027785,0.15940455382241828,0.020034413795527617,0.2955157987134093,0.041666666666666664,0.13833333333333334,0.2633333333333333,0.47376744796016496,False,table_local_non_descriptor,selectivity,,,,,,,
ARC-MOF::ARC-MOF adsorption task table::methane_purification_ch4.csv,S(g1),extratrees,random,3,48000,12000,5,0,0.24867529745825218,0.17228588810980008,-0.13190069731807563,0.251081251095284,0.041666666666666664,0.14333333333333334,0.2475,0.45630121998177114,False,table_local_non_descriptor,selectivity,,,,,,,
ARC-MOF::ARC-MOF adsorption task table::methane_purification_ch4.csv,S(g1),dummy,random,4,48000,12000,5,0,0.2477628422677353,0.15297375483333334,-0.09205229155358063,,0.0,0.056666666666666664,0.10333333333333333,0.31984792701845627,False,table_local_non_descriptor,selectivity,,,,,,,
ARC-MOF::ARC-MOF adsorption task table::methane_purification_ch4.csv,S(g1),ridge,random,4,48000,12000,5,0,0.2205933129973815,0.15684400189151806,0.1343232132712059,0.35391957103339494,0.025,0.175,0.305,0.4958031256249842,False,table_local_non_descriptor,selectivity,,,,,,,
ARC-MOF::ARC-MOF adsorption task table::methane_purification_ch4.csv,S(g1),hgb,random,4,48000,12000,5,0,0.21471189723911868,0.1487290151953791,0.1798688556430751,0.3733196646592163,0.041666666666666664,0.16,0.2758333333333333,0.47623618963783504,False,table_local_non_descriptor,selectivity,,,,,,,
ARC-MOF::ARC-MOF adsorption task table::methane_purification_ch4.csv,S(g1),randomforest,random,4,48000,12000,5,0,0.2337401158211996,0.16027776905579333,0.028064163630281413,0.29868694497462667,0.041666666666666664,0.125,0.2683333333333333,0.4699738736559068,False,table_local_non_descriptor,selectivity,,,,,,,
ARC-MOF::ARC-MOF adsorption task table::methane_purification_ch4.csv,S(g1),extratrees,random,4,48000,12000,5,0,0.25264694005215305,0.17310636115691935,-0.13553145973945613,0.25665408002500983,0.025,0.12,0.2525,0.45128514753446997,False,table_local_non_descriptor,selectivity,,,,,,,
ARC-MOF::ARC-MOF adsorption task table::methane_purification_ch4.csv,S(g1),dummy,random,5,48000,12000,5,0,0.2661405276099327,0.15217367208333332,-0.08075641830512881,,0.03333333333333333,0.045,0.09583333333333334,0.2948946350026652,False,table_local_non_descriptor,selectivity,,,,,,,
ARC-MOF::ARC-MOF adsorption task table::methane_purification_ch4.csv,S(g1),ridge,random,5,48000,12000,5,0,0.24100066264033215,0.15624033103553864,0.11377852494535978,0.3501370769166385,0.03333333333333333,0.19,0.32166666666666666,0.4906184003102646,False,table_local_non_descriptor,selectivity,,,,,,,
ARC-MOF::ARC-MOF adsorption task table::methane_purification_ch4.csv,S(g1),hgb,random,5,48000,12000,5,0,0.23411714903092132,0.14763707789012598,0.16368044817178495,0.37207201563983916,0.09166666666666666,0.16833333333333333,0.2975,0.4832290949831172,False,table_local_non_descriptor,selectivity,,,,,,,
ARC-MOF::ARC-MOF adsorption task table::methane_purification_ch4.csv,S(g1),randomforest,random,5,48000,12000,5,0,0.2529319878573183,0.16055497890529666,0.023857299818038524,0.2953445226902056,0.025,0.14,0.2708333333333333,0.445865401449814,False,table_local_non_descriptor,selectivity,,,,,,,
ARC-MOF::ARC-MOF adsorption task table::methane_purification_ch4.csv,S(g1),extratrees,random,5,48000,12000,5,0,0.27308626105037764,0.1734584774068143,-0.1379036724913938,0.2532606102811462,0.025,0.13166666666666665,0.25916666666666666,0.43003374588285476,False,table_local_non_descriptor,selectivity,,,,,,,
ARC-MOF::ARC-MOF adsorption task table::methane_purification_ch4.csv,S(g1),dummy,random,6,48000,12000,5,0,0.26549169719185867,0.15244648941666666,-0.0789768788177132,,0.016666666666666666,0.04,0.09666666666666666,0.29370097873104273,False,table_local_non_descriptor,selectivity,,,,,,,
ARC-MOF::ARC-MOF adsorption task table::methane_purification_ch4.csv,S(g1),ridge,random,6,48000,12000,5,0,0.239802341572791,0.1549417212615063,0.11972759081125406,0.3626632223670897,0.09166666666666666,0.18666666666666668,0.31833333333333336,0.5050818706816299,False,table_local_non_descriptor,selectivity,,,,,,,
ARC-MOF::ARC-MOF adsorption task table::methane_purification_ch4.csv,S(g1),hgb,random,6,48000,12000,5,0,0.23376364594806534,0.1470898371272385,0.16350337086138333,0.38694188678691444,0.041666666666666664,0.17166666666666666,0.30833333333333335,0.4877338222917847,False,table_local_non_descriptor,selectivity,,,,,,,
ARC-MOF::ARC-MOF adsorption task table::methane_purification_ch4.csv,S(g1),randomforest,random,6,48000,12000,5,0,0.263484022328088,0.1614356750922768,-0.06271991757428608,0.29928506336712213,0.016666666666666666,0.14833333333333334,0.2675,0.44200468995543585,False,table_local_non_descriptor,selectivity,,,,,,,
ARC-MOF::ARC-MOF adsorption task table::methane_purification_ch4.csv,S(g1),extratrees,random,6,48000,12000,5,0,0.287540175756029,0.17462268271353407,-0.26563162577637023,0.25737608906316356,0.016666666666666666,0.14333333333333334,0.2475,0.427565478564152,False,table_local_non_descriptor,selectivity,,,,,,,
ARC-MOF::ARC-MOF adsorption task table::methane_purification_ch4.csv,S(g1),dummy,random,7,48000,12000,5,0,0.24655501637314203,0.15319646008333332,-0.10080793708932467,,0.0,0.04,0.095,0.32897814743688253,False,table_local_non_descriptor,selectivity,,,,,,,
ARC-MOF::ARC-MOF adsorption task table::methane_purification_ch4.csv,S(g1),ridge,random,7,48000,12000,5,0,0.21870724075203452,0.15552253745682362,0.13381593640726963,0.36650937631029623,0.058333333333333334,0.18333333333333332,0.2991666666666667,0.5168891472904555,False,table_local_non_descriptor,selectivity,,,,,,,
ARC-MOF::ARC-MOF adsorption task table::methane_purification_ch4.csv,S(g1),hgb,random,7,48000,12000,5,0,0.21045110055570135,0.1464697218163427,0.19797802362666705,0.3879656542835965,0.06666666666666667,0.175,0.2991666666666667,0.5063453788461401,False,table_local_non_descriptor,selectivity,,,,,,,
ARC-MOF::ARC-MOF adsorption task table::methane_purification_ch4.csv,S(g1),randomforest,random,7,48000,12000,5,0,0.23202438905065792,0.16011160599969196,0.025120042704551926,0.29583359215871324,0.03333333333333333,0.13666666666666666,0.2633333333333333,0.4783754908406921,False,table_local_non_descriptor,selectivity,,,,,,,
ARC-MOF::ARC-MOF adsorption task table::methane_purification_ch4.csv,S(g1),extratrees,random,7,48000,12000,5,0,0.2523804611758142,0.1747653805998453,-0.15344084245093015,0.24326161887525852,0.025,0.12166666666666667,0.2425,0.4545120831999732,False,table_local_non_descriptor,selectivity,,,,,,,
ARC-MOF::ARC-MOF adsorption task table::methane_purification_ch4.csv,S(g1),dummy,random,8,48000,12000,5,0,0.24359873543855337,0.1508247145,-0.09199759891339099,,0.016666666666666666,0.041666666666666664,0.09,0.3049116535989643,False,table_local_non_descriptor,selectivity,,,,,,,
ARC-MOF::ARC-MOF adsorption task table::methane_purification_ch4.csv,S(g1),ridge,random,8,48000,12000,5,0,0.21791729598358747,0.154728235517048,0.12611350630299079,0.35629516024714697,0.03333333333333333,0.18,0.2991666666666667,0.4951113506437622,False,table_local_non_descriptor,selectivity,,,,,,,
ARC-MOF::ARC-MOF adsorption task table::methane_purification_ch4.csv,S(g1),hgb,random,8,48000,12000,5,0,0.21079200778089463,0.1463466791501872,0.18232653282099887,0.3825334616964541,0.075,0.15833333333333333,0.2875,0.4883242110193681,False,table_local_non_descriptor,selectivity,,,,,,,
ARC-MOF::ARC-MOF adsorption task table::methane_purification_ch4.csv,S(g1),randomforest,random,8,48000,12000,5,0,0.23418524756463088,0.15949514588574915,-0.009231253607691503,0.29658241954667625,0.016666666666666666,0.135,0.2575,0.46047694350889207,False,table_local_non_descriptor,selectivity,,,,,,,
ARC-MOF::ARC-MOF adsorption task table::methane_purification_ch4.csv,S(g1),extratrees,random,8,48000,12000,5,0,0.255928111449219,0.17247601393133277,-0.2053345580479391,0.2540662671221522,0.008333333333333333,0.12333333333333334,0.24666666666666667,0.44811392339342626,False,table_local_non_descriptor,selectivity,,,,,,,
ARC-MOF::ARC-MOF adsorption task table::methane_purification_ch4.csv,S(g1),dummy,random,9,48000,12000,5,0,0.24512389729120235,0.15295311958333332,-0.09437230719791923,,0.025,0.058333333333333334,0.10583333333333333,0.33000330885107315,False,table_local_non_descriptor,selectivity,,,,,,,
ARC-MOF::ARC-MOF adsorption task table::methane_purification_ch4.csv,S(g1),ridge,random,9,48000,12000,5,0,0.21628395023162586,0.15514313321488551,0.14799454608753948,0.3770715712372538,0.03333333333333333,0.19,0.31,0.5241660876498192,False,table_local_non_descriptor,selectivity,,,,,,,
ARC-MOF::ARC-MOF adsorption task table::methane_purification_ch4.csv,S(g1),hgb,random,9,48000,12000,5,0,0.20911776921049677,0.1466861656908722,0.20351855359532056,0.39554664750329127,0.075,0.16666666666666666,0.2991666666666667,0.5143004245139252,False,table_local_non_descriptor,selectivity,,,,,,,
ARC-MOF::ARC-MOF adsorption task table::methane_purification_ch4.csv,S(g1),randomforest,random,9,48000,12000,5,0,0.243403740806129,0.16127634548406367,-0.07906668868134714,0.3140836256130838,0.016666666666666666,0.13333333333333333,0.24833333333333332,0.4657779632803531,False,table_local_non_descriptor,selectivity,,,,,,,
ARC-MOF::ARC-MOF adsorption task table::methane_purification_ch4.csv,S(g1),extratrees,random,9,48000,12000,5,0,0.2998290054158752,0.17471868111276967,-0.6373483146914842,0.2686896357268877,0.041666666666666664,0.10333333333333333,0.24666666666666667,0.4588225964512043,False,table_local_non_descriptor,selectivity,,,,,,,
ARC-MOF::ARC-MOF adsorption task table::methane_purification_ch4.csv,molc/uc,dummy,random,0,48000,12000,5,0,6.164707134397121,3.492466711333333,-0.13843864351480906,,0.008333333333333333,0.04,0.08666666666666667,0.21423230746875227,False,table_local_non_descriptor,uptake_or_loading,,,,,,,
ARC-MOF::ARC-MOF adsorption task table::methane_purification_ch4.csv,molc/uc,ridge,random,0,48000,12000,5,0,4.7202541721438465,2.6295127966416185,0.332554975782665,0.6547144438463364,0.008333333333333333,0.1,0.21166666666666667,0.35201370775306773,False,table_local_non_descriptor,uptake_or_loading,,,,,,,
ARC-MOF::ARC-MOF adsorption task table::methane_purification_ch4.csv,molc/uc,hgb,random,0,48000,12000,5,0,4.711254372256293,2.622248344239777,0.33509769699232894,0.7453102054970896,0.008333333333333333,0.10166666666666667,0.20166666666666666,0.3892917390929823,False,table_local_non_descriptor,uptake_or_loading,,,,,,,
ARC-MOF::ARC-MOF adsorption task table::methane_purification_ch4.csv,molc/uc,randomforest,random,0,48000,12000,5,0,5.201606634210979,2.8938953356964907,0.1894874528800613,0.7236825826928208,0.016666666666666666,0.10833333333333334,0.2,0.38856209701152333,False,table_local_non_descriptor,uptake_or_loading,,,,,,,
ARC-MOF::ARC-MOF adsorption task table::methane_purification_ch4.csv,molc/uc,extratrees,random,0,48000,12000,5,0,5.866278174864647,3.1984032822117414,-0.030884563089725425,0.7056131014127988,0.025,0.11166666666666666,0.2025,0.3926813161448309,False,table_local_non_descriptor,uptake_or_loading,,,,,,,
ARC-MOF::ARC-MOF adsorption task table::methane_purification_ch4.csv,molc/uc,dummy,random,1,48000,12000,5,0,6.066596996452003,3.425821236,-0.1332645429372079,,0.016666666666666666,0.04666666666666667,0.08916666666666667,0.21818334607270432,False,table_local_non_descriptor,uptake_or_loading,,,,,,,
ARC-MOF::ARC-MOF adsorption task table::methane_purification_ch4.csv,molc/uc,ridge,random,1,48000,12000,5,0,4.679698643300749,2.6258265409554644,0.3256633202862266,0.6460427250669952,0.008333333333333333,0.10333333333333333,0.21166666666666667,0.35108931859110926,False,table_local_non_descriptor,uptake_or_loading,,,,,,,
ARC-MOF::ARC-MOF adsorption task table::methane_purification_ch4.csv,molc/uc,hgb,random,1,48000,12000,5,0,4.673177094580067,2.610989362250746,0.32754149901190033,0.7419663213371882,0.016666666666666666,0.105,0.22666666666666666,0.38865082269872325,False,table_local_non_descriptor,uptake_or_loading,,,,,,,
ARC-MOF::ARC-MOF adsorption task table::methane_purification_ch4.csv,molc/uc,randomforest,random,1,48000,12000,5,0,5.1855039440088335,2.864146329651828,0.1720140882433968,0.7219669761942102,0.03333333333333333,0.11166666666666666,0.21666666666666667,0.3895994379710377,False,table_local_non_descriptor,uptake_or_loading,,,,,,,
ARC-MOF::ARC-MOF adsorption task table::methane_purification_ch4.csv,molc/uc,extratrees,random,1,48000,12000,5,0,5.879258125413762,3.163978952918919,-0.06435392385977101,0.7013493924845143,0.016666666666666666,0.11166666666666666,0.21,0.3986449992987202,False,table_local_non_descriptor,uptake_or_loading,,,,,,,
ARC-MOF::ARC-MOF adsorption task table::methane_purification_ch4.csv,molc/uc,dummy,random,2,48000,12000,5,0,6.102058034458455,3.4854344318333332,-0.1469730297420122,,0.008333333333333333,0.056666666666666664,0.1175,0.23603241342386602,False,table_local_non_descriptor,uptake_or_loading,,,,,,,
ARC-MOF::ARC-MOF adsorption task table::methane_purification_ch4.csv,molc/uc,ridge,random,2,48000,12000,5,0,4.643826106277014,2.6406664422161374,0.33571807460760494,0.6524579034908775,0.0,0.08833333333333333,0.21416666666666667,0.35411150664049496,False,table_local_non_descriptor,uptake_or_loading,,,,,,,
ARC-MOF::ARC-MOF adsorption task table::methane_purification_ch4.csv,molc/uc,hgb,random,2,48000,12000,5,0,4.622058973142755,2.6208295419436185,0.3419308933234222,0.7419728800200185,0.0,0.11833333333333333,0.21,0.40055861685388244,False,table_local_non_descriptor,uptake_or_loading,,,,,,,
ARC-MOF::ARC-MOF adsorption task table::methane_purification_ch4.csv,molc/uc,randomforest,random,2,48000,12000,5,0,5.120359235731403,2.90128139902047,0.19239053296632924,0.7207862936948929,0.008333333333333333,0.10166666666666667,0.2175,0.40723930875793896,False,table_local_non_descriptor,uptake_or_loading,,,,,,,
ARC-MOF::ARC-MOF adsorption task table::methane_purification_ch4.csv,molc/uc,extratrees,random,2,48000,12000,5,0,5.882483352584555,3.2480440253769496,-0.0659134738255518,0.7014932223953244,0.025,0.10833333333333334,0.21416666666666667,0.40771556799282405,False,table_local_non_descriptor,uptake_or_loading,,,,,,,
ARC-MOF::ARC-MOF adsorption task table::methane_purification_ch4.csv,molc/uc,dummy,random,3,48000,12000,5,0,6.250866559197276,3.507359446666667,-0.134260615769362,,0.008333333333333333,0.04666666666666667,0.09416666666666666,0.20743966887496504,False,table_local_non_descriptor,uptake_or_loading,,,,,,,
ARC-MOF::ARC-MOF adsorption task table::methane_purification_ch4.csv,molc/uc,ridge,random,3,48000,12000,5,0,4.805881147570639,2.627311643187124,0.3295313908398134,0.649641913034668,0.008333333333333333,0.095,0.20083333333333334,0.3338550911412138,False,table_local_non_descriptor,uptake_or_loading,,,,,,,
ARC-MOF::ARC-MOF adsorption task table::methane_purification_ch4.csv,molc/uc,hgb,random,3,48000,12000,5,0,4.790884221564345,2.610153038082545,0.33370930509400953,0.7412296808588613,0.016666666666666666,0.12166666666666667,0.23,0.3906032053471747,False,table_local_non_descriptor,uptake_or_loading,,,,,,,
ARC-MOF::ARC-MOF adsorption task table::methane_purification_ch4.csv,molc/uc,randomforest,random,3,48000,12000,5,0,5.298345182899507,2.9181403227442413,0.18508390673395503,0.7193047438693386,0.041666666666666664,0.105,0.20166666666666666,0.387169889413824,False,table_local_non_descriptor,uptake_or_loading,,,,,,,
ARC-MOF::ARC-MOF adsorption task table::methane_purification_ch4.csv,molc/uc,extratrees,random,3,48000,12000,5,0,6.028878290650361,3.2634072368609703,-0.05512868474743904,0.7004340426695493,0.03333333333333333,0.10333333333333333,0.19083333333333333,0.38559433879570026,False,table_local_non_descriptor,uptake_or_loading,,,,,,,
ARC-MOF::ARC-MOF adsorption task table::methane_purification_ch4.csv,molc/uc,dummy,random,4,48000,12000,5,0,6.080426634447235,3.473929936083333,-0.13328986357613437,,0.025,0.045,0.09166666666666666,0.2164167478724217,False,table_local_non_descriptor,uptake_or_loading,,,,,,,
ARC-MOF::ARC-MOF adsorption task table::methane_purification_ch4.csv,molc/uc,ridge,random,4,48000,12000,5,0,4.645701742011586,2.588493675057996,0.3384303894779128,0.6472764076478048,0.016666666666666666,0.105,0.22,0.3607054690700461,False,table_local_non_descriptor,uptake_or_loading,,,,,,,
ARC-MOF::ARC-MOF adsorption task table::methane_purification_ch4.csv,molc/uc,hgb,random,4,48000,12000,5,0,4.619193980762555,2.563789078590994,0.3459585086403325,0.7463862921114074,0.03333333333333333,0.11,0.23,0.4123496772723204,False,table_local_non_descriptor,uptake_or_loading,,,,,,,
ARC-MOF::ARC-MOF adsorption task table::methane_purification_ch4.csv,molc/uc,randomforest,random,4,48000,12000,5,0,5.139912792995004,2.850566816251242,0.190187641885868,0.7227011880872752,0.016666666666666666,0.095,0.2025,0.4001972798894706,False,table_local_non_descriptor,uptake_or_loading,,,,,,,
ARC-MOF::ARC-MOF adsorption task table::methane_purification_ch4.csv,molc/uc,extratrees,random,4,48000,12000,5,0,5.880089385420236,3.181778844327288,-0.0598410944958081,0.6997776202494365,0.025,0.11,0.2025,0.39798547902952053,False,table_local_non_descriptor,uptake_or_loading,,,,,,,
ARC-MOF::ARC-MOF adsorption task table::methane_purification_ch4.csv,molc/uc,dummy,random,5,48000,12000,5,0,6.20369562481801,3.494741595666667,-0.1427195565365409,,0.0,0.056666666666666664,0.09416666666666666,0.22039822262813938,False,table_local_non_descriptor,uptake_or_loading,,,,,,,
ARC-MOF::ARC-MOF adsorption task table::methane_purification_ch4.csv,molc/uc,ridge,random,5,48000,12000,5,0,4.762140879076332,2.667546254595768,0.3266464179488622,0.6556991984718431,0.008333333333333333,0.08166666666666667,0.2025,0.34219531523075575,False,table_local_non_descriptor,uptake_or_loading,,,,,,,
ARC-MOF::ARC-MOF adsorption task table::methane_purification_ch4.csv,molc/uc,hgb,random,5,48000,12000,5,0,4.737238901582096,2.645685057452265,0.3336701475512486,0.7413013642364019,0.008333333333333333,0.13,0.22833333333333333,0.399973293871473,False,table_local_non_descriptor,uptake_or_loading,,,,,,,
ARC-MOF::ARC-MOF adsorption task table::methane_purification_ch4.csv,molc/uc,randomforest,random,5,48000,12000,5,0,5.26407843560691,2.9273235146741614,0.1772206181609588,0.725730877180899,0.008333333333333333,0.07833333333333334,0.215,0.38593622361365926,False,table_local_non_descriptor,uptake_or_loading,,,,,,,
ARC-MOF::ARC-MOF adsorption task table::methane_purification_ch4.csv,molc/uc,extratrees,random,5,48000,12000,5,0,5.973794560695505,3.2648590019364407,-0.059593444854978195,0.7081360274545756,0.025,0.105,0.21,0.39207769877421794,False,table_local_non_descriptor,uptake_or_loading,,,,,,,
ARC-MOF::ARC-MOF adsorption task table::methane_purification_ch4.csv,molc/uc,dummy,random,6,48000,12000,5,0,6.056310150354393,3.4393948707499997,-0.13639779653054984,,0.008333333333333333,0.056666666666666664,0.1125,0.22827657800811535,False,table_local_non_descriptor,uptake_or_loading,,,,,,,
ARC-MOF::ARC-MOF adsorption task table::methane_purification_ch4.csv,molc/uc,ridge,random,6,48000,12000,5,0,4.660583417924863,2.627060115045003,0.3270314964743941,0.644620681252391,0.0,0.09333333333333334,0.21916666666666668,0.34684879138658486,False,table_local_non_descriptor,uptake_or_loading,,,,,,,
ARC-MOF::ARC-MOF adsorption task table::methane_purification_ch4.csv,molc/uc,hgb,random,6,48000,12000,5,0,4.633336026584041,2.599043015176034,0.3348773103394752,0.7391610222804491,0.016666666666666666,0.13166666666666665,0.21916666666666668,0.4126247722835157,False,table_local_non_descriptor,uptake_or_loading,,,,,,,
ARC-MOF::ARC-MOF adsorption task table::methane_purification_ch4.csv,molc/uc,randomforest,random,6,48000,12000,5,0,5.14420407555161,2.869574442763876,0.18011952186975222,0.7160669059281765,0.008333333333333333,0.105,0.2075,0.3973208514953951,False,table_local_non_descriptor,uptake_or_loading,,,,,,,
ARC-MOF::ARC-MOF adsorption task table::methane_purification_ch4.csv,molc/uc,extratrees,random,6,48000,12000,5,0,5.812725685358673,3.162247083887154,-0.0468243684459686,0.6969326921886572,0.041666666666666664,0.11166666666666666,0.2025,0.39256534939564364,False,table_local_non_descriptor,uptake_or_loading,,,,,,,
ARC-MOF::ARC-MOF adsorption task table::methane_purification_ch4.csv,molc/uc,dummy,random,7,48000,12000,5,0,6.050283352520617,3.421958979,-0.13666999336102448,,0.008333333333333333,0.06333333333333334,0.09416666666666666,0.22616150345929348,False,table_local_non_descriptor,uptake_or_loading,,,,,,,
ARC-MOF::ARC-MOF adsorption task table::methane_purification_ch4.csv,molc/uc,ridge,random,7,48000,12000,5,0,4.643367455159475,2.5950548050904927,0.3305023256003895,0.6472868642802144,0.0,0.06666666666666667,0.19916666666666666,0.3354206599506937,False,table_local_non_descriptor,uptake_or_loading,,,,,,,
ARC-MOF::ARC-MOF adsorption task table::methane_purification_ch4.csv,molc/uc,hgb,random,7,48000,12000,5,0,4.603819833177265,2.564663526104659,0.34185800164623226,0.746937272643121,0.025,0.13,0.22833333333333333,0.41381031311374067,False,table_local_non_descriptor,uptake_or_loading,,,,,,,
ARC-MOF::ARC-MOF adsorption task table::methane_purification_ch4.csv,molc/uc,randomforest,random,7,48000,12000,5,0,5.102879793222781,2.8449871389776673,0.19143741275607484,0.7213849846824927,0.025,0.115,0.2225,0.4040415902671234,False,table_local_non_descriptor,uptake_or_loading,,,,,,,
ARC-MOF::ARC-MOF adsorption task table::methane_purification_ch4.csv,molc/uc,extratrees,random,7,48000,12000,5,0,5.825912751075722,3.170222370016682,-0.053927942957545216,0.7022642999951528,0.025,0.12166666666666667,0.21416666666666667,0.4107196969413904,False,table_local_non_descriptor,uptake_or_loading,,,,,,,
ARC-MOF::ARC-MOF adsorption task table::methane_purification_ch4.csv,molc/uc,dummy,random,8,48000,12000,5,0,6.321356206512373,3.5391887024999997,-0.13569445186774454,,0.008333333333333333,0.06166666666666667,0.09833333333333333,0.22274561527117376,False,table_local_non_descriptor,uptake_or_loading,,,,,,,
ARC-MOF::ARC-MOF adsorption task table::methane_purification_ch4.csv,molc/uc,ridge,random,8,48000,12000,5,0,4.880585771380371,2.6935927542090248,0.3230059116916889,0.6464295616324869,0.008333333333333333,0.07333333333333333,0.20166666666666666,0.33088964336982307,False,table_local_non_descriptor,uptake_or_loading,,,,,,,
ARC-MOF::ARC-MOF adsorption task table::methane_purification_ch4.csv,molc/uc,hgb,random,8,48000,12000,5,0,4.8621056637765765,2.6762536268236894,0.3281230177823228,0.7413257996367622,0.008333333333333333,0.09666666666666666,0.22333333333333333,0.39024935832451624,False,table_local_non_descriptor,uptake_or_loading,,,,,,,
ARC-MOF::ARC-MOF adsorption task table::methane_purification_ch4.csv,molc/uc,randomforest,random,8,48000,12000,5,0,5.325948334920126,2.9208559778365193,0.19381469846432287,0.7206834364478236,0.025,0.1,0.2,0.37818974909941355,False,table_local_non_descriptor,uptake_or_loading,,,,,,,
ARC-MOF::ARC-MOF adsorption task table::methane_purification_ch4.csv,molc/uc,extratrees,random,8,48000,12000,5,0,5.929157635866772,3.1893489132811217,0.0008585618176553123,0.7048466546705955,0.05,0.105,0.2075,0.38258941823599807,False,table_local_non_descriptor,uptake_or_loading,,,,,,,
ARC-MOF::ARC-MOF adsorption task table::methane_purification_ch4.csv,molc/uc,dummy,random,9,48000,12000,5,0,5.985361668245442,3.42103587675,-0.1361501042472033,,0.008333333333333333,0.055,0.10333333333333333,0.2324008856805677,False,table_local_non_descriptor,uptake_or_loading,,,,,,,
ARC-MOF::ARC-MOF adsorption task table::methane_purification_ch4.csv,molc/uc,ridge,random,9,48000,12000,5,0,4.576411112127138,2.5923258827667723,0.33579065796658114,0.6513233131578396,0.0,0.085,0.20833333333333334,0.3489150534209059,False,table_local_non_descriptor,uptake_or_loading,,,,,,,
ARC-MOF::ARC-MOF adsorption task table::methane_purification_ch4.csv,molc/uc,hgb,random,9,48000,12000,5,0,4.548915731835933,2.5594687939109133,0.3437479093090492,0.7430735226100124,0.016666666666666666,0.11,0.23,0.41747462177717687,False,table_local_non_descriptor,uptake_or_loading,,,,,,,
ARC-MOF::ARC-MOF adsorption task table::methane_purification_ch4.csv,molc/uc,randomforest,random,9,48000,12000,5,0,5.012530231250131,2.7914098983710636,0.20316403699120078,0.7246674445199764,0.016666666666666666,0.10666666666666667,0.21083333333333334,0.40483198147729677,False,table_local_non_descriptor,uptake_or_loading,,,,,,,
ARC-MOF::ARC-MOF adsorption task table::methane_purification_ch4.csv,molc/uc,extratrees,random,9,48000,12000,5,0,5.721087279963089,3.102897784633214,-0.03803515840941274,0.7041404172304288,0.025,0.115,0.21583333333333332,0.40401222925966884,False,table_local_non_descriptor,uptake_or_loading,,,,,,,
ARC-MOF::ARC-MOF adsorption task table::methane_purification_co2.csv,wt%,dummy,random,0,48000,12000,5,0,7.434389490427099,5.569861556916668,-0.07378080503918727,,0.0,0.04666666666666667,0.105,0.3268375812829705,False,table_local_non_descriptor,uptake_or_loading,,,,,,,
ARC-MOF::ARC-MOF adsorption task table::methane_purification_co2.csv,wt%,ridge,random,0,48000,12000,5,0,5.047096374862578,3.438910110804551,0.5051105322493368,0.7292574459874358,0.05,0.175,0.3308333333333333,0.6237114537756053,False,table_local_non_descriptor,uptake_or_loading,,,,,,,
ARC-MOF::ARC-MOF adsorption task table::methane_purification_co2.csv,wt%,hgb,random,0,48000,12000,5,0,4.913068262227698,3.3200087923297725,0.5310456028728043,0.7530460142141021,0.03333333333333333,0.21333333333333335,0.34,0.6522926090648365,False,table_local_non_descriptor,uptake_or_loading,,,,,,,
ARC-MOF::ARC-MOF adsorption task table::methane_purification_co2.csv,wt%,randomforest,random,0,48000,12000,5,0,5.429455055515736,3.671165077434074,0.42728639415983527,0.719951715863498,0.05,0.16333333333333333,0.2633333333333333,0.5998760957047413,False,table_local_non_descriptor,uptake_or_loading,,,,,,,
ARC-MOF::ARC-MOF adsorption task table::methane_purification_co2.csv,wt%,extratrees,random,0,48000,12000,5,0,6.142446102605916,4.123498333354048,0.26699367072829516,0.6881950762777143,0.025,0.13,0.255,0.577333721295886,False,table_local_non_descriptor,uptake_or_loading,,,,,,,
ARC-MOF::ARC-MOF adsorption task table::methane_purification_co2.csv,wt%,dummy,random,1,48000,12000,5,0,7.324108904621005,5.580252154416667,-0.07359528562284945,,0.025,0.07166666666666667,0.105,0.33651620001472915,False,table_local_non_descriptor,uptake_or_loading,,,,,,,
ARC-MOF::ARC-MOF adsorption task table::methane_purification_co2.csv,wt%,ridge,random,1,48000,12000,5,0,4.86387607479374,3.4027898905968454,0.5265261353078274,0.7300033917990952,0.03333333333333333,0.16833333333333333,0.315,0.617510081549066,False,table_local_non_descriptor,uptake_or_loading,,,,,,,
ARC-MOF::ARC-MOF adsorption task table::methane_purification_co2.csv,wt%,hgb,random,1,48000,12000,5,0,4.766390710901807,3.31264936973273,0.5453153550117215,0.7512349504599579,0.008333333333333333,0.21,0.32666666666666666,0.6570012280976582,False,table_local_non_descriptor,uptake_or_loading,,,,,,,
ARC-MOF::ARC-MOF adsorption task table::methane_purification_co2.csv,wt%,randomforest,random,1,48000,12000,5,0,5.334315495810615,3.6679868975566046,0.4305069798719863,0.7176351800730594,0.025,0.12,0.26416666666666666,0.598124539632034,False,table_local_non_descriptor,uptake_or_loading,,,,,,,
ARC-MOF::ARC-MOF adsorption task table::methane_purification_co2.csv,wt%,extratrees,random,1,48000,12000,5,0,6.163400243400452,4.154551666754924,0.2397231766952589,0.6840778111705017,0.05,0.12833333333333333,0.23,0.5678487030733205,False,table_local_non_descriptor,uptake_or_loading,,,,,,,
ARC-MOF::ARC-MOF adsorption task table::methane_purification_co2.csv,wt%,dummy,random,2,48000,12000,5,0,7.359283126864345,5.550215668583332,-0.07795565999969711,,0.0,0.04666666666666667,0.09583333333333334,0.3239320992043351,False,table_local_non_descriptor,uptake_or_loading,,,,,,,
ARC-MOF::ARC-MOF adsorption task table::methane_purification_co2.csv,wt%,ridge,random,2,48000,12000,5,0,4.953436181367333,3.4591550496322396,0.5116367015106043,0.734431913796201,0.03333333333333333,0.16166666666666665,0.3258333333333333,0.6176800623477521,False,table_local_non_descriptor,uptake_or_loading,,,,,,,
ARC-MOF::ARC-MOF adsorption task table::methane_purification_co2.csv,wt%,hgb,random,2,48000,12000,5,0,4.831113871382509,3.33526168194711,0.5354586020677524,0.7505652779924743,0.03333333333333333,0.19,0.3333333333333333,0.6456968868641305,False,table_local_non_descriptor,uptake_or_loading,,,,,,,
ARC-MOF::ARC-MOF adsorption task table::methane_purification_co2.csv,wt%,randomforest,random,2,48000,12000,5,0,5.42535008088724,3.7236986752715633,0.4141513837532611,0.7174619791591275,0.025,0.14166666666666666,0.24416666666666667,0.5816495935714944,False,table_local_non_descriptor,uptake_or_loading,,,,,,,
ARC-MOF::ARC-MOF adsorption task table::methane_purification_co2.csv,wt%,extratrees,random,2,48000,12000,5,0,6.233720384222243,4.193492018734513,0.22656377294625585,0.6819872840613671,0.016666666666666666,0.125,0.22333333333333333,0.5558101710100766,False,table_local_non_descriptor,uptake_or_loading,,,,,,,
ARC-MOF::ARC-MOF adsorption task table::methane_purification_co2.csv,wt%,dummy,random,3,48000,12000,5,0,7.261752578523673,5.55802682325,-0.07569570172592632,,0.016666666666666666,0.043333333333333335,0.10333333333333333,0.32588729500697067,False,table_local_non_descriptor,uptake_or_loading,,,,,,,
ARC-MOF::ARC-MOF adsorption task table::methane_purification_co2.csv,wt%,ridge,random,3,48000,12000,5,0,4.809201598084155,3.389757493479575,0.5282059021401917,0.7273325259996517,0.016666666666666666,0.16,0.30666666666666664,0.6235593522197177,False,table_local_non_descriptor,uptake_or_loading,,,,,,,
ARC-MOF::ARC-MOF adsorption task table::methane_purification_co2.csv,wt%,hgb,random,3,48000,12000,5,0,4.6983847805532,3.2862428047775167,0.5496981822266216,0.7480096748260301,0.058333333333333334,0.20333333333333334,0.31,0.6587946371397392,False,table_local_non_descriptor,uptake_or_loading,,,,,,,
ARC-MOF::ARC-MOF adsorption task table::methane_purification_co2.csv,wt%,randomforest,random,3,48000,12000,5,0,5.3004648679471265,3.6536309168941874,0.4268946552667878,0.716654329462831,0.03333333333333333,0.145,0.245,0.5923823578538773,False,table_local_non_descriptor,uptake_or_loading,,,,,,,
ARC-MOF::ARC-MOF adsorption task table::methane_purification_co2.csv,wt%,extratrees,random,3,48000,12000,5,0,6.255381215989889,4.15427775683453,0.20179562957094022,0.6857724453313362,0.025,0.11666666666666667,0.22166666666666668,0.5704644098085753,False,table_local_non_descriptor,uptake_or_loading,,,,,,,
ARC-MOF::ARC-MOF adsorption task table::methane_purification_co2.csv,wt%,dummy,random,4,48000,12000,5,0,7.15601949446746,5.4570531214999995,-0.06375654574423084,,0.025,0.058333333333333334,0.10416666666666667,0.33202594773636956,False,table_local_non_descriptor,uptake_or_loading,,,,,,,
ARC-MOF::ARC-MOF adsorption task table::methane_purification_co2.csv,wt%,ridge,random,4,48000,12000,5,0,4.841988570317568,3.3746267615534817,0.5129800683848931,0.730864961095318,0.025,0.17666666666666667,0.31333333333333335,0.6135535032610656,False,table_local_non_descriptor,uptake_or_loading,,,,,,,
ARC-MOF::ARC-MOF adsorption task table::methane_purification_co2.csv,wt%,hgb,random,4,48000,12000,5,0,4.693581310822005,3.2529734534538735,0.5423769331250362,0.7505951266330326,0.06666666666666667,0.20666666666666667,0.3233333333333333,0.6476311226717837,False,table_local_non_descriptor,uptake_or_loading,,,,,,,
ARC-MOF::ARC-MOF adsorption task table::methane_purification_co2.csv,wt%,randomforest,random,4,48000,12000,5,0,5.2671646423797895,3.6339040236037654,0.42369418299033146,0.7170365138476179,0.041666666666666664,0.14333333333333334,0.2625,0.5902695717618398,False,table_local_non_descriptor,uptake_or_loading,,,,,,,
ARC-MOF::ARC-MOF adsorption task table::methane_purification_co2.csv,wt%,extratrees,random,4,48000,12000,5,0,6.144623434367751,4.11938960292772,0.21568637214368913,0.6841379250550047,0.03333333333333333,0.12333333333333334,0.245,0.5657584168703711,False,table_local_non_descriptor,uptake_or_loading,,,,,,,
ARC-MOF::ARC-MOF adsorption task table::methane_purification_co2.csv,wt%,dummy,random,5,48000,12000,5,0,7.263610033739618,5.58744191825,-0.08489546344701715,,0.008333333333333333,0.035,0.105,0.346124949496781,False,table_local_non_descriptor,uptake_or_loading,,,,,,,
ARC-MOF::ARC-MOF adsorption task table::methane_purification_co2.csv,wt%,ridge,random,5,48000,12000,5,0,4.756097439360065,3.368726300959778,0.5348593017477861,0.7342454245257679,0.016666666666666666,0.16833333333333333,0.31916666666666665,0.6321590489342522,False,table_local_non_descriptor,uptake_or_loading,,,,,,,
ARC-MOF::ARC-MOF adsorption task table::methane_purification_co2.csv,wt%,hgb,random,5,48000,12000,5,0,4.641777150382014,3.261994575748584,0.5569513413093183,0.7502592223500764,0.1,0.2,0.3283333333333333,0.6681436981793485,False,table_local_non_descriptor,uptake_or_loading,,,,,,,
ARC-MOF::ARC-MOF adsorption task table::methane_purification_co2.csv,wt%,randomforest,random,5,48000,12000,5,0,5.20858187090614,3.634310505982172,0.4421443404998493,0.7184558029837871,0.03333333333333333,0.15333333333333332,0.24333333333333335,0.5992143529093009,False,table_local_non_descriptor,uptake_or_loading,,,,,,,
ARC-MOF::ARC-MOF adsorption task table::methane_purification_co2.csv,wt%,extratrees,random,5,48000,12000,5,0,6.033706367394883,4.1062779203780995,0.25139763311542895,0.6870999769284218,0.03333333333333333,0.105,0.23166666666666666,0.569144499226128,False,table_local_non_descriptor,uptake_or_loading,,,,,,,
ARC-MOF::ARC-MOF adsorption task table::methane_purification_co2.csv,wt%,dummy,random,6,48000,12000,5,0,7.42544331039683,5.6205431245,-0.0797931945262178,,0.008333333333333333,0.06,0.09416666666666666,0.32294373315809305,False,table_local_non_descriptor,uptake_or_loading,,,,,,,
ARC-MOF::ARC-MOF adsorption task table::methane_purification_co2.csv,wt%,ridge,random,6,48000,12000,5,0,4.973664460805462,3.432821632136541,0.5155502028174948,0.7294932092487876,0.016666666666666666,0.15666666666666668,0.32083333333333336,0.6151862176786732,False,table_local_non_descriptor,uptake_or_loading,,,,,,,
ARC-MOF::ARC-MOF adsorption task table::methane_purification_co2.csv,wt%,hgb,random,6,48000,12000,5,0,4.8672616003589395,3.311858048916998,0.5360563978913157,0.7465008470131856,0.016666666666666666,0.21833333333333332,0.3358333333333333,0.6495235195380847,False,table_local_non_descriptor,uptake_or_loading,,,,,,,
ARC-MOF::ARC-MOF adsorption task table::methane_purification_co2.csv,wt%,randomforest,random,6,48000,12000,5,0,5.428462714203866,3.685876895933522,0.42290205114009927,0.7142994791702817,0.008333333333333333,0.13833333333333334,0.24833333333333332,0.5787870176829821,False,table_local_non_descriptor,uptake_or_loading,,,,,,,
ARC-MOF::ARC-MOF adsorption task table::methane_purification_co2.csv,wt%,extratrees,random,6,48000,12000,5,0,6.173525002270497,4.1496433469057346,0.2536161477545855,0.6838975105292222,0.025,0.1,0.24166666666666667,0.5585328092759043,False,table_local_non_descriptor,uptake_or_loading,,,,,,,
ARC-MOF::ARC-MOF adsorption task table::methane_purification_co2.csv,wt%,dummy,random,7,48000,12000,5,0,7.228952675795757,5.5508169025,-0.07195796422183509,,0.008333333333333333,0.04,0.09916666666666667,0.321480471666823,False,table_local_non_descriptor,uptake_or_loading,,,,,,,
ARC-MOF::ARC-MOF adsorption task table::methane_purification_co2.csv,wt%,ridge,random,7,48000,12000,5,0,4.792974644024561,3.4073569129086585,0.5287653085850902,0.7274714204489513,0.0,0.14166666666666666,0.31083333333333335,0.6249622454366425,False,table_local_non_descriptor,uptake_or_loading,,,,,,,
ARC-MOF::ARC-MOF adsorption task table::methane_purification_co2.csv,wt%,hgb,random,7,48000,12000,5,0,4.660504944399256,3.275101109337879,0.5544536008865489,0.7507675452248702,0.041666666666666664,0.175,0.31333333333333335,0.6619594747447017,False,table_local_non_descriptor,uptake_or_loading,,,,,,,
ARC-MOF::ARC-MOF adsorption task table::methane_purification_co2.csv,wt%,randomforest,random,7,48000,12000,5,0,5.256292858593685,3.676337534020189,0.43325708378696215,0.71286032888365,0.06666666666666667,0.13666666666666666,0.2525,0.5981145283782562,False,table_local_non_descriptor,uptake_or_loading,,,,,,,
ARC-MOF::ARC-MOF adsorption task table::methane_purification_co2.csv,wt%,extratrees,random,7,48000,12000,5,0,6.073329706982477,4.171149041813467,0.24337496126600278,0.6788145633005397,0.05,0.12,0.22083333333333333,0.5681842733810067,False,table_local_non_descriptor,uptake_or_loading,,,,,,,
ARC-MOF::ARC-MOF adsorption task table::methane_purification_co2.csv,wt%,dummy,random,8,48000,12000,5,0,7.358724923972296,5.594160604500001,-0.0766467310320651,,0.008333333333333333,0.06666666666666667,0.10083333333333333,0.3228511826521175,False,table_local_non_descriptor,uptake_or_loading,,,,,,,
ARC-MOF::ARC-MOF adsorption task table::methane_purification_co2.csv,wt%,ridge,random,8,48000,12000,5,0,4.884701574147311,3.3837417249953416,0.5256005678679975,0.7313806558900371,0.03333333333333333,0.16833333333333333,0.32166666666666666,0.6208171558331422,False,table_local_non_descriptor,uptake_or_loading,,,,,,,
ARC-MOF::ARC-MOF adsorption task table::methane_purification_co2.csv,wt%,hgb,random,8,48000,12000,5,0,4.756691578124443,3.266055935228033,0.5501392799562075,0.7503876257029335,0.041666666666666664,0.23,0.3333333333333333,0.666924250899307,False,table_local_non_descriptor,uptake_or_loading,,,,,,,
ARC-MOF::ARC-MOF adsorption task table::methane_purification_co2.csv,wt%,randomforest,random,8,48000,12000,5,0,5.31955813597797,3.6391640660550935,0.4373747649378049,0.7175185223219567,0.016666666666666666,0.16333333333333333,0.25416666666666665,0.59272304388261,False,table_local_non_descriptor,uptake_or_loading,,,,,,,
ARC-MOF::ARC-MOF adsorption task table::methane_purification_co2.csv,wt%,extratrees,random,8,48000,12000,5,0,6.085729135319423,4.1220451978825645,0.26363468132474477,0.6824973094510218,0.03333333333333333,0.13,0.2425,0.571523870276547,False,table_local_non_descriptor,uptake_or_loading,,,,,,,
ARC-MOF::ARC-MOF adsorption task table::methane_purification_co2.csv,wt%,dummy,random,9,48000,12000,5,0,7.259518737791053,5.5553945572500005,-0.068722136917303,,0.016666666666666666,0.05333333333333334,0.10166666666666667,0.3285848340284071,False,table_local_non_descriptor,uptake_or_loading,,,,,,,
ARC-MOF::ARC-MOF adsorption task table::methane_purification_co2.csv,wt%,ridge,random,9,48000,12000,5,0,4.8023415595097445,3.3568233312277904,0.5323130682775895,0.7346057461183318,0.008333333333333333,0.165,0.33416666666666667,0.6216284630005066,False,table_local_non_descriptor,uptake_or_loading,,,,,,,
ARC-MOF::ARC-MOF adsorption task table::methane_purification_co2.csv,wt%,hgb,random,9,48000,12000,5,0,4.6914275696986225,3.245132921206686,0.5536668175182335,0.7545731790745376,0.05,0.205,0.3491666666666667,0.6626467662117012,False,table_local_non_descriptor,uptake_or_loading,,,,,,,
ARC-MOF::ARC-MOF adsorption task table::methane_purification_co2.csv,wt%,randomforest,random,9,48000,12000,5,0,5.212097873486124,3.5754450259838952,0.44909810175787745,0.7217228051686507,0.06666666666666667,0.18,0.2816666666666667,0.6095430635366147,False,table_local_non_descriptor,uptake_or_loading,,,,,,,
ARC-MOF::ARC-MOF adsorption task table::methane_purification_co2.csv,wt%,extratrees,random,9,48000,12000,5,0,6.013033028623952,4.0601827155860954,0.2667765893637435,0.6894581630286875,0.041666666666666664,0.14,0.25666666666666665,0.5819111777876417,False,table_local_non_descriptor,uptake_or_loading,,,,,,,
ARC-MOF::ARC-MOF adsorption task table::methane_purification_co2.csv,v/v,dummy,random,0,48000,12000,5,0,33.381282945780384,23.3131298835,-0.1458471146635636,,0.008333333333333333,0.051666666666666666,0.09666666666666666,0.29222137429423506,False,table_local_non_descriptor,uptake_or_loading,,,,,,,
ARC-MOF::ARC-MOF adsorption task table::methane_purification_co2.csv,v/v,ridge,random,0,48000,12000,5,0,24.949250798255232,18.208053940497233,0.359917954841095,0.6593729188746804,0.10833333333333334,0.29333333333333333,0.47,0.7082639012715289,False,table_local_non_descriptor,uptake_or_loading,,,,,,,
ARC-MOF::ARC-MOF adsorption task table::methane_purification_co2.csv,v/v,hgb,random,0,48000,12000,5,0,23.052978746169313,16.513722076315897,0.45351942742135154,0.6848687186914691,0.058333333333333334,0.29,0.45916666666666667,0.7119381878812756,False,table_local_non_descriptor,uptake_or_loading,,,,,,,
ARC-MOF::ARC-MOF adsorption task table::methane_purification_co2.csv,v/v,randomforest,random,0,48000,12000,5,0,25.743089085561945,18.2334971888619,0.3185375240995384,0.6306740467998379,0.05,0.25166666666666665,0.38333333333333336,0.652843952989662,False,table_local_non_descriptor,uptake_or_loading,,,,,,,
ARC-MOF::ARC-MOF adsorption task table::methane_purification_co2.csv,v/v,extratrees,random,0,48000,12000,5,0,29.543503898066266,20.4420150564525,0.10247897404373818,0.5574534903212487,0.041666666666666664,0.21333333333333335,0.3425,0.5915085993523113,False,table_local_non_descriptor,uptake_or_loading,,,,,,,
ARC-MOF::ARC-MOF adsorption task table::methane_purification_co2.csv,v/v,dummy,random,1,48000,12000,5,0,33.139674620600104,23.3707566635,-0.14931221459028254,,0.008333333333333333,0.07,0.10666666666666667,0.2959814165061008,False,table_local_non_descriptor,uptake_or_loading,,,,,,,
ARC-MOF::ARC-MOF adsorption task table::methane_purification_co2.csv,v/v,ridge,random,1,48000,12000,5,0,24.33670933826313,17.906740289308647,0.38018047528369836,0.6689591670487294,0.058333333333333334,0.2916666666666667,0.445,0.7068115489979899,False,table_local_non_descriptor,uptake_or_loading,,,,,,,
ARC-MOF::ARC-MOF adsorption task table::methane_purification_co2.csv,v/v,hgb,random,1,48000,12000,5,0,22.805196619269907,16.546711881429104,0.45573653259156155,0.6901164183373096,0.075,0.2866666666666667,0.43333333333333335,0.7116954779660183,False,table_local_non_descriptor,uptake_or_loading,,,,,,,
ARC-MOF::ARC-MOF adsorption task table::methane_purification_co2.csv,v/v,randomforest,random,1,48000,12000,5,0,25.67008349583009,18.267105741270072,0.31040182284750695,0.6314345289334494,0.03333333333333333,0.23333333333333334,0.37,0.6538113677157685,False,table_local_non_descriptor,uptake_or_loading,,,,,,,
ARC-MOF::ARC-MOF adsorption task table::methane_purification_co2.csv,v/v,extratrees,random,1,48000,12000,5,0,29.48308806617023,20.54398293462529,0.09032244000044332,0.5601821874356465,0.016666666666666666,0.19166666666666668,0.315,0.5949989139769121,False,table_local_non_descriptor,uptake_or_loading,,,,,,,
ARC-MOF::ARC-MOF adsorption task table::methane_purification_co2.csv,v/v,dummy,random,2,48000,12000,5,0,33.52831522453417,23.43797252225,-0.14897541394093827,,0.008333333333333333,0.045,0.09916666666666667,0.2876391120179471,False,table_local_non_descriptor,uptake_or_loading,,,,,,,
ARC-MOF::ARC-MOF adsorption task table::methane_purification_co2.csv,v/v,ridge,random,2,48000,12000,5,0,25.016044773140056,18.276961204277516,0.36037627428630825,0.6669236358618429,0.06666666666666667,0.2833333333333333,0.45166666666666666,0.7051416882520198,False,table_local_non_descriptor,uptake_or_loading,,,,,,,
ARC-MOF::ARC-MOF adsorption task table::methane_purification_co2.csv,v/v,hgb,random,2,48000,12000,5,0,23.169651567216263,16.5807203086449,0.4513109676284375,0.6851030203845819,0.06666666666666667,0.29333333333333333,0.4508333333333333,0.7132558615201523,False,table_local_non_descriptor,uptake_or_loading,,,,,,,
ARC-MOF::ARC-MOF adsorption task table::methane_purification_co2.csv,v/v,randomforest,random,2,48000,12000,5,0,26.04591501708968,18.359117131057143,0.3066276610858054,0.6306700709317571,0.041666666666666664,0.24833333333333332,0.37166666666666665,0.6398244811911653,False,table_local_non_descriptor,uptake_or_loading,,,,,,,
ARC-MOF::ARC-MOF adsorption task table::methane_purification_co2.csv,v/v,extratrees,random,2,48000,12000,5,0,29.733605575852636,20.619511076767196,0.09638709247831079,0.5597004994656569,0.025,0.18666666666666668,0.3,0.5759456332622321,False,table_local_non_descriptor,uptake_or_loading,,,,,,,
ARC-MOF::ARC-MOF adsorption task table::methane_purification_co2.csv,v/v,dummy,random,3,48000,12000,5,0,33.266427388917776,23.455626504583332,-0.1525645326790357,,0.008333333333333333,0.05,0.10583333333333333,0.290522678245001,False,table_local_non_descriptor,uptake_or_loading,,,,,,,
ARC-MOF::ARC-MOF adsorption task table::methane_purification_co2.csv,v/v,ridge,random,3,48000,12000,5,0,24.558536104459076,18.042419354423178,0.37185793665031974,0.664276384897377,0.08333333333333333,0.30333333333333334,0.4658333333333333,0.714883156135125,False,table_local_non_descriptor,uptake_or_loading,,,,,,,
ARC-MOF::ARC-MOF adsorption task table::methane_purification_co2.csv,v/v,hgb,random,3,48000,12000,5,0,22.7535304755734,16.36000341165239,0.4607992226161577,0.6857608295799155,0.08333333333333333,0.30333333333333334,0.45916666666666667,0.7262816809881046,False,table_local_non_descriptor,uptake_or_loading,,,,,,,
ARC-MOF::ARC-MOF adsorption task table::methane_purification_co2.csv,v/v,randomforest,random,3,48000,12000,5,0,25.68690630835778,18.181777405316424,0.3128104781520712,0.6318125879403523,0.03333333333333333,0.23,0.37666666666666665,0.6475366366172591,False,table_local_non_descriptor,uptake_or_loading,,,,,,,
ARC-MOF::ARC-MOF adsorption task table::methane_purification_co2.csv,v/v,extratrees,random,3,48000,12000,5,0,29.80382197720367,20.474727500272042,0.07488260566708416,0.5644561761529338,0.016666666666666666,0.17666666666666667,0.31666666666666665,0.5800893386979772,False,table_local_non_descriptor,uptake_or_loading,,,,,,,
ARC-MOF::ARC-MOF adsorption task table::methane_purification_co2.csv,v/v,dummy,random,4,48000,12000,5,0,32.58120534055471,22.922631626166666,-0.137277751680144,,0.016666666666666666,0.05333333333333334,0.11,0.29705771045847823,False,table_local_non_descriptor,uptake_or_loading,,,,,,,
ARC-MOF::ARC-MOF adsorption task table::methane_purification_co2.csv,v/v,ridge,random,4,48000,12000,5,0,25.06825512383057,17.914767378139054,0.32674364555240687,0.6613605210708257,0.06666666666666667,0.31,0.445,0.697326901449801,False,table_local_non_descriptor,uptake_or_loading,,,,,,,
ARC-MOF::ARC-MOF adsorption task table::methane_purification_co2.csv,v/v,hgb,random,4,48000,12000,5,0,22.73821435435366,16.24608586928901,0.44608265849314344,0.6849665226848415,0.03333333333333333,0.32,0.44333333333333336,0.7003622990270358,False,table_local_non_descriptor,uptake_or_loading,,,,,,,
ARC-MOF::ARC-MOF adsorption task table::methane_purification_co2.csv,v/v,randomforest,random,4,48000,12000,5,0,25.595962222660635,18.017934994319454,0.2981001165502465,0.6288360478194467,0.058333333333333334,0.245,0.37583333333333335,0.641428736036593,False,table_local_non_descriptor,uptake_or_loading,,,,,,,
ARC-MOF::ARC-MOF adsorption task table::methane_purification_co2.csv,v/v,extratrees,random,4,48000,12000,5,0,29.34125187136698,20.271506421274324,0.07766321813686561,0.5548399372310049,0.025,0.20166666666666666,0.3275,0.5917838217938638,False,table_local_non_descriptor,uptake_or_loading,,,,,,,
ARC-MOF::ARC-MOF adsorption task table::methane_purification_co2.csv,v/v,dummy,random,5,48000,12000,5,0,33.419836738320186,23.470922188750002,-0.1597611689029086,,0.0,0.041666666666666664,0.1,0.301306166792243,False,table_local_non_descriptor,uptake_or_loading,,,,,,,
ARC-MOF::ARC-MOF adsorption task table::methane_purification_co2.csv,v/v,ridge,random,5,48000,12000,5,0,24.64091697151843,17.997017444669297,0.36951661467919616,0.6710101580437802,0.058333333333333334,0.3016666666666667,0.44916666666666666,0.7043243509229214,False,table_local_non_descriptor,uptake_or_loading,,,,,,,
ARC-MOF::ARC-MOF adsorption task table::methane_purification_co2.csv,v/v,hgb,random,5,48000,12000,5,0,22.90690081785918,16.484296970397516,0.4551303891685893,0.689566438608196,0.075,0.2966666666666667,0.44166666666666665,0.7132663019149165,False,table_local_non_descriptor,uptake_or_loading,,,,,,,
ARC-MOF::ARC-MOF adsorption task table::methane_purification_co2.csv,v/v,randomforest,random,5,48000,12000,5,0,25.727303172605247,18.16862758663447,0.3126966759694958,0.6327240716483669,0.08333333333333333,0.245,0.39,0.6547920752352329,False,table_local_non_descriptor,uptake_or_loading,,,,,,,
ARC-MOF::ARC-MOF adsorption task table::methane_purification_co2.csv,v/v,extratrees,random,5,48000,12000,5,0,29.622647186058764,20.432261706771772,0.08881272142681029,0.5596912538772507,0.06666666666666667,0.18833333333333332,0.3125,0.5748996516883192,False,table_local_non_descriptor,uptake_or_loading,,,,,,,
ARC-MOF::ARC-MOF adsorption task table::methane_purification_co2.csv,v/v,dummy,random,6,48000,12000,5,0,33.83281115856288,23.684731401083333,-0.16164408492319593,,0.008333333333333333,0.055,0.09166666666666666,0.2851665729492783,False,table_local_non_descriptor,uptake_or_loading,,,,,,,
ARC-MOF::ARC-MOF adsorption task table::methane_purification_co2.csv,v/v,ridge,random,6,48000,12000,5,0,24.950067834385358,18.144811986903584,0.3682570887781057,0.6683328963969172,0.058333333333333334,0.2733333333333333,0.4525,0.6996226171050531,False,table_local_non_descriptor,uptake_or_loading,,,,,,,
ARC-MOF::ARC-MOF adsorption task table::methane_purification_co2.csv,v/v,hgb,random,6,48000,12000,5,0,23.282223302629852,16.527048443201085,0.44989471602352504,0.6876605046530068,0.05,0.2866666666666667,0.44583333333333336,0.7053114918101929,False,table_local_non_descriptor,uptake_or_loading,,,,,,,
ARC-MOF::ARC-MOF adsorption task table::methane_purification_co2.csv,v/v,randomforest,random,6,48000,12000,5,0,26.016530331151067,18.208515575171358,0.31309659431231196,0.6333312778926292,0.016666666666666666,0.24166666666666667,0.38,0.6449460841796413,False,table_local_non_descriptor,uptake_or_loading,,,,,,,
ARC-MOF::ARC-MOF adsorption task table::methane_purification_co2.csv,v/v,extratrees,random,6,48000,12000,5,0,29.488183711585634,20.376150948557974,0.11754419764208912,0.5648801835377985,0.016666666666666666,0.185,0.31666666666666665,0.5787836872216183,False,table_local_non_descriptor,uptake_or_loading,,,,,,,
ARC-MOF::ARC-MOF adsorption task table::methane_purification_co2.csv,v/v,dummy,random,7,48000,12000,5,0,32.89790471293074,23.271530064833332,-0.1483259267454835,,0.0,0.03833333333333333,0.09,0.28134715713097946,False,table_local_non_descriptor,uptake_or_loading,,,,,,,
ARC-MOF::ARC-MOF adsorption task table::methane_purification_co2.csv,v/v,ridge,random,7,48000,12000,5,0,24.40006903800097,17.903845059976124,0.36830010610925645,0.6604965089778645,0.041666666666666664,0.25833333333333336,0.43583333333333335,0.7035577219223862,False,table_local_non_descriptor,uptake_or_loading,,,,,,,
ARC-MOF::ARC-MOF adsorption task table::methane_purification_co2.csv,v/v,hgb,random,7,48000,12000,5,0,22.724569700060137,16.398478712700626,0.45207636991670064,0.6857346658467702,0.06666666666666667,0.25,0.43,0.7091734339508932,False,table_local_non_descriptor,uptake_or_loading,,,,,,,
ARC-MOF::ARC-MOF adsorption task table::methane_purification_co2.csv,v/v,randomforest,random,7,48000,12000,5,0,25.77496824347251,18.36836997818538,0.29510412127157226,0.622958465705284,0.08333333333333333,0.205,0.3591666666666667,0.6374751590387182,False,table_local_non_descriptor,uptake_or_loading,,,,,,,
ARC-MOF::ARC-MOF adsorption task table::methane_purification_co2.csv,v/v,extratrees,random,7,48000,12000,5,0,29.610095571061507,20.70206081429581,0.06973150756173307,0.551257104146208,0.041666666666666664,0.185,0.2991666666666667,0.5752406610543135,False,table_local_non_descriptor,uptake_or_loading,,,,,,,
ARC-MOF::ARC-MOF adsorption task table::methane_purification_co2.csv,v/v,dummy,random,8,48000,12000,5,0,33.306443012251606,23.524210066916662,-0.1533194231530428,,0.008333333333333333,0.055,0.105,0.2883630468734807,False,table_local_non_descriptor,uptake_or_loading,,,,,,,
ARC-MOF::ARC-MOF adsorption task table::methane_purification_co2.csv,v/v,ridge,random,8,48000,12000,5,0,24.418168502583683,17.990984418814516,0.38010337754066803,0.6697178544663831,0.075,0.30833333333333335,0.4841666666666667,0.7126768858297845,False,table_local_non_descriptor,uptake_or_loading,,,,,,,
ARC-MOF::ARC-MOF adsorption task table::methane_purification_co2.csv,v/v,hgb,random,8,48000,12000,5,0,22.682909657913466,16.3582174679376,0.4650777982305544,0.687515176642398,0.05,0.30666666666666664,0.47833333333333333,0.721248110698798,False,table_local_non_descriptor,uptake_or_loading,,,,,,,
ARC-MOF::ARC-MOF adsorption task table::methane_purification_co2.csv,v/v,randomforest,random,8,48000,12000,5,0,25.716995450068055,18.206274708467067,0.3124036645535513,0.6304194392676387,0.025,0.24,0.3933333333333333,0.6531993368509786,False,table_local_non_descriptor,uptake_or_loading,,,,,,,
ARC-MOF::ARC-MOF adsorption task table::methane_purification_co2.csv,v/v,extratrees,random,8,48000,12000,5,0,29.350892415078178,20.423025642877263,0.10435538632482311,0.5569752936016702,0.016666666666666666,0.17666666666666667,0.3325,0.5886837848129721,False,table_local_non_descriptor,uptake_or_loading,,,,,,,
ARC-MOF::ARC-MOF adsorption task table::methane_purification_co2.csv,v/v,dummy,random,9,48000,12000,5,0,32.86605698191493,23.13060904691667,-0.14366018005910908,,0.008333333333333333,0.04666666666666667,0.10083333333333333,0.29173351860884433,False,table_local_non_descriptor,uptake_or_loading,,,,,,,
ARC-MOF::ARC-MOF adsorption task table::methane_purification_co2.csv,v/v,ridge,random,9,48000,12000,5,0,24.180994541664653,17.74133930574969,0.38091524389154796,0.6749757991928975,0.05,0.2783333333333333,0.4558333333333333,0.7022157004007074,False,table_local_non_descriptor,uptake_or_loading,,,,,,,
ARC-MOF::ARC-MOF adsorption task table::methane_purification_co2.csv,v/v,hgb,random,9,48000,12000,5,0,22.54717761336118,16.19968414761031,0.46174736536125494,0.698404253897969,0.05,0.285,0.45416666666666666,0.7076476649857436,False,table_local_non_descriptor,uptake_or_loading,,,,,,,
ARC-MOF::ARC-MOF adsorption task table::methane_purification_co2.csv,v/v,randomforest,random,9,48000,12000,5,0,25.15662458351051,17.79914349534639,0.32995105166449545,0.6396195428171806,0.1,0.23833333333333334,0.39416666666666667,0.6617597106070894,False,table_local_non_descriptor,uptake_or_loading,,,,,,,
ARC-MOF::ARC-MOF adsorption task table::methane_purification_co2.csv,v/v,extratrees,random,9,48000,12000,5,0,28.79744165861053,20.00876991930377,0.12196949114210709,0.5660960423093641,0.09166666666666666,0.215,0.33,0.5949623413982826,False,table_local_non_descriptor,uptake_or_loading,,,,,,,
ARC-MOF::ARC-MOF adsorption task table::methane_purification_co2.csv,mmol/g,dummy,random,0,48000,12000,5,0,1.6892692436279158,1.2656043687499998,-0.07378080728532632,,0.0,0.04666666666666667,0.105,0.3268375813271066,False,table_local_non_descriptor,uptake_or_loading,,,,,,,
ARC-MOF::ARC-MOF adsorption task table::methane_purification_co2.csv,mmol/g,ridge,random,0,48000,12000,5,0,1.1468197465422805,0.7814017657110087,0.5051105317450202,0.7292573978088357,0.05,0.175,0.3308333333333333,0.6237114536443258,False,table_local_non_descriptor,uptake_or_loading,,,,,,,
ARC-MOF::ARC-MOF adsorption task table::methane_purification_co2.csv,mmol/g,hgb,random,0,48000,12000,5,0,1.116365387710052,0.7543845725269096,0.5310456020452539,0.7530459537854044,0.03333333333333333,0.21333333333333335,0.34,0.6522926086403839,False,table_local_non_descriptor,uptake_or_loading,,,,,,,
ARC-MOF::ARC-MOF adsorption task table::methane_purification_co2.csv,mmol/g,randomforest,random,0,48000,12000,5,0,1.2337006902476153,0.8341755982967417,0.4272863915922478,0.7199516504884264,0.05,0.16333333333333333,0.2633333333333333,0.599876096057764,False,table_local_non_descriptor,uptake_or_loading,,,,,,,
ARC-MOF::ARC-MOF adsorption task table::methane_purification_co2.csv,mmol/g,extratrees,random,0,48000,12000,5,0,1.3956801014717826,0.9369291782845792,0.26702415876129637,0.6882020464724738,0.025,0.13,0.255,0.5771680715169804,False,table_local_non_descriptor,uptake_or_loading,,,,,,,
ARC-MOF::ARC-MOF adsorption task table::methane_purification_co2.csv,mmol/g,dummy,random,1,48000,12000,5,0,1.6642108544285246,1.2679653641666666,-0.07359523747303487,,0.025,0.07166666666666667,0.105,0.33651620104162394,False,table_local_non_descriptor,uptake_or_loading,,,,,,,
ARC-MOF::ARC-MOF adsorption task table::methane_purification_co2.csv,mmol/g,ridge,random,1,48000,12000,5,0,1.1051877630072933,0.7731944004876177,0.5265261357129577,0.7300034363471513,0.03333333333333333,0.16833333333333333,0.315,0.617510080905476,False,table_local_non_descriptor,uptake_or_loading,,,,,,,
ARC-MOF::ARC-MOF adsorption task table::methane_purification_co2.csv,mmol/g,hgb,random,1,48000,12000,5,0,1.0830367819091493,0.7527123407094232,0.5453153546672369,0.7512349796023734,0.008333333333333333,0.21,0.32666666666666666,0.6570012271331376,False,table_local_non_descriptor,uptake_or_loading,,,,,,,
ARC-MOF::ARC-MOF adsorption task table::methane_purification_co2.csv,mmol/g,randomforest,random,1,48000,12000,5,0,1.2120832453760912,0.8334540172017866,0.43050649970982513,0.7176348022318787,0.025,0.12,0.26416666666666666,0.5981247032352147,False,table_local_non_descriptor,uptake_or_loading,,,,,,,
ARC-MOF::ARC-MOF adsorption task table::methane_purification_co2.csv,mmol/g,extratrees,random,1,48000,12000,5,0,1.4004704072837588,0.9440124672914788,0.2397231818277824,0.6840778033655808,0.05,0.12833333333333333,0.23,0.5678487055316451,False,table_local_non_descriptor,uptake_or_loading,,,,,,,
ARC-MOF::ARC-MOF adsorption task table::methane_purification_co2.csv,mmol/g,dummy,random,2,48000,12000,5,0,1.6722033482076646,1.2611403626666666,-0.077955715488639,,0.0,0.04666666666666667,0.09583333333333334,0.3239320999822645,False,table_local_non_descriptor,uptake_or_loading,,,,,,,
ARC-MOF::ARC-MOF adsorption task table::methane_purification_co2.csv,mmol/g,ridge,random,2,48000,12000,5,0,1.1255379368567981,0.7860018943525228,0.5116367023439679,0.734431871719869,0.03333333333333333,0.16166666666666665,0.3258333333333333,0.6176800622518607,False,table_local_non_descriptor,uptake_or_loading,,,,,,,
ARC-MOF::ARC-MOF adsorption task table::methane_purification_co2.csv,mmol/g,hgb,random,2,48000,12000,5,0,1.0977434142496787,0.7578503878350435,0.5354586017522609,0.7505652797660923,0.03333333333333333,0.19,0.3333333333333333,0.6456968845579797,False,table_local_non_descriptor,uptake_or_loading,,,,,,,
ARC-MOF::ARC-MOF adsorption task table::methane_purification_co2.csv,mmol/g,randomforest,random,2,48000,12000,5,0,1.232767934665092,0.8461124671689839,0.41415139357329966,0.7174618391739246,0.025,0.14166666666666666,0.24416666666666667,0.581649591951306,False,table_local_non_descriptor,uptake_or_loading,,,,,,,
ARC-MOF::ARC-MOF adsorption task table::methane_purification_co2.csv,mmol/g,extratrees,random,2,48000,12000,5,0,1.416406533984251,0.9528385903685774,0.2266099413299285,0.681990913109707,0.016666666666666666,0.125,0.22333333333333333,0.5559194931286702,False,table_local_non_descriptor,uptake_or_loading,,,,,,,
ARC-MOF::ARC-MOF adsorption task table::methane_purification_co2.csv,mmol/g,dummy,random,3,48000,12000,5,0,1.6500421847224465,1.2629152396666667,-0.07569587299079195,,0.016666666666666666,0.043333333333333335,0.10333333333333333,0.32588729628179225,False,table_local_non_descriptor,uptake_or_loading,,,,,,,
ARC-MOF::ARC-MOF adsorption task table::methane_purification_co2.csv,mmol/g,ridge,random,3,48000,12000,5,0,1.0927644261997904,0.7702331273780197,0.5282059009855306,0.7273325231596921,0.016666666666666666,0.16,0.30666666666666664,0.6235593506279365,False,table_local_non_descriptor,uptake_or_loading,,,,,,,
ARC-MOF::ARC-MOF adsorption task table::methane_purification_co2.csv,mmol/g,hgb,random,3,48000,12000,5,0,1.0675842229871442,0.746712139501413,0.5496981806874064,0.7480096529830731,0.058333333333333334,0.20333333333333334,0.31,0.6587946351319289,False,table_local_non_descriptor,uptake_or_loading,,,,,,,
ARC-MOF::ARC-MOF adsorption task table::methane_purification_co2.csv,mmol/g,randomforest,random,3,48000,12000,5,0,1.2043909555383736,0.8301913212432943,0.4268947611049728,0.7166541592369895,0.03333333333333333,0.145,0.245,0.5923823564597959,False,table_local_non_descriptor,uptake_or_loading,,,,,,,
ARC-MOF::ARC-MOF adsorption task table::methane_purification_co2.csv,mmol/g,extratrees,random,3,48000,12000,5,0,1.4215127793783995,0.9440592752399789,0.2016360022750343,0.6857560753206587,0.025,0.11666666666666667,0.22166666666666668,0.5705229952121438,False,table_local_non_descriptor,uptake_or_loading,,,,,,,
ARC-MOF::ARC-MOF adsorption task table::methane_purification_co2.csv,mmol/g,dummy,random,4,48000,12000,5,0,1.6260170646249088,1.2399716184999998,-0.06375663836802925,,0.025,0.058333333333333334,0.10416666666666667,0.33202594471994695,False,table_local_non_descriptor,uptake_or_loading,,,,,,,
ARC-MOF::ARC-MOF adsorption task table::methane_purification_co2.csv,mmol/g,ridge,random,4,48000,12000,5,0,1.1002144005376437,0.7667950698239865,0.512980068502026,0.7308649293132018,0.025,0.17666666666666667,0.31333333333333335,0.6135535056588087,False,table_local_non_descriptor,uptake_or_loading,,,,,,,
ARC-MOF::ARC-MOF adsorption task table::methane_purification_co2.csv,mmol/g,hgb,random,4,48000,12000,5,0,1.0664927584149815,0.7391525598559243,0.54237693353444,0.7505950755434749,0.06666666666666667,0.20666666666666667,0.3233333333333333,0.6476311247893723,False,table_local_non_descriptor,uptake_or_loading,,,,,,,
ARC-MOF::ARC-MOF adsorption task table::methane_purification_co2.csv,mmol/g,randomforest,random,4,48000,12000,5,0,1.1968244659928697,0.8257089958751213,0.4236941840309476,0.7170364374297724,0.041666666666666664,0.14333333333333334,0.2625,0.5902695726717702,False,table_local_non_descriptor,uptake_or_loading,,,,,,,
ARC-MOF::ARC-MOF adsorption task table::methane_purification_co2.csv,mmol/g,extratrees,random,4,48000,12000,5,0,1.3962081683039749,0.9360300580396134,0.21568154506047077,0.684130542693177,0.03333333333333333,0.12333333333333334,0.24416666666666667,0.5666335445024899,False,table_local_non_descriptor,uptake_or_loading,,,,,,,
ARC-MOF::ARC-MOF adsorption task table::methane_purification_co2.csv,mmol/g,dummy,random,5,48000,12000,5,0,1.6504641360875425,1.2695990471666667,-0.08489549320371292,,0.008333333333333333,0.035,0.105,0.34612495101327656,False,table_local_non_descriptor,uptake_or_loading,,,,,,,
ARC-MOF::ARC-MOF adsorption task table::methane_purification_co2.csv,mmol/g,ridge,random,5,48000,12000,5,0,1.0806979052312389,0.7654543442462757,0.5348593012583593,0.7342453269774221,0.016666666666666666,0.16833333333333333,0.31916666666666665,0.6321590481057892,False,table_local_non_descriptor,uptake_or_loading,,,,,,,
ARC-MOF::ARC-MOF adsorption task table::methane_purification_co2.csv,mmol/g,hgb,random,5,48000,12000,5,0,1.0547216305076414,0.741202373810104,0.5569513402907798,0.7502591722964466,0.1,0.2,0.3283333333333333,0.6681436980978204,False,table_local_non_descriptor,uptake_or_loading,,,,,,,
ARC-MOF::ARC-MOF adsorption task table::methane_purification_co2.csv,mmol/g,randomforest,random,5,48000,12000,5,0,1.1835130638676103,0.8258011997318253,0.44214435271804764,0.718455801195256,0.03333333333333333,0.15333333333333332,0.24333333333333335,0.5992143537535002,False,table_local_non_descriptor,uptake_or_loading,,,,,,,
ARC-MOF::ARC-MOF adsorption task table::methane_purification_co2.csv,mmol/g,extratrees,random,5,48000,12000,5,0,1.3710008907427889,0.9330435299055774,0.25139763375176283,0.6871000182803938,0.03333333333333333,0.105,0.23166666666666666,0.5691444986362534,False,table_local_non_descriptor,uptake_or_loading,,,,,,,
ARC-MOF::ARC-MOF adsorption task table::methane_purification_co2.csv,mmol/g,dummy,random,6,48000,12000,5,0,1.6872364698894147,1.277120420833333,-0.07979320592650385,,0.008333333333333333,0.06,0.09416666666666666,0.3229437347330933,False,table_local_non_descriptor,uptake_or_loading,,,,,,,
ARC-MOF::ARC-MOF adsorption task table::methane_purification_co2.csv,mmol/g,ridge,random,6,48000,12000,5,0,1.1301342783033967,0.7800183195676696,0.5155502035433095,0.7294931963834496,0.016666666666666666,0.15666666666666668,0.32083333333333336,0.6151862183130625,False,table_local_non_descriptor,uptake_or_loading,,,,,,,
ARC-MOF::ARC-MOF adsorption task table::methane_purification_co2.csv,mmol/g,hgb,random,6,48000,12000,5,0,1.1059570309453357,0.7525325302652742,0.5360563979192092,0.7465008578556888,0.016666666666666666,0.21833333333333332,0.3358333333333333,0.649523519528977,False,table_local_non_descriptor,uptake_or_loading,,,,,,,
ARC-MOF::ARC-MOF adsorption task table::methane_purification_co2.csv,mmol/g,randomforest,random,6,48000,12000,5,0,1.2334788173170206,0.8375194206629357,0.4228986721249045,0.7142991642786616,0.008333333333333333,0.13833333333333334,0.24833333333333332,0.5787871659803777,False,table_local_non_descriptor,uptake_or_loading,,,,,,,
ARC-MOF::ARC-MOF adsorption task table::methane_purification_co2.csv,mmol/g,extratrees,random,6,48000,12000,5,0,1.4027524823603255,0.9428832132329488,0.2536358444968846,0.6839014859688559,0.025,0.1,0.24166666666666667,0.5586487826761253,False,table_local_non_descriptor,uptake_or_loading,,,,,,,
ARC-MOF::ARC-MOF adsorption task table::methane_purification_co2.csv,mmol/g,dummy,random,7,48000,12000,5,0,1.6425890979186042,1.2612769735833333,-0.0719579116152167,,0.008333333333333333,0.04,0.09916666666666667,0.32148047226127335,False,table_local_non_descriptor,uptake_or_loading,,,,,,,
ARC-MOF::ARC-MOF adsorption task table::methane_purification_co2.csv,mmol/g,ridge,random,7,48000,12000,5,0,1.08907727605155,0.7742321337125653,0.5287653087282485,0.7274714428470015,0.0,0.14166666666666666,0.31083333333333335,0.6249622439877206,False,table_local_non_descriptor,uptake_or_loading,,,,,,,
ARC-MOF::ARC-MOF adsorption task table::methane_purification_co2.csv,mmol/g,hgb,random,7,48000,12000,5,0,1.0589770237666758,0.7441804851175987,0.5544536021372242,0.7507675518218868,0.041666666666666664,0.175,0.31333333333333335,0.661959474207055,False,table_local_non_descriptor,uptake_or_loading,,,,,,,
ARC-MOF::ARC-MOF adsorption task table::methane_purification_co2.csv,mmol/g,randomforest,random,7,48000,12000,5,0,1.1943541391643444,0.8353508984659175,0.43325708466521207,0.7128603464877649,0.06666666666666667,0.13666666666666666,0.2525,0.5981145302333344,False,table_local_non_descriptor,uptake_or_loading,,,,,,,
ARC-MOF::ARC-MOF adsorption task table::methane_purification_co2.csv,mmol/g,extratrees,random,7,48000,12000,5,0,1.379974051336511,0.9478084131800667,0.24340807446247892,0.6788148123039629,0.05,0.12,0.22083333333333333,0.5682739902978987,False,table_local_non_descriptor,uptake_or_loading,,,,,,,
ARC-MOF::ARC-MOF adsorption task table::methane_purification_co2.csv,mmol/g,dummy,random,8,48000,12000,5,0,1.6720765036003602,1.2711256916666667,-0.07664677794140129,,0.008333333333333333,0.06666666666666667,0.10083333333333333,0.32285118173718225,False,table_local_non_descriptor,uptake_or_loading,,,,,,,
ARC-MOF::ARC-MOF adsorption task table::methane_purification_co2.csv,mmol/g,ridge,random,8,48000,12000,5,0,1.109919806030852,0.7688662052153395,0.5256005691517802,0.7313806620766828,0.03333333333333333,0.16833333333333333,0.32166666666666666,0.6208171552687826,False,table_local_non_descriptor,uptake_or_loading,,,,,,,
ARC-MOF::ARC-MOF adsorption task table::methane_purification_co2.csv,mmol/g,hgb,random,8,48000,12000,5,0,1.0808329054423322,0.7421252068694597,0.5501392810263623,0.7503876705414289,0.041666666666666664,0.23,0.3333333333333333,0.6669242511193734,False,table_local_non_descriptor,uptake_or_loading,,,,,,,
ARC-MOF::ARC-MOF adsorption task table::methane_purification_co2.csv,mmol/g,randomforest,random,8,48000,12000,5,0,1.2087295080448366,0.8269042032116801,0.4373747671825655,0.717518513968359,0.016666666666666666,0.16333333333333333,0.25416666666666665,0.5927230444239221,False,table_local_non_descriptor,uptake_or_loading,,,,,,,
ARC-MOF::ARC-MOF adsorption task table::methane_purification_co2.csv,mmol/g,extratrees,random,8,48000,12000,5,0,1.3827828944755973,0.9365863603091501,0.2636760040717774,0.6825122343682596,0.03333333333333333,0.13,0.2425,0.5718100155863969,False,table_local_non_descriptor,uptake_or_loading,,,,,,,
ARC-MOF::ARC-MOF adsorption task table::methane_purification_co2.csv,mmol/g,dummy,random,9,48000,12000,5,0,1.6495345458015047,1.2623171219166667,-0.06872223555124557,,0.016666666666666666,0.05333333333333334,0.10166666666666667,0.32858483908536174,False,table_local_non_descriptor,uptake_or_loading,,,,,,,
ARC-MOF::ARC-MOF adsorption task table::methane_purification_co2.csv,mmol/g,ridge,random,9,48000,12000,5,0,1.0912056559880847,0.7627497048729438,0.5323130719582334,0.734605705865814,0.008333333333333333,0.165,0.33416666666666667,0.6216284646928434,False,table_local_non_descriptor,uptake_or_loading,,,,,,,
ARC-MOF::ARC-MOF adsorption task table::methane_purification_co2.csv,mmol/g,hgb,random,9,48000,12000,5,0,1.0660033729923388,0.7373710003112864,0.5536668206846782,0.7545731619069046,0.05,0.205,0.3491666666666667,0.6626467672203961,False,table_local_non_descriptor,uptake_or_loading,,,,,,,
ARC-MOF::ARC-MOF adsorption task table::methane_purification_co2.csv,mmol/g,randomforest,random,9,48000,12000,5,0,1.1843119935028705,0.8124257317056782,0.44909810091841706,0.721722768585981,0.06666666666666667,0.18,0.2816666666666667,0.6095430617239093,False,table_local_non_descriptor,uptake_or_loading,,,,,,,
ARC-MOF::ARC-MOF adsorption task table::methane_purification_co2.csv,mmol/g,extratrees,random,9,48000,12000,5,0,1.3662461139919118,0.9225228141352673,0.2668380897594147,0.6894611996203666,0.041666666666666664,0.14166666666666666,0.25666666666666665,0.5817460744533739,False,table_local_non_descriptor,uptake_or_loading,,,,,,,
ARC-MOF::ARC-MOF adsorption task table::methane_purification_co2.csv,S(g1),dummy,random,0,48000,12000,5,0,1431.509199547886,22.315398797999993,-0.00020763024265479935,,0.008333333333333333,0.04666666666666667,0.10166666666666667,0.006921845884774072,False,table_local_non_descriptor,selectivity,,,,,,,
ARC-MOF::ARC-MOF adsorption task table::methane_purification_co2.csv,S(g1),ridge,random,0,48000,12000,5,0,1431.2993651458432,34.748377800088385,8.55744225237709e-05,0.058158975804090185,0.13333333333333333,0.24,0.2575,0.04904401397384104,False,table_local_non_descriptor,selectivity,,,,,,,
ARC-MOF::ARC-MOF adsorption task table::methane_purification_co2.csv,S(g1),hgb,random,0,48000,12000,5,0,1432.523213244472,33.2370393901256,-0.0016251320668232427,0.345520343639906,0.08333333333333333,0.30333333333333334,0.41583333333333333,0.10338735643013698,False,table_local_non_descriptor,selectivity,,,,,,,
ARC-MOF::ARC-MOF adsorption task table::methane_purification_co2.csv,S(g1),randomforest,random,0,48000,12000,5,0,1539.1143081309274,40.20783711326286,-0.15622838703605324,0.30807160945442197,0.075,0.2783333333333333,0.36666666666666664,0.13366322449996956,False,table_local_non_descriptor,selectivity,,,,,,,
ARC-MOF::ARC-MOF adsorption task table::methane_purification_co2.csv,S(g1),extratrees,random,0,48000,12000,5,0,1739.7021432340869,45.128798558354035,-0.47724209142325114,0.2595421439037205,0.075,0.21333333333333335,0.285,0.10968399223234523,False,table_local_non_descriptor,selectivity,,,,,,,
ARC-MOF::ARC-MOF adsorption task table::methane_purification_co2.csv,S(g1),dummy,random,1,48000,12000,5,0,2014.522912853029,29.916696057000003,-0.0001966327457361139,,0.016666666666666666,0.065,0.10916666666666666,0.10209179887363648,False,table_local_non_descriptor,selectivity,,,,,,,
ARC-MOF::ARC-MOF adsorption task table::methane_purification_co2.csv,S(g1),ridge,random,1,48000,12000,5,0,2014.35258916639,40.21170177062093,-2.7510840896693978e-05,0.3537208544790355,0.13333333333333333,0.295,0.3975,0.017213469886959168,False,table_local_non_descriptor,selectivity,,,,,,,
ARC-MOF::ARC-MOF adsorption task table::methane_purification_co2.csv,S(g1),hgb,random,1,48000,12000,5,0,2014.6043947341632,39.54015900871303,-0.000277544758007231,0.3715862984862424,0.11666666666666667,0.33,0.4125,0.15276349281537907,False,table_local_non_descriptor,selectivity,,,,,,,
ARC-MOF::ARC-MOF adsorption task table::methane_purification_co2.csv,S(g1),randomforest,random,1,48000,12000,5,0,2044.9235171110931,38.93165753421837,-0.030611785085312926,0.3003515182916721,0.10833333333333334,0.27166666666666667,0.365,0.2024941457270685,False,table_local_non_descriptor,selectivity,,,,,,,
ARC-MOF::ARC-MOF adsorption task table::methane_purification_co2.csv,S(g1),extratrees,random,1,48000,12000,5,0,2232.7489529310246,46.965335513191626,-0.22862897787216618,0.25456071316842616,0.08333333333333333,0.19166666666666668,0.305,0.18368838659686457,False,table_local_non_descriptor,selectivity,,,,,,,
ARC-MOF::ARC-MOF adsorption task table::methane_purification_co2.csv,S(g1),dummy,random,2,48000,12000,5,0,2722.266178125183,58.64712771075,-0.0004378845506873841,,0.008333333333333333,0.05333333333333334,0.105,0.01899757473594039,False,table_local_non_descriptor,selectivity,,,,,,,
ARC-MOF::ARC-MOF adsorption task table::methane_purification_co2.csv,S(g1),ridge,random,2,48000,12000,5,0,2722.1103807763593,61.194667606895855,-0.0003233761964518411,0.2584343812058892,0.1,0.30333333333333334,0.4483333333333333,0.2196341229550627,False,table_local_non_descriptor,selectivity,,,,,,,
ARC-MOF::ARC-MOF adsorption task table::methane_purification_co2.csv,S(g1),hgb,random,2,48000,12000,5,0,2721.767154714212,60.68370069795657,-7.1134104925763e-05,0.3959434215561046,0.06666666666666667,0.32666666666666666,0.42333333333333334,0.1785464063686058,False,table_local_non_descriptor,selectivity,,,,,,,
ARC-MOF::ARC-MOF adsorption task table::methane_purification_co2.csv,S(g1),randomforest,random,2,48000,12000,5,0,2722.8058632146713,62.871160951635936,-0.0008345944190206733,0.3134630481658143,0.13333333333333333,0.27166666666666667,0.36083333333333334,0.1978611490206099,False,table_local_non_descriptor,selectivity,,,,,,,
ARC-MOF::ARC-MOF adsorption task table::methane_purification_co2.csv,S(g1),extratrees,random,2,48000,12000,5,0,2731.734232175644,64.90740387621017,-0.007409041315892484,0.2605787823156099,0.09166666666666666,0.20666666666666667,0.2975,0.13918236628418865,False,table_local_non_descriptor,selectivity,,,,,,,
ARC-MOF::ARC-MOF adsorption task table::methane_purification_co2.csv,S(g1),dummy,random,3,48000,12000,5,0,1415.9453397467264,21.03913464525,-0.00018712251606189945,,0.008333333333333333,0.05333333333333334,0.1075,0.004729613280737722,False,table_local_non_descriptor,selectivity,,,,,,,
ARC-MOF::ARC-MOF adsorption task table::methane_purification_co2.csv,S(g1),ridge,random,3,48000,12000,5,0,1415.755483886648,33.657869015690736,8.107802860557456e-05,0.013884972353234116,0.18333333333333332,0.22666666666666666,0.23,0.04071547346406618,False,table_local_non_descriptor,selectivity,,,,,,,
ARC-MOF::ARC-MOF adsorption task table::methane_purification_co2.csv,S(g1),hgb,random,3,48000,12000,5,0,1417.3295643374256,32.013201349164866,-0.002143639205296033,0.3141920739790704,0.15833333333333333,0.345,0.43,0.11584033516712812,False,table_local_non_descriptor,selectivity,,,,,,,
ARC-MOF::ARC-MOF adsorption task table::methane_purification_co2.csv,S(g1),randomforest,random,3,48000,12000,5,0,1439.5792106501237,30.488562921653322,-0.03385448067208818,0.30756600824728114,0.13333333333333333,0.2733333333333333,0.37416666666666665,0.12098493832599937,False,table_local_non_descriptor,selectivity,,,,,,,
ARC-MOF::ARC-MOF adsorption task table::methane_purification_co2.csv,S(g1),extratrees,random,3,48000,12000,5,0,1700.5810424969318,43.10254260917901,-0.44272297730815624,0.2635930895600488,0.125,0.20333333333333334,0.29333333333333333,0.10131826405456444,False,table_local_non_descriptor,selectivity,,,,,,,
ARC-MOF::ARC-MOF adsorption task table::methane_purification_co2.csv,S(g1),dummy,random,4,48000,12000,5,0,2202.342185465129,32.64480915675001,-0.00019771262015932933,,0.008333333333333333,0.058333333333333334,0.0975,0.003399639343673675,False,table_local_non_descriptor,selectivity,,,,,,,
ARC-MOF::ARC-MOF adsorption task table::methane_purification_co2.csv,S(g1),ridge,random,4,48000,12000,5,0,2202.120614325168,42.66503896463352,3.5311291742834428e-06,0.2904246353653572,0.10833333333333334,0.2833333333333333,0.3725,0.11414987328152441,False,table_local_non_descriptor,selectivity,,,,,,,
ARC-MOF::ARC-MOF adsorption task table::methane_purification_co2.csv,S(g1),hgb,random,4,48000,12000,5,0,2202.3833012605205,40.667796069660625,-0.00023505859541095298,0.39847041820890444,0.1,0.31833333333333336,0.4241666666666667,0.14378583315422516,False,table_local_non_descriptor,selectivity,,,,,,,
ARC-MOF::ARC-MOF adsorption task table::methane_purification_co2.csv,S(g1),randomforest,random,4,48000,12000,5,0,2240.012100836337,43.19732834403444,-0.03470605493943735,0.2977328608153743,0.11666666666666667,0.2783333333333333,0.37083333333333335,0.2036395687009705,False,table_local_non_descriptor,selectivity,,,,,,,
ARC-MOF::ARC-MOF adsorption task table::methane_purification_co2.csv,S(g1),extratrees,random,4,48000,12000,5,0,2635.8788743143514,53.24357305371068,-0.4327392559341363,0.24838812119729445,0.06666666666666667,0.22666666666666666,0.30333333333333334,0.13033868909602284,False,table_local_non_descriptor,selectivity,,,,,,,
ARC-MOF::ARC-MOF adsorption task table::methane_purification_co2.csv,S(g1),dummy,random,5,48000,12000,5,0,1414.8294760633,19.761079015500002,-0.00016438200373691814,,0.0,0.04833333333333333,0.1,0.0059087470896832354,False,table_local_non_descriptor,selectivity,,,,,,,
ARC-MOF::ARC-MOF adsorption task table::methane_purification_co2.csv,S(g1),ridge,random,5,48000,12000,5,0,1414.6605455927877,32.90235721196936,7.444275317258775e-05,0.03250869527386972,0.125,0.25333333333333335,0.23166666666666666,0.033889931059387715,False,table_local_non_descriptor,selectivity,,,,,,,
ARC-MOF::ARC-MOF adsorption task table::methane_purification_co2.csv,S(g1),hgb,random,5,48000,12000,5,0,1416.0382447705015,30.570835257151348,-0.0018741058567457447,0.3426459962180206,0.058333333333333334,0.31666666666666665,0.3933333333333333,0.10973657579179733,False,table_local_non_descriptor,selectivity,,,,,,,
ARC-MOF::ARC-MOF adsorption task table::methane_purification_co2.csv,S(g1),randomforest,random,5,48000,12000,5,0,1637.5809125005155,42.021259850913516,-0.3398886896692974,0.3057318256902901,0.09166666666666666,0.2733333333333333,0.35333333333333333,0.13180978369361843,False,table_local_non_descriptor,selectivity,,,,,,,
ARC-MOF::ARC-MOF adsorption task table::methane_purification_co2.csv,S(g1),extratrees,random,5,48000,12000,5,0,1492.6188014969598,27.869116471778796,-0.11316873912267167,0.26341777511282183,0.06666666666666667,0.225,0.2991666666666667,0.09709779416037644,False,table_local_non_descriptor,selectivity,,,,,,,
ARC-MOF::ARC-MOF adsorption task table::methane_purification_co2.csv,S(g1),dummy,random,6,48000,12000,5,0,1883.514086358842,36.3281526525,-0.00033886842324437616,,0.008333333333333333,0.056666666666666664,0.09583333333333334,0.003170162639421026,False,table_local_non_descriptor,selectivity,,,,,,,
ARC-MOF::ARC-MOF adsorption task table::methane_purification_co2.csv,S(g1),ridge,random,6,48000,12000,5,0,1883.2944891804768,44.828851730912014,-0.0001056248400390647,-0.10097761763454437,0.2,0.22833333333333333,0.20916666666666667,0.09446345527049584,False,table_local_non_descriptor,selectivity,,,,,,,
ARC-MOF::ARC-MOF adsorption task table::methane_purification_co2.csv,S(g1),hgb,random,6,48000,12000,5,0,1883.7333207264692,42.880249372674974,-0.000571753777482753,0.34020925997975165,0.10833333333333334,0.32,0.43083333333333335,0.163217474827947,False,table_local_non_descriptor,selectivity,,,,,,,
ARC-MOF::ARC-MOF adsorption task table::methane_purification_co2.csv,S(g1),randomforest,random,6,48000,12000,5,0,1979.491269969685,48.249448911495946,-0.1048837345185587,0.29979711385510216,0.11666666666666667,0.27666666666666667,0.3675,0.10793297533169713,False,table_local_non_descriptor,selectivity,,,,,,,
ARC-MOF::ARC-MOF adsorption task table::methane_purification_co2.csv,S(g1),extratrees,random,6,48000,12000,5,0,3062.218090444246,74.17487482372613,-1.6441228806754191,0.2564074067211695,0.075,0.22,0.295,0.037498068809287764,False,table_local_non_descriptor,selectivity,,,,,,,
ARC-MOF::ARC-MOF adsorption task table::methane_purification_co2.csv,S(g1),dummy,random,7,48000,12000,5,0,1379.9641681851786,17.791259714999995,-0.00013630436735323492,,0.008333333333333333,0.05333333333333334,0.09916666666666667,0.0048236089048405055,False,table_local_non_descriptor,selectivity,,,,,,,
ARC-MOF::ARC-MOF adsorption task table::methane_purification_co2.csv,S(g1),ridge,random,7,48000,12000,5,0,1379.828226376564,31.495182356298038,6.073501150727356e-05,0.004451745242460158,0.2,0.24666666666666667,0.225,0.02752154609295102,False,table_local_non_descriptor,selectivity,,,,,,,
ARC-MOF::ARC-MOF adsorption task table::methane_purification_co2.csv,S(g1),hgb,random,7,48000,12000,5,0,1381.2203258359852,29.541393452116658,-0.0019579468517609833,0.3614668617262435,0.11666666666666667,0.32,0.41583333333333333,0.1310782970126385,False,table_local_non_descriptor,selectivity,,,,,,,
ARC-MOF::ARC-MOF adsorption task table::methane_purification_co2.csv,S(g1),randomforest,random,7,48000,12000,5,0,1390.1911688421847,24.478541504461628,-0.015015380961337588,0.30174309431212565,0.06666666666666667,0.28833333333333333,0.37166666666666665,0.13695834953234676,False,table_local_non_descriptor,selectivity,,,,,,,
ARC-MOF::ARC-MOF adsorption task table::methane_purification_co2.csv,S(g1),extratrees,random,7,48000,12000,5,0,1397.0837821910159,23.15116484988734,-0.025105291167900612,0.2513213870810456,0.10833333333333334,0.22166666666666668,0.305,0.11395922090853979,False,table_local_non_descriptor,selectivity,,,,,,,
ARC-MOF::ARC-MOF adsorption task table::methane_purification_co2.csv,S(g1),dummy,random,8,48000,12000,5,0,629.0324047735877,11.40521655225,-0.00023911694404366024,,0.008333333333333333,0.043333333333333335,0.09916666666666667,0.009388148638274854,False,table_local_non_descriptor,selectivity,,,,,,,
ARC-MOF::ARC-MOF adsorption task table::methane_purification_co2.csv,S(g1),ridge,random,8,48000,12000,5,0,628.9736601468865,26.810631599633012,-5.230326198879531e-05,0.29786732389104825,0.13333333333333333,0.31166666666666665,0.39916666666666667,0.03210598767991599,False,table_local_non_descriptor,selectivity,,,,,,,
ARC-MOF::ARC-MOF adsorption task table::methane_purification_co2.csv,S(g1),hgb,random,8,48000,12000,5,0,632.0751654625044,25.57130384437966,-0.009939250783109532,0.23803667583123386,0.09166666666666666,0.31,0.43,0.14628232768147156,False,table_local_non_descriptor,selectivity,,,,,,,
ARC-MOF::ARC-MOF adsorption task table::methane_purification_co2.csv,S(g1),randomforest,random,8,48000,12000,5,0,1186.9957424993343,40.72849080573984,-2.5616900217412564,0.30879015934694426,0.09166666666666666,0.28,0.37416666666666665,0.03286330999855539,False,table_local_non_descriptor,selectivity,,,,,,,
ARC-MOF::ARC-MOF adsorption task table::methane_purification_co2.csv,S(g1),extratrees,random,8,48000,12000,5,0,2127.476871580917,43.88221057171586,-10.441619266383086,0.2552847641589596,0.041666666666666664,0.20833333333333334,0.3016666666666667,0.027467499433024158,False,table_local_non_descriptor,selectivity,,,,,,,
ARC-MOF::ARC-MOF adsorption task table::methane_purification_co2.csv,S(g1),dummy,random,9,48000,12000,5,0,2016.8431143031055,29.105865235500005,-0.00018454724381378185,,0.016666666666666666,0.043333333333333335,0.08916666666666667,0.0033422700850804566,False,table_local_non_descriptor,selectivity,,,,,,,
ARC-MOF::ARC-MOF adsorption task table::methane_purification_co2.csv,S(g1),ridge,random,9,48000,12000,5,0,2016.6903556802627,39.74117719973221,-3.3042124952809004e-05,0.35838358881996796,0.10833333333333334,0.28833333333333333,0.37333333333333335,0.010668312601925667,False,table_local_non_descriptor,selectivity,,,,,,,
ARC-MOF::ARC-MOF adsorption task table::methane_purification_co2.csv,S(g1),hgb,random,9,48000,12000,5,0,2017.0602085713003,37.71340915133308,-0.0003998798267421666,0.32695491438129115,0.1,0.3233333333333333,0.41583333333333333,0.13727326978088836,False,table_local_non_descriptor,selectivity,,,,,,,
ARC-MOF::ARC-MOF adsorption task table::methane_purification_co2.csv,S(g1),randomforest,random,9,48000,12000,5,0,2145.2272540761287,46.547336337392046,-0.13157284954654114,0.2967736024306051,0.1,0.29,0.3575,0.20384883310185925,False,table_local_non_descriptor,selectivity,,,,,,,
ARC-MOF::ARC-MOF adsorption task table::methane_purification_co2.csv,S(g1),extratrees,random,9,48000,12000,5,0,2583.904287658202,58.26509216613335,-0.641680925398139,0.2488485678983203,0.06666666666666667,0.21166666666666667,0.29583333333333334,0.133112263629475,False,table_local_non_descriptor,selectivity,,,,,,,
ARC-MOF::ARC-MOF adsorption task table::methane_purification_co2.csv,molc/uc,dummy,random,0,48000,12000,5,0,3.6986009988110253,2.005236967833334,-0.08136775568870958,,0.0,0.043333333333333335,0.08833333333333333,0.2052631093626718,False,table_local_non_descriptor,uptake_or_loading,,,,,,,
ARC-MOF::ARC-MOF adsorption task table::methane_purification_co2.csv,molc/uc,ridge,random,0,48000,12000,5,0,3.0713344708816037,1.4857297749949963,0.25431968490364854,0.6952825938537119,0.0,0.07333333333333333,0.17666666666666667,0.3616971085905141,False,table_local_non_descriptor,uptake_or_loading,,,,,,,
ARC-MOF::ARC-MOF adsorption task table::methane_purification_co2.csv,molc/uc,hgb,random,0,48000,12000,5,0,3.0710871252673426,1.4847445540071216,0.25443978470423334,0.7107155328925248,0.03333333333333333,0.08333333333333333,0.19583333333333333,0.3690640709569223,False,table_local_non_descriptor,uptake_or_loading,,,,,,,
ARC-MOF::ARC-MOF adsorption task table::methane_purification_co2.csv,molc/uc,randomforest,random,0,48000,12000,5,0,3.3609256406202954,1.668579547697477,0.10707237683710558,0.685625416162815,0.025,0.095,0.2,0.3684434601355809,False,table_local_non_descriptor,uptake_or_loading,,,,,,,
ARC-MOF::ARC-MOF adsorption task table::methane_purification_co2.csv,molc/uc,extratrees,random,0,48000,12000,5,0,3.884965556729804,1.8847421410829772,-0.19308887455867185,0.6559795990885969,0.008333333333333333,0.08666666666666667,0.19833333333333333,0.365009934434904,False,table_local_non_descriptor,uptake_or_loading,,,,,,,
ARC-MOF::ARC-MOF adsorption task table::methane_purification_co2.csv,molc/uc,dummy,random,1,48000,12000,5,0,3.479666392910462,1.9513091011666668,-0.08458084309603553,,0.025,0.065,0.11,0.22856804404547224,False,table_local_non_descriptor,uptake_or_loading,,,,,,,
ARC-MOF::ARC-MOF adsorption task table::methane_purification_co2.csv,molc/uc,ridge,random,1,48000,12000,5,0,2.852650859528366,1.445158087136824,0.27107314004172756,0.6912116291236041,0.0,0.06,0.16333333333333333,0.3597305975538827,False,table_local_non_descriptor,uptake_or_loading,,,,,,,
ARC-MOF::ARC-MOF adsorption task table::methane_purification_co2.csv,molc/uc,hgb,random,1,48000,12000,5,0,2.8508826536904777,1.4440191724736129,0.27197650560222164,0.7063997940938685,0.016666666666666666,0.10166666666666667,0.2025,0.3925070235046573,False,table_local_non_descriptor,uptake_or_loading,,,,,,,
ARC-MOF::ARC-MOF adsorption task table::methane_purification_co2.csv,molc/uc,randomforest,random,1,48000,12000,5,0,3.20633827333788,1.6568174767622164,0.07911501872870264,0.679365063134755,0.016666666666666666,0.085,0.1775,0.3601966404890129,False,table_local_non_descriptor,uptake_or_loading,,,,,,,
ARC-MOF::ARC-MOF adsorption task table::methane_purification_co2.csv,molc/uc,extratrees,random,1,48000,12000,5,0,3.76624956210448,1.8726750812622024,-0.2705884413948747,0.654136370881354,0.016666666666666666,0.09833333333333333,0.1875,0.36798792495354665,False,table_local_non_descriptor,uptake_or_loading,,,,,,,
ARC-MOF::ARC-MOF adsorption task table::methane_purification_co2.csv,molc/uc,dummy,random,2,48000,12000,5,0,3.5042920505874346,1.96854928025,-0.08983461436476214,,0.016666666666666666,0.06333333333333334,0.10833333333333334,0.2380914583759607,False,table_local_non_descriptor,uptake_or_loading,,,,,,,
ARC-MOF::ARC-MOF adsorption task table::methane_purification_co2.csv,molc/uc,ridge,random,2,48000,12000,5,0,2.871997001091887,1.4449868320600283,0.26797152533332436,0.6971986446546148,0.0,0.065,0.16333333333333333,0.35241429983117073,False,table_local_non_descriptor,uptake_or_loading,,,,,,,
ARC-MOF::ARC-MOF adsorption task table::methane_purification_co2.csv,molc/uc,hgb,random,2,48000,12000,5,0,2.8688390555341106,1.441270850217772,0.26958046512960787,0.7120088998228454,0.016666666666666666,0.105,0.17666666666666667,0.38310029128911377,False,table_local_non_descriptor,uptake_or_loading,,,,,,,
ARC-MOF::ARC-MOF adsorption task table::methane_purification_co2.csv,molc/uc,randomforest,random,2,48000,12000,5,0,3.2356923733912506,1.6525371627670975,0.07083153670565168,0.6851241101057536,0.016666666666666666,0.09333333333333334,0.18333333333333332,0.3682880934359119,False,table_local_non_descriptor,uptake_or_loading,,,,,,,
ARC-MOF::ARC-MOF adsorption task table::methane_purification_co2.csv,molc/uc,extratrees,random,2,48000,12000,5,0,3.8836277764242415,1.8851063596813635,-0.3385518779408401,0.6546492665267925,0.008333333333333333,0.08,0.17166666666666666,0.35418636639578005,False,table_local_non_descriptor,uptake_or_loading,,,,,,,
ARC-MOF::ARC-MOF adsorption task table::methane_purification_co2.csv,molc/uc,dummy,random,3,48000,12000,5,0,3.502049472360924,2.0007649656666664,-0.09290211053418962,,0.008333333333333333,0.04833333333333333,0.0975,0.21963986116966078,False,table_local_non_descriptor,uptake_or_loading,,,,,,,
ARC-MOF::ARC-MOF adsorption task table::methane_purification_co2.csv,molc/uc,ridge,random,3,48000,12000,5,0,2.8287962357335386,1.4420365280789933,0.2869170678382641,0.6954195294384111,0.0,0.058333333333333334,0.16916666666666666,0.36032013214739766,False,table_local_non_descriptor,uptake_or_loading,,,,,,,
ARC-MOF::ARC-MOF adsorption task table::methane_purification_co2.csv,molc/uc,hgb,random,3,48000,12000,5,0,2.831244336186373,1.4408857825898798,0.28568229948736645,0.7099197732179093,0.025,0.09,0.18583333333333332,0.3798890684301539,False,table_local_non_descriptor,uptake_or_loading,,,,,,,
ARC-MOF::ARC-MOF adsorption task table::methane_purification_co2.csv,molc/uc,randomforest,random,3,48000,12000,5,0,3.195745356040862,1.6636199756747616,0.08991691248448042,0.6888250482453042,0.008333333333333333,0.08166666666666667,0.19083333333333333,0.379703544605569,False,table_local_non_descriptor,uptake_or_loading,,,,,,,
ARC-MOF::ARC-MOF adsorption task table::methane_purification_co2.csv,molc/uc,extratrees,random,3,48000,12000,5,0,3.8413400614578688,1.882206456066744,-0.31492875262402986,0.662284749342024,0.016666666666666666,0.09333333333333334,0.18,0.3633978558946089,False,table_local_non_descriptor,uptake_or_loading,,,,,,,
ARC-MOF::ARC-MOF adsorption task table::methane_purification_co2.csv,molc/uc,dummy,random,4,48000,12000,5,0,3.6812737718785558,1.9816406455833335,-0.0750923947964528,,0.0,0.043333333333333335,0.09083333333333334,0.20723306420637758,False,table_local_non_descriptor,uptake_or_loading,,,,,,,
ARC-MOF::ARC-MOF adsorption task table::methane_purification_co2.csv,molc/uc,ridge,random,4,48000,12000,5,0,3.075704070168702,1.4574017338175709,0.24952081523917646,0.6914106566734793,0.0,0.06833333333333333,0.16333333333333333,0.3460768836413441,False,table_local_non_descriptor,uptake_or_loading,,,,,,,
ARC-MOF::ARC-MOF adsorption task table::methane_purification_co2.csv,molc/uc,hgb,random,4,48000,12000,5,0,3.075455995242535,1.4561849976735102,0.24964187211331368,0.7078147153055889,0.025,0.075,0.175,0.3609652488034276,False,table_local_non_descriptor,uptake_or_loading,,,,,,,
ARC-MOF::ARC-MOF adsorption task table::methane_purification_co2.csv,molc/uc,randomforest,random,4,48000,12000,5,0,3.390542819166766,1.6560102942815271,0.08801431101021784,0.6839992847561381,0.025,0.10833333333333334,0.19166666666666668,0.3584117010115404,False,table_local_non_descriptor,uptake_or_loading,,,,,,,
ARC-MOF::ARC-MOF adsorption task table::methane_purification_co2.csv,molc/uc,extratrees,random,4,48000,12000,5,0,4.046057327037943,1.88005841142633,-0.29871429281839457,0.6527987831355571,0.016666666666666666,0.09,0.18833333333333332,0.3482722002056951,False,table_local_non_descriptor,uptake_or_loading,,,,,,,
ARC-MOF::ARC-MOF adsorption task table::methane_purification_co2.csv,molc/uc,dummy,random,5,48000,12000,5,0,3.481390527199243,1.9918386110000004,-0.09676059369026957,,0.0,0.06,0.09333333333333334,0.23170653088189466,False,table_local_non_descriptor,uptake_or_loading,,,,,,,
ARC-MOF::ARC-MOF adsorption task table::methane_purification_co2.csv,molc/uc,ridge,random,5,48000,12000,5,0,2.818785835932836,1.4642189642382042,0.2809973144364005,0.6944093977233489,0.0,0.06666666666666667,0.16666666666666666,0.358652060946052,False,table_local_non_descriptor,uptake_or_loading,,,,,,,
ARC-MOF::ARC-MOF adsorption task table::methane_purification_co2.csv,molc/uc,hgb,random,5,48000,12000,5,0,2.818904251245677,1.467667512953861,0.28093690352102274,0.706146952905268,0.03333333333333333,0.10333333333333333,0.17666666666666667,0.3881387662183931,False,table_local_non_descriptor,uptake_or_loading,,,,,,,
ARC-MOF::ARC-MOF adsorption task table::methane_purification_co2.csv,molc/uc,randomforest,random,5,48000,12000,5,0,3.13437216684356,1.663678811682443,0.11098830186180708,0.6890069821979001,0.0,0.08166666666666667,0.1875,0.3682520293385797,False,table_local_non_descriptor,uptake_or_loading,,,,,,,
ARC-MOF::ARC-MOF adsorption task table::methane_purification_co2.csv,molc/uc,extratrees,random,5,48000,12000,5,0,3.653347827893359,1.8649408444172781,-0.20778156481445587,0.6574828809300632,0.0,0.09333333333333334,0.20166666666666666,0.3792299254572656,False,table_local_non_descriptor,uptake_or_loading,,,,,,,
ARC-MOF::ARC-MOF adsorption task table::methane_purification_co2.csv,molc/uc,dummy,random,6,48000,12000,5,0,3.5999096124855434,1.9903383295833335,-0.08695615664029899,,0.0,0.045,0.10583333333333333,0.21890459183285463,False,table_local_non_descriptor,uptake_or_loading,,,,,,,
ARC-MOF::ARC-MOF adsorption task table::methane_purification_co2.csv,molc/uc,ridge,random,6,48000,12000,5,0,2.971926969746847,1.4768293854087582,0.25919296142537895,0.6889073359194692,0.008333333333333333,0.051666666666666666,0.16083333333333333,0.3529203972841729,False,table_local_non_descriptor,uptake_or_loading,,,,,,,
ARC-MOF::ARC-MOF adsorption task table::methane_purification_co2.csv,molc/uc,hgb,random,6,48000,12000,5,0,2.969331834432489,1.4750302302302936,0.26048616623804344,0.7022325712095505,0.03333333333333333,0.095,0.18583333333333332,0.38397529188360463,False,table_local_non_descriptor,uptake_or_loading,,,,,,,
ARC-MOF::ARC-MOF adsorption task table::methane_purification_co2.csv,molc/uc,randomforest,random,6,48000,12000,5,0,3.27916378487066,1.676895586476098,0.09810692623942263,0.6760422766005724,0.016666666666666666,0.08333333333333333,0.1625,0.36138581386137897,False,table_local_non_descriptor,uptake_or_loading,,,,,,,
ARC-MOF::ARC-MOF adsorption task table::methane_purification_co2.csv,molc/uc,extratrees,random,6,48000,12000,5,0,3.740937219948255,1.8769408227258715,-0.1737880227260986,0.6510924146994943,0.016666666666666666,0.085,0.1675,0.35755647049893124,False,table_local_non_descriptor,uptake_or_loading,,,,,,,
ARC-MOF::ARC-MOF adsorption task table::methane_purification_co2.csv,molc/uc,dummy,random,7,48000,12000,5,0,3.3511547949214533,1.9277745074166666,-0.08668823508194912,,0.0,0.04666666666666667,0.09166666666666666,0.21894603043979935,False,table_local_non_descriptor,uptake_or_loading,,,,,,,
ARC-MOF::ARC-MOF adsorption task table::methane_purification_co2.csv,molc/uc,ridge,random,7,48000,12000,5,0,2.710657275129297,1.4233288771662422,0.28900719093563676,0.6926255762682696,0.0,0.07666666666666666,0.1625,0.3663631641503177,False,table_local_non_descriptor,uptake_or_loading,,,,,,,
ARC-MOF::ARC-MOF adsorption task table::methane_purification_co2.csv,molc/uc,hgb,random,7,48000,12000,5,0,2.7098462029272703,1.4216257183041825,0.2894326082206786,0.7116150491389202,0.025,0.09,0.17916666666666667,0.3851242231328203,False,table_local_non_descriptor,uptake_or_loading,,,,,,,
ARC-MOF::ARC-MOF adsorption task table::methane_purification_co2.csv,molc/uc,randomforest,random,7,48000,12000,5,0,3.0627736645971786,1.6320098247451493,0.09229276831150968,0.6802012653570736,0.008333333333333333,0.105,0.18,0.37170593196606244,False,table_local_non_descriptor,uptake_or_loading,,,,,,,
ARC-MOF::ARC-MOF adsorption task table::methane_purification_co2.csv,molc/uc,extratrees,random,7,48000,12000,5,0,3.6064934107153435,1.829302567784756,-0.2585957859183239,0.650857265472032,0.025,0.10166666666666667,0.16666666666666666,0.3665292082427022,False,table_local_non_descriptor,uptake_or_loading,,,,,,,
ARC-MOF::ARC-MOF adsorption task table::methane_purification_co2.csv,molc/uc,dummy,random,8,48000,12000,5,0,3.6599575008868843,1.9999722948333332,-0.08409734562690208,,0.016666666666666666,0.04666666666666667,0.09333333333333334,0.21045895066776713,False,table_local_non_descriptor,uptake_or_loading,,,,,,,
ARC-MOF::ARC-MOF adsorption task table::methane_purification_co2.csv,molc/uc,ridge,random,8,48000,12000,5,0,3.014632591030442,1.4668662014596048,0.26449610637774557,0.6909772662693799,0.0,0.056666666666666664,0.15666666666666668,0.344660143411069,False,table_local_non_descriptor,uptake_or_loading,,,,,,,
ARC-MOF::ARC-MOF adsorption task table::methane_purification_co2.csv,molc/uc,hgb,random,8,48000,12000,5,0,3.0105345657172133,1.4650063850698565,0.2664944029019176,0.7069481140521602,0.016666666666666666,0.09166666666666666,0.19166666666666668,0.38812785289987034,False,table_local_non_descriptor,uptake_or_loading,,,,,,,
ARC-MOF::ARC-MOF adsorption task table::methane_purification_co2.csv,molc/uc,randomforest,random,8,48000,12000,5,0,3.3249296713109486,1.6674277081137914,0.10529240636467319,0.685491637731076,0.03333333333333333,0.09666666666666666,0.20416666666666666,0.3723414467720514,False,table_local_non_descriptor,uptake_or_loading,,,,,,,
ARC-MOF::ARC-MOF adsorption task table::methane_purification_co2.csv,molc/uc,extratrees,random,8,48000,12000,5,0,3.855534892586485,1.8789074021808787,-0.2030549708498679,0.6536723103021705,0.025,0.085,0.2025,0.35730335866166807,False,table_local_non_descriptor,uptake_or_loading,,,,,,,
ARC-MOF::ARC-MOF adsorption task table::methane_purification_co2.csv,molc/uc,dummy,random,9,48000,12000,5,0,3.459859157528356,1.95399815425,-0.08347466411857529,,0.0,0.055,0.10916666666666666,0.2291176784920437,False,table_local_non_descriptor,uptake_or_loading,,,,,,,
ARC-MOF::ARC-MOF adsorption task table::methane_purification_co2.csv,molc/uc,ridge,random,9,48000,12000,5,0,2.8208787066553542,1.4428535630450758,0.2797707661245702,0.6973379435160469,0.0,0.055,0.1625,0.36550429965923287,False,table_local_non_descriptor,uptake_or_loading,,,,,,,
ARC-MOF::ARC-MOF adsorption task table::methane_purification_co2.csv,molc/uc,hgb,random,9,48000,12000,5,0,2.819010017581909,1.4409418911198222,0.2807246807373711,0.7075941017849394,0.05,0.10666666666666667,0.20166666666666666,0.3967217547227406,False,table_local_non_descriptor,uptake_or_loading,,,,,,,
ARC-MOF::ARC-MOF adsorption task table::methane_purification_co2.csv,molc/uc,randomforest,random,9,48000,12000,5,0,3.1227065328809407,1.639677582419006,0.11739930770386975,0.6867557619481782,0.025,0.10833333333333334,0.18083333333333335,0.38751792347661984,False,table_local_non_descriptor,uptake_or_loading,,,,,,,
ARC-MOF::ARC-MOF adsorption task table::methane_purification_co2.csv,molc/uc,extratrees,random,9,48000,12000,5,0,3.78109751142788,1.8615984960322178,-0.2940101275026339,0.6566695327269741,0.016666666666666666,0.08666666666666667,0.16833333333333333,0.3575652723316571,False,table_local_non_descriptor,uptake_or_loading,,,,,,,
ARC-MOF::ARC-MOF adsorption task table::landfill_co2.csv,wt%,dummy,random,0,48000,12000,5,0,9.575093396392921,7.639011618083333,-0.06494709119001629,,0.0,0.041666666666666664,0.0975,0.33652570824469896,False,table_local_non_descriptor,uptake_or_loading,,,,,,,
ARC-MOF::ARC-MOF adsorption task table::landfill_co2.csv,wt%,ridge,random,0,48000,12000,5,0,5.58752103447903,3.79971477227614,0.6373561337999867,0.7874392088627246,0.025,0.13666666666666666,0.3,0.6310462154026474,False,table_local_non_descriptor,uptake_or_loading,,,,,,,
ARC-MOF::ARC-MOF adsorption task table::landfill_co2.csv,wt%,hgb,random,0,48000,12000,5,0,5.507727165990748,3.6890010445579744,0.6476398133822537,0.789742179928773,0.058333333333333334,0.175,0.31,0.6649871041794209,False,table_local_non_descriptor,uptake_or_loading,,,,,,,
ARC-MOF::ARC-MOF adsorption task table::landfill_co2.csv,wt%,randomforest,random,0,48000,12000,5,0,6.118308559158863,4.053591911540907,0.5651847722505831,0.7633505850938237,0.008333333333333333,0.125,0.24,0.5967674098535898,False,table_local_non_descriptor,uptake_or_loading,,,,,,,
ARC-MOF::ARC-MOF adsorption task table::landfill_co2.csv,wt%,extratrees,random,0,48000,12000,5,0,6.873345614213241,4.493473167441666,0.4512451667054954,0.7496186973934474,0.0,0.11833333333333333,0.22416666666666665,0.5835883021563374,False,table_local_non_descriptor,uptake_or_loading,,,,,,,
ARC-MOF::ARC-MOF adsorption task table::landfill_co2.csv,wt%,dummy,random,1,48000,12000,5,0,9.473770988611014,7.630636417000001,-0.06219768713350793,,0.025,0.06833333333333333,0.115,0.3413280894195575,False,table_local_non_descriptor,uptake_or_loading,,,,,,,
ARC-MOF::ARC-MOF adsorption task table::landfill_co2.csv,wt%,ridge,random,1,48000,12000,5,0,5.440818983426921,3.763256187423997,0.649661278117913,0.7844271229091706,0.008333333333333333,0.14,0.28,0.6237844897483187,False,table_local_non_descriptor,uptake_or_loading,,,,,,,
ARC-MOF::ARC-MOF adsorption task table::landfill_co2.csv,wt%,hgb,random,1,48000,12000,5,0,5.373365420049348,3.6538582600847826,0.658294208824679,0.788042566971399,0.025,0.18833333333333332,0.3,0.6540482116051841,False,table_local_non_descriptor,uptake_or_loading,,,,,,,
ARC-MOF::ARC-MOF adsorption task table::landfill_co2.csv,wt%,randomforest,random,1,48000,12000,5,0,6.0037521507905405,4.03909270197541,0.5734154742875652,0.7642502568659358,0.016666666666666666,0.11,0.24166666666666667,0.603411913193805,False,table_local_non_descriptor,uptake_or_loading,,,,,,,
ARC-MOF::ARC-MOF adsorption task table::landfill_co2.csv,wt%,extratrees,random,1,48000,12000,5,0,6.767709466195099,4.483655809962269,0.4579454430269293,0.750574664717624,0.008333333333333333,0.11166666666666666,0.22666666666666666,0.6002305887467313,False,table_local_non_descriptor,uptake_or_loading,,,,,,,
ARC-MOF::ARC-MOF adsorption task table::landfill_co2.csv,wt%,dummy,random,2,48000,12000,5,0,9.50776127915173,7.599264978250001,-0.0677757109750825,,0.008333333333333333,0.041666666666666664,0.095,0.33194002491788427,False,table_local_non_descriptor,uptake_or_loading,,,,,,,
ARC-MOF::ARC-MOF adsorption task table::landfill_co2.csv,wt%,ridge,random,2,48000,12000,5,0,5.525545221784705,3.827911348012715,0.6393600991923619,0.78745216807285,0.008333333333333333,0.13833333333333334,0.30583333333333335,0.6318741664738362,False,table_local_non_descriptor,uptake_or_loading,,,,,,,
ARC-MOF::ARC-MOF adsorption task table::landfill_co2.csv,wt%,hgb,random,2,48000,12000,5,0,5.445998920304521,3.715300267221577,0.6496689735449399,0.7906475078057811,0.025,0.17666666666666667,0.31333333333333335,0.6493414241475167,False,table_local_non_descriptor,uptake_or_loading,,,,,,,
ARC-MOF::ARC-MOF adsorption task table::landfill_co2.csv,wt%,randomforest,random,2,48000,12000,5,0,6.056359629739671,4.077061000269754,0.5667417796054142,0.7673073294488567,0.016666666666666666,0.13,0.23583333333333334,0.5947100216009538,False,table_local_non_descriptor,uptake_or_loading,,,,,,,
ARC-MOF::ARC-MOF adsorption task table::landfill_co2.csv,wt%,extratrees,random,2,48000,12000,5,0,6.853988614262585,4.537218130620663,0.44510570845363495,0.7503211746555656,0.025,0.125,0.2275,0.5900441532171639,False,table_local_non_descriptor,uptake_or_loading,,,,,,,
ARC-MOF::ARC-MOF adsorption task table::landfill_co2.csv,wt%,dummy,random,3,48000,12000,5,0,9.407709496957805,7.598265461833333,-0.06104494474260669,,0.016666666666666666,0.045,0.10583333333333333,0.3293346165621126,False,table_local_non_descriptor,uptake_or_loading,,,,,,,
ARC-MOF::ARC-MOF adsorption task table::landfill_co2.csv,wt%,ridge,random,3,48000,12000,5,0,5.37630323493362,3.7508412170294627,0.6534758588713759,0.7895646013982375,0.05,0.15166666666666667,0.31,0.6462842401120723,False,table_local_non_descriptor,uptake_or_loading,,,,,,,
ARC-MOF::ARC-MOF adsorption task table::landfill_co2.csv,wt%,hgb,random,3,48000,12000,5,0,5.282907836367686,3.6268999243040487,0.6654106968039082,0.793507403431669,0.016666666666666666,0.18166666666666667,0.3258333333333333,0.676391640398146,False,table_local_non_descriptor,uptake_or_loading,,,,,,,
ARC-MOF::ARC-MOF adsorption task table::landfill_co2.csv,wt%,randomforest,random,3,48000,12000,5,0,5.923079138986068,4.005956843416562,0.5794079545479047,0.7666523971960978,0.008333333333333333,0.12833333333333333,0.24416666666666667,0.6096124551077605,False,table_local_non_descriptor,uptake_or_loading,,,,,,,
ARC-MOF::ARC-MOF adsorption task table::landfill_co2.csv,wt%,extratrees,random,3,48000,12000,5,0,6.63049965903757,4.422041192615147,0.4729418926344393,0.7559923572316547,0.025,0.135,0.2325,0.6079081653632745,False,table_local_non_descriptor,uptake_or_loading,,,,,,,
ARC-MOF::ARC-MOF adsorption task table::landfill_co2.csv,wt%,dummy,random,4,48000,12000,5,0,9.27667230615991,7.4907529415833345,-0.04942993500338555,,0.025,0.05333333333333334,0.10916666666666666,0.33867668005426943,False,table_local_non_descriptor,uptake_or_loading,,,,,,,
ARC-MOF::ARC-MOF adsorption task table::landfill_co2.csv,wt%,ridge,random,4,48000,12000,5,0,5.3756089987987385,3.7303510469649264,0.6476093622898678,0.788783526813106,0.025,0.14833333333333334,0.29833333333333334,0.6376590863688213,False,table_local_non_descriptor,uptake_or_loading,,,,,,,
ARC-MOF::ARC-MOF adsorption task table::landfill_co2.csv,wt%,hgb,random,4,48000,12000,5,0,5.295253924089904,3.6155911165340973,0.6580657545573292,0.7914064574278341,0.041666666666666664,0.195,0.30416666666666664,0.6634463623591631,False,table_local_non_descriptor,uptake_or_loading,,,,,,,
ARC-MOF::ARC-MOF adsorption task table::landfill_co2.csv,wt%,randomforest,random,4,48000,12000,5,0,5.8840837262659385,3.968684143186118,0.5777917603010878,0.7685306746508378,0.03333333333333333,0.13333333333333333,0.25,0.6106484900548306,False,table_local_non_descriptor,uptake_or_loading,,,,,,,
ARC-MOF::ARC-MOF adsorption task table::landfill_co2.csv,wt%,extratrees,random,4,48000,12000,5,0,6.715487318030567,4.430448144045524,0.4500488891593055,0.754220285898962,0.025,0.13166666666666665,0.23583333333333334,0.6008090380468275,False,table_local_non_descriptor,uptake_or_loading,,,,,,,
ARC-MOF::ARC-MOF adsorption task table::landfill_co2.csv,wt%,dummy,random,5,48000,12000,5,0,9.467185368406387,7.655465301666666,-0.07185948843452805,,0.016666666666666666,0.04,0.11333333333333333,0.3531145577860336,False,table_local_non_descriptor,uptake_or_loading,,,,,,,
ARC-MOF::ARC-MOF adsorption task table::landfill_co2.csv,wt%,ridge,random,5,48000,12000,5,0,5.347115449332584,3.7354678920655533,0.6580715658621856,0.788732492244304,0.016666666666666666,0.15166666666666667,0.3175,0.6536712988571467,False,table_local_non_descriptor,uptake_or_loading,,,,,,,
ARC-MOF::ARC-MOF adsorption task table::landfill_co2.csv,wt%,hgb,random,5,48000,12000,5,0,5.267511048426202,3.629272274561598,0.6681766024571874,0.79162561201233,0.008333333333333333,0.18666666666666668,0.32083333333333336,0.6832622801514728,False,table_local_non_descriptor,uptake_or_loading,,,,,,,
ARC-MOF::ARC-MOF adsorption task table::landfill_co2.csv,wt%,randomforest,random,5,48000,12000,5,0,5.924681783054347,4.022492481066496,0.5802157368667854,0.7627813561373823,0.041666666666666664,0.13166666666666665,0.23666666666666666,0.6179796547021857,False,table_local_non_descriptor,uptake_or_loading,,,,,,,
ARC-MOF::ARC-MOF adsorption task table::landfill_co2.csv,wt%,extratrees,random,5,48000,12000,5,0,6.719559063801359,4.4830130841986024,0.46002003463145513,0.7496647133237708,0.008333333333333333,0.13666666666666666,0.21666666666666667,0.6103954881011564,False,table_local_non_descriptor,uptake_or_loading,,,,,,,
ARC-MOF::ARC-MOF adsorption task table::landfill_co2.csv,wt%,dummy,random,6,48000,12000,5,0,9.573549109734047,7.67349989275,-0.0688944059353982,,0.008333333333333333,0.051666666666666666,0.095,0.3295105473392695,False,table_local_non_descriptor,uptake_or_loading,,,,,,,
ARC-MOF::ARC-MOF adsorption task table::landfill_co2.csv,wt%,ridge,random,6,48000,12000,5,0,5.539407992883548,3.8099497302842997,0.6421380105465224,0.7845960235275808,0.016666666666666666,0.13,0.29583333333333334,0.6164019345913365,False,table_local_non_descriptor,uptake_or_loading,,,,,,,
ARC-MOF::ARC-MOF adsorption task table::landfill_co2.csv,wt%,hgb,random,6,48000,12000,5,0,5.460796328165329,3.6988998274864304,0.6522230269853257,0.7887090286502592,0.025,0.16833333333333333,0.3016666666666667,0.6603218879418362,False,table_local_non_descriptor,uptake_or_loading,,,,,,,
ARC-MOF::ARC-MOF adsorption task table::landfill_co2.csv,wt%,randomforest,random,6,48000,12000,5,0,6.008722508086046,4.04584754553919,0.5789311041296207,0.7654894344982156,0.041666666666666664,0.12666666666666668,0.25333333333333335,0.6156513098119623,False,table_local_non_descriptor,uptake_or_loading,,,,,,,
ARC-MOF::ARC-MOF adsorption task table::landfill_co2.csv,wt%,extratrees,random,6,48000,12000,5,0,6.805293844346886,4.503048432849762,0.4598894881001224,0.7527189094175308,0.025,0.12166666666666667,0.23166666666666666,0.6011296023110686,False,table_local_non_descriptor,uptake_or_loading,,,,,,,
ARC-MOF::ARC-MOF adsorption task table::landfill_co2.csv,wt%,dummy,random,7,48000,12000,5,0,9.409817245690077,7.6140414708333335,-0.06109494168535745,,0.008333333333333333,0.04666666666666667,0.09833333333333333,0.3300638031700474,False,table_local_non_descriptor,uptake_or_loading,,,,,,,
ARC-MOF::ARC-MOF adsorption task table::landfill_co2.csv,wt%,ridge,random,7,48000,12000,5,0,5.384416230793914,3.7550741091005353,0.6525685602121809,0.7864743398716619,0.016666666666666666,0.13,0.30083333333333334,0.6388004316329345,False,table_local_non_descriptor,uptake_or_loading,,,,,,,
ARC-MOF::ARC-MOF adsorption task table::landfill_co2.csv,wt%,hgb,random,7,48000,12000,5,0,5.291049989587391,3.6423026972919383,0.664513077198776,0.7909696241830191,0.016666666666666666,0.18333333333333332,0.3275,0.6747120935910803,False,table_local_non_descriptor,uptake_or_loading,,,,,,,
ARC-MOF::ARC-MOF adsorption task table::landfill_co2.csv,wt%,randomforest,random,7,48000,12000,5,0,5.897215400977954,3.9963027374747666,0.5832401733045436,0.767738280355742,0.041666666666666664,0.15,0.25083333333333335,0.618764201773109,False,table_local_non_descriptor,uptake_or_loading,,,,,,,
ARC-MOF::ARC-MOF adsorption task table::landfill_co2.csv,wt%,extratrees,random,7,48000,12000,5,0,6.709653046490053,4.453648276447497,0.4604993232998452,0.7539217190501738,0.05,0.145,0.235,0.6075985180721218,False,table_local_non_descriptor,uptake_or_loading,,,,,,,
ARC-MOF::ARC-MOF adsorption task table::landfill_co2.csv,wt%,dummy,random,8,48000,12000,5,0,9.525458591017545,7.656311923416666,-0.0657267743868295,,0.008333333333333333,0.06333333333333334,0.10666666666666667,0.3339477292457846,False,table_local_non_descriptor,uptake_or_loading,,,,,,,
ARC-MOF::ARC-MOF adsorption task table::landfill_co2.csv,wt%,ridge,random,8,48000,12000,5,0,5.469802134336017,3.767108832302518,0.6485874052732141,0.7842010241184488,0.041666666666666664,0.17666666666666667,0.3,0.6371702318580291,False,table_local_non_descriptor,uptake_or_loading,,,,,,,
ARC-MOF::ARC-MOF adsorption task table::landfill_co2.csv,wt%,hgb,random,8,48000,12000,5,0,5.405621682996666,3.661955627121487,0.6567856909440448,0.7874525592808704,0.008333333333333333,0.18333333333333332,0.31,0.6583824446219557,False,table_local_non_descriptor,uptake_or_loading,,,,,,,
ARC-MOF::ARC-MOF adsorption task table::landfill_co2.csv,wt%,randomforest,random,8,48000,12000,5,0,6.045657937506297,4.044086202791796,0.5706996600615871,0.764955219780413,0.025,0.12333333333333334,0.2475,0.5966078660146457,False,table_local_non_descriptor,uptake_or_loading,,,,,,,
ARC-MOF::ARC-MOF adsorption task table::landfill_co2.csv,wt%,extratrees,random,8,48000,12000,5,0,6.768282759819956,4.478425616952078,0.46193954076318977,0.7503576150182559,0.03333333333333333,0.11333333333333333,0.23166666666666666,0.6005001521192138,False,table_local_non_descriptor,uptake_or_loading,,,,,,,
ARC-MOF::ARC-MOF adsorption task table::landfill_co2.csv,wt%,dummy,random,9,48000,12000,5,0,9.404205575229183,7.604751830666666,-0.05770881537023165,,0.016666666666666666,0.051666666666666666,0.10333333333333333,0.3368867940397124,False,table_local_non_descriptor,uptake_or_loading,,,,,,,
ARC-MOF::ARC-MOF adsorption task table::landfill_co2.csv,wt%,ridge,random,9,48000,12000,5,0,5.371579801482169,3.7218198284637074,0.654915097127396,0.7885552825482014,0.016666666666666666,0.155,0.31166666666666665,0.6393501827583697,False,table_local_non_descriptor,uptake_or_loading,,,,,,,
ARC-MOF::ARC-MOF adsorption task table::landfill_co2.csv,wt%,hgb,random,9,48000,12000,5,0,5.301677591473555,3.6358547916336015,0.663838074360896,0.7914656102245708,0.03333333333333333,0.18166666666666667,0.3275,0.6668755912824504,False,table_local_non_descriptor,uptake_or_loading,,,,,,,
ARC-MOF::ARC-MOF adsorption task table::landfill_co2.csv,wt%,randomforest,random,9,48000,12000,5,0,5.9634410657193575,4.009458285810046,0.5746800453892049,0.7668810044738993,0.008333333333333333,0.13333333333333333,0.24166666666666667,0.6088419764836651,False,table_local_non_descriptor,uptake_or_loading,,,,,,,
ARC-MOF::ARC-MOF adsorption task table::landfill_co2.csv,wt%,extratrees,random,9,48000,12000,5,0,6.796402214120965,4.465610356872147,0.44756645638768244,0.7518159431834809,0.016666666666666666,0.10833333333333334,0.21416666666666667,0.5936433308992803,False,table_local_non_descriptor,uptake_or_loading,,,,,,,
ARC-MOF::ARC-MOF adsorption task table::landfill_co2.csv,v/v,dummy,random,0,48000,12000,5,0,43.5625974790589,30.293084689999997,-0.16917706138081123,,0.016666666666666666,0.05,0.105,0.291458426419584,False,table_local_non_descriptor,uptake_or_loading,,,,,,,
ARC-MOF::ARC-MOF adsorption task table::landfill_co2.csv,v/v,ridge,random,0,48000,12000,5,0,29.52627317679149,21.026821322568164,0.46288161424273866,0.7696034326547115,0.041666666666666664,0.2866666666666667,0.43916666666666665,0.7136662719504356,False,table_local_non_descriptor,uptake_or_loading,,,,,,,
ARC-MOF::ARC-MOF adsorption task table::landfill_co2.csv,v/v,hgb,random,0,48000,12000,5,0,27.86226874026427,19.300205789114088,0.5217161623599906,0.7748674763594655,0.09166666666666666,0.2733333333333333,0.43916666666666665,0.7267873456115623,False,table_local_non_descriptor,uptake_or_loading,,,,,,,
ARC-MOF::ARC-MOF adsorption task table::landfill_co2.csv,v/v,randomforest,random,0,48000,12000,5,0,31.023733649491998,21.126082627729975,0.4070188636887344,0.7338471872949821,0.058333333333333334,0.2,0.3641666666666667,0.6541583892063113,False,table_local_non_descriptor,uptake_or_loading,,,,,,,
ARC-MOF::ARC-MOF adsorption task table::landfill_co2.csv,v/v,extratrees,random,0,48000,12000,5,0,34.905563886958596,23.28537970268933,0.24934208502532496,0.6921040273684643,0.016666666666666666,0.155,0.31666666666666665,0.6018630329027226,False,table_local_non_descriptor,uptake_or_loading,,,,,,,
ARC-MOF::ARC-MOF adsorption task table::landfill_co2.csv,v/v,dummy,random,1,48000,12000,5,0,43.260129721246436,30.29802477666667,-0.17232033389287071,,0.008333333333333333,0.058333333333333334,0.09916666666666667,0.2930452282810745,False,table_local_non_descriptor,uptake_or_loading,,,,,,,
ARC-MOF::ARC-MOF adsorption task table::landfill_co2.csv,v/v,ridge,random,1,48000,12000,5,0,28.952582681629423,20.699585192209586,0.47489605126565293,0.7721080398566895,0.06666666666666667,0.25166666666666665,0.43166666666666664,0.7121506079617068,False,table_local_non_descriptor,uptake_or_loading,,,,,,,
ARC-MOF::ARC-MOF adsorption task table::landfill_co2.csv,v/v,hgb,random,1,48000,12000,5,0,27.385168589282312,19.048811331596,0.5302124525243178,0.7787671674014931,0.05,0.25166666666666665,0.4375,0.7231316703322618,False,table_local_non_descriptor,uptake_or_loading,,,,,,,
ARC-MOF::ARC-MOF adsorption task table::landfill_co2.csv,v/v,randomforest,random,1,48000,12000,5,0,30.68442665612595,21.01832183115245,0.4101973917798317,0.7349938840022431,0.05,0.21333333333333335,0.36833333333333335,0.6615242518832215,False,table_local_non_descriptor,uptake_or_loading,,,,,,,
ARC-MOF::ARC-MOF adsorption task table::landfill_co2.csv,v/v,extratrees,random,1,48000,12000,5,0,34.793777132614075,23.29373052526831,0.24164279417871848,0.6910453831673199,0.041666666666666664,0.17166666666666666,0.3225,0.6003916362804798,False,table_local_non_descriptor,uptake_or_loading,,,,,,,
ARC-MOF::ARC-MOF adsorption task table::landfill_co2.csv,v/v,dummy,random,2,48000,12000,5,0,43.67771183792854,30.37335048183333,-0.17485874044907668,,0.008333333333333333,0.051666666666666666,0.09416666666666666,0.2871628834965759,False,table_local_non_descriptor,uptake_or_loading,,,,,,,
ARC-MOF::ARC-MOF adsorption task table::landfill_co2.csv,v/v,ridge,random,2,48000,12000,5,0,29.629524372741503,21.1372357154112,0.45935118578666845,0.7695536979485552,0.016666666666666666,0.25833333333333336,0.43,0.7173091269069197,False,table_local_non_descriptor,uptake_or_loading,,,,,,,
ARC-MOF::ARC-MOF adsorption task table::landfill_co2.csv,v/v,hgb,random,2,48000,12000,5,0,27.940421032920433,19.401439968282897,0.5192361691152563,0.7748679592652481,0.09166666666666666,0.265,0.42583333333333334,0.7187530298818883,False,table_local_non_descriptor,uptake_or_loading,,,,,,,
ARC-MOF::ARC-MOF adsorption task table::landfill_co2.csv,v/v,randomforest,random,2,48000,12000,5,0,30.87342062566148,21.10674189079961,0.41300365849237575,0.738188830893381,0.06666666666666667,0.21833333333333332,0.37,0.6618310651217714,False,table_local_non_descriptor,uptake_or_loading,,,,,,,
ARC-MOF::ARC-MOF adsorption task table::landfill_co2.csv,v/v,extratrees,random,2,48000,12000,5,0,34.953891026269304,23.41885228218242,0.24758585652287557,0.6934176098162117,0.041666666666666664,0.17666666666666667,0.3125,0.6007083924224319,False,table_local_non_descriptor,uptake_or_loading,,,,,,,
ARC-MOF::ARC-MOF adsorption task table::landfill_co2.csv,v/v,dummy,random,3,48000,12000,5,0,43.32057561320042,30.339435366666667,-0.17324922037870993,,0.016666666666666666,0.05333333333333334,0.10416666666666667,0.28570820006919684,False,table_local_non_descriptor,uptake_or_loading,,,,,,,
ARC-MOF::ARC-MOF adsorption task table::landfill_co2.csv,v/v,ridge,random,3,48000,12000,5,0,29.076948542861857,20.797528324737698,0.471433672376253,0.7744855617657774,0.09166666666666666,0.285,0.4525,0.7292791505578073,False,table_local_non_descriptor,uptake_or_loading,,,,,,,
ARC-MOF::ARC-MOF adsorption task table::landfill_co2.csv,v/v,hgb,random,3,48000,12000,5,0,27.272960808984795,19.036965136168035,0.5349855870108098,0.7803260019193742,0.05,0.27666666666666667,0.44583333333333336,0.7316096572127601,False,table_local_non_descriptor,uptake_or_loading,,,,,,,
ARC-MOF::ARC-MOF adsorption task table::landfill_co2.csv,v/v,randomforest,random,3,48000,12000,5,0,30.454536747935617,20.825442204511535,0.4201631230043147,0.7378703521252559,0.08333333333333333,0.24333333333333335,0.37166666666666665,0.6626045658707731,False,table_local_non_descriptor,uptake_or_loading,,,,,,,
ARC-MOF::ARC-MOF adsorption task table::landfill_co2.csv,v/v,extratrees,random,3,48000,12000,5,0,34.187931827609326,22.9432325087754,0.2692858864913509,0.6994911122490981,0.041666666666666664,0.18666666666666668,0.3283333333333333,0.6159468355672844,False,table_local_non_descriptor,uptake_or_loading,,,,,,,
ARC-MOF::ARC-MOF adsorption task table::landfill_co2.csv,v/v,dummy,random,4,48000,12000,5,0,42.592363664043425,29.70160706291667,-0.1580381607686543,,0.025,0.06333333333333334,0.105,0.2941946542208996,False,table_local_non_descriptor,uptake_or_loading,,,,,,,
ARC-MOF::ARC-MOF adsorption task table::landfill_co2.csv,v/v,ridge,random,4,48000,12000,5,0,29.03544007840463,20.615170761226445,0.4618340543844719,0.7682186607038354,0.08333333333333333,0.30666666666666664,0.4508333333333333,0.7184327478786291,False,table_local_non_descriptor,uptake_or_loading,,,,,,,
ARC-MOF::ARC-MOF adsorption task table::landfill_co2.csv,v/v,hgb,random,4,48000,12000,5,0,27.27194632227826,18.924021122035004,0.5252208332477061,0.7756681757379855,0.058333333333333334,0.285,0.44916666666666666,0.7281594349532946,False,table_local_non_descriptor,uptake_or_loading,,,,,,,
ARC-MOF::ARC-MOF adsorption task table::landfill_co2.csv,v/v,randomforest,random,4,48000,12000,5,0,30.23812733195789,20.641481481014473,0.4163275829647922,0.7362467718349905,0.09166666666666666,0.245,0.36916666666666664,0.6595829836656887,False,table_local_non_descriptor,uptake_or_loading,,,,,,,
ARC-MOF::ARC-MOF adsorption task table::landfill_co2.csv,v/v,extratrees,random,4,48000,12000,5,0,34.324459351998044,22.917890424391526,0.2479152237366571,0.6961001032318715,0.05,0.19,0.32916666666666666,0.606248077977672,False,table_local_non_descriptor,uptake_or_loading,,,,,,,
ARC-MOF::ARC-MOF adsorption task table::landfill_co2.csv,v/v,dummy,random,5,48000,12000,5,0,43.667932830734415,30.53887611141667,-0.1832689957145599,,0.0,0.04833333333333333,0.0925,0.3010509259150589,False,table_local_non_descriptor,uptake_or_loading,,,,,,,
ARC-MOF::ARC-MOF adsorption task table::landfill_co2.csv,v/v,ridge,random,5,48000,12000,5,0,29.096830003590007,20.794740450966096,0.4746489901632177,0.7738675076176305,0.025,0.29,0.4558333333333333,0.7287531678775895,False,table_local_non_descriptor,uptake_or_loading,,,,,,,
ARC-MOF::ARC-MOF adsorption task table::landfill_co2.csv,v/v,hgb,random,5,48000,12000,5,0,27.419173715661216,19.058363748083142,0.5334835694075692,0.77740405435424,0.058333333333333334,0.28,0.4533333333333333,0.7389922655884055,False,table_local_non_descriptor,uptake_or_loading,,,,,,,
ARC-MOF::ARC-MOF adsorption task table::landfill_co2.csv,v/v,randomforest,random,5,48000,12000,5,0,30.866938605289874,21.02997693452989,0.4087851497554176,0.7334212692933135,0.06666666666666667,0.24166666666666667,0.3725,0.6635467564729906,False,table_local_non_descriptor,uptake_or_loading,,,,,,,
ARC-MOF::ARC-MOF adsorption task table::landfill_co2.csv,v/v,extratrees,random,5,48000,12000,5,0,34.89451255372801,23.42181962694361,0.24443385521330518,0.6940582109806622,0.03333333333333333,0.17166666666666666,0.31333333333333335,0.5997915642123023,False,table_local_non_descriptor,uptake_or_loading,,,,,,,
ARC-MOF::ARC-MOF adsorption task table::landfill_co2.csv,v/v,dummy,random,6,48000,12000,5,0,43.99339459159667,30.718869073083333,-0.18364354522025472,,0.008333333333333333,0.05333333333333334,0.09166666666666666,0.28206969906830226,False,table_local_non_descriptor,uptake_or_loading,,,,,,,
ARC-MOF::ARC-MOF adsorption task table::landfill_co2.csv,v/v,ridge,random,6,48000,12000,5,0,29.468246309924734,20.967098975554467,0.46892657657218806,0.7704662785912856,0.03333333333333333,0.24333333333333335,0.4375,0.6989387412617561,False,table_local_non_descriptor,uptake_or_loading,,,,,,,
ARC-MOF::ARC-MOF adsorption task table::landfill_co2.csv,v/v,hgb,random,6,48000,12000,5,0,27.94564703921438,19.35468063721361,0.5223889951319263,0.775805454620331,0.06666666666666667,0.2633333333333333,0.43,0.7151158687097066,False,table_local_non_descriptor,uptake_or_loading,,,,,,,
ARC-MOF::ARC-MOF adsorption task table::landfill_co2.csv,v/v,randomforest,random,6,48000,12000,5,0,30.949367048391316,21.111252665390705,0.4141997816332079,0.7365549034062494,0.06666666666666667,0.21833333333333332,0.37416666666666665,0.6584515688399735,False,table_local_non_descriptor,uptake_or_loading,,,,,,,
ARC-MOF::ARC-MOF adsorption task table::landfill_co2.csv,v/v,extratrees,random,6,48000,12000,5,0,34.896122367399336,23.405107785587045,0.255267463102578,0.6946111665138731,0.06666666666666667,0.15666666666666668,0.32083333333333336,0.5989629826263246,False,table_local_non_descriptor,uptake_or_loading,,,,,,,
ARC-MOF::ARC-MOF adsorption task table::landfill_co2.csv,v/v,dummy,random,7,48000,12000,5,0,43.05424254448372,30.239874451749998,-0.1713389975429327,,0.0,0.03166666666666667,0.0875,0.2804990743806983,False,table_local_non_descriptor,uptake_or_loading,,,,,,,
ARC-MOF::ARC-MOF adsorption task table::landfill_co2.csv,v/v,ridge,random,7,48000,12000,5,0,28.935620348948294,20.569688442208985,0.4709261560815081,0.7711688038337534,0.058333333333333334,0.245,0.44,0.714791030244057,False,table_local_non_descriptor,uptake_or_loading,,,,,,,
ARC-MOF::ARC-MOF adsorption task table::landfill_co2.csv,v/v,hgb,random,7,48000,12000,5,0,27.393049925417785,19.015132954123867,0.5258328375206054,0.7750135442792999,0.03333333333333333,0.24833333333333332,0.43416666666666665,0.7203122272015169,False,table_local_non_descriptor,uptake_or_loading,,,,,,,
ARC-MOF::ARC-MOF adsorption task table::landfill_co2.csv,v/v,randomforest,random,7,48000,12000,5,0,30.685162999984193,20.935578506196503,0.4050128783680984,0.7353994821267635,0.058333333333333334,0.215,0.375,0.6652383519487761,False,table_local_non_descriptor,uptake_or_loading,,,,,,,
ARC-MOF::ARC-MOF adsorption task table::landfill_co2.csv,v/v,extratrees,random,7,48000,12000,5,0,34.60049661111207,23.1859919749181,0.24348880235805603,0.6945456617102173,0.025,0.16333333333333333,0.32916666666666666,0.6142809241498162,False,table_local_non_descriptor,uptake_or_loading,,,,,,,
ARC-MOF::ARC-MOF adsorption task table::landfill_co2.csv,v/v,dummy,random,8,48000,12000,5,0,43.57060773367692,30.52703987216666,-0.17702001222330965,,0.008333333333333333,0.06666666666666667,0.1125,0.2905219975373093,False,table_local_non_descriptor,uptake_or_loading,,,,,,,
ARC-MOF::ARC-MOF adsorption task table::landfill_co2.csv,v/v,ridge,random,8,48000,12000,5,0,29.14130821533519,20.8133986409178,0.4734802089486262,0.7716644132912112,0.075,0.285,0.43166666666666664,0.7151290912652688,False,table_local_non_descriptor,uptake_or_loading,,,,,,,
ARC-MOF::ARC-MOF adsorption task table::landfill_co2.csv,v/v,hgb,random,8,48000,12000,5,0,27.553596571850647,19.15423183957116,0.5292902409706304,0.774370586051658,0.05,0.25666666666666665,0.43416666666666665,0.7233271903586033,False,table_local_non_descriptor,uptake_or_loading,,,,,,,
ARC-MOF::ARC-MOF adsorption task table::landfill_co2.csv,v/v,randomforest,random,8,48000,12000,5,0,30.960309699917527,21.07730535473176,0.40569798274717517,0.7357374225887007,0.041666666666666664,0.20666666666666667,0.3825,0.6583598759577003,False,table_local_non_descriptor,uptake_or_loading,,,,,,,
ARC-MOF::ARC-MOF adsorption task table::landfill_co2.csv,v/v,extratrees,random,8,48000,12000,5,0,34.85715325621479,23.352085810623535,0.2466783594776829,0.6903054182617208,0.025,0.17,0.33416666666666667,0.6177223738415228,False,table_local_non_descriptor,uptake_or_loading,,,,,,,
ARC-MOF::ARC-MOF adsorption task table::landfill_co2.csv,v/v,dummy,random,9,48000,12000,5,0,43.053246114112675,30.09270133675,-0.1668471271389873,,0.008333333333333333,0.045,0.1,0.29044757344344707,False,table_local_non_descriptor,uptake_or_loading,,,,,,,
ARC-MOF::ARC-MOF adsorption task table::landfill_co2.csv,v/v,ridge,random,9,48000,12000,5,0,28.749378957235283,20.418674672558375,0.4796936901566219,0.7792347204837456,0.041666666666666664,0.2916666666666667,0.45916666666666667,0.7277156659150302,False,table_local_non_descriptor,uptake_or_loading,,,,,,,
ARC-MOF::ARC-MOF adsorption task table::landfill_co2.csv,v/v,hgb,random,9,48000,12000,5,0,27.08393645323341,18.893391074819412,0.5382299835863563,0.783886482235576,0.058333333333333334,0.285,0.4575,0.730474150706434,False,table_local_non_descriptor,uptake_or_loading,,,,,,,
ARC-MOF::ARC-MOF adsorption task table::landfill_co2.csv,v/v,randomforest,random,9,48000,12000,5,0,30.373800853440223,20.733471215452095,0.4192349941231086,0.7418027399846595,0.05,0.22666666666666666,0.375,0.656987609324371,False,table_local_non_descriptor,uptake_or_loading,,,,,,,
ARC-MOF::ARC-MOF adsorption task table::landfill_co2.csv,v/v,extratrees,random,9,48000,12000,5,0,34.64103465458613,23.102527371940944,0.24458802056337903,0.6958071131292145,0.041666666666666664,0.17833333333333334,0.325,0.6056019159319823,False,table_local_non_descriptor,uptake_or_loading,,,,,,,
ARC-MOF::ARC-MOF adsorption task table::landfill_co2.csv,mmol/g,dummy,random,0,48000,12000,5,0,2.1756877690136593,1.7357642349166666,-0.06494702135676489,,0.0,0.041666666666666664,0.0975,0.3365257069805063,False,table_local_non_descriptor,uptake_or_loading,,,,,,,
ARC-MOF::ARC-MOF adsorption task table::landfill_co2.csv,mmol/g,ridge,random,0,48000,12000,5,0,1.269617023607408,0.8633851275264433,0.6373561334250359,0.7874392618994855,0.025,0.13666666666666666,0.3,0.6310462161108212,False,table_local_non_descriptor,uptake_or_loading,,,,,,,
ARC-MOF::ARC-MOF adsorption task table::landfill_co2.csv,mmol/g,hgb,random,0,48000,12000,5,0,1.2514859677856152,0.8382283493490471,0.6476398132164074,0.7897422300667011,0.058333333333333334,0.175,0.31,0.6649871049309521,False,table_local_non_descriptor,uptake_or_loading,,,,,,,
ARC-MOF::ARC-MOF adsorption task table::landfill_co2.csv,mmol/g,randomforest,random,0,48000,12000,5,0,1.390224517261951,0.9210720521087405,0.56518476839112,0.763350696855527,0.008333333333333333,0.125,0.24,0.5967674109682628,False,table_local_non_descriptor,uptake_or_loading,,,,,,,
ARC-MOF::ARC-MOF adsorption task table::landfill_co2.csv,mmol/g,extratrees,random,0,48000,12000,5,0,1.5614200526141806,1.0208086207635554,0.451502859722962,0.7496384001710334,0.0,0.11833333333333333,0.22416666666666665,0.5835996118103175,False,table_local_non_descriptor,uptake_or_loading,,,,,,,
ARC-MOF::ARC-MOF adsorption task table::landfill_co2.csv,mmol/g,dummy,random,1,48000,12000,5,0,2.1526650248779684,1.73386119425,-0.062197720323429406,,0.025,0.06833333333333333,0.115,0.34132808575582485,False,table_local_non_descriptor,uptake_or_loading,,,,,,,
ARC-MOF::ARC-MOF adsorption task table::landfill_co2.csv,mmol/g,ridge,random,1,48000,12000,5,0,1.2362828434288868,0.8551008712590418,0.6496612789277993,0.7844271465388384,0.008333333333333333,0.14,0.28,0.6237844893836608,False,table_local_non_descriptor,uptake_or_loading,,,,,,,
ARC-MOF::ARC-MOF adsorption task table::landfill_co2.csv,mmol/g,hgb,random,1,48000,12000,5,0,1.2209557973707954,0.8302430743407235,0.658294209616757,0.7880425931172094,0.025,0.18833333333333332,0.3,0.6540482109006676,False,table_local_non_descriptor,uptake_or_loading,,,,,,,
ARC-MOF::ARC-MOF adsorption task table::landfill_co2.csv,mmol/g,randomforest,random,1,48000,12000,5,0,1.364194583169033,0.9177774555279353,0.5734154747021265,0.7642502164150412,0.016666666666666666,0.11,0.24166666666666667,0.603411914288907,False,table_local_non_descriptor,uptake_or_loading,,,,,,,
ARC-MOF::ARC-MOF adsorption task table::landfill_co2.csv,mmol/g,extratrees,random,1,48000,12000,5,0,1.5377837645387196,1.0187927146495608,0.45794544478019816,0.750574656535801,0.008333333333333333,0.11166666666666666,0.22666666666666666,0.6002305897712745,False,table_local_non_descriptor,uptake_or_loading,,,,,,,
ARC-MOF::ARC-MOF adsorption task table::landfill_co2.csv,mmol/g,dummy,random,2,48000,12000,5,0,2.1603884440762293,1.7267328637500001,-0.06777576579068634,,0.008333333333333333,0.041666666666666664,0.095,0.331940026024382,False,table_local_non_descriptor,uptake_or_loading,,,,,,,
ARC-MOF::ARC-MOF adsorption task table::landfill_co2.csv,mmol/g,ridge,random,2,48000,12000,5,0,1.2555346472240405,0.8697920539007562,0.6393601012736307,0.7874521160920311,0.008333333333333333,0.13833333333333334,0.30583333333333335,0.631874165635542,False,table_local_non_descriptor,uptake_or_loading,,,,,,,
ARC-MOF::ARC-MOF adsorption task table::landfill_co2.csv,mmol/g,hgb,random,2,48000,12000,5,0,1.2374598442504527,0.84420415053191,0.6496689759395585,0.7906474808449291,0.025,0.17666666666666667,0.31333333333333335,0.6493414249035797,False,table_local_non_descriptor,uptake_or_loading,,,,,,,
ARC-MOF::ARC-MOF adsorption task table::landfill_co2.csv,mmol/g,randomforest,random,2,48000,12000,5,0,1.376146606811927,0.9264044528457643,0.5667428126578787,0.7673070819722644,0.016666666666666666,0.13,0.23583333333333334,0.5947299556287716,False,table_local_non_descriptor,uptake_or_loading,,,,,,,
ARC-MOF::ARC-MOF adsorption task table::landfill_co2.csv,mmol/g,extratrees,random,2,48000,12000,5,0,1.5574185054396974,1.03095845533748,0.44508427711099774,0.7503196949281384,0.025,0.125,0.2275,0.5906564064912744,False,table_local_non_descriptor,uptake_or_loading,,,,,,,
ARC-MOF::ARC-MOF adsorption task table::landfill_co2.csv,mmol/g,dummy,random,3,48000,12000,5,0,2.1376542363577644,1.7265057495833334,-0.06104492249158322,,0.016666666666666666,0.045,0.10583333333333333,0.32933461640301087,False,table_local_non_descriptor,uptake_or_loading,,,,,,,
ARC-MOF::ARC-MOF adsorption task table::landfill_co2.csv,mmol/g,ridge,random,3,48000,12000,5,0,1.2216233388549345,0.8522798991256187,0.6534758600747071,0.7895646414356142,0.05,0.15166666666666667,0.31,0.6462842396877196,False,table_local_non_descriptor,uptake_or_loading,,,,,,,
ARC-MOF::ARC-MOF adsorption task table::landfill_co2.csv,mmol/g,hgb,random,3,48000,12000,5,0,1.2004016930426304,0.8241175020586498,0.6654106984221809,0.7935074601102751,0.016666666666666666,0.18166666666666667,0.3258333333333333,0.6763916411030408,False,table_local_non_descriptor,uptake_or_loading,,,,,,,
ARC-MOF::ARC-MOF adsorption task table::landfill_co2.csv,mmol/g,randomforest,random,3,48000,12000,5,0,1.3458637564098719,0.9102481173470838,0.5794079614379316,0.7666522431473681,0.008333333333333333,0.12833333333333333,0.24416666666666667,0.6096124559000186,False,table_local_non_descriptor,uptake_or_loading,,,,,,,
ARC-MOF::ARC-MOF adsorption task table::landfill_co2.csv,mmol/g,extratrees,random,3,48000,12000,5,0,1.506606447324333,1.0047924165270927,0.4729418964464751,0.7559923019984591,0.025,0.135,0.2325,0.6079081664793969,False,table_local_non_descriptor,uptake_or_loading,,,,,,,
ARC-MOF::ARC-MOF adsorption task table::landfill_co2.csv,mmol/g,dummy,random,4,48000,12000,5,0,2.107879593316139,1.7020763510833334,-0.04943002333908586,,0.025,0.05333333333333334,0.10916666666666666,0.33867667757530223,False,table_local_non_descriptor,uptake_or_loading,,,,,,,
ARC-MOF::ARC-MOF adsorption task table::landfill_co2.csv,mmol/g,ridge,random,4,48000,12000,5,0,1.2214655917909196,0.8476240446996876,0.6476093626022033,0.7887835212001387,0.025,0.14833333333333334,0.29833333333333334,0.6376590845163983,False,table_local_non_descriptor,uptake_or_loading,,,,,,,
ARC-MOF::ARC-MOF adsorption task table::landfill_co2.csv,mmol/g,hgb,random,4,48000,12000,5,0,1.2032070166659845,0.8215478727469352,0.6580657550575029,0.7914064584662117,0.041666666666666664,0.195,0.30416666666666664,0.6634463606702703,False,table_local_non_descriptor,uptake_or_loading,,,,,,,
ARC-MOF::ARC-MOF adsorption task table::landfill_co2.csv,mmol/g,randomforest,random,4,48000,12000,5,0,1.337003085556719,0.901778956323016,0.5777917598188543,0.7685310549467541,0.03333333333333333,0.13333333333333333,0.25,0.6106484878669973,False,table_local_non_descriptor,uptake_or_loading,,,,,,,
ARC-MOF::ARC-MOF adsorption task table::landfill_co2.csv,mmol/g,extratrees,random,4,48000,12000,5,0,1.5259176581827456,1.0067026769422154,0.45004888915457686,0.7542201896601265,0.025,0.13166666666666665,0.23583333333333334,0.6008090365004949,False,table_local_non_descriptor,uptake_or_loading,,,,,,,
ARC-MOF::ARC-MOF adsorption task table::landfill_co2.csv,mmol/g,dummy,random,5,48000,12000,5,0,2.15116853105419,1.7395029055000002,-0.0718594331018576,,0.016666666666666666,0.04,0.11333333333333333,0.35311455432190003,False,table_local_non_descriptor,uptake_or_loading,,,,,,,
ARC-MOF::ARC-MOF adsorption task table::landfill_co2.csv,mmol/g,ridge,random,5,48000,12000,5,0,1.2149911861040936,0.8487867154026631,0.6580715660755551,0.7887324546831485,0.016666666666666666,0.15166666666666667,0.3175,0.6536712974676842,False,table_local_non_descriptor,uptake_or_loading,,,,,,,
ARC-MOF::ARC-MOF adsorption task table::landfill_co2.csv,mmol/g,hgb,random,5,48000,12000,5,0,1.1969031821254295,0.8246565584691753,0.668176602668975,0.791625573798007,0.008333333333333333,0.18666666666666668,0.32083333333333336,0.6832622779594615,False,table_local_non_descriptor,uptake_or_loading,,,,,,,
ARC-MOF::ARC-MOF adsorption task table::landfill_co2.csv,mmol/g,randomforest,random,5,48000,12000,5,0,1.3462279662729248,0.9140056189337911,0.5802157126477798,0.7627811036152533,0.041666666666666664,0.13166666666666665,0.23666666666666666,0.6179795917080108,False,table_local_non_descriptor,uptake_or_loading,,,,,,,
ARC-MOF::ARC-MOF adsorption task table::landfill_co2.csv,mmol/g,extratrees,random,5,48000,12000,5,0,1.5267432369749876,1.0186019004485447,0.46009049649052003,0.749673654875959,0.008333333333333333,0.13666666666666666,0.2175,0.6110571297348087,False,table_local_non_descriptor,uptake_or_loading,,,,,,,
ARC-MOF::ARC-MOF adsorption task table::landfill_co2.csv,mmol/g,dummy,random,6,48000,12000,5,0,2.1753369912763847,1.7436007916666667,-0.06889445529635974,,0.008333333333333333,0.051666666666666666,0.095,0.32951054914500805,False,table_local_non_descriptor,uptake_or_loading,,,,,,,
ARC-MOF::ARC-MOF adsorption task table::landfill_co2.csv,mmol/g,ridge,random,6,48000,12000,5,0,1.25868459812787,0.86571075242256,0.6421380120085846,0.7845960667108342,0.016666666666666666,0.13,0.29583333333333334,0.6164019352071668,False,table_local_non_descriptor,uptake_or_loading,,,,,,,
ARC-MOF::ARC-MOF adsorption task table::landfill_co2.csv,mmol/g,hgb,random,6,48000,12000,5,0,1.2408221669418684,0.8404775869075363,0.6522230286561419,0.7887090481170884,0.025,0.16833333333333333,0.3016666666666667,0.6603218895276419,False,table_local_non_descriptor,uptake_or_loading,,,,,,,
ARC-MOF::ARC-MOF adsorption task table::landfill_co2.csv,mmol/g,randomforest,random,6,48000,12000,5,0,1.3653239650075064,0.9193123161398293,0.5789311048159511,0.7654894677781603,0.041666666666666664,0.12666666666666668,0.25333333333333335,0.6156513115107923,False,table_local_non_descriptor,uptake_or_loading,,,,,,,
ARC-MOF::ARC-MOF adsorption task table::landfill_co2.csv,mmol/g,extratrees,random,6,48000,12000,5,0,1.5463238271553246,1.0231991798095914,0.4598894877698624,0.7527188935894811,0.025,0.12166666666666667,0.23166666666666666,0.6011296031770335,False,table_local_non_descriptor,uptake_or_loading,,,,,,,
ARC-MOF::ARC-MOF adsorption task table::landfill_co2.csv,mmol/g,dummy,random,7,48000,12000,5,0,2.138133120392931,1.7300904322499997,-0.06109487652465795,,0.008333333333333333,0.04666666666666667,0.09833333333333333,0.3300638047752492,False,table_local_non_descriptor,uptake_or_loading,,,,,,,
ARC-MOF::ARC-MOF adsorption task table::landfill_co2.csv,mmol/g,ridge,random,7,48000,12000,5,0,1.2234668033153773,0.8532417091222467,0.6525685605238363,0.7864742754410067,0.016666666666666666,0.13,0.30083333333333334,0.6388004315767677,False,table_local_non_descriptor,uptake_or_loading,,,,,,,
ARC-MOF::ARC-MOF adsorption task table::landfill_co2.csv,mmol/g,hgb,random,7,48000,12000,5,0,1.2022517837751374,0.8276173778315663,0.6645130773838936,0.7909695467845748,0.016666666666666666,0.18333333333333332,0.3275,0.6747120941904735,False,table_local_non_descriptor,uptake_or_loading,,,,,,,
ARC-MOF::ARC-MOF adsorption task table::landfill_co2.csv,mmol/g,randomforest,random,7,48000,12000,5,0,1.3399869128778006,0.9080545642580828,0.5832401727941645,0.7677383106102339,0.041666666666666664,0.15,0.25083333333333335,0.6187642006950547,False,table_local_non_descriptor,uptake_or_loading,,,,,,,
ARC-MOF::ARC-MOF adsorption task table::landfill_co2.csv,mmol/g,extratrees,random,7,48000,12000,5,0,1.5245919720211956,1.0119742934773743,0.4604993243957065,0.7539217503654282,0.05,0.145,0.235,0.6075985170519078,False,table_local_non_descriptor,uptake_or_loading,,,,,,,
ARC-MOF::ARC-MOF adsorption task table::landfill_co2.csv,mmol/g,dummy,random,8,48000,12000,5,0,2.1644096097980072,1.7396952755000001,-0.06572674871668038,,0.008333333333333333,0.06333333333333334,0.10666666666666667,0.333947729741835,False,table_local_non_descriptor,uptake_or_loading,,,,,,,
ARC-MOF::ARC-MOF adsorption task table::landfill_co2.csv,mmol/g,ridge,random,8,48000,12000,5,0,1.2428685002185282,0.8559762831482062,0.6485874060402492,0.7842009672255384,0.041666666666666664,0.17666666666666667,0.3,0.6371702325803007,False,table_local_non_descriptor,uptake_or_loading,,,,,,,
ARC-MOF::ARC-MOF adsorption task table::landfill_co2.csv,mmol/g,hgb,random,8,48000,12000,5,0,1.2282851819950293,0.8320829849159759,0.6567856920860412,0.7874525266479486,0.008333333333333333,0.18333333333333332,0.31,0.6583824455550088,False,table_local_non_descriptor,uptake_or_loading,,,,,,,
ARC-MOF::ARC-MOF adsorption task table::landfill_co2.csv,mmol/g,randomforest,random,8,48000,12000,5,0,1.3737164280338494,0.9189119629365643,0.5706997482521741,0.7649552581854466,0.025,0.12333333333333334,0.2475,0.59660786639919,False,table_local_non_descriptor,uptake_or_loading,,,,,,,
ARC-MOF::ARC-MOF adsorption task table::landfill_co2.csv,mmol/g,extratrees,random,8,48000,12000,5,0,1.5379162621849634,1.0176074573585971,0.46193797989133234,0.750357410085117,0.03333333333333333,0.11333333333333333,0.23166666666666666,0.6004347930426887,False,table_local_non_descriptor,uptake_or_loading,,,,,,,
ARC-MOF::ARC-MOF adsorption task table::landfill_co2.csv,mmol/g,dummy,random,9,48000,12000,5,0,2.1368581034773824,1.7279796063333333,-0.05770883479472366,,0.016666666666666666,0.051666666666666666,0.10333333333333333,0.3368867947113619,False,table_local_non_descriptor,uptake_or_loading,,,,,,,
ARC-MOF::ARC-MOF adsorption task table::landfill_co2.csv,mmol/g,ridge,random,9,48000,12000,5,0,1.2205500620722947,0.8456855495388663,0.6549150985276782,0.7885553551853249,0.016666666666666666,0.155,0.31166666666666665,0.6393501823250429,False,table_local_non_descriptor,uptake_or_loading,,,,,,,
ARC-MOF::ARC-MOF adsorption task table::landfill_co2.csv,mmol/g,hgb,random,9,48000,12000,5,0,1.2046666257330045,0.8261522601932079,0.6638380756266051,0.7914656701779589,0.03333333333333333,0.18166666666666667,0.3275,0.666875589989071,False,table_local_non_descriptor,uptake_or_loading,,,,,,,
ARC-MOF::ARC-MOF adsorption task table::landfill_co2.csv,mmol/g,randomforest,random,9,48000,12000,5,0,1.355034948040231,0.9110438127136053,0.5746800477850514,0.7668810559297521,0.008333333333333333,0.13333333333333333,0.24166666666666667,0.6088419786396607,False,table_local_non_descriptor,uptake_or_loading,,,,,,,
ARC-MOF::ARC-MOF adsorption task table::landfill_co2.csv,mmol/g,extratrees,random,9,48000,12000,5,0,1.5443034345717972,1.0146923599000077,0.4475664596693274,0.7518160226861806,0.016666666666666666,0.10833333333333334,0.21416666666666667,0.5936433307521322,False,table_local_non_descriptor,uptake_or_loading,,,,,,,
ARC-MOF::ARC-MOF adsorption task table::landfill_co2.csv,S(g1),dummy,random,0,48000,12000,5,0,282.6862898293843,5.403808967083334,-0.00020051911098750708,,0.0,0.04666666666666667,0.09333333333333334,0.014800790626583717,False,table_local_non_descriptor,selectivity,,,,,,,
ARC-MOF::ARC-MOF adsorption task table::landfill_co2.csv,S(g1),ridge,random,0,48000,12000,5,0,282.6177993758116,6.44302327718447,0.00028408796715484463,0.6514166150843504,0.075,0.37833333333333335,0.4841666666666667,0.13081684798153353,False,table_local_non_descriptor,selectivity,,,,,,,
ARC-MOF::ARC-MOF adsorption task table::landfill_co2.csv,S(g1),hgb,random,0,48000,12000,5,0,282.78568348990296,6.351292160604167,-0.0009039919820670317,0.7512862742453993,0.03333333333333333,0.315,0.4575,0.12108426050149476,False,table_local_non_descriptor,selectivity,,,,,,,
ARC-MOF::ARC-MOF adsorption task table::landfill_co2.csv,S(g1),randomforest,random,0,48000,12000,5,0,285.77897911512946,6.194359245050197,-0.02220533857081297,0.7016027323576398,0.041666666666666664,0.2683333333333333,0.4066666666666667,0.025837103507938934,False,table_local_non_descriptor,selectivity,,,,,,,
ARC-MOF::ARC-MOF adsorption task table::landfill_co2.csv,S(g1),extratrees,random,0,48000,12000,5,0,291.86490392407086,6.714613333011647,-0.06620652076269873,0.6800407338515636,0.058333333333333334,0.245,0.3591666666666667,0.02106197950234537,False,table_local_non_descriptor,selectivity,,,,,,,
ARC-MOF::ARC-MOF adsorption task table::landfill_co2.csv,S(g1),dummy,random,1,48000,12000,5,0,190.36312616216475,4.56368344125,-0.00027550148343058467,,0.008333333333333333,0.06833333333333333,0.10583333333333333,0.03224431318000821,False,table_local_non_descriptor,selectivity,,,,,,,
ARC-MOF::ARC-MOF adsorption task table::landfill_co2.csv,S(g1),ridge,random,1,48000,12000,5,0,190.34996234646192,5.905495660192747,-0.00013716600483637542,0.6880432637174336,0.15833333333333333,0.41333333333333333,0.5033333333333333,0.0585566748661712,False,table_local_non_descriptor,selectivity,,,,,,,
ARC-MOF::ARC-MOF adsorption task table::landfill_co2.csv,S(g1),hgb,random,1,48000,12000,5,0,190.7192373724558,5.682702791474762,-0.0040214212528015825,0.7154824266458002,0.058333333333333334,0.31333333333333335,0.43916666666666665,0.05093290248318742,False,table_local_non_descriptor,selectivity,,,,,,,
ARC-MOF::ARC-MOF adsorption task table::landfill_co2.csv,S(g1),randomforest,random,1,48000,12000,5,0,209.73368886948916,6.860341247523072,-0.21420038641256256,0.6985768043649537,0.058333333333333334,0.27166666666666667,0.39916666666666667,0.052830254776476404,False,table_local_non_descriptor,selectivity,,,,,,,
ARC-MOF::ARC-MOF adsorption task table::landfill_co2.csv,S(g1),extratrees,random,1,48000,12000,5,0,212.71445243656058,6.186973036854603,-0.24895839681406673,0.680887065174875,0.06666666666666667,0.21333333333333335,0.3625,0.04860668168668088,False,table_local_non_descriptor,selectivity,,,,,,,
ARC-MOF::ARC-MOF adsorption task table::landfill_co2.csv,S(g1),dummy,random,2,48000,12000,5,0,387.5077455634588,8.967798261333332,-0.0003834072001631661,,0.008333333333333333,0.055,0.09833333333333333,0.044668969537159944,False,table_local_non_descriptor,selectivity,,,,,,,
ARC-MOF::ARC-MOF adsorption task table::landfill_co2.csv,S(g1),ridge,random,2,48000,12000,5,0,387.44347501985277,9.13737540076064,-5.159523379494324e-05,0.7147619708502283,0.125,0.37166666666666665,0.47833333333333333,0.12313972572025406,False,table_local_non_descriptor,selectivity,,,,,,,
ARC-MOF::ARC-MOF adsorption task table::landfill_co2.csv,S(g1),hgb,random,2,48000,12000,5,0,387.343371179218,9.1613891554494,0.0004651050302615367,0.7338950472725984,0.05,0.315,0.44583333333333336,0.1767811698852571,False,table_local_non_descriptor,selectivity,,,,,,,
ARC-MOF::ARC-MOF adsorption task table::landfill_co2.csv,S(g1),randomforest,random,2,48000,12000,5,0,387.8644350850795,9.397632045351934,-0.0022259019998367435,0.7051513237559869,0.025,0.235,0.39166666666666666,0.05331349641076965,False,table_local_non_descriptor,selectivity,,,,,,,
ARC-MOF::ARC-MOF adsorption task table::landfill_co2.csv,S(g1),extratrees,random,2,48000,12000,5,0,388.4539148252091,9.662608715793384,-0.005274600236053528,0.6852137238975907,0.03333333333333333,0.205,0.3433333333333333,0.05291818485990102,False,table_local_non_descriptor,selectivity,,,,,,,
ARC-MOF::ARC-MOF adsorption task table::landfill_co2.csv,S(g1),dummy,random,3,48000,12000,5,0,282.37275915921833,5.638731011250001,-0.00022336378711451665,,0.008333333333333333,0.05333333333333334,0.11,0.010315070653801895,False,table_local_non_descriptor,selectivity,,,,,,,
ARC-MOF::ARC-MOF adsorption task table::landfill_co2.csv,S(g1),ridge,random,3,48000,12000,5,0,282.2985289718671,6.561247797332337,0.00030244478527130525,0.6629145465088369,0.11666666666666667,0.40166666666666667,0.5,0.14778346627754596,False,table_local_non_descriptor,selectivity,,,,,,,
ARC-MOF::ARC-MOF adsorption task table::landfill_co2.csv,S(g1),hgb,random,3,48000,12000,5,0,282.3846815606815,6.348549522755195,-0.000307828848706615,0.725201409497941,0.03333333333333333,0.3416666666666667,0.43333333333333335,0.1408176402756465,False,table_local_non_descriptor,selectivity,,,,,,,
ARC-MOF::ARC-MOF adsorption task table::landfill_co2.csv,S(g1),randomforest,random,3,48000,12000,5,0,291.0022762606966,7.199952121968681,-0.06229263891900949,0.700162844061279,0.05,0.27166666666666667,0.3933333333333333,0.11703853961487665,False,table_local_non_descriptor,selectivity,,,,,,,
ARC-MOF::ARC-MOF adsorption task table::landfill_co2.csv,S(g1),extratrees,random,3,48000,12000,5,0,313.0609101554651,8.15552568975768,-0.22944494855881192,0.6842934276145821,0.025,0.235,0.35333333333333333,0.02938684459504072,False,table_local_non_descriptor,selectivity,,,,,,,
ARC-MOF::ARC-MOF adsorption task table::landfill_co2.csv,S(g1),dummy,random,4,48000,12000,5,0,191.44389577139893,4.170003152833333,-0.00020536630555900715,,0.008333333333333333,0.056666666666666664,0.09583333333333334,0.01806053385465917,False,table_local_non_descriptor,selectivity,,,,,,,
ARC-MOF::ARC-MOF adsorption task table::landfill_co2.csv,S(g1),ridge,random,4,48000,12000,5,0,191.3770588694366,5.525837697294286,0.0004928952743511461,0.6370087134521457,0.14166666666666666,0.4116666666666667,0.5041666666666667,0.14303685289901855,False,table_local_non_descriptor,selectivity,,,,,,,
ARC-MOF::ARC-MOF adsorption task table::landfill_co2.csv,S(g1),hgb,random,4,48000,12000,5,0,191.73972330474058,5.294970006918162,-0.0032988772786537446,0.7200001541830948,0.041666666666666664,0.3283333333333333,0.4708333333333333,0.13455761034267263,False,table_local_non_descriptor,selectivity,,,,,,,
ARC-MOF::ARC-MOF adsorption task table::landfill_co2.csv,S(g1),randomforest,random,4,48000,12000,5,0,208.19143921034293,5.366580224318881,-0.1828559764334199,0.6998276279233637,0.03333333333333333,0.27666666666666667,0.4008333333333333,0.12929415001146619,False,table_local_non_descriptor,selectivity,,,,,,,
ARC-MOF::ARC-MOF adsorption task table::landfill_co2.csv,S(g1),extratrees,random,4,48000,12000,5,0,368.12481805421896,8.38282925683046,-2.698250533644566,0.6791522729972428,0.041666666666666664,0.215,0.34833333333333333,0.13866328446423168,False,table_local_non_descriptor,selectivity,,,,,,,
ARC-MOF::ARC-MOF adsorption task table::landfill_co2.csv,S(g1),dummy,random,5,48000,12000,5,0,294.2486293905778,5.760873971916667,-0.0002222784769037034,,0.0,0.04666666666666667,0.1025,0.010939677551703027,False,table_local_non_descriptor,selectivity,,,,,,,
ARC-MOF::ARC-MOF adsorption task table::landfill_co2.csv,S(g1),ridge,random,5,48000,12000,5,0,294.17278746258074,6.632148772568672,0.0002932651976133016,0.654512813998858,0.10833333333333334,0.3933333333333333,0.5,0.14974323764371406,False,table_local_non_descriptor,selectivity,,,,,,,
ARC-MOF::ARC-MOF adsorption task table::landfill_co2.csv,S(g1),hgb,random,5,48000,12000,5,0,294.31798464599524,6.653495295743722,-0.0006938446294868506,0.7146497523034163,0.008333333333333333,0.2916666666666667,0.44583333333333336,0.13350581893612828,False,table_local_non_descriptor,selectivity,,,,,,,
ARC-MOF::ARC-MOF adsorption task table::landfill_co2.csv,S(g1),randomforest,random,5,48000,12000,5,0,309.3601271806681,7.9532214222702216,-0.10559560000167512,0.696706367822491,0.041666666666666664,0.26666666666666666,0.40166666666666667,0.04899453609905581,False,table_local_non_descriptor,selectivity,,,,,,,
ARC-MOF::ARC-MOF adsorption task table::landfill_co2.csv,S(g1),extratrees,random,5,48000,12000,5,0,331.9923636920868,9.47970307250959,-0.2732797003490217,0.6858394480089628,0.03333333333333333,0.23833333333333334,0.36083333333333334,0.04874523003008736,False,table_local_non_descriptor,selectivity,,,,,,,
ARC-MOF::ARC-MOF adsorption task table::landfill_co2.csv,S(g1),dummy,random,6,48000,12000,5,0,395.63294155052546,9.3187995225,-0.00040152729318720937,,0.016666666666666666,0.05,0.095,0.006978025489998916,False,table_local_non_descriptor,selectivity,,,,,,,
ARC-MOF::ARC-MOF adsorption task table::landfill_co2.csv,S(g1),ridge,random,6,48000,12000,5,0,395.5680558433097,9.384941822267876,-7.341286761342047e-05,0.7072141914582906,0.11666666666666667,0.37833333333333335,0.505,0.1359568352764835,False,table_local_non_descriptor,selectivity,,,,,,,
ARC-MOF::ARC-MOF adsorption task table::landfill_co2.csv,S(g1),hgb,random,6,48000,12000,5,0,395.41734513354015,9.335658893246599,0.0006884942646138148,0.6817662969688539,0.016666666666666666,0.295,0.44333333333333336,0.264805652227029,False,table_local_non_descriptor,selectivity,,,,,,,
ARC-MOF::ARC-MOF adsorption task table::landfill_co2.csv,S(g1),randomforest,random,6,48000,12000,5,0,396.2595331013105,9.855537994915958,-0.003572848314096211,0.7029388309763754,0.03333333333333333,0.24166666666666667,0.4,0.11591336510917365,False,table_local_non_descriptor,selectivity,,,,,,,
ARC-MOF::ARC-MOF adsorption task table::landfill_co2.csv,S(g1),extratrees,random,6,48000,12000,5,0,396.88217112745593,10.171804274099543,-0.006729130926043547,0.6888878525871382,0.041666666666666664,0.215,0.36,0.0726599801744375,False,table_local_non_descriptor,selectivity,,,,,,,
ARC-MOF::ARC-MOF adsorption task table::landfill_co2.csv,S(g1),dummy,random,7,48000,12000,5,0,281.140673582734,5.0105673839166665,-0.00016438061960566408,,0.008333333333333333,0.043333333333333335,0.08833333333333333,0.010331854204106181,False,table_local_non_descriptor,selectivity,,,,,,,
ARC-MOF::ARC-MOF adsorption task table::landfill_co2.csv,S(g1),ridge,random,7,48000,12000,5,0,281.0757001956579,6.111254757460578,0.00029785458456665914,0.6528236033522763,0.13333333333333333,0.3883333333333333,0.4891666666666667,0.13742613927377242,False,table_local_non_descriptor,selectivity,,,,,,,
ARC-MOF::ARC-MOF adsorption task table::landfill_co2.csv,S(g1),hgb,random,7,48000,12000,5,0,281.3003061648645,6.246581362224204,-0.001300496201855017,0.7170272671828621,0.05,0.2816666666666667,0.43083333333333335,0.12190708175721662,False,table_local_non_descriptor,selectivity,,,,,,,
ARC-MOF::ARC-MOF adsorption task table::landfill_co2.csv,S(g1),randomforest,random,7,48000,12000,5,0,290.23596456984643,6.60930326430986,-0.06592457665534956,0.7007623342366773,0.025,0.27666666666666667,0.39916666666666667,0.11087207862825592,False,table_local_non_descriptor,selectivity,,,,,,,
ARC-MOF::ARC-MOF adsorption task table::landfill_co2.csv,S(g1),extratrees,random,7,48000,12000,5,0,324.11126897930404,8.235293346188406,-0.32926718642925934,0.6802840553993839,0.041666666666666664,0.22833333333333333,0.3616666666666667,0.023488558005806327,False,table_local_non_descriptor,selectivity,,,,,,,
ARC-MOF::ARC-MOF adsorption task table::landfill_co2.csv,S(g1),dummy,random,8,48000,12000,5,0,194.7398292777139,4.82129207775,-0.00030859720598797047,,0.008333333333333333,0.056666666666666664,0.1,0.01208219488150937,False,table_local_non_descriptor,selectivity,,,,,,,
ARC-MOF::ARC-MOF adsorption task table::landfill_co2.csv,S(g1),ridge,random,8,48000,12000,5,0,194.73478037256783,6.14133444934172,-0.00025672905171658655,0.6961037856109425,0.10833333333333334,0.38166666666666665,0.48833333333333334,0.04775309615300575,False,table_local_non_descriptor,selectivity,,,,,,,
ARC-MOF::ARC-MOF adsorption task table::landfill_co2.csv,S(g1),hgb,random,8,48000,12000,5,0,195.19118184949173,5.902718604922199,-0.004950842972083702,0.7018523410408938,0.058333333333333334,0.31833333333333336,0.4533333333333333,0.044918306645105065,False,table_local_non_descriptor,selectivity,,,,,,,
ARC-MOF::ARC-MOF adsorption task table::landfill_co2.csv,S(g1),randomforest,random,8,48000,12000,5,0,228.30841491156414,7.911925797311829,-0.3748910004331776,0.7044244229238176,0.03333333333333333,0.25666666666666665,0.39916666666666667,0.11348516677469751,False,table_local_non_descriptor,selectivity,,,,,,,
ARC-MOF::ARC-MOF adsorption task table::landfill_co2.csv,S(g1),extratrees,random,8,48000,12000,5,0,372.0117003356857,9.233963525496193,-2.6503762498132604,0.6823475686663586,0.025,0.22166666666666668,0.355,0.03217444862821695,False,table_local_non_descriptor,selectivity,,,,,,,
ARC-MOF::ARC-MOF adsorption task table::landfill_co2.csv,S(g1),dummy,random,9,48000,12000,5,0,183.52685964387203,3.9968725308333344,-0.00019644206800140118,,0.008333333333333333,0.04,0.09333333333333334,0.016761381514221973,False,table_local_non_descriptor,selectivity,,,,,,,
ARC-MOF::ARC-MOF adsorption task table::landfill_co2.csv,S(g1),ridge,random,9,48000,12000,5,0,183.52776085095414,5.464297811902618,-0.00020626500434905992,0.6720963550757045,0.125,0.42,0.5141666666666667,0.05642972877128077,False,table_local_non_descriptor,selectivity,,,,,,,
ARC-MOF::ARC-MOF adsorption task table::landfill_co2.csv,S(g1),hgb,random,9,48000,12000,5,0,183.7813236785228,5.030387084176683,-0.0029719536986796413,0.7434059083626956,0.05,0.3416666666666667,0.46166666666666667,0.05506669197611245,False,table_local_non_descriptor,selectivity,,,,,,,
ARC-MOF::ARC-MOF adsorption task table::landfill_co2.csv,S(g1),randomforest,random,9,48000,12000,5,0,187.81893140749082,5.192142086915503,-0.04752589876674995,0.7022395954231121,0.041666666666666664,0.27,0.41333333333333333,0.044567750407712076,False,table_local_non_descriptor,selectivity,,,,,,,
ARC-MOF::ARC-MOF adsorption task table::landfill_co2.csv,S(g1),extratrees,random,9,48000,12000,5,0,193.58485199038017,5.420915070431461,-0.11282988495739699,0.6843460747872536,0.05,0.24,0.36333333333333334,0.04194996238817497,False,table_local_non_descriptor,selectivity,,,,,,,
ARC-MOF::ARC-MOF adsorption task table::landfill_co2.csv,molc/uc,dummy,random,0,48000,12000,5,0,4.641658360333771,2.7416944695833334,-0.1014060457608339,,0.008333333333333333,0.041666666666666664,0.08666666666666667,0.21091550345338822,False,table_local_non_descriptor,uptake_or_loading,,,,,,,
ARC-MOF::ARC-MOF adsorption task table::landfill_co2.csv,molc/uc,ridge,random,0,48000,12000,5,0,3.5766914668167424,1.80485245508415,0.34602059877586844,0.7210355601472543,0.0,0.1,0.22666666666666666,0.38982632314973176,False,table_local_non_descriptor,uptake_or_loading,,,,,,,
ARC-MOF::ARC-MOF adsorption task table::landfill_co2.csv,molc/uc,hgb,random,0,48000,12000,5,0,3.566835427845485,1.7949965283080076,0.34961988354258644,0.7527829488241257,0.025,0.11333333333333333,0.21,0.3980705975567523,False,table_local_non_descriptor,uptake_or_loading,,,,,,,
ARC-MOF::ARC-MOF adsorption task table::landfill_co2.csv,molc/uc,randomforest,random,0,48000,12000,5,0,3.921323220497657,2.004239495862358,0.21392063791859217,0.73054149823073,0.008333333333333333,0.12333333333333334,0.2075,0.40024114618431533,False,table_local_non_descriptor,uptake_or_loading,,,,,,,
ARC-MOF::ARC-MOF adsorption task table::landfill_co2.csv,molc/uc,extratrees,random,0,48000,12000,5,0,4.379625649656969,2.2191171412116644,0.01943792226443275,0.717936875948696,0.025,0.125,0.19833333333333333,0.3944696895426598,False,table_local_non_descriptor,uptake_or_loading,,,,,,,
ARC-MOF::ARC-MOF adsorption task table::landfill_co2.csv,molc/uc,dummy,random,1,48000,12000,5,0,4.416160441732003,2.669162012833333,-0.10218994395563064,,0.025,0.056666666666666664,0.09833333333333333,0.22892216313603464,False,table_local_non_descriptor,uptake_or_loading,,,,,,,
ARC-MOF::ARC-MOF adsorption task table::landfill_co2.csv,molc/uc,ridge,random,1,48000,12000,5,0,3.3608195656539803,1.7610738245353563,0.3616525149441083,0.7245416944861564,0.0,0.09166666666666666,0.22166666666666668,0.3988254091801177,False,table_local_non_descriptor,uptake_or_loading,,,,,,,
ARC-MOF::ARC-MOF adsorption task table::landfill_co2.csv,molc/uc,hgb,random,1,48000,12000,5,0,3.3522251133474135,1.7487759157933294,0.3649131673287911,0.7585432252050237,0.05,0.11666666666666667,0.21916666666666668,0.4159499615699584,False,table_local_non_descriptor,uptake_or_loading,,,,,,,
ARC-MOF::ARC-MOF adsorption task table::landfill_co2.csv,molc/uc,randomforest,random,1,48000,12000,5,0,3.7311509927467545,1.9753670580357912,0.21322163888754586,0.7290283729197389,0.008333333333333333,0.12,0.21083333333333334,0.40907679101299577,False,table_local_non_descriptor,uptake_or_loading,,,,,,,
ARC-MOF::ARC-MOF adsorption task table::landfill_co2.csv,molc/uc,extratrees,random,1,48000,12000,5,0,4.303296976167415,2.2028548002668877,-0.04657268252555524,0.7209909431130407,0.03333333333333333,0.115,0.21083333333333334,0.4110922381309905,False,table_local_non_descriptor,uptake_or_loading,,,,,,,
ARC-MOF::ARC-MOF adsorption task table::landfill_co2.csv,molc/uc,dummy,random,2,48000,12000,5,0,4.431668670113719,2.698954865333333,-0.11174240084658726,,0.016666666666666666,0.058333333333333334,0.10416666666666667,0.24067209753315175,False,table_local_non_descriptor,uptake_or_loading,,,,,,,
ARC-MOF::ARC-MOF adsorption task table::landfill_co2.csv,molc/uc,ridge,random,2,48000,12000,5,0,3.3455422129988728,1.7645638458632844,0.36641829090208566,0.7242112711602982,0.008333333333333333,0.10166666666666667,0.20583333333333334,0.40409506574235227,False,table_local_non_descriptor,uptake_or_loading,,,,,,,
ARC-MOF::ARC-MOF adsorption task table::landfill_co2.csv,molc/uc,hgb,random,2,48000,12000,5,0,3.331640464152863,1.750518281845304,0.3716728018246238,0.7573044072147088,0.016666666666666666,0.13166666666666665,0.225,0.4154252670970022,False,table_local_non_descriptor,uptake_or_loading,,,,,,,
ARC-MOF::ARC-MOF adsorption task table::landfill_co2.csv,molc/uc,randomforest,random,2,48000,12000,5,0,3.739277461525603,1.9811993853093772,0.20851081193611654,0.7290641301914267,0.025,0.115,0.21583333333333332,0.41424890904024714,False,table_local_non_descriptor,uptake_or_loading,,,,,,,
ARC-MOF::ARC-MOF adsorption task table::landfill_co2.csv,molc/uc,extratrees,random,2,48000,12000,5,0,4.2762042770560305,2.214833959733382,-0.03510996637653796,0.7111994767800252,0.025,0.11833333333333333,0.225,0.414062922256483,False,table_local_non_descriptor,uptake_or_loading,,,,,,,
ARC-MOF::ARC-MOF adsorption task table::landfill_co2.csv,molc/uc,dummy,random,3,48000,12000,5,0,4.537956792131936,2.7378371942500004,-0.1048874722816926,,0.008333333333333333,0.05,0.0975,0.21719190716768408,False,table_local_non_descriptor,uptake_or_loading,,,,,,,
ARC-MOF::ARC-MOF adsorption task table::landfill_co2.csv,molc/uc,ridge,random,3,48000,12000,5,0,3.434464835510829,1.7606950702525033,0.3671285785607088,0.7249825612085771,0.008333333333333333,0.11333333333333333,0.22416666666666665,0.4155383614704904,False,table_local_non_descriptor,uptake_or_loading,,,,,,,
ARC-MOF::ARC-MOF adsorption task table::landfill_co2.csv,molc/uc,hgb,random,3,48000,12000,5,0,3.424252027113055,1.7462961709360456,0.37088682621955604,0.7650784769330734,0.03333333333333333,0.11333333333333333,0.23333333333333334,0.41665977101989754,False,table_local_non_descriptor,uptake_or_loading,,,,,,,
ARC-MOF::ARC-MOF adsorption task table::landfill_co2.csv,molc/uc,randomforest,random,3,48000,12000,5,0,3.7948349641684636,1.9775663470031286,0.22734944097717014,0.7342404646218418,0.05,0.11833333333333333,0.20833333333333334,0.41527501846381626,False,table_local_non_descriptor,uptake_or_loading,,,,,,,
ARC-MOF::ARC-MOF adsorption task table::landfill_co2.csv,molc/uc,extratrees,random,3,48000,12000,5,0,4.249701736950512,2.2107280241562615,0.031021285044241176,0.7191455529011884,0.041666666666666664,0.105,0.20583333333333334,0.41291107138702304,False,table_local_non_descriptor,uptake_or_loading,,,,,,,
ARC-MOF::ARC-MOF adsorption task table::landfill_co2.csv,molc/uc,dummy,random,4,48000,12000,5,0,4.5929581729322875,2.7018940277500003,-0.09123188339280008,,0.008333333333333333,0.04666666666666667,0.08916666666666667,0.21349458410934535,False,table_local_non_descriptor,uptake_or_loading,,,,,,,
ARC-MOF::ARC-MOF adsorption task table::landfill_co2.csv,molc/uc,ridge,random,4,48000,12000,5,0,3.5603654366713666,1.7642716116689583,0.3442757901058543,0.7232303957603524,0.016666666666666666,0.09333333333333334,0.2125,0.3939095423340628,False,table_local_non_descriptor,uptake_or_loading,,,,,,,
ARC-MOF::ARC-MOF adsorption task table::landfill_co2.csv,molc/uc,hgb,random,4,48000,12000,5,0,3.5467924571392007,1.7485093016257633,0.34926582087904967,0.7594926146540059,0.0,0.10333333333333333,0.23666666666666666,0.40841002864041076,False,table_local_non_descriptor,uptake_or_loading,,,,,,,
ARC-MOF::ARC-MOF adsorption task table::landfill_co2.csv,molc/uc,randomforest,random,4,48000,12000,5,0,3.902025411150252,1.9650634196174417,0.21238813047800242,0.7313209433658583,0.016666666666666666,0.14,0.22083333333333333,0.40879044193481073,False,table_local_non_descriptor,uptake_or_loading,,,,,,,
ARC-MOF::ARC-MOF adsorption task table::landfill_co2.csv,molc/uc,extratrees,random,4,48000,12000,5,0,4.506069266291301,2.2072229736280136,-0.05033489079852038,0.7177990086165486,0.041666666666666664,0.12,0.20916666666666667,0.3928424036479004,False,table_local_non_descriptor,uptake_or_loading,,,,,,,
ARC-MOF::ARC-MOF adsorption task table::landfill_co2.csv,molc/uc,dummy,random,5,48000,12000,5,0,4.4580821623945885,2.720722584583333,-0.11470498414774921,,0.0,0.055,0.0975,0.23302940813047465,False,table_local_non_descriptor,uptake_or_loading,,,,,,,
ARC-MOF::ARC-MOF adsorption task table::landfill_co2.csv,molc/uc,ridge,random,5,48000,12000,5,0,3.3493361479076875,1.7873895341887256,0.3708107705257119,0.7225769914961331,0.008333333333333333,0.10833333333333334,0.205,0.4040902669453274,False,table_local_non_descriptor,uptake_or_loading,,,,,,,
ARC-MOF::ARC-MOF adsorption task table::landfill_co2.csv,molc/uc,hgb,random,5,48000,12000,5,0,3.335359781877743,1.7736875475637532,0.3760508723900746,0.7576835590207539,0.025,0.10333333333333333,0.22583333333333333,0.4256985857504613,False,table_local_non_descriptor,uptake_or_loading,,,,,,,
ARC-MOF::ARC-MOF adsorption task table::landfill_co2.csv,molc/uc,randomforest,random,5,48000,12000,5,0,3.7317418645679425,1.9986391768121754,0.2189353261974296,0.7310909438741923,0.041666666666666664,0.115,0.20416666666666666,0.4099018260819759,False,table_local_non_descriptor,uptake_or_loading,,,,,,,
ARC-MOF::ARC-MOF adsorption task table::landfill_co2.csv,molc/uc,extratrees,random,5,48000,12000,5,0,4.204779796658331,2.20646430889461,0.00836848612234542,0.7180235526893206,0.025,0.11333333333333333,0.21,0.4046166476016843,False,table_local_non_descriptor,uptake_or_loading,,,,,,,
ARC-MOF::ARC-MOF adsorption task table::landfill_co2.csv,molc/uc,dummy,random,6,48000,12000,5,0,4.505558684431642,2.7051072541666668,-0.10543387325108955,,0.0,0.05,0.10833333333333334,0.22406675255529668,False,table_local_non_descriptor,uptake_or_loading,,,,,,,
ARC-MOF::ARC-MOF adsorption task table::landfill_co2.csv,molc/uc,ridge,random,6,48000,12000,5,0,3.444472728319324,1.7907499445522965,0.35392792798798633,0.7214931956631019,0.008333333333333333,0.1,0.19916666666666666,0.3958283684780275,False,table_local_non_descriptor,uptake_or_loading,,,,,,,
ARC-MOF::ARC-MOF adsorption task table::landfill_co2.csv,molc/uc,hgb,random,6,48000,12000,5,0,3.432536036651664,1.7735982447288048,0.35839804632873384,0.7562281376755876,0.025,0.09333333333333334,0.20833333333333334,0.39633539973936766,False,table_local_non_descriptor,uptake_or_loading,,,,,,,
ARC-MOF::ARC-MOF adsorption task table::landfill_co2.csv,molc/uc,randomforest,random,6,48000,12000,5,0,3.79125528266822,1.9765226772833522,0.2172888440870423,0.7297299771601009,0.025,0.12166666666666667,0.20333333333333334,0.40164592787532666,False,table_local_non_descriptor,uptake_or_loading,,,,,,,
ARC-MOF::ARC-MOF adsorption task table::landfill_co2.csv,molc/uc,extratrees,random,6,48000,12000,5,0,4.283937716909251,2.179713781277291,0.0006404588982102943,0.7162725355550186,0.016666666666666666,0.11,0.2,0.3929774658648518,False,table_local_non_descriptor,uptake_or_loading,,,,,,,
ARC-MOF::ARC-MOF adsorption task table::landfill_co2.csv,molc/uc,dummy,random,7,48000,12000,5,0,4.373828932476263,2.65713674725,-0.10052554234320743,,0.0,0.05333333333333334,0.0875,0.21967351091374737,False,table_local_non_descriptor,uptake_or_loading,,,,,,,
ARC-MOF::ARC-MOF adsorption task table::landfill_co2.csv,molc/uc,ridge,random,7,48000,12000,5,0,3.313748081620278,1.7402215968273873,0.3682932476200488,0.7226788792701764,0.016666666666666666,0.115,0.22083333333333333,0.41747474263076473,False,table_local_non_descriptor,uptake_or_loading,,,,,,,
ARC-MOF::ARC-MOF adsorption task table::landfill_co2.csv,molc/uc,hgb,random,7,48000,12000,5,0,3.302924052659464,1.7309667900072463,0.37241332242588643,0.757896073550844,0.03333333333333333,0.12666666666666668,0.22416666666666665,0.41374451736153334,False,table_local_non_descriptor,uptake_or_loading,,,,,,,
ARC-MOF::ARC-MOF adsorption task table::landfill_co2.csv,molc/uc,randomforest,random,7,48000,12000,5,0,3.694262523374251,1.954116139457413,0.21488721613569428,0.7306765679114195,0.03333333333333333,0.095,0.2025,0.40590631891457996,False,table_local_non_descriptor,uptake_or_loading,,,,,,,
ARC-MOF::ARC-MOF adsorption task table::landfill_co2.csv,molc/uc,extratrees,random,7,48000,12000,5,0,4.285056245683619,2.1955416020471348,-0.056305629158534876,0.7155063278573032,0.025,0.09666666666666666,0.20166666666666666,0.406905143418944,False,table_local_non_descriptor,uptake_or_loading,,,,,,,
ARC-MOF::ARC-MOF adsorption task table::landfill_co2.csv,molc/uc,dummy,random,8,48000,12000,5,0,4.6644921390059295,2.7458818985,-0.10130932610277354,,0.025,0.055,0.10166666666666667,0.21784820813343195,False,table_local_non_descriptor,uptake_or_loading,,,,,,,
ARC-MOF::ARC-MOF adsorption task table::landfill_co2.csv,molc/uc,ridge,random,8,48000,12000,5,0,3.586384760571418,1.7960389667328245,0.34894999466093923,0.7255603518694763,0.016666666666666666,0.11333333333333333,0.22416666666666665,0.39733117307151,False,table_local_non_descriptor,uptake_or_loading,,,,,,,
ARC-MOF::ARC-MOF adsorption task table::landfill_co2.csv,molc/uc,hgb,random,8,48000,12000,5,0,3.5754036155721947,1.7869062518433316,0.35293078858663185,0.7583618860710092,0.025,0.12833333333333333,0.235,0.40931564288276867,False,table_local_non_descriptor,uptake_or_loading,,,,,,,
ARC-MOF::ARC-MOF adsorption task table::landfill_co2.csv,molc/uc,randomforest,random,8,48000,12000,5,0,3.9305895572041427,2.004594842334192,0.21798338939582396,0.7295326392427247,0.016666666666666666,0.11,0.22083333333333333,0.3976647842720301,False,table_local_non_descriptor,uptake_or_loading,,,,,,,
ARC-MOF::ARC-MOF adsorption task table::landfill_co2.csv,molc/uc,extratrees,random,8,48000,12000,5,0,4.4038013926503154,2.243264749070862,0.018351437724848818,0.7137463157734899,0.008333333333333333,0.12166666666666667,0.21416666666666667,0.387697098759957,False,table_local_non_descriptor,uptake_or_loading,,,,,,,
ARC-MOF::ARC-MOF adsorption task table::landfill_co2.csv,molc/uc,dummy,random,9,48000,12000,5,0,4.385305879209333,2.667730953166666,-0.10135578522624944,,0.0,0.058333333333333334,0.1075,0.23582059676666628,False,table_local_non_descriptor,uptake_or_loading,,,,,,,
ARC-MOF::ARC-MOF adsorption task table::landfill_co2.csv,molc/uc,ridge,random,9,48000,12000,5,0,3.3148636770556412,1.7548978577841603,0.37069787145021815,0.7287820885781833,0.016666666666666666,0.10333333333333333,0.2175,0.40257258719072314,False,table_local_non_descriptor,uptake_or_loading,,,,,,,
ARC-MOF::ARC-MOF adsorption task table::landfill_co2.csv,molc/uc,hgb,random,9,48000,12000,5,0,3.294147207321388,1.7355197401448907,0.3785390270476561,0.7621896007045144,0.03333333333333333,0.14666666666666667,0.24083333333333334,0.4434623248252733,False,table_local_non_descriptor,uptake_or_loading,,,,,,,
ARC-MOF::ARC-MOF adsorption task table::landfill_co2.csv,molc/uc,randomforest,random,9,48000,12000,5,0,3.693236098313404,1.9666583089307372,0.21883639937291222,0.7346184119777919,0.008333333333333333,0.11666666666666667,0.195,0.4053555384202672,False,table_local_non_descriptor,uptake_or_loading,,,,,,,
ARC-MOF::ARC-MOF adsorption task table::landfill_co2.csv,molc/uc,extratrees,random,9,48000,12000,5,0,4.338931867855723,2.1972386435687357,-0.07818557302830564,0.7221313183104403,0.008333333333333333,0.115,0.19916666666666666,0.40248699048859926,False,table_local_non_descriptor,uptake_or_loading,,,,,,,
ARC-MOF::ARC-MOF adsorption task table::post_comb_vsa_co2.csv,wt%,dummy,random,0,48000,12000,5,0,4.184304262208721,2.1252486735,-0.14552484899140383,,0.008333333333333333,0.05,0.0925,0.18973075521428473,False,table_local_non_descriptor,uptake_or_loading,,,,,,,
ARC-MOF::ARC-MOF adsorption task table::post_comb_vsa_co2.csv,wt%,ridge,random,0,48000,12000,5,0,3.3029129398493513,1.9939655311637965,0.28623992131782605,0.7640491827016209,0.125,0.43,0.5291666666666667,0.6310862730225989,False,table_local_non_descriptor,uptake_or_loading,,,,,,,
ARC-MOF::ARC-MOF adsorption task table::post_comb_vsa_co2.csv,wt%,hgb,random,0,48000,12000,5,0,3.024053595356993,1.614679112711576,0.4016752490813057,0.7740355654045165,0.08333333333333333,0.425,0.5233333333333333,0.6274951471442298,False,table_local_non_descriptor,uptake_or_loading,,,,,,,
ARC-MOF::ARC-MOF adsorption task table::post_comb_vsa_co2.csv,wt%,randomforest,random,0,48000,12000,5,0,3.2714511961199833,1.7443878259832588,0.2997729357469281,0.72262864669874,0.13333333333333333,0.355,0.45666666666666667,0.5829059685035138,False,table_local_non_descriptor,uptake_or_loading,,,,,,,
ARC-MOF::ARC-MOF adsorption task table::post_comb_vsa_co2.csv,wt%,extratrees,random,0,48000,12000,5,0,3.6139800260060317,1.9152489962003505,0.14546570534300107,0.6836755624128149,0.09166666666666666,0.2966666666666667,0.4166666666666667,0.5402767437809934,False,table_local_non_descriptor,uptake_or_loading,,,,,,,
ARC-MOF::ARC-MOF adsorption task table::post_comb_vsa_co2.csv,wt%,dummy,random,1,48000,12000,5,0,4.024537399623993,2.103979321666667,-0.15240033966004418,,0.008333333333333333,0.05333333333333334,0.09166666666666666,0.19378112121217125,False,table_local_non_descriptor,uptake_or_loading,,,,,,,
ARC-MOF::ARC-MOF adsorption task table::post_comb_vsa_co2.csv,wt%,ridge,random,1,48000,12000,5,0,3.100097052624193,1.943299069437993,0.31621113740091644,0.7673550722781685,0.11666666666666667,0.4033333333333333,0.5241666666666667,0.6508903409572415,False,table_local_non_descriptor,uptake_or_loading,,,,,,,
ARC-MOF::ARC-MOF adsorption task table::post_comb_vsa_co2.csv,wt%,hgb,random,1,48000,12000,5,0,2.8379769855837003,1.5852270890283453,0.4269544017680643,0.7771843831052427,0.11666666666666667,0.395,0.5233333333333333,0.6563587844144961,False,table_local_non_descriptor,uptake_or_loading,,,,,,,
ARC-MOF::ARC-MOF adsorption task table::post_comb_vsa_co2.csv,wt%,randomforest,random,1,48000,12000,5,0,3.136162490519003,1.75159054648669,0.3002086743328657,0.7206396306086674,0.14166666666666666,0.32166666666666666,0.4425,0.5905763059909906,False,table_local_non_descriptor,uptake_or_loading,,,,,,,
ARC-MOF::ARC-MOF adsorption task table::post_comb_vsa_co2.csv,wt%,extratrees,random,1,48000,12000,5,0,3.539597428341438,1.9383890901734309,0.10858654671815482,0.6770272255833172,0.041666666666666664,0.2833333333333333,0.39,0.5263554383881641,False,table_local_non_descriptor,uptake_or_loading,,,,,,,
ARC-MOF::ARC-MOF adsorption task table::post_comb_vsa_co2.csv,wt%,dummy,random,2,48000,12000,5,0,4.142164875912936,2.1336853065,-0.15245544304269587,,0.0,0.04,0.0975,0.18752295101460728,False,table_local_non_descriptor,uptake_or_loading,,,,,,,
ARC-MOF::ARC-MOF adsorption task table::post_comb_vsa_co2.csv,wt%,ridge,random,2,48000,12000,5,0,3.2152600332644923,1.98212479730141,0.30561299563886835,0.770381174873033,0.11666666666666667,0.41333333333333333,0.5333333333333333,0.6525564913744892,False,table_local_non_descriptor,uptake_or_loading,,,,,,,
ARC-MOF::ARC-MOF adsorption task table::post_comb_vsa_co2.csv,wt%,hgb,random,2,48000,12000,5,0,2.9202027233691257,1.5999167197546116,0.42721005793371836,0.7780276887664429,0.1,0.4166666666666667,0.5308333333333334,0.6551590656494466,False,table_local_non_descriptor,uptake_or_loading,,,,,,,
ARC-MOF::ARC-MOF adsorption task table::post_comb_vsa_co2.csv,wt%,randomforest,random,2,48000,12000,5,0,3.1719182608676832,1.7326565725383931,0.3242075205487098,0.726755396692042,0.14166666666666666,0.3416666666666667,0.47333333333333333,0.6156363192694153,False,table_local_non_descriptor,uptake_or_loading,,,,,,,
ARC-MOF::ARC-MOF adsorption task table::post_comb_vsa_co2.csv,wt%,extratrees,random,2,48000,12000,5,0,3.489170451058799,1.896441488373036,0.18226280571951392,0.6860304600464215,0.06666666666666667,0.29333333333333333,0.4266666666666667,0.5650631559738458,False,table_local_non_descriptor,uptake_or_loading,,,,,,,
ARC-MOF::ARC-MOF adsorption task table::post_comb_vsa_co2.csv,wt%,dummy,random,3,48000,12000,5,0,4.08675837469544,2.1259609759166667,-0.15301807308033077,,0.008333333333333333,0.06166666666666667,0.105,0.19349180332278493,False,table_local_non_descriptor,uptake_or_loading,,,,,,,
ARC-MOF::ARC-MOF adsorption task table::post_comb_vsa_co2.csv,wt%,ridge,random,3,48000,12000,5,0,3.1588948281067175,1.9579868057270062,0.31111214892516537,0.7646760600878415,0.14166666666666666,0.435,0.5375,0.6576678476878713,False,table_local_non_descriptor,uptake_or_loading,,,,,,,
ARC-MOF::ARC-MOF adsorption task table::post_comb_vsa_co2.csv,wt%,hgb,random,3,48000,12000,5,0,2.8596531657603443,1.5782397423410044,0.4354467424672235,0.7737404107871191,0.11666666666666667,0.4216666666666667,0.54,0.6524052797981783,False,table_local_non_descriptor,uptake_or_loading,,,,,,,
ARC-MOF::ARC-MOF adsorption task table::post_comb_vsa_co2.csv,wt%,randomforest,random,3,48000,12000,5,0,3.1665554810903247,1.745770457071382,0.30776684615254024,0.7188723845339341,0.13333333333333333,0.32,0.4508333333333333,0.59163561597149,False,table_local_non_descriptor,uptake_or_loading,,,,,,,
ARC-MOF::ARC-MOF adsorption task table::post_comb_vsa_co2.csv,wt%,extratrees,random,3,48000,12000,5,0,3.55435712035147,1.9314796949784696,0.12783166699928705,0.680780438479268,0.125,0.2833333333333333,0.4041666666666667,0.5387800928606906,False,table_local_non_descriptor,uptake_or_loading,,,,,,,
ARC-MOF::ARC-MOF adsorption task table::post_comb_vsa_co2.csv,wt%,dummy,random,4,48000,12000,5,0,4.027350227622604,2.0577513194166666,-0.13995167939011388,,0.016666666666666666,0.06666666666666667,0.09666666666666666,0.1970297982566209,False,table_local_non_descriptor,uptake_or_loading,,,,,,,
ARC-MOF::ARC-MOF adsorption task table::post_comb_vsa_co2.csv,wt%,ridge,random,4,48000,12000,5,0,3.157469400741675,1.9541465854719882,0.2993099560645871,0.7641199927356319,0.21666666666666667,0.425,0.5408333333333334,0.6538368763581934,False,table_local_non_descriptor,uptake_or_loading,,,,,,,
ARC-MOF::ARC-MOF adsorption task table::post_comb_vsa_co2.csv,wt%,hgb,random,4,48000,12000,5,0,2.8742663583627577,1.5729455006680977,0.41936706135057233,0.7738601359216255,0.06666666666666667,0.41833333333333333,0.5425,0.6496276962209935,False,table_local_non_descriptor,uptake_or_loading,,,,,,,
ARC-MOF::ARC-MOF adsorption task table::post_comb_vsa_co2.csv,wt%,randomforest,random,4,48000,12000,5,0,3.1515419284136437,1.7133734490050678,0.30193827756784497,0.7235505700959098,0.09166666666666666,0.3233333333333333,0.46416666666666667,0.5917340474909112,False,table_local_non_descriptor,uptake_or_loading,,,,,,,
ARC-MOF::ARC-MOF adsorption task table::post_comb_vsa_co2.csv,wt%,extratrees,random,4,48000,12000,5,0,3.4910083970278745,1.8864190068301492,0.14345648248953524,0.6825074859849092,0.08333333333333333,0.29333333333333333,0.4241666666666667,0.5497573652958536,False,table_local_non_descriptor,uptake_or_loading,,,,,,,
ARC-MOF::ARC-MOF adsorption task table::post_comb_vsa_co2.csv,wt%,dummy,random,5,48000,12000,5,0,4.074712622651311,2.1234798275833335,-0.15716026623638846,,0.008333333333333333,0.05,0.10083333333333333,0.19638405058655503,False,table_local_non_descriptor,uptake_or_loading,,,,,,,
ARC-MOF::ARC-MOF adsorption task table::post_comb_vsa_co2.csv,wt%,ridge,random,5,48000,12000,5,0,3.1462282725186914,1.9804056500860145,0.3101097580563238,0.765504940072813,0.10833333333333334,0.4066666666666667,0.5433333333333333,0.6614084723642633,False,table_local_non_descriptor,uptake_or_loading,,,,,,,
ARC-MOF::ARC-MOF adsorption task table::post_comb_vsa_co2.csv,wt%,hgb,random,5,48000,12000,5,0,2.8428345687456753,1.596335937618679,0.4367480304444845,0.7729954109653274,0.09166666666666666,0.4066666666666667,0.5375,0.6585373760617368,False,table_local_non_descriptor,uptake_or_loading,,,,,,,
ARC-MOF::ARC-MOF adsorption task table::post_comb_vsa_co2.csv,wt%,randomforest,random,5,48000,12000,5,0,3.196656427613141,1.7760336967632093,0.28781722392693965,0.7185464301444021,0.075,0.31,0.4625,0.5857747883668718,False,table_local_non_descriptor,uptake_or_loading,,,,,,,
ARC-MOF::ARC-MOF adsorption task table::post_comb_vsa_co2.csv,wt%,extratrees,random,5,48000,12000,5,0,3.656991797058806,1.9690584655984231,0.06793217630393966,0.6779996602804016,0.016666666666666666,0.275,0.4125,0.5356848624341792,False,table_local_non_descriptor,uptake_or_loading,,,,,,,
ARC-MOF::ARC-MOF adsorption task table::post_comb_vsa_co2.csv,wt%,dummy,random,6,48000,12000,5,0,4.176866050683743,2.1544972398333333,-0.15482908520557337,,0.008333333333333333,0.04666666666666667,0.0925,0.1845571997652012,False,table_local_non_descriptor,uptake_or_loading,,,,,,,
ARC-MOF::ARC-MOF adsorption task table::post_comb_vsa_co2.csv,wt%,ridge,random,6,48000,12000,5,0,3.2545057400371,1.9958182012409293,0.29888912884748964,0.7621329160704834,0.09166666666666666,0.40166666666666667,0.5125,0.6290595970604748,False,table_local_non_descriptor,uptake_or_loading,,,,,,,
ARC-MOF::ARC-MOF adsorption task table::post_comb_vsa_co2.csv,wt%,hgb,random,6,48000,12000,5,0,2.998104994403828,1.626249818737543,0.4050091415135766,0.7686527628525682,0.08333333333333333,0.405,0.515,0.633160477663471,False,table_local_non_descriptor,uptake_or_loading,,,,,,,
ARC-MOF::ARC-MOF adsorption task table::post_comb_vsa_co2.csv,wt%,randomforest,random,6,48000,12000,5,0,3.3046630787697473,1.7956931883893248,0.27711203554779495,0.7141690648471247,0.05,0.3016666666666667,0.43916666666666665,0.5682500493920517,False,table_local_non_descriptor,uptake_or_loading,,,,,,,
ARC-MOF::ARC-MOF adsorption task table::post_comb_vsa_co2.csv,wt%,extratrees,random,6,48000,12000,5,0,3.666955924499331,1.9781956896043151,0.1099221422860418,0.673028714712902,0.058333333333333334,0.27,0.39666666666666667,0.5197499904251611,False,table_local_non_descriptor,uptake_or_loading,,,,,,,
ARC-MOF::ARC-MOF adsorption task table::post_comb_vsa_co2.csv,wt%,dummy,random,7,48000,12000,5,0,4.006431429131736,2.101529042,-0.15244463026566657,,0.008333333333333333,0.051666666666666666,0.08833333333333333,0.18275067727914107,False,table_local_non_descriptor,uptake_or_loading,,,,,,,
ARC-MOF::ARC-MOF adsorption task table::post_comb_vsa_co2.csv,wt%,ridge,random,7,48000,12000,5,0,3.0919563184847174,1.940697146255635,0.3136093797743469,0.7659342815356732,0.11666666666666667,0.4066666666666667,0.5316666666666666,0.6570242569611848,False,table_local_non_descriptor,uptake_or_loading,,,,,,,
ARC-MOF::ARC-MOF adsorption task table::post_comb_vsa_co2.csv,wt%,hgb,random,7,48000,12000,5,0,2.8050155443862166,1.5707783704122182,0.4350953038969476,0.7747234334765143,0.11666666666666667,0.4083333333333333,0.535,0.6561801701826536,False,table_local_non_descriptor,uptake_or_loading,,,,,,,
ARC-MOF::ARC-MOF adsorption task table::post_comb_vsa_co2.csv,wt%,randomforest,random,7,48000,12000,5,0,3.147705174943455,1.7462225937436218,0.2886346019529836,0.7158321120880002,0.18333333333333332,0.30333333333333334,0.4533333333333333,0.5918219226708477,False,table_local_non_descriptor,uptake_or_loading,,,,,,,
ARC-MOF::ARC-MOF adsorption task table::post_comb_vsa_co2.csv,wt%,extratrees,random,7,48000,12000,5,0,3.525766856354409,1.9211727218673822,0.1074926068980957,0.6761388534707656,0.1,0.26666666666666666,0.41333333333333333,0.5444894416065096,False,table_local_non_descriptor,uptake_or_loading,,,,,,,
ARC-MOF::ARC-MOF adsorption task table::post_comb_vsa_co2.csv,wt%,dummy,random,8,48000,12000,5,0,4.142383458554363,2.1380670525,-0.1518794343307004,,0.0,0.04666666666666667,0.10833333333333334,0.18912724378032922,False,table_local_non_descriptor,uptake_or_loading,,,,,,,
ARC-MOF::ARC-MOF adsorption task table::post_comb_vsa_co2.csv,wt%,ridge,random,8,48000,12000,5,0,3.203569843446603,1.959784963750551,0.3110704386300124,0.7692596500129568,0.15,0.43666666666666665,0.535,0.6486343471414303,False,table_local_non_descriptor,uptake_or_loading,,,,,,,
ARC-MOF::ARC-MOF adsorption task table::post_comb_vsa_co2.csv,wt%,hgb,random,8,48000,12000,5,0,2.90901687822763,1.5875317045909638,0.43193385318053146,0.7755740577197671,0.10833333333333334,0.43833333333333335,0.5325,0.6493462843792825,False,table_local_non_descriptor,uptake_or_loading,,,,,,,
ARC-MOF::ARC-MOF adsorption task table::post_comb_vsa_co2.csv,wt%,randomforest,random,8,48000,12000,5,0,3.2235075062593,1.7590324773179806,0.3024685423761351,0.7268153171507906,0.11666666666666667,0.3466666666666667,0.45166666666666666,0.5931985229500042,False,table_local_non_descriptor,uptake_or_loading,,,,,,,
ARC-MOF::ARC-MOF adsorption task table::post_comb_vsa_co2.csv,wt%,extratrees,random,8,48000,12000,5,0,3.6112450863829366,1.933468255722774,0.12457215831209179,0.689307373179767,0.1,0.30333333333333334,0.4083333333333333,0.5358026252292284,False,table_local_non_descriptor,uptake_or_loading,,,,,,,
ARC-MOF::ARC-MOF adsorption task table::post_comb_vsa_co2.csv,wt%,dummy,random,9,48000,12000,5,0,4.073845632618604,2.115943331,-0.1502032604659147,,0.0,0.043333333333333335,0.10333333333333333,0.18912608951502774,False,table_local_non_descriptor,uptake_or_loading,,,,,,,
ARC-MOF::ARC-MOF adsorption task table::post_comb_vsa_co2.csv,wt%,ridge,random,9,48000,12000,5,0,3.174177347276461,1.9879563205197044,0.3017228460631878,0.7659228944286889,0.13333333333333333,0.4066666666666667,0.5358333333333334,0.656936115271552,False,table_local_non_descriptor,uptake_or_loading,,,,,,,
ARC-MOF::ARC-MOF adsorption task table::post_comb_vsa_co2.csv,wt%,hgb,random,9,48000,12000,5,0,2.848408160047862,1.5980497343418338,0.437697648435724,0.7776583376315906,0.13333333333333333,0.42,0.5375,0.656897835903411,False,table_local_non_descriptor,uptake_or_loading,,,,,,,
ARC-MOF::ARC-MOF adsorption task table::post_comb_vsa_co2.csv,wt%,randomforest,random,9,48000,12000,5,0,3.1863328300691425,1.7722070032662145,0.29636451402419495,0.7232107707373799,0.125,0.33,0.44416666666666665,0.5835318745214249,False,table_local_non_descriptor,uptake_or_loading,,,,,,,
ARC-MOF::ARC-MOF adsorption task table::post_comb_vsa_co2.csv,wt%,extratrees,random,9,48000,12000,5,0,3.6016092611115305,1.95576721861142,0.10100216464164125,0.6867462468134524,0.10833333333333334,0.2816666666666667,0.40166666666666667,0.5408773443748061,False,table_local_non_descriptor,uptake_or_loading,,,,,,,
ARC-MOF::ARC-MOF adsorption task table::post_comb_vsa_co2.csv,v/v,dummy,random,0,48000,12000,5,0,22.757668767525946,10.24401264975,-0.15656334123461368,,0.008333333333333333,0.051666666666666666,0.09583333333333334,0.16051494222532914,False,table_local_non_descriptor,uptake_or_loading,,,,,,,
ARC-MOF::ARC-MOF adsorption task table::post_comb_vsa_co2.csv,v/v,ridge,random,0,48000,12000,5,0,18.56046705684684,11.233280700771648,0.2307071787649475,0.7132073088065874,0.14166666666666666,0.45,0.555,0.6580340440359389,False,table_local_non_descriptor,uptake_or_loading,,,,,,,
ARC-MOF::ARC-MOF adsorption task table::post_comb_vsa_co2.csv,v/v,hgb,random,0,48000,12000,5,0,16.35953371284027,8.548672232127869,0.40233789431235845,0.725079887768674,0.13333333333333333,0.45,0.5541666666666667,0.6571565449201402,False,table_local_non_descriptor,uptake_or_loading,,,,,,,
ARC-MOF::ARC-MOF adsorption task table::post_comb_vsa_co2.csv,v/v,randomforest,random,0,48000,12000,5,0,17.929970782884556,9.268994750548396,0.2820849756235704,0.6522273010161262,0.125,0.3883333333333333,0.48833333333333334,0.6008898738054834,False,table_local_non_descriptor,uptake_or_loading,,,,,,,
ARC-MOF::ARC-MOF adsorption task table::post_comb_vsa_co2.csv,v/v,extratrees,random,0,48000,12000,5,0,20.13566147211495,10.169757993148478,0.09458917893903973,0.6060815544840752,0.08333333333333333,0.3333333333333333,0.44916666666666666,0.5474743893173699,False,table_local_non_descriptor,uptake_or_loading,,,,,,,
ARC-MOF::ARC-MOF adsorption task table::post_comb_vsa_co2.csv,v/v,dummy,random,1,48000,12000,5,0,22.49955955121046,10.221294341250001,-0.15987469593110082,,0.008333333333333333,0.055,0.08916666666666667,0.15491894950180007,False,table_local_non_descriptor,uptake_or_loading,,,,,,,
ARC-MOF::ARC-MOF adsorption task table::post_comb_vsa_co2.csv,v/v,ridge,random,1,48000,12000,5,0,18.067461017904634,11.049868432022151,0.2520763028107301,0.7196675000330589,0.125,0.45,0.5508333333333333,0.6625160309503223,False,table_local_non_descriptor,uptake_or_loading,,,,,,,
ARC-MOF::ARC-MOF adsorption task table::post_comb_vsa_co2.csv,v/v,hgb,random,1,48000,12000,5,0,16.02941776246011,8.446353399166322,0.4112938993373275,0.7324351280918805,0.09166666666666666,0.43,0.55,0.664367398118622,False,table_local_non_descriptor,uptake_or_loading,,,,,,,
ARC-MOF::ARC-MOF adsorption task table::post_comb_vsa_co2.csv,v/v,randomforest,random,1,48000,12000,5,0,17.72173110013669,9.333208095351338,0.28042622679787155,0.6553855203668605,0.15,0.37333333333333335,0.4775,0.6003656621327472,False,table_local_non_descriptor,uptake_or_loading,,,,,,,
ARC-MOF::ARC-MOF adsorption task table::post_comb_vsa_co2.csv,v/v,extratrees,random,1,48000,12000,5,0,19.944381800683185,10.295436184390569,0.08861012468489626,0.6004552546809855,0.11666666666666667,0.32,0.4191666666666667,0.526555374826974,False,table_local_non_descriptor,uptake_or_loading,,,,,,,
ARC-MOF::ARC-MOF adsorption task table::post_comb_vsa_co2.csv,v/v,dummy,random,2,48000,12000,5,0,23.135575894343887,10.428795654,-0.15851415031965854,,0.008333333333333333,0.041666666666666664,0.09666666666666666,0.15556819429854885,False,table_local_non_descriptor,uptake_or_loading,,,,,,,
ARC-MOF::ARC-MOF adsorption task table::post_comb_vsa_co2.csv,v/v,ridge,random,2,48000,12000,5,0,18.692409487673814,11.251048764797956,0.2437397281158621,0.7183956373289566,0.125,0.4583333333333333,0.5558333333333333,0.6609424761890336,False,table_local_non_descriptor,uptake_or_loading,,,,,,,
ARC-MOF::ARC-MOF adsorption task table::post_comb_vsa_co2.csv,v/v,hgb,random,2,48000,12000,5,0,16.487565286504086,8.523741709179816,0.4116255975762647,0.7318428960834538,0.11666666666666667,0.45666666666666667,0.5541666666666667,0.6578073385557631,False,table_local_non_descriptor,uptake_or_loading,,,,,,,
ARC-MOF::ARC-MOF adsorption task table::post_comb_vsa_co2.csv,v/v,randomforest,random,2,48000,12000,5,0,17.907492302433603,9.208050650065038,0.3059188338286679,0.659435350641004,0.08333333333333333,0.39666666666666667,0.5083333333333333,0.6190563282326325,False,table_local_non_descriptor,uptake_or_loading,,,,,,,
ARC-MOF::ARC-MOF adsorption task table::post_comb_vsa_co2.csv,v/v,extratrees,random,2,48000,12000,5,0,19.630845233693602,10.016171651360843,0.16589886520936836,0.6073551368377916,0.08333333333333333,0.35,0.4633333333333333,0.5629901694646633,False,table_local_non_descriptor,uptake_or_loading,,,,,,,
ARC-MOF::ARC-MOF adsorption task table::post_comb_vsa_co2.csv,v/v,dummy,random,3,48000,12000,5,0,22.765035158182688,10.381178874583332,-0.1626401728588729,,0.008333333333333333,0.056666666666666664,0.105,0.16135963772749362,False,table_local_non_descriptor,uptake_or_loading,,,,,,,
ARC-MOF::ARC-MOF adsorption task table::post_comb_vsa_co2.csv,v/v,ridge,random,3,48000,12000,5,0,18.296842123929807,11.144914987603045,0.24896365243726637,0.7153567218174214,0.15833333333333333,0.4633333333333333,0.56,0.6724240352178992,False,table_local_non_descriptor,uptake_or_loading,,,,,,,
ARC-MOF::ARC-MOF adsorption task table::post_comb_vsa_co2.csv,v/v,hgb,random,3,48000,12000,5,0,16.021596658721812,8.446627524271797,0.42413555805457515,0.7303512142553019,0.15,0.4483333333333333,0.5558333333333333,0.6664584756386379,False,table_local_non_descriptor,uptake_or_loading,,,,,,,
ARC-MOF::ARC-MOF adsorption task table::post_comb_vsa_co2.csv,v/v,randomforest,random,3,48000,12000,5,0,17.685119604468817,9.301850380051429,0.2983432993536024,0.6520934757264969,0.10833333333333334,0.38666666666666666,0.5033333333333333,0.6167692646098227,False,table_local_non_descriptor,uptake_or_loading,,,,,,,
ARC-MOF::ARC-MOF adsorption task table::post_comb_vsa_co2.csv,v/v,extratrees,random,3,48000,12000,5,0,19.9140700044476,10.258871253767206,0.1103304361365004,0.6022093037759565,0.075,0.32666666666666666,0.44583333333333336,0.5409246332407729,False,table_local_non_descriptor,uptake_or_loading,,,,,,,
ARC-MOF::ARC-MOF adsorption task table::post_comb_vsa_co2.csv,v/v,dummy,random,4,48000,12000,5,0,22.790220482644038,10.1046442485,-0.14936908811925553,,0.016666666666666666,0.065,0.10166666666666667,0.16428622123163553,False,table_local_non_descriptor,uptake_or_loading,,,,,,,
ARC-MOF::ARC-MOF adsorption task table::post_comb_vsa_co2.csv,v/v,ridge,random,4,48000,12000,5,0,18.564057116974578,11.166386027963307,0.2373798936804178,0.7128706107348646,0.25,0.47333333333333333,0.5566666666666666,0.6626335088241146,False,table_local_non_descriptor,uptake_or_loading,,,,,,,
ARC-MOF::ARC-MOF adsorption task table::post_comb_vsa_co2.csv,v/v,hgb,random,4,48000,12000,5,0,16.368313918796986,8.466849591217557,0.40711515358631145,0.727049340992375,0.15,0.465,0.5583333333333333,0.6588921789450918,False,table_local_non_descriptor,uptake_or_loading,,,,,,,
ARC-MOF::ARC-MOF adsorption task table::post_comb_vsa_co2.csv,v/v,randomforest,random,4,48000,12000,5,0,17.86279475870551,9.172818436542121,0.29390802472108446,0.6541254771929258,0.1,0.4066666666666667,0.49666666666666665,0.610364992301746,False,table_local_non_descriptor,uptake_or_loading,,,,,,,
ARC-MOF::ARC-MOF adsorption task table::post_comb_vsa_co2.csv,v/v,extratrees,random,4,48000,12000,5,0,19.77893722538319,10.061755391169548,0.13429811445374418,0.6037581504948809,0.075,0.36,0.45,0.5453077066230214,False,table_local_non_descriptor,uptake_or_loading,,,,,,,
ARC-MOF::ARC-MOF adsorption task table::post_comb_vsa_co2.csv,v/v,dummy,random,5,48000,12000,5,0,22.74238579292431,10.324395351083334,-0.16394994658943696,,0.0,0.05,0.10166666666666667,0.16122715594334963,False,table_local_non_descriptor,uptake_or_loading,,,,,,,
ARC-MOF::ARC-MOF adsorption task table::post_comb_vsa_co2.csv,v/v,ridge,random,5,48000,12000,5,0,18.341800862401765,11.232915576572168,0.24291226987577275,0.7164407582227583,0.125,0.4483333333333333,0.5616666666666666,0.6638565859863272,False,table_local_non_descriptor,uptake_or_loading,,,,,,,
ARC-MOF::ARC-MOF adsorption task table::post_comb_vsa_co2.csv,v/v,hgb,random,5,48000,12000,5,0,16.15256986706689,8.49965610959114,0.4128547980261569,0.7279633160655568,0.13333333333333333,0.44166666666666665,0.5575,0.6657660325864233,False,table_local_non_descriptor,uptake_or_loading,,,,,,,
ARC-MOF::ARC-MOF adsorption task table::post_comb_vsa_co2.csv,v/v,randomforest,random,5,48000,12000,5,0,18.073502546201738,9.447144499002471,0.2648991768897756,0.6516319543094891,0.1,0.365,0.4975,0.6004533226576788,False,table_local_non_descriptor,uptake_or_loading,,,,,,,
ARC-MOF::ARC-MOF adsorption task table::post_comb_vsa_co2.csv,v/v,extratrees,random,5,48000,12000,5,0,20.570198632308365,10.46188914386012,0.04777576473784928,0.5999043652858853,0.03333333333333333,0.3233333333333333,0.44,0.5294537702780545,False,table_local_non_descriptor,uptake_or_loading,,,,,,,
ARC-MOF::ARC-MOF adsorption task table::post_comb_vsa_co2.csv,v/v,dummy,random,6,48000,12000,5,0,23.20348449714334,10.514085724666666,-0.1635137974832035,,0.016666666666666666,0.045,0.09166666666666666,0.1533381312049895,False,table_local_non_descriptor,uptake_or_loading,,,,,,,
ARC-MOF::ARC-MOF adsorption task table::post_comb_vsa_co2.csv,v/v,ridge,random,6,48000,12000,5,0,18.767083018277493,11.320673115025333,0.23887029567592932,0.7120973870270941,0.11666666666666667,0.44166666666666665,0.5325,0.6422975534077924,False,table_local_non_descriptor,uptake_or_loading,,,,,,,
ARC-MOF::ARC-MOF adsorption task table::post_comb_vsa_co2.csv,v/v,hgb,random,6,48000,12000,5,0,16.79444289690402,8.677093579257518,0.3904682604572274,0.7236922634666241,0.125,0.4483333333333333,0.5408333333333334,0.642355844445273,False,table_local_non_descriptor,uptake_or_loading,,,,,,,
ARC-MOF::ARC-MOF adsorption task table::post_comb_vsa_co2.csv,v/v,randomforest,random,6,48000,12000,5,0,18.55032574900737,9.585258128924448,0.2563506516251366,0.6481138898894206,0.1,0.34833333333333333,0.4775,0.5881153061907525,False,table_local_non_descriptor,uptake_or_loading,,,,,,,
ARC-MOF::ARC-MOF adsorption task table::post_comb_vsa_co2.csv,v/v,extratrees,random,6,48000,12000,5,0,20.711873568415065,10.54607607135176,0.07294842996239936,0.593533663400186,0.08333333333333333,0.3,0.4216666666666667,0.5172989280791025,False,table_local_non_descriptor,uptake_or_loading,,,,,,,
ARC-MOF::ARC-MOF adsorption task table::post_comb_vsa_co2.csv,v/v,dummy,random,7,48000,12000,5,0,22.233696672271222,10.183564024333332,-0.1625520340517672,,0.008333333333333333,0.056666666666666664,0.0875,0.1516534927271348,False,table_local_non_descriptor,uptake_or_loading,,,,,,,
ARC-MOF::ARC-MOF adsorption task table::post_comb_vsa_co2.csv,v/v,ridge,random,7,48000,12000,5,0,17.883604896980877,11.0244952351237,0.2478591434107722,0.7133385652596405,0.175,0.4633333333333333,0.5566666666666666,0.6757129152279353,False,table_local_non_descriptor,uptake_or_loading,,,,,,,
ARC-MOF::ARC-MOF adsorption task table::post_comb_vsa_co2.csv,v/v,hgb,random,7,48000,12000,5,0,15.638514933023503,8.354509063259304,0.4248514015555097,0.7283346984699064,0.18333333333333332,0.46166666666666667,0.5575,0.6762791416762398,False,table_local_non_descriptor,uptake_or_loading,,,,,,,
ARC-MOF::ARC-MOF adsorption task table::post_comb_vsa_co2.csv,v/v,randomforest,random,7,48000,12000,5,0,17.463983461337584,9.252583069204864,0.2827415549512352,0.6456321659112202,0.15833333333333333,0.4,0.475,0.6042414872097357,False,table_local_non_descriptor,uptake_or_loading,,,,,,,
ARC-MOF::ARC-MOF adsorption task table::post_comb_vsa_co2.csv,v/v,extratrees,random,7,48000,12000,5,0,19.67683035597964,10.176129263807725,0.08945936859982051,0.5956971259455931,0.075,0.32666666666666666,0.4225,0.5448784984646167,False,table_local_non_descriptor,uptake_or_loading,,,,,,,
ARC-MOF::ARC-MOF adsorption task table::post_comb_vsa_co2.csv,v/v,dummy,random,8,48000,12000,5,0,22.655329945350847,10.37243614475,-0.1646659815085012,,0.0,0.055,0.10916666666666666,0.15880351896781233,False,table_local_non_descriptor,uptake_or_loading,,,,,,,
ARC-MOF::ARC-MOF adsorption task table::post_comb_vsa_co2.csv,v/v,ridge,random,8,48000,12000,5,0,18.081631733974266,11.101684373228961,0.2581162696670407,0.7204285926455509,0.175,0.4816666666666667,0.5616666666666666,0.6703806469905923,False,table_local_non_descriptor,uptake_or_loading,,,,,,,
ARC-MOF::ARC-MOF adsorption task table::post_comb_vsa_co2.csv,v/v,hgb,random,8,48000,12000,5,0,15.815953050813771,8.426973685224455,0.4323882962997202,0.7330408271877359,0.16666666666666666,0.4866666666666667,0.555,0.6712341170575801,False,table_local_non_descriptor,uptake_or_loading,,,,,,,
ARC-MOF::ARC-MOF adsorption task table::post_comb_vsa_co2.csv,v/v,randomforest,random,8,48000,12000,5,0,17.633020394202923,9.324663775894962,0.2944723688064088,0.6627746077950704,0.09166666666666666,0.4,0.4816666666666667,0.6066969879537105,False,table_local_non_descriptor,uptake_or_loading,,,,,,,
ARC-MOF::ARC-MOF adsorption task table::post_comb_vsa_co2.csv,v/v,extratrees,random,8,48000,12000,5,0,20.017380347913736,10.264545557434085,0.09076720905402647,0.6155833353342337,0.08333333333333333,0.3516666666666667,0.44666666666666666,0.5502972983694894,False,table_local_non_descriptor,uptake_or_loading,,,,,,,
ARC-MOF::ARC-MOF adsorption task table::post_comb_vsa_co2.csv,v/v,dummy,random,9,48000,12000,5,0,22.76740406076156,10.27580261925,-0.15802317293778811,,0.0,0.04,0.09666666666666666,0.15419077175778417,False,table_local_non_descriptor,uptake_or_loading,,,,,,,
ARC-MOF::ARC-MOF adsorption task table::post_comb_vsa_co2.csv,v/v,ridge,random,9,48000,12000,5,0,18.510623100747516,11.29826383609721,0.2345227359847295,0.7179758549516183,0.16666666666666666,0.45166666666666666,0.5625,0.6669482674577868,False,table_local_non_descriptor,uptake_or_loading,,,,,,,
ARC-MOF::ARC-MOF adsorption task table::post_comb_vsa_co2.csv,v/v,hgb,random,9,48000,12000,5,0,16.037243422654367,8.49112798790574,0.4254211151008793,0.7322216420145514,0.175,0.465,0.5616666666666666,0.6741458844176587,False,table_local_non_descriptor,uptake_or_loading,,,,,,,
ARC-MOF::ARC-MOF adsorption task table::post_comb_vsa_co2.csv,v/v,randomforest,random,9,48000,12000,5,0,17.845599243378373,9.391270334621911,0.2885367180778181,0.656449373147569,0.13333333333333333,0.37833333333333335,0.4791666666666667,0.5965733893846115,False,table_local_non_descriptor,uptake_or_loading,,,,,,,
ARC-MOF::ARC-MOF adsorption task table::post_comb_vsa_co2.csv,v/v,extratrees,random,9,48000,12000,5,0,20.018185932036857,10.337776019451088,0.10475963189556536,0.6088452221912368,0.09166666666666666,0.31833333333333336,0.43083333333333335,0.5395473660727551,False,table_local_non_descriptor,uptake_or_loading,,,,,,,
ARC-MOF::ARC-MOF adsorption task table::post_comb_vsa_co2.csv,mmol/g,dummy,random,0,48000,12000,5,0,0.9507729353851071,0.48290679958333327,-0.1455247773760382,,0.008333333333333333,0.05,0.0925,0.1897307541595084,False,table_local_non_descriptor,uptake_or_loading,,,,,,,
ARC-MOF::ARC-MOF adsorption task table::post_comb_vsa_co2.csv,mmol/g,ridge,random,0,48000,12000,5,0,0.750499994781481,0.4530761620237222,0.2862399223873382,0.7640491513608363,0.125,0.43,0.5291666666666667,0.6310862714980752,False,table_local_non_descriptor,uptake_or_loading,,,,,,,
ARC-MOF::ARC-MOF adsorption task table::post_comb_vsa_co2.csv,mmol/g,hgb,random,0,48000,12000,5,0,0.6871365511102809,0.3668933120880237,0.4016752507311683,0.7740355196260623,0.08333333333333333,0.425,0.5233333333333333,0.6274951476283551,False,table_local_non_descriptor,uptake_or_loading,,,,,,,
ARC-MOF::ARC-MOF adsorption task table::post_comb_vsa_co2.csv,mmol/g,randomforest,random,0,48000,12000,5,0,0.7433511343090138,0.39636613175561625,0.29977295120154523,0.7226293430288644,0.13333333333333333,0.355,0.45666666666666667,0.5829059672527387,False,table_local_non_descriptor,uptake_or_loading,,,,,,,
ARC-MOF::ARC-MOF adsorption task table::post_comb_vsa_co2.csv,mmol/g,extratrees,random,0,48000,12000,5,0,0.8211818006118669,0.4351899021995703,0.1454657037552597,0.6836754476376756,0.09166666666666666,0.2966666666666667,0.4166666666666667,0.5402767420939196,False,table_local_non_descriptor,uptake_or_loading,,,,,,,
ARC-MOF::ARC-MOF adsorption task table::post_comb_vsa_co2.csv,mmol/g,dummy,random,1,48000,12000,5,0,0.9144701218300759,0.4780738945833333,-0.15240028580357579,,0.008333333333333333,0.05333333333333334,0.09166666666666666,0.1937811199411078,False,table_local_non_descriptor,uptake_or_loading,,,,,,,
ARC-MOF::ARC-MOF adsorption task table::post_comb_vsa_co2.csv,mmol/g,ridge,random,1,48000,12000,5,0,0.7044154190900533,0.4415635419452467,0.31621113578149995,0.7673550294533816,0.11666666666666667,0.4033333333333333,0.5241666666666667,0.650890337684338,False,table_local_non_descriptor,uptake_or_loading,,,,,,,
ARC-MOF::ARC-MOF adsorption task table::post_comb_vsa_co2.csv,mmol/g,hgb,random,1,48000,12000,5,0,0.6448555366357781,0.36020111104140734,0.42695439993789197,0.777184337522615,0.11666666666666667,0.395,0.5233333333333333,0.6563587844803379,False,table_local_non_descriptor,uptake_or_loading,,,,,,,
ARC-MOF::ARC-MOF adsorption task table::post_comb_vsa_co2.csv,mmol/g,randomforest,random,1,48000,12000,5,0,0.7126103613597462,0.3980028544071441,0.3002086309715617,0.7206398305098722,0.14166666666666666,0.32166666666666666,0.4425,0.5905763018518368,False,table_local_non_descriptor,uptake_or_loading,,,,,,,
ARC-MOF::ARC-MOF adsorption task table::post_comb_vsa_co2.csv,mmol/g,extratrees,random,1,48000,12000,5,0,0.8042803120928048,0.44044788086535636,0.1085865309446159,0.6770272813457312,0.041666666666666664,0.2833333333333333,0.39,0.5263554332268593,False,table_local_non_descriptor,uptake_or_loading,,,,,,,
ARC-MOF::ARC-MOF adsorption task table::post_comb_vsa_co2.csv,mmol/g,dummy,random,2,48000,12000,5,0,0.9411977454171258,0.4848237935833334,-0.1524550840560921,,0.0,0.04,0.0975,0.18752294532424155,False,table_local_non_descriptor,uptake_or_loading,,,,,,,
ARC-MOF::ARC-MOF adsorption task table::post_comb_vsa_co2.csv,mmol/g,ridge,random,2,48000,12000,5,0,0.7305831755271434,0.45038566640452293,0.305612994244968,0.7703812549481256,0.11666666666666667,0.41333333333333333,0.5333333333333333,0.6525564890512723,False,table_local_non_descriptor,uptake_or_loading,,,,,,,
ARC-MOF::ARC-MOF adsorption task table::post_comb_vsa_co2.csv,mmol/g,hgb,random,2,48000,12000,5,0,0.6635391725375026,0.3635389461645777,0.4272100550961363,0.7780277458794191,0.1,0.4166666666666667,0.5308333333333334,0.6551590630809577,False,table_local_non_descriptor,uptake_or_loading,,,,,,,
ARC-MOF::ARC-MOF adsorption task table::post_comb_vsa_co2.csv,mmol/g,randomforest,random,2,48000,12000,5,0,0.7207348946731366,0.39370055565113987,0.32420752742501124,0.7267555331651359,0.14166666666666666,0.3416666666666667,0.47333333333333333,0.6156363169916701,False,table_local_non_descriptor,uptake_or_loading,,,,,,,
ARC-MOF::ARC-MOF adsorption task table::post_comb_vsa_co2.csv,mmol/g,extratrees,random,2,48000,12000,5,0,0.7928221094934736,0.4309163934573301,0.18226279506198562,0.6860304989411821,0.06666666666666667,0.29333333333333333,0.4266666666666667,0.5650630558018644,False,table_local_non_descriptor,uptake_or_loading,,,,,,,
ARC-MOF::ARC-MOF adsorption task table::post_comb_vsa_co2.csv,mmol/g,dummy,random,3,48000,12000,5,0,0.9286083094440875,0.4830686475,-0.15301828338368484,,0.008333333333333333,0.06166666666666667,0.105,0.19349180238069952,False,table_local_non_descriptor,uptake_or_loading,,,,,,,
ARC-MOF::ARC-MOF adsorption task table::post_comb_vsa_co2.csv,mmol/g,ridge,random,3,48000,12000,5,0,0.7177756661413529,0.44490093890744264,0.31111215069557074,0.7646760203661243,0.14166666666666666,0.435,0.5375,0.6576678483340956,False,table_local_non_descriptor,uptake_or_loading,,,,,,,
ARC-MOF::ARC-MOF adsorption task table::post_comb_vsa_co2.csv,mmol/g,hgb,random,3,48000,12000,5,0,0.6497808794117018,0.35861341673873026,0.43544674205362477,0.7737403663292522,0.11666666666666667,0.4216666666666667,0.54,0.6524052774139752,False,table_local_non_descriptor,uptake_or_loading,,,,,,,
ARC-MOF::ARC-MOF adsorption task table::post_comb_vsa_co2.csv,mmol/g,randomforest,random,3,48000,12000,5,0,0.7195163483139753,0.39668034937885294,0.3077668469483613,0.7188723511424087,0.13333333333333333,0.32,0.4508333333333333,0.5916356153268107,False,table_local_non_descriptor,uptake_or_loading,,,,,,,
ARC-MOF::ARC-MOF adsorption task table::post_comb_vsa_co2.csv,mmol/g,extratrees,random,3,48000,12000,5,0,0.8076340590698486,0.4388778961201802,0.1278316675765011,0.6807801149961665,0.125,0.2833333333333333,0.4041666666666667,0.5387800809940552,False,table_local_non_descriptor,uptake_or_loading,,,,,,,
ARC-MOF::ARC-MOF adsorption task table::post_comb_vsa_co2.csv,mmol/g,dummy,random,4,48000,12000,5,0,0.91510920296925,0.46756980325,-0.13995146766877897,,0.016666666666666666,0.06666666666666667,0.09666666666666666,0.1970298027375065,False,table_local_non_descriptor,uptake_or_loading,,,,,,,
ARC-MOF::ARC-MOF adsorption task table::post_comb_vsa_co2.csv,mmol/g,ridge,random,4,48000,12000,5,0,0.7174517781847031,0.4440283569194781,0.29930995260002047,0.7641198909115949,0.21666666666666667,0.425,0.5408333333333334,0.6538368765544762,False,table_local_non_descriptor,uptake_or_loading,,,,,,,
ARC-MOF::ARC-MOF adsorption task table::post_comb_vsa_co2.csv,mmol/g,hgb,random,4,48000,12000,5,0,0.6531013447287296,0.3574104461329625,0.4193670574770403,0.7738600395586102,0.06666666666666667,0.41833333333333333,0.5425,0.6496276936528527,False,table_local_non_descriptor,uptake_or_loading,,,,,,,
ARC-MOF::ARC-MOF adsorption task table::post_comb_vsa_co2.csv,mmol/g,randomforest,random,4,48000,12000,5,0,0.7161049172826928,0.38931899314740825,0.30193827196953416,0.7235506694925445,0.09166666666666666,0.3233333333333333,0.46416666666666667,0.5917340433171521,False,table_local_non_descriptor,uptake_or_loading,,,,,,,
ARC-MOF::ARC-MOF adsorption task table::post_comb_vsa_co2.csv,mmol/g,extratrees,random,4,48000,12000,5,0,0.7932397315207138,0.4286390401705569,0.1434564798795832,0.6825071543829357,0.08333333333333333,0.29333333333333333,0.4241666666666667,0.5497573637611207,False,table_local_non_descriptor,uptake_or_loading,,,,,,,
ARC-MOF::ARC-MOF adsorption task table::post_comb_vsa_co2.csv,mmol/g,dummy,random,5,48000,12000,5,0,0.9258712192503403,0.4825048769166667,-0.15716044466921786,,0.008333333333333333,0.05,0.10083333333333333,0.19638405595453154,False,table_local_non_descriptor,uptake_or_loading,,,,,,,
ARC-MOF::ARC-MOF adsorption task table::post_comb_vsa_co2.csv,mmol/g,ridge,random,5,48000,12000,5,0,0.7148975275275079,0.449995037056926,0.3101097593860821,0.7655048352542152,0.10833333333333334,0.4066666666666667,0.5433333333333333,0.6614084758327157,False,table_local_non_descriptor,uptake_or_loading,,,,,,,
ARC-MOF::ARC-MOF adsorption task table::post_comb_vsa_co2.csv,mmol/g,hgb,random,5,48000,12000,5,0,0.64595929575591,0.3627253084121409,0.4367480343916752,0.7729953245517448,0.09166666666666666,0.4066666666666667,0.5375,0.658537378597507,False,table_local_non_descriptor,uptake_or_loading,,,,,,,
ARC-MOF::ARC-MOF adsorption task table::post_comb_vsa_co2.csv,mmol/g,randomforest,random,5,48000,12000,5,0,0.7263559976404523,0.4035568878966015,0.28781722577687285,0.7185463716495759,0.075,0.31,0.4625,0.5857747889513633,False,table_local_non_descriptor,uptake_or_loading,,,,,,,
ARC-MOF::ARC-MOF adsorption task table::post_comb_vsa_co2.csv,mmol/g,extratrees,random,5,48000,12000,5,0,0.8309550909574241,0.44741668872486284,0.06793217349581782,0.6779996111746822,0.016666666666666666,0.275,0.4125,0.5356848645915316,False,table_local_non_descriptor,uptake_or_loading,,,,,,,
ARC-MOF::ARC-MOF adsorption task table::post_comb_vsa_co2.csv,mmol/g,dummy,random,6,48000,12000,5,0,0.9490827688097822,0.48955276016666666,-0.15482895170669697,,0.008333333333333333,0.04666666666666667,0.0925,0.18455719977746532,False,table_local_non_descriptor,uptake_or_loading,,,,,,,
ARC-MOF::ARC-MOF adsorption task table::post_comb_vsa_co2.csv,mmol/g,ridge,random,6,48000,12000,5,0,0.7395007315376652,0.45349713044558304,0.29888912765786346,0.7621328996113572,0.09166666666666666,0.40166666666666667,0.5125,0.6290595939318392,False,table_local_non_descriptor,uptake_or_loading,,,,,,,
ARC-MOF::ARC-MOF adsorption task table::post_comb_vsa_co2.csv,mmol/g,hgb,random,6,48000,12000,5,0,0.6812404147376396,0.3695224466973781,0.40500913861443444,0.7686527843669125,0.08333333333333333,0.405,0.515,0.6331604743235819,False,table_local_non_descriptor,uptake_or_loading,,,,,,,
ARC-MOF::ARC-MOF adsorption task table::post_comb_vsa_co2.csv,mmol/g,randomforest,random,6,48000,12000,5,0,0.750897496871999,0.40802374793212465,0.2771123599941645,0.7141694360857036,0.05,0.3016666666666667,0.43916666666666665,0.5682500494749452,False,table_local_non_descriptor,uptake_or_loading,,,,,,,
ARC-MOF::ARC-MOF adsorption task table::post_comb_vsa_co2.csv,mmol/g,extratrees,random,6,48000,12000,5,0,0.8332191762508294,0.4494928813657673,0.10992213871862144,0.6730287392740263,0.058333333333333334,0.27,0.39666666666666667,0.5197499897254745,False,table_local_non_descriptor,uptake_or_loading,,,,,,,
ARC-MOF::ARC-MOF adsorption task table::post_comb_vsa_co2.csv,mmol/g,dummy,random,7,48000,12000,5,0,0.9103560040818884,0.47751713633333337,-0.15244453801382907,,0.008333333333333333,0.051666666666666666,0.08833333333333333,0.18275067689219357,False,table_local_non_descriptor,uptake_or_loading,,,,,,,
ARC-MOF::ARC-MOF adsorption task table::post_comb_vsa_co2.csv,mmol/g,ridge,random,7,48000,12000,5,0,0.702565653943169,0.44097232119643,0.3136093771236983,0.7659341452857039,0.11666666666666667,0.4066666666666667,0.5316666666666666,0.6570242520238033,False,table_local_non_descriptor,uptake_or_loading,,,,,,,
ARC-MOF::ARC-MOF adsorption task table::post_comb_vsa_co2.csv,mmol/g,hgb,random,7,48000,12000,5,0,0.6373659204077252,0.35691802346921697,0.4350952991189406,0.7747232969096723,0.11666666666666667,0.4083333333333333,0.535,0.6561801662495739,False,table_local_non_descriptor,uptake_or_loading,,,,,,,
ARC-MOF::ARC-MOF adsorption task table::post_comb_vsa_co2.csv,mmol/g,randomforest,random,7,48000,12000,5,0,0.7152332329197169,0.3967832624343543,0.28863436177290624,0.7158319183422638,0.18333333333333332,0.30333333333333334,0.4533333333333333,0.5918219215246701,False,table_local_non_descriptor,uptake_or_loading,,,,,,,
ARC-MOF::ARC-MOF adsorption task table::post_comb_vsa_co2.csv,mmol/g,extratrees,random,7,48000,12000,5,0,0.8011376745395576,0.43653590857106783,0.10749260512117431,0.6761386636471564,0.1,0.26666666666666666,0.41333333333333333,0.5444894365099229,False,table_local_non_descriptor,uptake_or_loading,,,,,,,
ARC-MOF::ARC-MOF adsorption task table::post_comb_vsa_co2.csv,mmol/g,dummy,random,8,48000,12000,5,0,0.9412476045803053,0.4858194376666667,-0.15187954445073215,,0.0,0.04666666666666667,0.10833333333333334,0.18912724279668805,False,table_local_non_descriptor,uptake_or_loading,,,,,,,
ARC-MOF::ARC-MOF adsorption task table::post_comb_vsa_co2.csv,mmol/g,ridge,random,8,48000,12000,5,0,0.7279268875253057,0.44530952823036796,0.31107043826158676,0.7692595394053209,0.15,0.43666666666666665,0.535,0.6486343454592075,False,table_local_non_descriptor,uptake_or_loading,,,,,,,
ARC-MOF::ARC-MOF adsorption task table::post_comb_vsa_co2.csv,mmol/g,hgb,random,8,48000,12000,5,0,0.6609974821432189,0.3607247761153555,0.4319338537022853,0.7755739766617117,0.10833333333333334,0.43833333333333335,0.5325,0.6493462854345324,False,table_local_non_descriptor,uptake_or_loading,,,,,,,
ARC-MOF::ARC-MOF adsorption task table::post_comb_vsa_co2.csv,mmol/g,randomforest,random,8,48000,12000,5,0,0.7324571982032223,0.3996938094796523,0.30246853853492417,0.7268152347395745,0.11666666666666667,0.3466666666666667,0.45166666666666666,0.5931985247490188,False,table_local_non_descriptor,uptake_or_loading,,,,,,,
ARC-MOF::ARC-MOF adsorption task table::post_comb_vsa_co2.csv,mmol/g,extratrees,random,8,48000,12000,5,0,0.8205603564321725,0.439329751986067,0.12457214667289196,0.6893072051824418,0.1,0.30333333333333334,0.4083333333333333,0.5358026254506547,False,table_local_non_descriptor,uptake_or_loading,,,,,,,
ARC-MOF::ARC-MOF adsorption task table::post_comb_vsa_co2.csv,mmol/g,dummy,random,9,48000,12000,5,0,0.9256741473346622,0.4807924041666667,-0.15020325210020458,,0.0,0.043333333333333335,0.10333333333333333,0.18912609187258697,False,table_local_non_descriptor,uptake_or_loading,,,,,,,
ARC-MOF::ARC-MOF adsorption task table::post_comb_vsa_co2.csv,mmol/g,ridge,random,9,48000,12000,5,0,0.7212482245648191,0.45171073213207713,0.30172284151795725,0.7659229614730849,0.13333333333333333,0.4066666666666667,0.5358333333333334,0.6569361120343254,False,table_local_non_descriptor,uptake_or_loading,,,,,,,
ARC-MOF::ARC-MOF adsorption task table::post_comb_vsa_co2.csv,mmol/g,hgb,random,9,48000,12000,5,0,0.6472257540358207,0.3631147261189549,0.4376976454521997,0.7776584272658897,0.13333333333333333,0.42,0.5375,0.6568978324467397,False,table_local_non_descriptor,uptake_or_loading,,,,,,,
ARC-MOF::ARC-MOF adsorption task table::post_comb_vsa_co2.csv,mmol/g,randomforest,random,9,48000,12000,5,0,0.7240102597562407,0.4026873743601588,0.2963644670974017,0.723210589542979,0.125,0.33,0.44416666666666665,0.5835318726376825,False,table_local_non_descriptor,uptake_or_loading,,,,,,,
ARC-MOF::ARC-MOF adsorption task table::post_comb_vsa_co2.csv,mmol/g,extratrees,random,9,48000,12000,5,0,0.8183708662538642,0.44439659615838756,0.1010021725077328,0.6867461727074019,0.10833333333333334,0.2816666666666667,0.40166666666666667,0.5408773432018807,False,table_local_non_descriptor,uptake_or_loading,,,,,,,
ARC-MOF::ARC-MOF adsorption task table::post_comb_vsa_co2.csv,S(g1),dummy,random,0,48000,12000,5,0,52.055171592547765,20.55483172125,-0.13794535430623434,,0.008333333333333333,0.05333333333333334,0.08583333333333333,0.1374198545368521,False,table_local_non_descriptor,selectivity,,,,,,,
ARC-MOF::ARC-MOF adsorption task table::post_comb_vsa_co2.csv,S(g1),ridge,random,0,48000,12000,5,0,45.607162531447266,24.842286229745234,0.1265063566104372,0.5789721877005319,0.1,0.3933333333333333,0.4975,0.5271544737939498,False,table_local_non_descriptor,selectivity,,,,,,,
ARC-MOF::ARC-MOF adsorption task table::post_comb_vsa_co2.csv,S(g1),hgb,random,0,48000,12000,5,0,42.18065803756174,19.85700869221849,0.2528284212794438,0.5953763912262927,0.09166666666666666,0.4,0.495,0.5421773401189804,False,table_local_non_descriptor,selectivity,,,,,,,
ARC-MOF::ARC-MOF adsorption task table::post_comb_vsa_co2.csv,S(g1),randomforest,random,0,48000,12000,5,0,46.16931222524792,21.36733275114628,0.10484044372054058,0.5031418546419189,0.09166666666666666,0.31,0.425,0.45864507008353567,False,table_local_non_descriptor,selectivity,,,,,,,
ARC-MOF::ARC-MOF adsorption task table::post_comb_vsa_co2.csv,S(g1),extratrees,random,0,48000,12000,5,0,53.78036246333192,23.570683953015948,-0.2146218575846719,0.45248379505469677,0.05,0.26166666666666666,0.38166666666666665,0.40502600440761355,False,table_local_non_descriptor,selectivity,,,,,,,
ARC-MOF::ARC-MOF adsorption task table::post_comb_vsa_co2.csv,S(g1),dummy,random,1,48000,12000,5,0,51.79338201914315,20.452242139583333,-0.13799917086334257,,0.008333333333333333,0.045,0.09333333333333334,0.12629254767148632,False,table_local_non_descriptor,selectivity,,,,,,,
ARC-MOF::ARC-MOF adsorption task table::post_comb_vsa_co2.csv,S(g1),ridge,random,1,48000,12000,5,0,44.97880919823965,24.617907629593752,0.1417588945539271,0.5872882706640937,0.14166666666666666,0.41333333333333333,0.5116666666666667,0.5366729505255717,False,table_local_non_descriptor,selectivity,,,,,,,
ARC-MOF::ARC-MOF adsorption task table::post_comb_vsa_co2.csv,S(g1),hgb,random,1,48000,12000,5,0,41.75835814777618,19.73549474697324,0.2602580736334452,0.6011319741424515,0.14166666666666666,0.405,0.5025,0.5509562779099891,False,table_local_non_descriptor,selectivity,,,,,,,
ARC-MOF::ARC-MOF adsorption task table::post_comb_vsa_co2.csv,S(g1),randomforest,random,1,48000,12000,5,0,46.584819183127564,21.657689914389568,0.07937612677271555,0.5038045923465935,0.06666666666666667,0.3283333333333333,0.415,0.4548195200943954,False,table_local_non_descriptor,selectivity,,,,,,,
ARC-MOF::ARC-MOF adsorption task table::post_comb_vsa_co2.csv,S(g1),extratrees,random,1,48000,12000,5,0,53.699291785781895,24.032457521580707,-0.22329308408559245,0.44402484922150187,0.06666666666666667,0.26166666666666666,0.37333333333333335,0.4047263058074642,False,table_local_non_descriptor,selectivity,,,,,,,
ARC-MOF::ARC-MOF adsorption task table::post_comb_vsa_co2.csv,S(g1),dummy,random,2,48000,12000,5,0,53.003585136004645,20.89652045041667,-0.13791025956288583,,0.0,0.051666666666666666,0.09666666666666666,0.13889670388575134,False,table_local_non_descriptor,selectivity,,,,,,,
ARC-MOF::ARC-MOF adsorption task table::post_comb_vsa_co2.csv,S(g1),ridge,random,2,48000,12000,5,0,46.07243533879819,24.880839313964135,0.1402348063044201,0.5851342981547704,0.09166666666666666,0.4166666666666667,0.5125,0.5369997656433099,False,table_local_non_descriptor,selectivity,,,,,,,
ARC-MOF::ARC-MOF adsorption task table::post_comb_vsa_co2.csv,S(g1),hgb,random,2,48000,12000,5,0,42.59135196380996,19.83439383498141,0.2652486834635345,0.6022584936295217,0.09166666666666666,0.42333333333333334,0.5066666666666667,0.5547175122187868,False,table_local_non_descriptor,selectivity,,,,,,,
ARC-MOF::ARC-MOF adsorption task table::post_comb_vsa_co2.csv,S(g1),randomforest,random,2,48000,12000,5,0,46.275632902152694,21.29165183065281,0.13263427710191544,0.5104368515665709,0.06666666666666667,0.33666666666666667,0.43666666666666665,0.4814133091691905,False,table_local_non_descriptor,selectivity,,,,,,,
ARC-MOF::ARC-MOF adsorption task table::post_comb_vsa_co2.csv,S(g1),extratrees,random,2,48000,12000,5,0,51.6676988000302,23.072051907784225,-0.08127399782565958,0.45014984944607017,0.05,0.305,0.405,0.4345255999174111,False,table_local_non_descriptor,selectivity,,,,,,,
ARC-MOF::ARC-MOF adsorption task table::post_comb_vsa_co2.csv,S(g1),dummy,random,3,48000,12000,5,0,52.94422895978667,21.137984665416667,-0.14367695415590087,,0.016666666666666666,0.06333333333333334,0.1075,0.14106010380677136,False,table_local_non_descriptor,selectivity,,,,,,,
ARC-MOF::ARC-MOF adsorption task table::post_comb_vsa_co2.csv,S(g1),ridge,random,3,48000,12000,5,0,45.91718844673803,25.008382723596675,0.139765829274477,0.5859587544553586,0.14166666666666666,0.4116666666666667,0.5041666666666667,0.5344885528555383,False,table_local_non_descriptor,selectivity,,,,,,,
ARC-MOF::ARC-MOF adsorption task table::post_comb_vsa_co2.csv,S(g1),hgb,random,3,48000,12000,5,0,42.382011761107215,19.920136417763512,0.2671261101743121,0.6020558642789506,0.10833333333333334,0.3883333333333333,0.5008333333333334,0.5509777283964653,False,table_local_non_descriptor,selectivity,,,,,,,
ARC-MOF::ARC-MOF adsorption task table::post_comb_vsa_co2.csv,S(g1),randomforest,random,3,48000,12000,5,0,46.62812964925943,21.898554162803656,0.1129213953109447,0.5040644154992153,0.075,0.31333333333333335,0.415,0.4714099917692364,False,table_local_non_descriptor,selectivity,,,,,,,
ARC-MOF::ARC-MOF adsorption task table::post_comb_vsa_co2.csv,S(g1),extratrees,random,3,48000,12000,5,0,53.257445118059834,24.072302145037217,-0.15724888490876987,0.4512907823525458,0.08333333333333333,0.27,0.3675,0.4021754738220101,False,table_local_non_descriptor,selectivity,,,,,,,
ARC-MOF::ARC-MOF adsorption task table::post_comb_vsa_co2.csv,S(g1),dummy,random,4,48000,12000,5,0,51.58381953264363,20.408555991666667,-0.1387813935199076,,0.0,0.056666666666666664,0.09833333333333333,0.13391366525228446,False,table_local_non_descriptor,selectivity,,,,,,,
ARC-MOF::ARC-MOF adsorption task table::post_comb_vsa_co2.csv,S(g1),ridge,random,4,48000,12000,5,0,44.82153593391069,24.92970378407834,0.14022098809784234,0.5794724793550652,0.16666666666666666,0.4116666666666667,0.5075,0.5364966229467015,False,table_local_non_descriptor,selectivity,,,,,,,
ARC-MOF::ARC-MOF adsorption task table::post_comb_vsa_co2.csv,S(g1),hgb,random,4,48000,12000,5,0,41.29643981198882,19.88916862858019,0.2701416266768708,0.595734357222259,0.06666666666666667,0.41333333333333333,0.5033333333333333,0.547203348870801,False,table_local_non_descriptor,selectivity,,,,,,,
ARC-MOF::ARC-MOF adsorption task table::post_comb_vsa_co2.csv,S(g1),randomforest,random,4,48000,12000,5,0,45.450595563724576,21.268041032770633,0.1159180443335639,0.5030558932390936,0.06666666666666667,0.3466666666666667,0.43083333333333335,0.47075398835901944,False,table_local_non_descriptor,selectivity,,,,,,,
ARC-MOF::ARC-MOF adsorption task table::post_comb_vsa_co2.csv,S(g1),extratrees,random,4,48000,12000,5,0,50.44293421387184,23.235611205196008,-0.08896532730191531,0.4487945265226809,0.041666666666666664,0.2783333333333333,0.39,0.4173964612871412,False,table_local_non_descriptor,selectivity,,,,,,,
ARC-MOF::ARC-MOF adsorption task table::post_comb_vsa_co2.csv,S(g1),dummy,random,5,48000,12000,5,0,48.96808018539584,20.21725094375,-0.15342955497679278,,0.0,0.04,0.09416666666666666,0.13724797533721078,False,table_local_non_descriptor,selectivity,,,,,,,
ARC-MOF::ARC-MOF adsorption task table::post_comb_vsa_co2.csv,S(g1),ridge,random,5,48000,12000,5,0,41.94578463058122,24.360374003573263,0.1536664343221189,0.5826794786406148,0.14166666666666666,0.4083333333333333,0.52,0.5591343326541943,False,table_local_non_descriptor,selectivity,,,,,,,
ARC-MOF::ARC-MOF adsorption task table::post_comb_vsa_co2.csv,S(g1),hgb,random,5,48000,12000,5,0,38.543636529073574,19.355472721261876,0.285388016785058,0.5919355090832159,0.15833333333333333,0.39666666666666667,0.5158333333333334,0.5778839714478395,False,table_local_non_descriptor,selectivity,,,,,,,
ARC-MOF::ARC-MOF adsorption task table::post_comb_vsa_co2.csv,S(g1),randomforest,random,5,48000,12000,5,0,44.018559266599716,21.58366546630567,0.0679556718338098,0.4988072785852723,0.03333333333333333,0.315,0.43583333333333335,0.4740982974645155,False,table_local_non_descriptor,selectivity,,,,,,,
ARC-MOF::ARC-MOF adsorption task table::post_comb_vsa_co2.csv,S(g1),extratrees,random,5,48000,12000,5,0,49.85870369873256,23.689015442829255,-0.19576788649433152,0.440549556087099,0.041666666666666664,0.2816666666666667,0.37916666666666665,0.4174669212056039,False,table_local_non_descriptor,selectivity,,,,,,,
ARC-MOF::ARC-MOF adsorption task table::post_comb_vsa_co2.csv,S(g1),dummy,random,6,48000,12000,5,0,52.08190663155146,21.0030937975,-0.14691089728699303,,0.016666666666666666,0.04,0.09083333333333334,0.12854656835993414,False,table_local_non_descriptor,selectivity,,,,,,,
ARC-MOF::ARC-MOF adsorption task table::post_comb_vsa_co2.csv,S(g1),ridge,random,6,48000,12000,5,0,45.11797664776576,25.01286893351099,0.13929334662905035,0.5796612502577302,0.06666666666666667,0.39,0.48833333333333334,0.5245647102977344,False,table_local_non_descriptor,selectivity,,,,,,,
ARC-MOF::ARC-MOF adsorption task table::post_comb_vsa_co2.csv,S(g1),hgb,random,6,48000,12000,5,0,41.9892278480076,19.932562845573795,0.25452736382678387,0.5937210594194017,0.075,0.39166666666666666,0.49333333333333335,0.543006905408283,False,table_local_non_descriptor,selectivity,,,,,,,
ARC-MOF::ARC-MOF adsorption task table::post_comb_vsa_co2.csv,S(g1),randomforest,random,6,48000,12000,5,0,46.82443715944504,22.098673031917937,0.07295447593436177,0.4963355527895262,0.05,0.295,0.405,0.45702761324048075,False,table_local_non_descriptor,selectivity,,,,,,,
ARC-MOF::ARC-MOF adsorption task table::post_comb_vsa_co2.csv,S(g1),extratrees,random,6,48000,12000,5,0,56.22709161100585,24.340427094321544,-0.3367406948869427,0.4361696541498523,0.041666666666666664,0.25333333333333335,0.3725,0.3974541488314127,False,table_local_non_descriptor,selectivity,,,,,,,
ARC-MOF::ARC-MOF adsorption task table::post_comb_vsa_co2.csv,S(g1),dummy,random,7,48000,12000,5,0,50.992043899848724,20.71124583291667,-0.1481515146907595,,0.0,0.06833333333333333,0.08666666666666667,0.1280106763651095,False,table_local_non_descriptor,selectivity,,,,,,,
ARC-MOF::ARC-MOF adsorption task table::post_comb_vsa_co2.csv,S(g1),ridge,random,7,48000,12000,5,0,43.96804187837851,24.786374758887465,0.1463720777870664,0.5791724614186237,0.15833333333333333,0.4216666666666667,0.49916666666666665,0.5551235451370506,False,table_local_non_descriptor,selectivity,,,,,,,
ARC-MOF::ARC-MOF adsorption task table::post_comb_vsa_co2.csv,S(g1),hgb,random,7,48000,12000,5,0,40.31371196459351,19.853100828399214,0.28237106695716785,0.5952965591974195,0.1,0.42333333333333334,0.4975,0.5747402650186935,False,table_local_non_descriptor,selectivity,,,,,,,
ARC-MOF::ARC-MOF adsorption task table::post_comb_vsa_co2.csv,S(g1),randomforest,random,7,48000,12000,5,0,45.37127989356496,21.793602162591473,0.0910156118830533,0.49172108194345393,0.10833333333333334,0.325,0.40166666666666667,0.46301596145074514,False,table_local_non_descriptor,selectivity,,,,,,,
ARC-MOF::ARC-MOF adsorption task table::post_comb_vsa_co2.csv,S(g1),extratrees,random,7,48000,12000,5,0,52.02515587900993,23.788242370317583,-0.19514649814609375,0.43820747260404036,0.06666666666666667,0.26166666666666666,0.36,0.4116208498027651,False,table_local_non_descriptor,selectivity,,,,,,,
ARC-MOF::ARC-MOF adsorption task table::post_comb_vsa_co2.csv,S(g1),dummy,random,8,48000,12000,5,0,51.520070221145275,20.896451082083335,-0.14826276485764,,0.008333333333333333,0.05,0.1025,0.13475595631029452,False,table_local_non_descriptor,selectivity,,,,,,,
ARC-MOF::ARC-MOF adsorption task table::post_comb_vsa_co2.csv,S(g1),ridge,random,8,48000,12000,5,0,44.2432081672857,24.798450783762416,0.15319851389258887,0.588865727771976,0.15,0.4216666666666667,0.5125,0.5478808316064319,False,table_local_non_descriptor,selectivity,,,,,,,
ARC-MOF::ARC-MOF adsorption task table::post_comb_vsa_co2.csv,S(g1),hgb,random,8,48000,12000,5,0,40.552923895209574,19.805222437892343,0.2885690828604127,0.6000466181106835,0.09166666666666666,0.4083333333333333,0.505,0.5643704531614506,False,table_local_non_descriptor,selectivity,,,,,,,
ARC-MOF::ARC-MOF adsorption task table::post_comb_vsa_co2.csv,S(g1),randomforest,random,8,48000,12000,5,0,45.38371797297803,21.7858810619742,0.108977783144244,0.5128594223873987,0.09166666666666666,0.32,0.43166666666666664,0.4713134021072261,False,table_local_non_descriptor,selectivity,,,,,,,
ARC-MOF::ARC-MOF adsorption task table::post_comb_vsa_co2.csv,S(g1),extratrees,random,8,48000,12000,5,0,52.14714675206411,23.896788735097605,-0.1763850350327929,0.4598759274248295,0.06666666666666667,0.27666666666666667,0.3933333333333333,0.41907254262329696,False,table_local_non_descriptor,selectivity,,,,,,,
ARC-MOF::ARC-MOF adsorption task table::post_comb_vsa_co2.csv,S(g1),dummy,random,9,48000,12000,5,0,53.50391492694221,20.798784972083332,-0.13374317683583348,,0.0,0.035,0.0925,0.13079053424763531,False,table_local_non_descriptor,selectivity,,,,,,,
ARC-MOF::ARC-MOF adsorption task table::post_comb_vsa_co2.csv,S(g1),ridge,random,9,48000,12000,5,0,46.926862478395854,25.278278048985474,0.12785920522969452,0.5815887372347437,0.15,0.4266666666666667,0.5125,0.5354103508205952,False,table_local_non_descriptor,selectivity,,,,,,,
ARC-MOF::ARC-MOF adsorption task table::post_comb_vsa_co2.csv,S(g1),hgb,random,9,48000,12000,5,0,42.803080890206594,20.023637515075812,0.27440609766161095,0.5964246676107513,0.13333333333333333,0.4266666666666667,0.5116666666666667,0.5646454712653725,False,table_local_non_descriptor,selectivity,,,,,,,
ARC-MOF::ARC-MOF adsorption task table::post_comb_vsa_co2.csv,S(g1),randomforest,random,9,48000,12000,5,0,47.345593235460036,21.973614029662915,0.11222545219475388,0.5013132104799944,0.1,0.315,0.41833333333333333,0.47190145429438385,False,table_local_non_descriptor,selectivity,,,,,,,
ARC-MOF::ARC-MOF adsorption task table::post_comb_vsa_co2.csv,S(g1),extratrees,random,9,48000,12000,5,0,53.117966101953876,24.023211875496013,-0.11744572794379571,0.4505483825979711,0.10833333333333334,0.2733333333333333,0.37583333333333335,0.4188028254275107,False,table_local_non_descriptor,selectivity,,,,,,,
ARC-MOF::ARC-MOF adsorption task table::post_comb_vsa_co2.csv,molc/uc,dummy,random,0,48000,12000,5,0,1.5582077780103152,0.6618492074166666,-0.09640783014366394,,0.0,0.041666666666666664,0.085,0.1530693964408112,False,table_local_non_descriptor,uptake_or_loading,,,,,,,
ARC-MOF::ARC-MOF adsorption task table::post_comb_vsa_co2.csv,molc/uc,ridge,random,0,48000,12000,5,0,1.369484698130889,0.5959782284979601,0.15309292522571094,0.7053700736203381,0.06666666666666667,0.3,0.42333333333333334,0.4462190478980086,False,table_local_non_descriptor,uptake_or_loading,,,,,,,
ARC-MOF::ARC-MOF adsorption task table::post_comb_vsa_co2.csv,molc/uc,hgb,random,0,48000,12000,5,0,1.341733609186104,0.545349390311464,0.18706842943132185,0.7254398626572514,0.05,0.295,0.4175,0.442240299506761,False,table_local_non_descriptor,uptake_or_loading,,,,,,,
ARC-MOF::ARC-MOF adsorption task table::post_comb_vsa_co2.csv,molc/uc,randomforest,random,0,48000,12000,5,0,1.4386730886707215,0.6050055786080463,0.0653572692584048,0.672334298252338,0.03333333333333333,0.195,0.3375,0.37623905861252344,False,table_local_non_descriptor,uptake_or_loading,,,,,,,
ARC-MOF::ARC-MOF adsorption task table::post_comb_vsa_co2.csv,molc/uc,extratrees,random,0,48000,12000,5,0,1.583379235389245,0.6675680817908132,-0.1321169253989296,0.6375262928285236,0.03333333333333333,0.16,0.2925,0.34579971177301355,False,table_local_non_descriptor,uptake_or_loading,,,,,,,
ARC-MOF::ARC-MOF adsorption task table::post_comb_vsa_co2.csv,molc/uc,dummy,random,1,48000,12000,5,0,1.4419890788291174,0.6424043445833333,-0.10505778459939585,,0.0,0.06,0.09166666666666666,0.1682130086410625,False,table_local_non_descriptor,uptake_or_loading,,,,,,,
ARC-MOF::ARC-MOF adsorption task table::post_comb_vsa_co2.csv,molc/uc,ridge,random,1,48000,12000,5,0,1.2503765308374537,0.5732839093323819,0.16911164373066245,0.7099009334935739,0.075,0.2866666666666667,0.435,0.4648598845590909,False,table_local_non_descriptor,uptake_or_loading,,,,,,,
ARC-MOF::ARC-MOF adsorption task table::post_comb_vsa_co2.csv,molc/uc,hgb,random,1,48000,12000,5,0,1.2266426953132994,0.526772555265572,0.20035504825052186,0.724639756195793,0.05,0.2816666666666667,0.4275,0.4586524772024967,False,table_local_non_descriptor,uptake_or_loading,,,,,,,
ARC-MOF::ARC-MOF adsorption task table::post_comb_vsa_co2.csv,molc/uc,randomforest,random,1,48000,12000,5,0,1.367997474822845,0.6097718032648007,0.00543851388233807,0.669788540526646,0.025,0.18666666666666668,0.31583333333333335,0.3710394002968158,False,table_local_non_descriptor,uptake_or_loading,,,,,,,
ARC-MOF::ARC-MOF adsorption task table::post_comb_vsa_co2.csv,molc/uc,extratrees,random,1,48000,12000,5,0,1.5259894569815489,0.6744143483679592,-0.2375538686959846,0.6327716197721032,0.016666666666666666,0.16,0.2783333333333333,0.3418615854844282,False,table_local_non_descriptor,uptake_or_loading,,,,,,,
ARC-MOF::ARC-MOF adsorption task table::post_comb_vsa_co2.csv,molc/uc,dummy,random,2,48000,12000,5,0,1.4769896285013033,0.65087002625,-0.10723331991241225,,0.025,0.05333333333333334,0.10333333333333333,0.17614826896081615,False,table_local_non_descriptor,uptake_or_loading,,,,,,,
ARC-MOF::ARC-MOF adsorption task table::post_comb_vsa_co2.csv,molc/uc,ridge,random,2,48000,12000,5,0,1.2850868661881267,0.5811813041797609,0.1617969722938123,0.7114030842127472,0.041666666666666664,0.295,0.43166666666666664,0.47279540103178325,False,table_local_non_descriptor,uptake_or_loading,,,,,,,
ARC-MOF::ARC-MOF adsorption task table::post_comb_vsa_co2.csv,molc/uc,hgb,random,2,48000,12000,5,0,1.2552199111809719,0.5318053375036024,0.20030589503641805,0.7245401226545823,0.041666666666666664,0.29,0.4225,0.4662329693973357,False,table_local_non_descriptor,uptake_or_loading,,,,,,,
ARC-MOF::ARC-MOF adsorption task table::post_comb_vsa_co2.csv,molc/uc,randomforest,random,2,48000,12000,5,0,1.3958471477836951,0.5992017220043973,0.011082682576810332,0.6767931070062394,0.041666666666666664,0.195,0.335,0.38202448747790785,False,table_local_non_descriptor,uptake_or_loading,,,,,,,
ARC-MOF::ARC-MOF adsorption task table::post_comb_vsa_co2.csv,molc/uc,extratrees,random,2,48000,12000,5,0,1.5650938661202665,0.6589607503966601,-0.24326879648407518,0.6440551882071359,0.025,0.16833333333333333,0.30333333333333334,0.3575004706507186,False,table_local_non_descriptor,uptake_or_loading,,,,,,,
ARC-MOF::ARC-MOF adsorption task table::post_comb_vsa_co2.csv,molc/uc,dummy,random,3,48000,12000,5,0,1.4555538690930248,0.6598449711666666,-0.11422504564046854,,0.016666666666666666,0.045,0.105,0.1675521582574771,False,table_local_non_descriptor,uptake_or_loading,,,,,,,
ARC-MOF::ARC-MOF adsorption task table::post_comb_vsa_co2.csv,molc/uc,ridge,random,3,48000,12000,5,0,1.247637424327038,0.5774927407992693,0.1813596681289824,0.7105975581501157,0.058333333333333334,0.2866666666666667,0.43833333333333335,0.49102209947643044,False,table_local_non_descriptor,uptake_or_loading,,,,,,,
ARC-MOF::ARC-MOF adsorption task table::post_comb_vsa_co2.csv,molc/uc,hgb,random,3,48000,12000,5,0,1.2167630967448122,0.5315763753571541,0.22137488270002192,0.7341264317287497,0.058333333333333334,0.285,0.4325,0.4807370421963259,False,table_local_non_descriptor,uptake_or_loading,,,,,,,
ARC-MOF::ARC-MOF adsorption task table::post_comb_vsa_co2.csv,molc/uc,randomforest,random,3,48000,12000,5,0,1.3546050849740554,0.6040361532657095,0.034967913782385285,0.6780335615160112,0.025,0.17166666666666666,0.33166666666666667,0.39344039909454354,False,table_local_non_descriptor,uptake_or_loading,,,,,,,
ARC-MOF::ARC-MOF adsorption task table::post_comb_vsa_co2.csv,molc/uc,extratrees,random,3,48000,12000,5,0,1.5590367209308347,0.6710086607690013,-0.27828896345210796,0.6407599476111743,0.025,0.15166666666666667,0.2875,0.3589154597728152,False,table_local_non_descriptor,uptake_or_loading,,,,,,,
ARC-MOF::ARC-MOF adsorption task table::post_comb_vsa_co2.csv,molc/uc,dummy,random,4,48000,12000,5,0,1.4843769122260988,0.6415979751666666,-0.09635211187196435,,0.0,0.065,0.09916666666666667,0.16289954888288896,False,table_local_non_descriptor,uptake_or_loading,,,,,,,
ARC-MOF::ARC-MOF adsorption task table::post_comb_vsa_co2.csv,molc/uc,ridge,random,4,48000,12000,5,0,1.3015004824274523,0.5802054481090564,0.15714989975642824,0.7052395904031907,0.06666666666666667,0.28,0.4216666666666667,0.4577561834551974,False,table_local_non_descriptor,uptake_or_loading,,,,,,,
ARC-MOF::ARC-MOF adsorption task table::post_comb_vsa_co2.csv,molc/uc,hgb,random,4,48000,12000,5,0,1.2756756987701423,0.5295815987933301,0.19026625073768955,0.7222673568265108,0.041666666666666664,0.2816666666666667,0.4041666666666667,0.4438645201053887,False,table_local_non_descriptor,uptake_or_loading,,,,,,,
ARC-MOF::ARC-MOF adsorption task table::post_comb_vsa_co2.csv,molc/uc,randomforest,random,4,48000,12000,5,0,1.3855057845593455,0.5939694084450676,0.04483508285766502,0.6725291223603175,0.05,0.205,0.3433333333333333,0.3867470582719658,False,table_local_non_descriptor,uptake_or_loading,,,,,,,
ARC-MOF::ARC-MOF adsorption task table::post_comb_vsa_co2.csv,molc/uc,extratrees,random,4,48000,12000,5,0,1.5537368173536177,0.6498917145825513,-0.2012035022316807,0.638833118524274,0.03333333333333333,0.17833333333333334,0.32,0.36528647855215146,False,table_local_non_descriptor,uptake_or_loading,,,,,,,
ARC-MOF::ARC-MOF adsorption task table::post_comb_vsa_co2.csv,molc/uc,dummy,random,5,48000,12000,5,0,1.4084270455758907,0.64854200675,-0.1176610565937013,,0.008333333333333333,0.045,0.09416666666666666,0.17727302644904788,False,table_local_non_descriptor,uptake_or_loading,,,,,,,
ARC-MOF::ARC-MOF adsorption task table::post_comb_vsa_co2.csv,molc/uc,ridge,random,5,48000,12000,5,0,1.2068680215369816,0.5763134894121874,0.1793443451450334,0.7055318995383981,0.058333333333333334,0.27166666666666667,0.42083333333333334,0.479577548894407,False,table_local_non_descriptor,uptake_or_loading,,,,,,,
ARC-MOF::ARC-MOF adsorption task table::post_comb_vsa_co2.csv,molc/uc,hgb,random,5,48000,12000,5,0,1.1793849243215557,0.5315016303788992,0.21629512070366808,0.7283117185116025,0.058333333333333334,0.2733333333333333,0.4141666666666667,0.47646848313604856,False,table_local_non_descriptor,uptake_or_loading,,,,,,,
ARC-MOF::ARC-MOF adsorption task table::post_comb_vsa_co2.csv,molc/uc,randomforest,random,5,48000,12000,5,0,1.3225710497232273,0.6085212111232686,0.014448256320450992,0.6727439430951472,0.03333333333333333,0.16166666666666665,0.31,0.38612271231590733,False,table_local_non_descriptor,uptake_or_loading,,,,,,,
ARC-MOF::ARC-MOF adsorption task table::post_comb_vsa_co2.csv,molc/uc,extratrees,random,5,48000,12000,5,0,1.5556375143193348,0.6764152517902559,-0.3635096686883481,0.6349246448944819,0.008333333333333333,0.15166666666666667,0.2783333333333333,0.3560237221784688,False,table_local_non_descriptor,uptake_or_loading,,,,,,,
ARC-MOF::ARC-MOF adsorption task table::post_comb_vsa_co2.csv,molc/uc,dummy,random,6,48000,12000,5,0,1.4650436364783779,0.6583005890833333,-0.1124665929551163,,0.0,0.03166666666666667,0.095,0.1679912990082044,False,table_local_non_descriptor,uptake_or_loading,,,,,,,
ARC-MOF::ARC-MOF adsorption task table::post_comb_vsa_co2.csv,molc/uc,ridge,random,6,48000,12000,5,0,1.2657273982497674,0.5882846471855236,0.16964038391388114,0.7033758032483701,0.075,0.26666666666666666,0.41333333333333333,0.4609494628488043,False,table_local_non_descriptor,uptake_or_loading,,,,,,,
ARC-MOF::ARC-MOF adsorption task table::post_comb_vsa_co2.csv,molc/uc,hgb,random,6,48000,12000,5,0,1.2428827941945917,0.540307891009123,0.19934354530949572,0.7164025730983532,0.08333333333333333,0.27166666666666667,0.4033333333333333,0.458097848130406,False,table_local_non_descriptor,uptake_or_loading,,,,,,,
ARC-MOF::ARC-MOF adsorption task table::post_comb_vsa_co2.csv,molc/uc,randomforest,random,6,48000,12000,5,0,1.3660619723078429,0.613431662869368,0.032776898024461376,0.6629338984348049,0.058333333333333334,0.15166666666666667,0.30833333333333335,0.37122999667265855,False,table_local_non_descriptor,uptake_or_loading,,,,,,,
ARC-MOF::ARC-MOF adsorption task table::post_comb_vsa_co2.csv,molc/uc,extratrees,random,6,48000,12000,5,0,1.5755992533920251,0.6779935085576614,-0.2867002638707987,0.6289070609260431,0.016666666666666666,0.13166666666666665,0.2758333333333333,0.34510103359137684,False,table_local_non_descriptor,uptake_or_loading,,,,,,,
ARC-MOF::ARC-MOF adsorption task table::post_comb_vsa_co2.csv,molc/uc,dummy,random,7,48000,12000,5,0,1.5262940769953044,0.6434761916666666,-0.09404348678573671,,0.0,0.04833333333333333,0.08833333333333333,0.1471998453285352,False,table_local_non_descriptor,uptake_or_loading,,,,,,,
ARC-MOF::ARC-MOF adsorption task table::post_comb_vsa_co2.csv,molc/uc,ridge,random,7,48000,12000,5,0,1.3430134384458752,0.5734454873887213,0.15293085253863303,0.7060143646749584,0.06666666666666667,0.27,0.43333333333333335,0.46130126433433294,False,table_local_non_descriptor,uptake_or_loading,,,,,,,
ARC-MOF::ARC-MOF adsorption task table::post_comb_vsa_co2.csv,molc/uc,hgb,random,7,48000,12000,5,0,1.3159006462718827,0.5289411056249775,0.1867869344599974,0.7250803936817697,0.041666666666666664,0.27166666666666667,0.42583333333333334,0.4574429013184536,False,table_local_non_descriptor,uptake_or_loading,,,,,,,
ARC-MOF::ARC-MOF adsorption task table::post_comb_vsa_co2.csv,molc/uc,randomforest,random,7,48000,12000,5,0,1.4386098308322557,0.6075819219067322,0.02804939436045606,0.6611566639721456,0.03333333333333333,0.175,0.3016666666666667,0.3613276191904619,False,table_local_non_descriptor,uptake_or_loading,,,,,,,
ARC-MOF::ARC-MOF adsorption task table::post_comb_vsa_co2.csv,molc/uc,extratrees,random,7,48000,12000,5,0,1.6370215743941912,0.6705879655818765,-0.2585397973335122,0.6277606558962221,0.008333333333333333,0.15,0.2733333333333333,0.33589179829028476,False,table_local_non_descriptor,uptake_or_loading,,,,,,,
ARC-MOF::ARC-MOF adsorption task table::post_comb_vsa_co2.csv,molc/uc,dummy,random,8,48000,12000,5,0,1.497575575267513,0.66043411625,-0.10702790536960216,,0.0,0.043333333333333335,0.1025,0.1615327254087167,False,table_local_non_descriptor,uptake_or_loading,,,,,,,
ARC-MOF::ARC-MOF adsorption task table::post_comb_vsa_co2.csv,molc/uc,ridge,random,8,48000,12000,5,0,1.2956934295400138,0.5821317210239296,0.17132242825078636,0.7080964245804284,0.041666666666666664,0.285,0.42333333333333334,0.4619492154123093,False,table_local_non_descriptor,uptake_or_loading,,,,,,,
ARC-MOF::ARC-MOF adsorption task table::post_comb_vsa_co2.csv,molc/uc,hgb,random,8,48000,12000,5,0,1.2690744844241737,0.5369126094169566,0.205021658779303,0.7251121834928314,0.041666666666666664,0.28,0.415,0.45988793896322844,False,table_local_non_descriptor,uptake_or_loading,,,,,,,
ARC-MOF::ARC-MOF adsorption task table::post_comb_vsa_co2.csv,molc/uc,randomforest,random,8,48000,12000,5,0,1.3884443230939036,0.609939032832906,0.04843598495912249,0.6725263941753965,0.025,0.17666666666666667,0.31,0.37812377460556856,False,table_local_non_descriptor,uptake_or_loading,,,,,,,
ARC-MOF::ARC-MOF adsorption task table::post_comb_vsa_co2.csv,molc/uc,extratrees,random,8,48000,12000,5,0,1.5220915562447006,0.6718999212912055,-0.14356966187104625,0.6384317727917131,0.016666666666666666,0.15833333333333333,0.2758333333333333,0.3496003208577292,False,table_local_non_descriptor,uptake_or_loading,,,,,,,
ARC-MOF::ARC-MOF adsorption task table::post_comb_vsa_co2.csv,molc/uc,dummy,random,9,48000,12000,5,0,1.4005717196649712,0.6445458984166667,-0.11351904879001595,,0.0,0.045,0.11,0.17719759361897544,False,table_local_non_descriptor,uptake_or_loading,,,,,,,
ARC-MOF::ARC-MOF adsorption task table::post_comb_vsa_co2.csv,molc/uc,ridge,random,9,48000,12000,5,0,1.2032285780545109,0.5812133441066772,0.17816767007178136,0.7052043516314602,0.041666666666666664,0.2733333333333333,0.435,0.47834185056463735,False,table_local_non_descriptor,uptake_or_loading,,,,,,,
ARC-MOF::ARC-MOF adsorption task table::post_comb_vsa_co2.csv,molc/uc,hgb,random,9,48000,12000,5,0,1.1735073529146083,0.5272026718111061,0.21826676630931985,0.7244447905779182,0.041666666666666664,0.285,0.4216666666666667,0.46369289057393326,False,table_local_non_descriptor,uptake_or_loading,,,,,,,
ARC-MOF::ARC-MOF adsorption task table::post_comb_vsa_co2.csv,molc/uc,randomforest,random,9,48000,12000,5,0,1.3462134333056388,0.6149444459600296,-0.028761694125316373,0.6707287565455848,0.041666666666666664,0.165,0.31416666666666665,0.3676893682407915,False,table_local_non_descriptor,uptake_or_loading,,,,,,,
ARC-MOF::ARC-MOF adsorption task table::post_comb_vsa_co2.csv,molc/uc,extratrees,random,9,48000,12000,5,0,1.5584433733514431,0.6873227092324756,-0.37869753294898434,0.6346917455303176,0.016666666666666666,0.16166666666666665,0.27666666666666667,0.34674434868117826,False,table_local_non_descriptor,uptake_or_loading,,,,,,,
ARC-MOF::ARC-MOF adsorption task table::pre_comb_4040_h2.csv,wt%,dummy,random,0,48000,12000,5,0,0.15897741797927964,0.06658598225000001,-0.15486220254073269,,0.0,0.05333333333333334,0.09416666666666666,0.15201285994486433,False,table_local_non_descriptor,uptake_or_loading,,,,,,,
ARC-MOF::ARC-MOF adsorption task table::pre_comb_4040_h2.csv,wt%,ridge,random,0,48000,12000,5,0,0.13286849185810018,0.07011885758375395,0.1933162652419642,0.7012708012369074,0.11666666666666667,0.21833333333333332,0.23666666666666666,0.34911674633212875,False,table_local_non_descriptor,uptake_or_loading,,,,,,,
ARC-MOF::ARC-MOF adsorption task table::pre_comb_4040_h2.csv,wt%,hgb,random,0,48000,12000,5,0,0.1334327617240489,0.06952154591886973,0.186450019256458,0.7084463946654582,0.08333333333333333,0.20666666666666667,0.23666666666666666,0.33108181915312845,False,table_local_non_descriptor,uptake_or_loading,,,,,,,
ARC-MOF::ARC-MOF adsorption task table::pre_comb_4040_h2.csv,wt%,randomforest,random,0,48000,12000,5,0,0.1513071729687413,0.07554490901576599,-0.046112335481748534,0.7096754567017513,0.075,0.13666666666666666,0.20583333333333334,0.29326522035854097,False,table_local_non_descriptor,uptake_or_loading,,,,,,,
ARC-MOF::ARC-MOF adsorption task table::pre_comb_4040_h2.csv,wt%,extratrees,random,0,48000,12000,5,0,0.1710092155191111,0.08144791824053611,-0.33628261638678714,0.6818808973538235,0.041666666666666664,0.13666666666666666,0.21,0.2979258523408408,False,table_local_non_descriptor,uptake_or_loading,,,,,,,
ARC-MOF::ARC-MOF adsorption task table::pre_comb_4040_h2.csv,wt%,dummy,random,1,48000,12000,5,0,0.1666160260661741,0.06986691491666666,-0.15948858434567192,,0.025,0.06333333333333334,0.10333333333333333,0.16143682499202033,False,table_local_non_descriptor,uptake_or_loading,,,,,,,
ARC-MOF::ARC-MOF adsorption task table::pre_comb_4040_h2.csv,wt%,ridge,random,1,48000,12000,5,0,0.13921028905774513,0.0727723761998064,0.1905768827651002,0.7088151088804091,0.19166666666666668,0.25833333333333336,0.2841666666666667,0.3873630986137746,False,table_local_non_descriptor,uptake_or_loading,,,,,,,
ARC-MOF::ARC-MOF adsorption task table::pre_comb_4040_h2.csv,wt%,hgb,random,1,48000,12000,5,0,0.13806764908036073,0.07159997777060803,0.20380986299845205,0.7163149873464547,0.175,0.24833333333333332,0.2833333333333333,0.386776797972925,False,table_local_non_descriptor,uptake_or_loading,,,,,,,
ARC-MOF::ARC-MOF adsorption task table::pre_comb_4040_h2.csv,wt%,randomforest,random,1,48000,12000,5,0,0.1531329470556861,0.07620798263802979,0.020577189239811555,0.7188375126468792,0.10833333333333334,0.16666666666666666,0.22666666666666666,0.31977142425359606,False,table_local_non_descriptor,uptake_or_loading,,,,,,,
ARC-MOF::ARC-MOF adsorption task table::pre_comb_4040_h2.csv,wt%,extratrees,random,1,48000,12000,5,0,0.17247398185971682,0.08240453482724501,-0.24245341207126891,0.6826230850475863,0.058333333333333334,0.14666666666666667,0.235,0.32844422381548477,False,table_local_non_descriptor,uptake_or_loading,,,,,,,
ARC-MOF::ARC-MOF adsorption task table::pre_comb_4040_h2.csv,wt%,dummy,random,2,48000,12000,5,0,0.16184321767477777,0.06800570383333333,-0.15813225711389922,,0.03333333333333333,0.058333333333333334,0.09666666666666666,0.1668413901944041,False,table_local_non_descriptor,uptake_or_loading,,,,,,,
ARC-MOF::ARC-MOF adsorption task table::pre_comb_4040_h2.csv,wt%,ridge,random,2,48000,12000,5,0,0.13945773564240663,0.07092222838866535,0.14008728973217432,0.7067107149374547,0.18333333333333332,0.23333333333333334,0.26916666666666667,0.366989882296611,False,table_local_non_descriptor,uptake_or_loading,,,,,,,
ARC-MOF::ARC-MOF adsorption task table::pre_comb_4040_h2.csv,wt%,hgb,random,2,48000,12000,5,0,0.1343497761955494,0.06974439497190721,0.20192621724988147,0.7116469049937408,0.18333333333333332,0.215,0.26416666666666666,0.35708741373441916,False,table_local_non_descriptor,uptake_or_loading,,,,,,,
ARC-MOF::ARC-MOF adsorption task table::pre_comb_4040_h2.csv,wt%,randomforest,random,2,48000,12000,5,0,0.14908872043792232,0.07462944435076607,0.017214535992922553,0.718028888031736,0.1,0.15833333333333333,0.2275,0.3243166593476946,False,table_local_non_descriptor,uptake_or_loading,,,,,,,
ARC-MOF::ARC-MOF adsorption task table::pre_comb_4040_h2.csv,wt%,extratrees,random,2,48000,12000,5,0,0.17188792536072703,0.08196765824931704,-0.30635102141220605,0.6808101909768488,0.075,0.15666666666666668,0.21333333333333335,0.3142492773339775,False,table_local_non_descriptor,uptake_or_loading,,,,,,,
ARC-MOF::ARC-MOF adsorption task table::pre_comb_4040_h2.csv,wt%,dummy,random,3,48000,12000,5,0,0.16100354894359084,0.06714251208333333,-0.15267669449810417,,0.008333333333333333,0.06666666666666667,0.11166666666666666,0.1660234726696763,False,table_local_non_descriptor,uptake_or_loading,,,,,,,
ARC-MOF::ARC-MOF adsorption task table::pre_comb_4040_h2.csv,wt%,ridge,random,3,48000,12000,5,0,0.13472340780883474,0.07112147853475843,0.19290857419515972,0.7048705892254836,0.15,0.26166666666666666,0.2891666666666667,0.3748113526149996,False,table_local_non_descriptor,uptake_or_loading,,,,,,,
ARC-MOF::ARC-MOF adsorption task table::pre_comb_4040_h2.csv,wt%,hgb,random,3,48000,12000,5,0,0.1339421762579974,0.07000842352941088,0.20224172806081664,0.7089507040591009,0.15833333333333333,0.25,0.2708333333333333,0.3659961339517546,False,table_local_non_descriptor,uptake_or_loading,,,,,,,
ARC-MOF::ARC-MOF adsorption task table::pre_comb_4040_h2.csv,wt%,randomforest,random,3,48000,12000,5,0,0.14963799526345167,0.07483594631912813,0.004318640585550426,0.7109083551708599,0.10833333333333334,0.16666666666666666,0.23916666666666667,0.32266664183491234,False,table_local_non_descriptor,uptake_or_loading,,,,,,,
ARC-MOF::ARC-MOF adsorption task table::pre_comb_4040_h2.csv,wt%,extratrees,random,3,48000,12000,5,0,0.1716981103711811,0.08197856936379389,-0.3108942099531129,0.675987497666174,0.09166666666666666,0.14333333333333334,0.22333333333333333,0.31156465115140775,False,table_local_non_descriptor,uptake_or_loading,,,,,,,
ARC-MOF::ARC-MOF adsorption task table::pre_comb_4040_h2.csv,wt%,dummy,random,4,48000,12000,5,0,0.1622198404655305,0.06780577833333333,-0.15611674096492556,,0.016666666666666666,0.051666666666666666,0.09916666666666667,0.14960081103887327,False,table_local_non_descriptor,uptake_or_loading,,,,,,,
ARC-MOF::ARC-MOF adsorption task table::pre_comb_4040_h2.csv,wt%,ridge,random,4,48000,12000,5,0,0.13583713660569874,0.07143962988054627,0.18935485409112418,0.702917371507242,0.18333333333333332,0.24833333333333332,0.2608333333333333,0.36623710429144724,False,table_local_non_descriptor,uptake_or_loading,,,,,,,
ARC-MOF::ARC-MOF adsorption task table::pre_comb_4040_h2.csv,wt%,hgb,random,4,48000,12000,5,0,0.1352739081884307,0.07057665710921183,0.1960633555630409,0.7081928806434495,0.14166666666666666,0.22666666666666666,0.25916666666666666,0.35715204651345284,False,table_local_non_descriptor,uptake_or_loading,,,,,,,
ARC-MOF::ARC-MOF adsorption task table::pre_comb_4040_h2.csv,wt%,randomforest,random,4,48000,12000,5,0,0.15035210097880042,0.07574969482149183,0.0068547897442388095,0.7064594059056292,0.075,0.14666666666666667,0.23333333333333334,0.32465584557746924,False,table_local_non_descriptor,uptake_or_loading,,,,,,,
ARC-MOF::ARC-MOF adsorption task table::pre_comb_4040_h2.csv,wt%,extratrees,random,4,48000,12000,5,0,0.17071179914045725,0.08241234211828319,-0.2803267781151024,0.6737533336279996,0.09166666666666666,0.14,0.2125,0.30633089768796445,False,table_local_non_descriptor,uptake_or_loading,,,,,,,
ARC-MOF::ARC-MOF adsorption task table::pre_comb_4040_h2.csv,wt%,dummy,random,5,48000,12000,5,0,0.16891656870498525,0.07130214216666667,-0.16348719899467756,,0.016666666666666666,0.06166666666666667,0.095,0.1506785889872618,False,table_local_non_descriptor,uptake_or_loading,,,,,,,
ARC-MOF::ARC-MOF adsorption task table::pre_comb_4040_h2.csv,wt%,ridge,random,5,48000,12000,5,0,0.14103261392340097,0.07346403084156632,0.18893395833324345,0.7005678324302831,0.15833333333333333,0.265,0.2916666666666667,0.3926160262454484,False,table_local_non_descriptor,uptake_or_loading,,,,,,,
ARC-MOF::ARC-MOF adsorption task table::pre_comb_4040_h2.csv,wt%,hgb,random,5,48000,12000,5,0,0.13967311008741956,0.07233581042152268,0.2044953636219582,0.7083461738499985,0.13333333333333333,0.255,0.27,0.37874802545600705,False,table_local_non_descriptor,uptake_or_loading,,,,,,,
ARC-MOF::ARC-MOF adsorption task table::pre_comb_4040_h2.csv,wt%,randomforest,random,5,48000,12000,5,0,0.15527531603932632,0.07716701628659177,0.016845092035833176,0.7104645117933309,0.075,0.155,0.23333333333333334,0.31574168579089157,False,table_local_non_descriptor,uptake_or_loading,,,,,,,
ARC-MOF::ARC-MOF adsorption task table::pre_comb_4040_h2.csv,wt%,extratrees,random,5,48000,12000,5,0,0.17666392909044676,0.08439212658165532,-0.272661417630228,0.6750865182904131,0.041666666666666664,0.14666666666666667,0.21833333333333332,0.3039717588336238,False,table_local_non_descriptor,uptake_or_loading,,,,,,,
ARC-MOF::ARC-MOF adsorption task table::pre_comb_4040_h2.csv,wt%,dummy,random,6,48000,12000,5,0,0.1624973642138958,0.06797908566666666,-0.15551262946882383,,0.025,0.058333333333333334,0.115,0.17151093485324112,False,table_local_non_descriptor,uptake_or_loading,,,,,,,
ARC-MOF::ARC-MOF adsorption task table::pre_comb_4040_h2.csv,wt%,ridge,random,6,48000,12000,5,0,0.13599646179495783,0.07154834276115167,0.19064831761514356,0.69730306831997,0.18333333333333332,0.23333333333333334,0.2675,0.36971578249768866,False,table_local_non_descriptor,uptake_or_loading,,,,,,,
ARC-MOF::ARC-MOF adsorption task table::pre_comb_4040_h2.csv,wt%,hgb,random,6,48000,12000,5,0,0.13482539922725284,0.07045677124618785,0.20452692442656084,0.7056185540396533,0.15833333333333333,0.245,0.26,0.3631991695131666,False,table_local_non_descriptor,uptake_or_loading,,,,,,,
ARC-MOF::ARC-MOF adsorption task table::pre_comb_4040_h2.csv,wt%,randomforest,random,6,48000,12000,5,0,0.15004183904519572,0.07509884567290848,0.01483990492238707,0.7076263061461592,0.10833333333333334,0.15833333333333333,0.225,0.3163239176397251,False,table_local_non_descriptor,uptake_or_loading,,,,,,,
ARC-MOF::ARC-MOF adsorption task table::pre_comb_4040_h2.csv,wt%,extratrees,random,6,48000,12000,5,0,0.16986519942042,0.08137990633892556,-0.26267296346657654,0.6738513618428889,0.075,0.145,0.22583333333333333,0.3189626034519076,False,table_local_non_descriptor,uptake_or_loading,,,,,,,
ARC-MOF::ARC-MOF adsorption task table::pre_comb_4040_h2.csv,wt%,dummy,random,7,48000,12000,5,0,0.16213643610880982,0.06764501991666667,-0.15510428350645156,,0.008333333333333333,0.05,0.0975,0.15289333165416719,False,table_local_non_descriptor,uptake_or_loading,,,,,,,
ARC-MOF::ARC-MOF adsorption task table::pre_comb_4040_h2.csv,wt%,ridge,random,7,48000,12000,5,0,0.13572262497079213,0.07117399226135612,0.1905976698733698,0.7053583028230731,0.15,0.24666666666666667,0.27416666666666667,0.3968545685975407,False,table_local_non_descriptor,uptake_or_loading,,,,,,,
ARC-MOF::ARC-MOF adsorption task table::pre_comb_4040_h2.csv,wt%,hgb,random,7,48000,12000,5,0,0.13447309313006198,0.06969031775142631,0.20543260798063767,0.7124327645201313,0.11666666666666667,0.24333333333333335,0.2575,0.3647026485473696,False,table_local_non_descriptor,uptake_or_loading,,,,,,,
ARC-MOF::ARC-MOF adsorption task table::pre_comb_4040_h2.csv,wt%,randomforest,random,7,48000,12000,5,0,0.1496248556909698,0.07477302513561845,0.016289202894651633,0.7140289807904927,0.03333333333333333,0.15,0.23166666666666666,0.3120207238786219,False,table_local_non_descriptor,uptake_or_loading,,,,,,,
ARC-MOF::ARC-MOF adsorption task table::pre_comb_4040_h2.csv,wt%,extratrees,random,7,48000,12000,5,0,0.17120496608010294,0.08240504163855372,-0.2879312027047545,0.6732645513608805,0.041666666666666664,0.14166666666666666,0.22416666666666665,0.29904026811538087,False,table_local_non_descriptor,uptake_or_loading,,,,,,,
ARC-MOF::ARC-MOF adsorption task table::pre_comb_4040_h2.csv,wt%,dummy,random,8,48000,12000,5,0,0.16365322773623603,0.06773941116666667,-0.15175525125794898,,0.008333333333333333,0.055,0.10166666666666667,0.15082336641220653,False,table_local_non_descriptor,uptake_or_loading,,,,,,,
ARC-MOF::ARC-MOF adsorption task table::pre_comb_4040_h2.csv,wt%,ridge,random,8,48000,12000,5,0,0.13727153687314,0.07134045531334321,0.18965110845856892,0.706959655430949,0.21666666666666667,0.22333333333333333,0.25666666666666665,0.37131029269426985,False,table_local_non_descriptor,uptake_or_loading,,,,,,,
ARC-MOF::ARC-MOF adsorption task table::pre_comb_4040_h2.csv,wt%,hgb,random,8,48000,12000,5,0,0.13605831124604195,0.07050693275210643,0.20391177043390574,0.7151604378201145,0.19166666666666668,0.23666666666666666,0.25083333333333335,0.35617222033907553,False,table_local_non_descriptor,uptake_or_loading,,,,,,,
ARC-MOF::ARC-MOF adsorption task table::pre_comb_4040_h2.csv,wt%,randomforest,random,8,48000,12000,5,0,0.15222296042483702,0.07490571120626319,0.003513594998298175,0.7165023107874481,0.06666666666666667,0.155,0.22416666666666665,0.3141484410403239,False,table_local_non_descriptor,uptake_or_loading,,,,,,,
ARC-MOF::ARC-MOF adsorption task table::pre_comb_4040_h2.csv,wt%,extratrees,random,8,48000,12000,5,0,0.17406147189257498,0.08162761931522275,-0.3029158091808615,0.6828890102123085,0.075,0.135,0.22416666666666665,0.31018248663221853,False,table_local_non_descriptor,uptake_or_loading,,,,,,,
ARC-MOF::ARC-MOF adsorption task table::pre_comb_4040_h2.csv,wt%,dummy,random,9,48000,12000,5,0,0.16549831852546873,0.06863874208333334,-0.15410883946285714,,0.008333333333333333,0.05,0.09333333333333334,0.1519521370815255,False,table_local_non_descriptor,uptake_or_loading,,,,,,,
ARC-MOF::ARC-MOF adsorption task table::pre_comb_4040_h2.csv,wt%,ridge,random,9,48000,12000,5,0,0.13874610950033636,0.07175251522398174,0.1888499032146037,0.7085809765179368,0.175,0.25,0.275,0.37156873969560633,False,table_local_non_descriptor,uptake_or_loading,,,,,,,
ARC-MOF::ARC-MOF adsorption task table::pre_comb_4040_h2.csv,wt%,hgb,random,9,48000,12000,5,0,0.13764055390924382,0.07057335851841846,0.2017252004643172,0.7146469264349327,0.15833333333333333,0.24333333333333335,0.27166666666666667,0.37396645125269945,False,table_local_non_descriptor,uptake_or_loading,,,,,,,
ARC-MOF::ARC-MOF adsorption task table::pre_comb_4040_h2.csv,wt%,randomforest,random,9,48000,12000,5,0,0.1509487824724431,0.07500112814493855,0.03989479337759372,0.7183446711627487,0.1,0.15666666666666668,0.24166666666666667,0.3298779123242826,False,table_local_non_descriptor,uptake_or_loading,,,,,,,
ARC-MOF::ARC-MOF adsorption task table::pre_comb_4040_h2.csv,wt%,extratrees,random,9,48000,12000,5,0,0.17210005578314205,0.0821177686835404,-0.24802020996678031,0.6803058043803426,0.041666666666666664,0.13833333333333334,0.22833333333333333,0.31569789963698186,False,table_local_non_descriptor,uptake_or_loading,,,,,,,
ARC-MOF::ARC-MOF adsorption task table::pre_comb_4040_h2.csv,v/v,dummy,random,0,48000,12000,5,0,5.250323272864101,2.8693330347500003,-0.305829956822975,,0.016666666666666666,0.06,0.0975,0.23638996171372104,False,table_local_non_descriptor,uptake_or_loading,,,,,,,
ARC-MOF::ARC-MOF adsorption task table::pre_comb_4040_h2.csv,v/v,ridge,random,0,48000,12000,5,0,3.58128888745448,2.1552814112463228,0.3924342991230265,0.7608146025071874,0.0,0.03333333333333333,0.17583333333333334,0.4270519769760572,False,table_local_non_descriptor,uptake_or_loading,,,,,,,
ARC-MOF::ARC-MOF adsorption task table::pre_comb_4040_h2.csv,v/v,hgb,random,0,48000,12000,5,0,3.595592364710141,2.1483080487911868,0.38757143731002264,0.7764118145824292,0.008333333333333333,0.17,0.22833333333333333,0.417050521958167,False,table_local_non_descriptor,uptake_or_loading,,,,,,,
ARC-MOF::ARC-MOF adsorption task table::pre_comb_4040_h2.csv,v/v,randomforest,random,0,48000,12000,5,0,4.074860500903012,2.3249726877571595,0.21342519811952865,0.7566915215239828,0.025,0.13,0.20833333333333334,0.40941154938384017,False,table_local_non_descriptor,uptake_or_loading,,,,,,,
ARC-MOF::ARC-MOF adsorption task table::pre_comb_4040_h2.csv,v/v,extratrees,random,0,48000,12000,5,0,4.573068771134537,2.5189912635485325,0.00932773817958743,0.7562678070331359,0.016666666666666666,0.14833333333333334,0.20416666666666666,0.41078884845519337,False,table_local_non_descriptor,uptake_or_loading,,,,,,,
ARC-MOF::ARC-MOF adsorption task table::pre_comb_4040_h2.csv,v/v,dummy,random,1,48000,12000,5,0,5.372971554273695,2.9515659075000005,-0.3190308187898834,,0.041666666666666664,0.055,0.10666666666666667,0.2476022551282314,False,table_local_non_descriptor,uptake_or_loading,,,,,,,
ARC-MOF::ARC-MOF adsorption task table::pre_comb_4040_h2.csv,v/v,ridge,random,1,48000,12000,5,0,3.653831056330086,2.2104510275346345,0.39000990100386934,0.7564537924235143,0.0,0.035,0.13666666666666666,0.4000067186988912,False,table_local_non_descriptor,uptake_or_loading,,,,,,,
ARC-MOF::ARC-MOF adsorption task table::pre_comb_4040_h2.csv,v/v,hgb,random,1,48000,12000,5,0,3.653727869122173,2.196313873604218,0.3900443537661433,0.7844722846000478,0.03333333333333333,0.145,0.22666666666666666,0.44328834977808995,False,table_local_non_descriptor,uptake_or_loading,,,,,,,
ARC-MOF::ARC-MOF adsorption task table::pre_comb_4040_h2.csv,v/v,randomforest,random,1,48000,12000,5,0,4.075721163199219,2.3382436603068872,0.24101221035442377,0.7587817756287352,0.008333333333333333,0.14166666666666666,0.2225,0.4288190973112774,False,table_local_non_descriptor,uptake_or_loading,,,,,,,
ARC-MOF::ARC-MOF adsorption task table::pre_comb_4040_h2.csv,v/v,extratrees,random,1,48000,12000,5,0,4.598543986541774,2.5444509588634614,0.03380107443761726,0.7567529769866284,0.041666666666666664,0.15166666666666667,0.2275,0.4385062295668382,False,table_local_non_descriptor,uptake_or_loading,,,,,,,
ARC-MOF::ARC-MOF adsorption task table::pre_comb_4040_h2.csv,v/v,dummy,random,2,48000,12000,5,0,5.318806315777713,2.920386060416667,-0.3140553890189097,,0.016666666666666666,0.05333333333333334,0.0975,0.23683002075147455,False,table_local_non_descriptor,uptake_or_loading,,,,,,,
ARC-MOF::ARC-MOF adsorption task table::pre_comb_4040_h2.csv,v/v,ridge,random,2,48000,12000,5,0,3.604719814321742,2.1690457270424144,0.396429024028187,0.7553621554183846,0.0,0.04666666666666667,0.14583333333333334,0.4098294653697783,False,table_local_non_descriptor,uptake_or_loading,,,,,,,
ARC-MOF::ARC-MOF adsorption task table::pre_comb_4040_h2.csv,v/v,hgb,random,2,48000,12000,5,0,3.6190357623791005,2.163166563301863,0.39162540588152794,0.7729446297574485,0.041666666666666664,0.17,0.22416666666666665,0.43870303269373845,False,table_local_non_descriptor,uptake_or_loading,,,,,,,
ARC-MOF::ARC-MOF adsorption task table::pre_comb_4040_h2.csv,v/v,randomforest,random,2,48000,12000,5,0,4.0292539987491605,2.3075123040173615,0.24589015384580548,0.7601824741213667,0.041666666666666664,0.13666666666666666,0.22,0.43257315606320507,False,table_local_non_descriptor,uptake_or_loading,,,,,,,
ARC-MOF::ARC-MOF adsorption task table::pre_comb_4040_h2.csv,v/v,extratrees,random,2,48000,12000,5,0,4.596464289124041,2.5390919249156676,0.01862926992871705,0.7557757448623509,0.016666666666666666,0.12833333333333333,0.2125,0.4238522661163262,False,table_local_non_descriptor,uptake_or_loading,,,,,,,
ARC-MOF::ARC-MOF adsorption task table::pre_comb_4040_h2.csv,v/v,dummy,random,3,48000,12000,5,0,5.265831648433798,2.860166503166667,-0.29811920064448927,,0.008333333333333333,0.06333333333333334,0.1075,0.23885479121897066,False,table_local_non_descriptor,uptake_or_loading,,,,,,,
ARC-MOF::ARC-MOF adsorption task table::pre_comb_4040_h2.csv,v/v,ridge,random,3,48000,12000,5,0,3.614636175535366,2.1797038296855122,0.3883403745936804,0.7537712609257871,0.0,0.04833333333333333,0.17166666666666666,0.42217678478488013,False,table_local_non_descriptor,uptake_or_loading,,,,,,,
ARC-MOF::ARC-MOF adsorption task table::pre_comb_4040_h2.csv,v/v,hgb,random,3,48000,12000,5,0,3.6222957757860454,2.17083018156228,0.3857453515026804,0.7766910471768839,0.041666666666666664,0.17666666666666667,0.22916666666666666,0.4321871057092831,False,table_local_non_descriptor,uptake_or_loading,,,,,,,
ARC-MOF::ARC-MOF adsorption task table::pre_comb_4040_h2.csv,v/v,randomforest,random,3,48000,12000,5,0,4.06278382320389,2.3237045120239417,0.22726948631365373,0.7579096733102992,0.016666666666666666,0.13666666666666666,0.2225,0.43333157450608023,False,table_local_non_descriptor,uptake_or_loading,,,,,,,
ARC-MOF::ARC-MOF adsorption task table::pre_comb_4040_h2.csv,v/v,extratrees,random,3,48000,12000,5,0,4.623427901610603,2.542037727310957,-0.0007113189924941032,0.753232267538963,0.03333333333333333,0.13,0.22333333333333333,0.4279878981968831,False,table_local_non_descriptor,uptake_or_loading,,,,,,,
ARC-MOF::ARC-MOF adsorption task table::pre_comb_4040_h2.csv,v/v,dummy,random,4,48000,12000,5,0,5.286598995307849,2.903231384666667,-0.31464228221283674,,0.03333333333333333,0.055,0.09916666666666667,0.2356924999072984,False,table_local_non_descriptor,uptake_or_loading,,,,,,,
ARC-MOF::ARC-MOF adsorption task table::pre_comb_4040_h2.csv,v/v,ridge,random,4,48000,12000,5,0,3.5986022782237086,2.1880712317220428,0.39085236960913705,0.7556388345655379,0.0,0.03666666666666667,0.15666666666666668,0.4146448447749148,False,table_local_non_descriptor,uptake_or_loading,,,,,,,
ARC-MOF::ARC-MOF adsorption task table::pre_comb_4040_h2.csv,v/v,hgb,random,4,48000,12000,5,0,3.608888482771784,2.1822992529322853,0.3873650310749611,0.7734412666679137,0.041666666666666664,0.15,0.22666666666666666,0.42865513912766756,False,table_local_non_descriptor,uptake_or_loading,,,,,,,
ARC-MOF::ARC-MOF adsorption task table::pre_comb_4040_h2.csv,v/v,randomforest,random,4,48000,12000,5,0,4.045602484196334,2.3427292416417496,0.2301231289086778,0.7592119174544513,0.025,0.13833333333333334,0.20333333333333334,0.42050346888917367,False,table_local_non_descriptor,uptake_or_loading,,,,,,,
ARC-MOF::ARC-MOF adsorption task table::pre_comb_4040_h2.csv,v/v,extratrees,random,4,48000,12000,5,0,4.596627930159808,2.5623148136380958,0.006120892771624531,0.7581694562334041,0.025,0.15166666666666667,0.1975,0.42207736733017037,False,table_local_non_descriptor,uptake_or_loading,,,,,,,
ARC-MOF::ARC-MOF adsorption task table::pre_comb_4040_h2.csv,v/v,dummy,random,5,48000,12000,5,0,5.445110498698567,3.013025281583333,-0.33090916934095316,,0.016666666666666666,0.058333333333333334,0.09833333333333333,0.23837508854205433,False,table_local_non_descriptor,uptake_or_loading,,,,,,,
ARC-MOF::ARC-MOF adsorption task table::pre_comb_4040_h2.csv,v/v,ridge,random,5,48000,12000,5,0,3.6851269919005487,2.236018553578025,0.3904070448100114,0.7582839640491246,0.0,0.028333333333333332,0.14,0.411007984646943,False,table_local_non_descriptor,uptake_or_loading,,,,,,,
ARC-MOF::ARC-MOF adsorption task table::pre_comb_4040_h2.csv,v/v,hgb,random,5,48000,12000,5,0,3.68499748497704,2.2286614228053803,0.3904498900748713,0.7716293893798016,0.05,0.18333333333333332,0.23416666666666666,0.45198457502952916,False,table_local_non_descriptor,uptake_or_loading,,,,,,,
ARC-MOF::ARC-MOF adsorption task table::pre_comb_4040_h2.csv,v/v,randomforest,random,5,48000,12000,5,0,4.114181010487085,2.3808968343806347,0.24019558466404,0.7573773384481026,0.03333333333333333,0.14,0.22,0.4297754013941431,False,table_local_non_descriptor,uptake_or_loading,,,,,,,
ARC-MOF::ARC-MOF adsorption task table::pre_comb_4040_h2.csv,v/v,extratrees,random,5,48000,12000,5,0,4.66263210745168,2.5998704954610434,0.024117966994553597,0.7557258042707878,0.016666666666666666,0.12,0.21333333333333335,0.42416974100238086,False,table_local_non_descriptor,uptake_or_loading,,,,,,,
ARC-MOF::ARC-MOF adsorption task table::pre_comb_4040_h2.csv,v/v,dummy,random,6,48000,12000,5,0,5.293734700396561,2.89504443325,-0.31194363625456867,,0.016666666666666666,0.06833333333333333,0.115,0.2582966998359789,False,table_local_non_descriptor,uptake_or_loading,,,,,,,
ARC-MOF::ARC-MOF adsorption task table::pre_comb_4040_h2.csv,v/v,ridge,random,6,48000,12000,5,0,3.611615728411877,2.189838327146482,0.38934783155330976,0.7598914736528186,0.0,0.05,0.16916666666666666,0.4283699229730251,False,table_local_non_descriptor,uptake_or_loading,,,,,,,
ARC-MOF::ARC-MOF adsorption task table::pre_comb_4040_h2.csv,v/v,hgb,random,6,48000,12000,5,0,3.609625609857341,2.172880897975768,0.39002062482663147,0.7820484042632304,0.075,0.18166666666666667,0.24,0.4534359811039576,False,table_local_non_descriptor,uptake_or_loading,,,,,,,
ARC-MOF::ARC-MOF adsorption task table::pre_comb_4040_h2.csv,v/v,randomforest,random,6,48000,12000,5,0,4.03461594764558,2.3139870107314944,0.2379293532235186,0.7585196713351824,0.03333333333333333,0.12333333333333334,0.22083333333333333,0.43371642480654465,False,table_local_non_descriptor,uptake_or_loading,,,,,,,
ARC-MOF::ARC-MOF adsorption task table::pre_comb_4040_h2.csv,v/v,extratrees,random,6,48000,12000,5,0,4.566268802000945,2.527468561443053,0.0238562471973065,0.7571618353936883,0.03333333333333333,0.11666666666666667,0.20916666666666667,0.4222417503356952,False,table_local_non_descriptor,uptake_or_loading,,,,,,,
ARC-MOF::ARC-MOF adsorption task table::pre_comb_4040_h2.csv,v/v,dummy,random,7,48000,12000,5,0,5.280051113264957,2.887371514333333,-0.3104576511743651,,0.0,0.04666666666666667,0.09916666666666667,0.2373379221862892,False,table_local_non_descriptor,uptake_or_loading,,,,,,,
ARC-MOF::ARC-MOF adsorption task table::pre_comb_4040_h2.csv,v/v,ridge,random,7,48000,12000,5,0,3.599325493020597,2.16469663885926,0.3910396977079058,0.7570345082227083,0.008333333333333333,0.03666666666666667,0.16083333333333333,0.413038506858648,False,table_local_non_descriptor,uptake_or_loading,,,,,,,
ARC-MOF::ARC-MOF adsorption task table::pre_comb_4040_h2.csv,v/v,hgb,random,7,48000,12000,5,0,3.601406013051269,2.1537925052251614,0.39033549894714437,0.775611684114564,0.025,0.15166666666666667,0.21833333333333332,0.43630664595591734,False,table_local_non_descriptor,uptake_or_loading,,,,,,,
ARC-MOF::ARC-MOF adsorption task table::pre_comb_4040_h2.csv,v/v,randomforest,random,7,48000,12000,5,0,4.032167378860215,2.3158750449060985,0.23577042425340733,0.758639934985282,0.025,0.11,0.22333333333333333,0.424053003855956,False,table_local_non_descriptor,uptake_or_loading,,,,,,,
ARC-MOF::ARC-MOF adsorption task table::pre_comb_4040_h2.csv,v/v,extratrees,random,7,48000,12000,5,0,4.598167608273098,2.5537106079178673,0.006160318915815366,0.753659183019211,0.016666666666666666,0.12166666666666667,0.22333333333333333,0.42052299136840215,False,table_local_non_descriptor,uptake_or_loading,,,,,,,
ARC-MOF::ARC-MOF adsorption task table::pre_comb_4040_h2.csv,v/v,dummy,random,8,48000,12000,5,0,5.301689462552161,2.884092873,-0.30361476539039955,,0.008333333333333333,0.058333333333333334,0.10583333333333333,0.2303916924592431,False,table_local_non_descriptor,uptake_or_loading,,,,,,,
ARC-MOF::ARC-MOF adsorption task table::pre_comb_4040_h2.csv,v/v,ridge,random,8,48000,12000,5,0,3.6276027084449542,2.1801652993519522,0.38967644206504704,0.7595709411245475,0.008333333333333333,0.056666666666666664,0.17416666666666666,0.41940163398948577,False,table_local_non_descriptor,uptake_or_loading,,,,,,,
ARC-MOF::ARC-MOF adsorption task table::pre_comb_4040_h2.csv,v/v,hgb,random,8,48000,12000,5,0,3.6251236288102504,2.170077365900298,0.39051033917210565,0.7818313250041735,0.05,0.19333333333333333,0.24333333333333335,0.44217353625640493,False,table_local_non_descriptor,uptake_or_loading,,,,,,,
ARC-MOF::ARC-MOF adsorption task table::pre_comb_4040_h2.csv,v/v,randomforest,random,8,48000,12000,5,0,4.0678603747969495,2.3165884981150064,0.23254525732018616,0.7585995213218056,0.041666666666666664,0.125,0.21166666666666667,0.4189168879535102,False,table_local_non_descriptor,uptake_or_loading,,,,,,,
ARC-MOF::ARC-MOF adsorption task table::pre_comb_4040_h2.csv,v/v,extratrees,random,8,48000,12000,5,0,4.591097688778976,2.525026132348425,0.022416717529848418,0.7572707181962857,0.025,0.12333333333333334,0.21333333333333335,0.4200772971488379,False,table_local_non_descriptor,uptake_or_loading,,,,,,,
ARC-MOF::ARC-MOF adsorption task table::pre_comb_4040_h2.csv,v/v,dummy,random,9,48000,12000,5,0,5.301575901492944,2.900197091916666,-0.30954174057988837,,0.008333333333333333,0.045,0.09333333333333334,0.23540129059049014,False,table_local_non_descriptor,uptake_or_loading,,,,,,,
ARC-MOF::ARC-MOF adsorption task table::pre_comb_4040_h2.csv,v/v,ridge,random,9,48000,12000,5,0,3.610853301469319,2.183166843309909,0.39252407904822584,0.7554554534348014,0.0,0.03833333333333333,0.15333333333333332,0.41984315924929905,False,table_local_non_descriptor,uptake_or_loading,,,,,,,
ARC-MOF::ARC-MOF adsorption task table::pre_comb_4040_h2.csv,v/v,hgb,random,9,48000,12000,5,0,3.617607968976152,2.1685884693177315,0.3902491952727374,0.7812588779831781,0.03333333333333333,0.17333333333333334,0.23916666666666667,0.440964396651728,False,table_local_non_descriptor,uptake_or_loading,,,,,,,
ARC-MOF::ARC-MOF adsorption task table::pre_comb_4040_h2.csv,v/v,randomforest,random,9,48000,12000,5,0,4.030255163342924,2.3093802752496906,0.24321160300564815,0.7618178991752868,0.008333333333333333,0.12666666666666668,0.22416666666666665,0.4273675539216844,False,table_local_non_descriptor,uptake_or_loading,,,,,,,
ARC-MOF::ARC-MOF adsorption task table::pre_comb_4040_h2.csv,v/v,extratrees,random,9,48000,12000,5,0,4.591996692931469,2.536471987109591,0.017545351111652674,0.7572136729000537,0.041666666666666664,0.12166666666666667,0.2225,0.43203357045255364,False,table_local_non_descriptor,uptake_or_loading,,,,,,,
ARC-MOF::ARC-MOF adsorption task table::pre_comb_4040_h2.csv,mmol/g,dummy,random,0,48000,12000,5,0,0.7948869160025356,0.3329299070833333,-0.15486167835635278,,0.0,0.05333333333333334,0.09416666666666666,0.15201353134165832,False,table_local_non_descriptor,uptake_or_loading,,,,,,,
ARC-MOF::ARC-MOF adsorption task table::pre_comb_4040_h2.csv,mmol/g,ridge,random,0,48000,12000,5,0,0.6643424723017453,0.3505942811133958,0.19331624684330473,0.7012708782475134,0.11666666666666667,0.21833333333333332,0.23666666666666666,0.3491172544397771,False,table_local_non_descriptor,uptake_or_loading,,,,,,,
ARC-MOF::ARC-MOF adsorption task table::pre_comb_4040_h2.csv,mmol/g,hgb,random,0,48000,12000,5,0,0.6671638172780296,0.34760773175470483,0.18645001145330853,0.7084464331175941,0.08333333333333333,0.20666666666666667,0.23666666666666666,0.3310823468297152,False,table_local_non_descriptor,uptake_or_loading,,,,,,,
ARC-MOF::ARC-MOF adsorption task table::pre_comb_4040_h2.csv,mmol/g,randomforest,random,0,48000,12000,5,0,0.7565359047059691,0.3777245717046098,-0.04611242860510689,0.709675693135618,0.075,0.13666666666666666,0.20583333333333334,0.293265768643012,False,table_local_non_descriptor,uptake_or_loading,,,,,,,
ARC-MOF::ARC-MOF adsorption task table::pre_comb_4040_h2.csv,mmol/g,extratrees,random,0,48000,12000,5,0,0.8550461056256204,0.4072395836114289,-0.3362826821336964,0.6818809460014923,0.041666666666666664,0.13666666666666666,0.21,0.29792638484360123,False,table_local_non_descriptor,uptake_or_loading,,,,,,,
ARC-MOF::ARC-MOF adsorption task table::pre_comb_4040_h2.csv,mmol/g,dummy,random,1,48000,12000,5,0,0.8330805072814828,0.34933458058333333,-0.15948963039533726,,0.025,0.06333333333333334,0.10333333333333333,0.16143652198901823,False,table_local_non_descriptor,uptake_or_loading,,,,,,,
ARC-MOF::ARC-MOF adsorption task table::pre_comb_4040_h2.csv,mmol/g,ridge,random,1,48000,12000,5,0,0.6960514568378658,0.3638618813084548,0.19057685816447356,0.7088147241731695,0.19166666666666668,0.25833333333333336,0.2841666666666667,0.3873628702912795,False,table_local_non_descriptor,uptake_or_loading,,,,,,,
ARC-MOF::ARC-MOF adsorption task table::pre_comb_4040_h2.csv,mmol/g,hgb,random,1,48000,12000,5,0,0.6903382566398154,0.3579998723698474,0.20380983929902063,0.7163147270612072,0.175,0.24833333333333332,0.2833333333333333,0.3867765794668394,False,table_local_non_descriptor,uptake_or_loading,,,,,,,
ARC-MOF::ARC-MOF adsorption task table::pre_comb_4040_h2.csv,mmol/g,randomforest,random,1,48000,12000,5,0,0.7656630287089377,0.3810393651610011,0.020581557987638055,0.7188376491616867,0.10833333333333334,0.16666666666666666,0.22666666666666666,0.31977101209325265,False,table_local_non_descriptor,uptake_or_loading,,,,,,,
ARC-MOF::ARC-MOF adsorption task table::pre_comb_4040_h2.csv,mmol/g,extratrees,random,1,48000,12000,5,0,0.8623699197849117,0.41202267696808925,-0.24245343881861725,0.6826227644348235,0.058333333333333334,0.14666666666666667,0.235,0.32844397629524646,False,table_local_non_descriptor,uptake_or_loading,,,,,,,
ARC-MOF::ARC-MOF adsorption task table::pre_comb_4040_h2.csv,mmol/g,dummy,random,2,48000,12000,5,0,0.8092159202984598,0.3400285126666666,-0.15813170867800141,,0.03333333333333333,0.058333333333333334,0.09666666666666666,0.16684202411919083,False,table_local_non_descriptor,uptake_or_loading,,,,,,,
ARC-MOF::ARC-MOF adsorption task table::pre_comb_4040_h2.csv,mmol/g,ridge,random,2,48000,12000,5,0,0.6972887064690253,0.3546111408400132,0.1400872700408976,0.7067112434980228,0.18333333333333332,0.23333333333333334,0.26916666666666667,0.36699036505904403,False,table_local_non_descriptor,uptake_or_loading,,,,,,,
ARC-MOF::ARC-MOF adsorption task table::pre_comb_4040_h2.csv,mmol/g,hgb,random,2,48000,12000,5,0,0.6717488969706181,0.34872198139125477,0.20192622565631657,0.7116474259744205,0.18333333333333332,0.215,0.26416666666666666,0.3570879007035687,False,table_local_non_descriptor,uptake_or_loading,,,,,,,
ARC-MOF::ARC-MOF adsorption task table::pre_comb_4040_h2.csv,mmol/g,randomforest,random,2,48000,12000,5,0,0.7454438747110099,0.37314730119749584,0.017213874561826326,0.7180288153442995,0.1,0.15833333333333333,0.2275,0.3243171694523121,False,table_local_non_descriptor,uptake_or_loading,,,,,,,
ARC-MOF::ARC-MOF adsorption task table::pre_comb_4040_h2.csv,mmol/g,extratrees,random,2,48000,12000,5,0,0.8594396398365055,0.40983830556664225,-0.30635098506917213,0.6808112091265939,0.075,0.15666666666666668,0.21333333333333335,0.31424979934327507,False,table_local_non_descriptor,uptake_or_loading,,,,,,,
ARC-MOF::ARC-MOF adsorption task table::pre_comb_4040_h2.csv,mmol/g,dummy,random,3,48000,12000,5,0,0.8050183062211431,0.33571254133333334,-0.152678234416475,,0.008333333333333333,0.06666666666666667,0.11166666666666666,0.16602347609405924,False,table_local_non_descriptor,uptake_or_loading,,,,,,,
ARC-MOF::ARC-MOF adsorption task table::pre_comb_4040_h2.csv,mmol/g,ridge,random,3,48000,12000,5,0,0.67361706548608,0.3556073955019632,0.19290855849840116,0.7048701759180234,0.15,0.26166666666666666,0.2891666666666667,0.3748113246367871,False,table_local_non_descriptor,uptake_or_loading,,,,,,,
ARC-MOF::ARC-MOF adsorption task table::pre_comb_4040_h2.csv,mmol/g,hgb,random,3,48000,12000,5,0,0.669710910113426,0.35004213258004774,0.20224170650652618,0.7089501308302569,0.15833333333333333,0.25,0.2708333333333333,0.36599611090497824,False,table_local_non_descriptor,uptake_or_loading,,,,,,,
ARC-MOF::ARC-MOF adsorption task table::pre_comb_4040_h2.csv,mmol/g,randomforest,random,3,48000,12000,5,0,0.748190002566509,0.3741797049907344,0.004318629524870055,0.7109082901067886,0.10833333333333334,0.16666666666666666,0.23916666666666667,0.3226666222338059,False,table_local_non_descriptor,uptake_or_loading,,,,,,,
ARC-MOF::ARC-MOF adsorption task table::pre_comb_4040_h2.csv,mmol/g,extratrees,random,3,48000,12000,5,0,0.8584905771897978,0.40989286021666643,-0.31089420990189875,0.6759875812977582,0.09166666666666666,0.14333333333333334,0.22333333333333333,0.3115646258195123,False,table_local_non_descriptor,uptake_or_loading,,,,,,,
ARC-MOF::ARC-MOF adsorption task table::pre_comb_4040_h2.csv,mmol/g,dummy,random,4,48000,12000,5,0,0.8110995758790055,0.33902889908333333,-0.15611777099151647,,0.016666666666666666,0.051666666666666666,0.09916666666666667,0.14960050094354096,False,table_local_non_descriptor,uptake_or_loading,,,,,,,
ARC-MOF::ARC-MOF adsorption task table::pre_comb_4040_h2.csv,mmol/g,ridge,random,4,48000,12000,5,0,0.6791856953197457,0.35719816388141445,0.18935484920184975,0.7029168365295518,0.18333333333333332,0.24833333333333332,0.2608333333333333,0.36623684275170465,False,table_local_non_descriptor,uptake_or_loading,,,,,,,
ARC-MOF::ARC-MOF adsorption task table::pre_comb_4040_h2.csv,mmol/g,hgb,random,4,48000,12000,5,0,0.6763695559100907,0.3528832963163375,0.1960633442300299,0.7081923353878817,0.14166666666666666,0.22666666666666666,0.25916666666666666,0.3571517819526836,False,table_local_non_descriptor,uptake_or_loading,,,,,,,
ARC-MOF::ARC-MOF adsorption task table::pre_comb_4040_h2.csv,mmol/g,randomforest,random,4,48000,12000,5,0,0.7517602312666853,0.3787481830557006,0.006855542674097381,0.7064586122574776,0.075,0.14666666666666667,0.23333333333333334,0.32465556103357407,False,table_local_non_descriptor,uptake_or_loading,,,,,,,
ARC-MOF::ARC-MOF adsorption task table::pre_comb_4040_h2.csv,mmol/g,extratrees,random,4,48000,12000,5,0,0.8535590244343395,0.4120617413749361,-0.2803268256923006,0.6737532174099642,0.09166666666666666,0.14,0.2125,0.3063306246813999,False,table_local_non_descriptor,uptake_or_loading,,,,,,,
ARC-MOF::ARC-MOF adsorption task table::pre_comb_4040_h2.csv,mmol/g,dummy,random,5,48000,12000,5,0,0.8445836008020422,0.35651076249999997,-0.16348924293928957,,0.016666666666666666,0.06166666666666667,0.095,0.15067828848684375,False,table_local_non_descriptor,uptake_or_loading,,,,,,,
ARC-MOF::ARC-MOF adsorption task table::pre_comb_4040_h2.csv,mmol/g,ridge,random,5,48000,12000,5,0,0.7051630789590188,0.3673201616847556,0.1889339664615579,0.7005671512433869,0.15833333333333333,0.265,0.2916666666666667,0.392615784087175,False,table_local_non_descriptor,uptake_or_loading,,,,,,,
ARC-MOF::ARC-MOF adsorption task table::pre_comb_4040_h2.csv,mmol/g,hgb,random,5,48000,12000,5,0,0.6983655611106259,0.36167906318612003,0.2044953683557188,0.7083455266564165,0.13333333333333333,0.255,0.27,0.3787477718988712,False,table_local_non_descriptor,uptake_or_loading,,,,,,,
ARC-MOF::ARC-MOF adsorption task table::pre_comb_4040_h2.csv,mmol/g,randomforest,random,5,48000,12000,5,0,0.7763765228846045,0.38583506675210916,0.016845273091238844,0.7104633998923968,0.075,0.155,0.23333333333333334,0.3157414406747586,False,table_local_non_descriptor,uptake_or_loading,,,,,,,
ARC-MOF::ARC-MOF adsorption task table::pre_comb_4040_h2.csv,mmol/g,extratrees,random,5,48000,12000,5,0,0.8833196717549084,0.42196064250395854,-0.2726614469476929,0.6750858579450034,0.041666666666666664,0.14666666666666667,0.21833333333333332,0.30397150491537267,False,table_local_non_descriptor,uptake_or_loading,,,,,,,
ARC-MOF::ARC-MOF adsorption task table::pre_comb_4040_h2.csv,mmol/g,dummy,random,6,48000,12000,5,0,0.8124873809341521,0.33989542133333334,-0.15551420653108639,,0.025,0.058333333333333334,0.115,0.17151094858121022,False,table_local_non_descriptor,uptake_or_loading,,,,,,,
ARC-MOF::ARC-MOF adsorption task table::pre_comb_4040_h2.csv,mmol/g,ridge,random,6,48000,12000,5,0,0.6799823119481789,0.3577417021630637,0.19064832132976517,0.6973032240522063,0.18333333333333332,0.23333333333333334,0.2675,0.3697157873465338,False,table_local_non_descriptor,uptake_or_loading,,,,,,,
ARC-MOF::ARC-MOF adsorption task table::pre_comb_4040_h2.csv,mmol/g,hgb,random,6,48000,12000,5,0,0.6741269999696586,0.35228385203405443,0.20452692598744027,0.7056186033566,0.15833333333333333,0.245,0.26,0.36319917472297153,False,table_local_non_descriptor,uptake_or_loading,,,,,,,
ARC-MOF::ARC-MOF adsorption task table::pre_comb_4040_h2.csv,mmol/g,randomforest,random,6,48000,12000,5,0,0.7502094543681639,0.37549430005962314,0.014839237458568966,0.7076232748818707,0.10833333333333334,0.15833333333333333,0.225,0.31632391279566874,False,table_local_non_descriptor,uptake_or_loading,,,,,,,
ARC-MOF::ARC-MOF adsorption task table::pre_comb_4040_h2.csv,mmol/g,extratrees,random,6,48000,12000,5,0,0.8493259881062234,0.40689952121699124,-0.2626729198807689,0.6738525156385224,0.075,0.145,0.22583333333333333,0.31896260912032487,False,table_local_non_descriptor,uptake_or_loading,,,,,,,
ARC-MOF::ARC-MOF adsorption task table::pre_comb_4040_h2.csv,mmol/g,dummy,random,7,48000,12000,5,0,0.8106825692736971,0.33822510299999997,-0.15510532704654456,,0.008333333333333333,0.05,0.0975,0.1528933108001586,False,table_local_non_descriptor,uptake_or_loading,,,,,,,
ARC-MOF::ARC-MOF adsorption task table::pre_comb_4040_h2.csv,mmol/g,ridge,random,7,48000,12000,5,0,0.6786131557474196,0.35586997835867906,0.19059764118299427,0.7053579542708436,0.15,0.24666666666666667,0.27416666666666667,0.39685454371001183,False,table_local_non_descriptor,uptake_or_loading,,,,,,,
ARC-MOF::ARC-MOF adsorption task table::pre_comb_4040_h2.csv,mmol/g,hgb,random,7,48000,12000,5,0,0.6723654992027944,0.3484516024875722,0.20543257285927563,0.7124323588754403,0.11666666666666667,0.24333333333333335,0.2575,0.36470261949522575,False,table_local_non_descriptor,uptake_or_loading,,,,,,,
ARC-MOF::ARC-MOF adsorption task table::pre_comb_4040_h2.csv,mmol/g,randomforest,random,7,48000,12000,5,0,0.7481242944620529,0.373865061399541,0.01628921549553264,0.7140292379772369,0.03333333333333333,0.15,0.23166666666666666,0.3120207189371587,False,table_local_non_descriptor,uptake_or_loading,,,,,,,
ARC-MOF::ARC-MOF adsorption task table::pre_comb_4040_h2.csv,mmol/g,extratrees,random,7,48000,12000,5,0,0.8560248473101091,0.41202523323140494,-0.2879311819752619,0.6732644153588223,0.041666666666666664,0.14166666666666666,0.22416666666666665,0.29904025806589757,False,table_local_non_descriptor,uptake_or_loading,,,,,,,
ARC-MOF::ARC-MOF adsorption task table::pre_comb_4040_h2.csv,mmol/g,dummy,random,8,48000,12000,5,0,0.8182663265542374,0.33869705158333335,-0.1517557723065135,,0.008333333333333333,0.055,0.10166666666666667,0.15082400527536396,False,table_local_non_descriptor,uptake_or_loading,,,,,,,
ARC-MOF::ARC-MOF adsorption task table::pre_comb_4040_h2.csv,mmol/g,ridge,random,8,48000,12000,5,0,0.686357689944083,0.3567022844207145,0.18965110079893222,0.7069589200711452,0.21666666666666667,0.22333333333333333,0.25666666666666665,0.3713107392127536,False,table_local_non_descriptor,uptake_or_loading,,,,,,,
ARC-MOF::ARC-MOF adsorption task table::pre_comb_4040_h2.csv,mmol/g,hgb,random,8,48000,12000,5,0,0.680291561335469,0.35253466433497793,0.20391176390098942,0.7151596747529161,0.19166666666666668,0.23666666666666666,0.25083333333333335,0.3561726894529133,False,table_local_non_descriptor,uptake_or_loading,,,,,,,
ARC-MOF::ARC-MOF adsorption task table::pre_comb_4040_h2.csv,mmol/g,randomforest,random,8,48000,12000,5,0,0.7611147281993965,0.37452864275229075,0.003513795348593529,0.7165005678122176,0.06666666666666667,0.155,0.22416666666666665,0.31414898467424496,False,table_local_non_descriptor,uptake_or_loading,,,,,,,
ARC-MOF::ARC-MOF adsorption task table::pre_comb_4040_h2.csv,mmol/g,extratrees,random,8,48000,12000,5,0,0.8703073515348119,0.4081380980361666,-0.3029157765796193,0.6828890095803629,0.075,0.135,0.22416666666666665,0.3101829223582925,False,table_local_non_descriptor,uptake_or_loading,,,,,,,
ARC-MOF::ARC-MOF adsorption task table::pre_comb_4040_h2.csv,mmol/g,dummy,random,9,48000,12000,5,0,0.82749158375877,0.34319369824999996,-0.15410883837360845,,0.008333333333333333,0.05,0.09333333333333334,0.1519521519981322,False,table_local_non_descriptor,uptake_or_loading,,,,,,,
ARC-MOF::ARC-MOF adsorption task table::pre_comb_4040_h2.csv,mmol/g,ridge,random,9,48000,12000,5,0,0.6937305395993106,0.35876257407682777,0.1888499050731215,0.7085813501291741,0.175,0.25,0.275,0.3715687420553081,False,table_local_non_descriptor,uptake_or_loading,,,,,,,
ARC-MOF::ARC-MOF adsorption task table::pre_comb_4040_h2.csv,mmol/g,hgb,random,9,48000,12000,5,0,0.68820154297611,0.3528088509564362,0.20172802960295977,0.7148477555878504,0.15833333333333333,0.24166666666666667,0.27166666666666667,0.37441614620838454,False,table_local_non_descriptor,uptake_or_loading,,,,,,,
ARC-MOF::ARC-MOF adsorption task table::pre_comb_4040_h2.csv,mmol/g,randomforest,random,9,48000,12000,5,0,0.7547439198705199,0.3750057918916156,0.03989475460150416,0.7183431618132167,0.1,0.15666666666666668,0.24166666666666667,0.32987791261478133,False,table_local_non_descriptor,uptake_or_loading,,,,,,,
ARC-MOF::ARC-MOF adsorption task table::pre_comb_4040_h2.csv,mmol/g,extratrees,random,9,48000,12000,5,0,0.8605002654160026,0.4105888319191789,-0.2480201963816051,0.6803054839416244,0.041666666666666664,0.13833333333333334,0.22833333333333333,0.31565537184349507,False,table_local_non_descriptor,uptake_or_loading,,,,,,,
ARC-MOF::ARC-MOF adsorption task table::pre_comb_4040_h2.csv,S(g1),dummy,random,0,48000,12000,5,0,35.66501461427417,0.5554909283333335,-0.00023323585165924143,,0.008333333333333333,0.043333333333333335,0.08416666666666667,0.002851149858783589,False,table_local_non_descriptor,selectivity,,,,,,,
ARC-MOF::ARC-MOF adsorption task table::pre_comb_4040_h2.csv,S(g1),ridge,random,0,48000,12000,5,0,35.69052483014314,2.114782768930895,-0.0016646268970281763,-0.09107444943364486,0.025,0.011666666666666667,0.009166666666666667,0.20226908939639612,False,table_local_non_descriptor,selectivity,,,,,,,
ARC-MOF::ARC-MOF adsorption task table::pre_comb_4040_h2.csv,S(g1),hgb,random,0,48000,12000,5,0,38.68459275740946,1.6875132253293086,-0.1767725443570054,0.5579518560435478,0.05,0.42333333333333334,0.5108333333333334,0.2534339766221978,False,table_local_non_descriptor,selectivity,,,,,,,
ARC-MOF::ARC-MOF adsorption task table::pre_comb_4040_h2.csv,S(g1),randomforest,random,0,48000,12000,5,0,52.90944715976557,1.1132895190376575,-1.2013186650565015,0.5161673477616802,0.175,0.41,0.47333333333333333,0.3691826669248958,False,table_local_non_descriptor,selectivity,,,,,,,
ARC-MOF::ARC-MOF adsorption task table::pre_comb_4040_h2.csv,S(g1),extratrees,random,0,48000,12000,5,0,51.216402049469814,0.9213089314032995,-1.0626930280617786,0.4797137860045481,0.14166666666666666,0.37,0.44666666666666666,0.4119987493104344,False,table_local_non_descriptor,selectivity,,,,,,,
ARC-MOF::ARC-MOF adsorption task table::pre_comb_4040_h2.csv,S(g1),dummy,random,1,48000,12000,5,0,65.59729857801942,0.7458508302500001,-0.0001254136444956977,,0.016666666666666666,0.06,0.10416666666666667,0.002068190334809621,False,table_local_non_descriptor,selectivity,,,,,,,
ARC-MOF::ARC-MOF adsorption task table::pre_comb_4040_h2.csv,S(g1),ridge,random,1,48000,12000,5,0,65.59435267220118,2.2570425839028876,-3.5586496676121016e-05,-0.1068421271132423,0.03333333333333333,0.01,0.01,0.2158412305706498,False,table_local_non_descriptor,selectivity,,,,,,,
ARC-MOF::ARC-MOF adsorption task table::pre_comb_4040_h2.csv,S(g1),hgb,random,1,48000,12000,5,0,65.32099387285248,1.9146370823471544,0.00828216941535631,0.5751688840702232,0.041666666666666664,0.365,0.5266666666666666,0.34370425453460285,False,table_local_non_descriptor,selectivity,,,,,,,
ARC-MOF::ARC-MOF adsorption task table::pre_comb_4040_h2.csv,S(g1),randomforest,random,1,48000,12000,5,0,78.991671195083,1.6832347058376835,-0.45025762635744226,0.5170049306497368,0.16666666666666666,0.395,0.48083333333333333,0.29158660459199526,False,table_local_non_descriptor,selectivity,,,,,,,
ARC-MOF::ARC-MOF adsorption task table::pre_comb_4040_h2.csv,S(g1),extratrees,random,1,48000,12000,5,0,84.2777480071302,1.447415691485426,-0.6508529808371413,0.4792545150568953,0.16666666666666666,0.37666666666666665,0.4683333333333333,0.1617036736276156,False,table_local_non_descriptor,selectivity,,,,,,,
ARC-MOF::ARC-MOF adsorption task table::pre_comb_4040_h2.csv,S(g1),dummy,random,2,48000,12000,5,0,34.77682739132076,0.41690510241666673,-0.00013638086631817536,,0.008333333333333333,0.043333333333333335,0.08833333333333333,0.0036804995556368888,False,table_local_non_descriptor,selectivity,,,,,,,
ARC-MOF::ARC-MOF adsorption task table::pre_comb_4040_h2.csv,S(g1),ridge,random,2,48000,12000,5,0,34.825437655521725,2.0449772526994137,-0.00293427102240984,-0.09103340436149061,0.016666666666666666,0.01,0.009166666666666667,0.22672253382430405,False,table_local_non_descriptor,selectivity,,,,,,,
ARC-MOF::ARC-MOF adsorption task table::pre_comb_4040_h2.csv,S(g1),hgb,random,2,48000,12000,5,0,39.01365867068765,1.8786904526509245,-0.2586722745252581,0.5725139645088794,0.03333333333333333,0.32666666666666666,0.5125,0.2530436547962618,False,table_local_non_descriptor,selectivity,,,,,,,
ARC-MOF::ARC-MOF adsorption task table::pre_comb_4040_h2.csv,S(g1),randomforest,random,2,48000,12000,5,0,85.73338575368089,1.7953457067345855,-5.07825975789955,0.5114671619131398,0.14166666666666666,0.38,0.49,0.3219784908163609,False,table_local_non_descriptor,selectivity,,,,,,,
ARC-MOF::ARC-MOF adsorption task table::pre_comb_4040_h2.csv,S(g1),extratrees,random,2,48000,12000,5,0,402.2482912584388,7.703129964013995,-132.8035763656509,0.46554377730013646,0.14166666666666666,0.355,0.4666666666666667,0.27013355006631024,False,table_local_non_descriptor,selectivity,,,,,,,
ARC-MOF::ARC-MOF adsorption task table::pre_comb_4040_h2.csv,S(g1),dummy,random,3,48000,12000,5,0,5.55580926311591,0.16798954441666664,-0.0007969546830342011,,0.016666666666666666,0.056666666666666664,0.09666666666666666,0.020379766327124172,False,table_local_non_descriptor,selectivity,,,,,,,
ARC-MOF::ARC-MOF adsorption task table::pre_comb_4040_h2.csv,S(g1),ridge,random,3,48000,12000,5,0,6.104272827975361,1.9146504332124534,-0.20814536508291748,-0.10479997139935932,0.041666666666666664,0.01,0.009166666666666667,0.022455134493000985,False,table_local_non_descriptor,selectivity,,,,,,,
ARC-MOF::ARC-MOF adsorption task table::pre_comb_4040_h2.csv,S(g1),hgb,random,3,48000,12000,5,0,10.482985951415227,0.5288594811324333,-2.5630451667203977,0.5404995437898156,0.075,0.36333333333333334,0.5158333333333334,0.07720111059347527,False,table_local_non_descriptor,selectivity,,,,,,,
ARC-MOF::ARC-MOF adsorption task table::pre_comb_4040_h2.csv,S(g1),randomforest,random,3,48000,12000,5,0,80.31901210175135,1.318814656383406,-208.1645287434459,0.505904933886826,0.13333333333333333,0.3933333333333333,0.48833333333333334,0.07696714458569424,False,table_local_non_descriptor,selectivity,,,,,,,
ARC-MOF::ARC-MOF adsorption task table::pre_comb_4040_h2.csv,S(g1),extratrees,random,3,48000,12000,5,0,8.302390551304677,0.24068668894341802,-1.2348976472178306,0.4628977510432283,0.13333333333333333,0.38,0.4666666666666667,0.07460440133298041,False,table_local_non_descriptor,selectivity,,,,,,,
ARC-MOF::ARC-MOF adsorption task table::pre_comb_4040_h2.csv,S(g1),dummy,random,4,48000,12000,5,0,338.1624964470583,3.269950854916668,-9.289602501749705e-05,,0.008333333333333333,0.058333333333333334,0.10916666666666666,0.0018013565891138042,False,table_local_non_descriptor,selectivity,,,,,,,
ARC-MOF::ARC-MOF adsorption task table::pre_comb_4040_h2.csv,S(g1),ridge,random,4,48000,12000,5,0,338.145562486687,3.9605532554636635,7.263570511284456e-06,-0.08074761694709823,0.05,0.015,0.0125,0.2084622646287652,False,table_local_non_descriptor,selectivity,,,,,,,
ARC-MOF::ARC-MOF adsorption task table::pre_comb_4040_h2.csv,S(g1),hgb,random,4,48000,12000,5,0,338.26890941729266,3.726569917294697,-0.0007224134982208863,0.4789510585777484,0.041666666666666664,0.325,0.49416666666666664,0.005303421485030234,False,table_local_non_descriptor,selectivity,,,,,,,
ARC-MOF::ARC-MOF adsorption task table::pre_comb_4040_h2.csv,S(g1),randomforest,random,4,48000,12000,5,0,339.8726911870623,3.9229519141521916,-0.010234047264416235,0.5138852556609929,0.13333333333333333,0.3883333333333333,0.4825,0.00178095408935721,False,table_local_non_descriptor,selectivity,,,,,,,
ARC-MOF::ARC-MOF adsorption task table::pre_comb_4040_h2.csv,S(g1),extratrees,random,4,48000,12000,5,0,348.1481571047384,4.483978387739354,-0.06002879232027336,0.4769225728920331,0.125,0.36666666666666664,0.46416666666666667,0.0016646918065064886,False,table_local_non_descriptor,selectivity,,,,,,,
ARC-MOF::ARC-MOF adsorption task table::pre_comb_4040_h2.csv,S(g1),dummy,random,5,48000,12000,5,0,355.7383277497086,4.832663424416666,-0.0001837457556870259,,0.025,0.051666666666666666,0.1125,0.007502873774918616,False,table_local_non_descriptor,selectivity,,,,,,,
ARC-MOF::ARC-MOF adsorption task table::pre_comb_4040_h2.csv,S(g1),ridge,random,5,48000,12000,5,0,355.72967445962286,5.051963054679691,-0.00013508765982495063,-0.025438863014121422,0.06666666666666667,0.016666666666666666,0.015,0.2538546213257548,False,table_local_non_descriptor,selectivity,,,,,,,
ARC-MOF::ARC-MOF adsorption task table::pre_comb_4040_h2.csv,S(g1),hgb,random,5,48000,12000,5,0,355.5697981316741,4.997790067625147,0.000763695911615514,0.556619005180197,0.041666666666666664,0.38666666666666666,0.535,0.06100012814918262,False,table_local_non_descriptor,selectivity,,,,,,,
ARC-MOF::ARC-MOF adsorption task table::pre_comb_4040_h2.csv,S(g1),randomforest,random,5,48000,12000,5,0,355.91989132284897,5.099123494178985,-0.0012049642339886368,0.5190962536927836,0.18333333333333332,0.405,0.49,0.05278744991712889,False,table_local_non_descriptor,selectivity,,,,,,,
ARC-MOF::ARC-MOF adsorption task table::pre_comb_4040_h2.csv,S(g1),extratrees,random,5,48000,12000,5,0,362.7396717030996,5.767410464607642,-0.03994072342032551,0.47486075410303846,0.15833333333333333,0.37,0.4708333333333333,0.026980445599229557,False,table_local_non_descriptor,selectivity,,,,,,,
ARC-MOF::ARC-MOF adsorption task table::pre_comb_4040_h2.csv,S(g1),dummy,random,6,48000,12000,5,0,1.3177292296181427,0.11349957183333334,-0.006069775230145957,,0.0,0.04,0.08916666666666667,0.05531038276157213,False,table_local_non_descriptor,selectivity,,,,,,,
ARC-MOF::ARC-MOF adsorption task table::pre_comb_4040_h2.csv,S(g1),ridge,random,6,48000,12000,5,0,2.764604660586442,1.8121300212709421,-3.428348736284333,-0.10988866791328741,0.041666666666666664,0.013333333333333334,0.01,0.09126673938478967,False,table_local_non_descriptor,selectivity,,,,,,,
ARC-MOF::ARC-MOF adsorption task table::pre_comb_4040_h2.csv,S(g1),hgb,random,6,48000,12000,5,0,10.985042102781966,0.6911512318910763,-68.91642192962193,0.5416885273658254,0.041666666666666664,0.3333333333333333,0.5175,0.2824193207811727,False,table_local_non_descriptor,selectivity,,,,,,,
ARC-MOF::ARC-MOF adsorption task table::pre_comb_4040_h2.csv,S(g1),randomforest,random,6,48000,12000,5,0,76.32231479582634,1.52791360088973,-3374.0391145234203,0.5106384552462716,0.14166666666666666,0.4116666666666667,0.49916666666666665,0.2625703319246782,False,table_local_non_descriptor,selectivity,,,,,,,
ARC-MOF::ARC-MOF adsorption task table::pre_comb_4040_h2.csv,S(g1),extratrees,random,6,48000,12000,5,0,190.76711640104506,3.1148226000767285,-21084.445096986943,0.4675786822285728,0.125,0.36333333333333334,0.47833333333333333,0.2282893735905169,False,table_local_non_descriptor,selectivity,,,,,,,
ARC-MOF::ARC-MOF adsorption task table::pre_comb_4040_h2.csv,S(g1),dummy,random,7,48000,12000,5,0,65.44485840799852,0.7023666087500001,-0.00011154816492542352,,0.0,0.06666666666666667,0.10083333333333333,0.0035184426756573986,False,table_local_non_descriptor,selectivity,,,,,,,
ARC-MOF::ARC-MOF adsorption task table::pre_comb_4040_h2.csv,S(g1),ridge,random,7,48000,12000,5,0,65.44155549944351,2.2205481110992906,-1.0602308736729071e-05,-0.0849672332878981,0.058333333333333334,0.016666666666666666,0.013333333333333334,0.2565190407328758,False,table_local_non_descriptor,selectivity,,,,,,,
ARC-MOF::ARC-MOF adsorption task table::pre_comb_4040_h2.csv,S(g1),hgb,random,7,48000,12000,5,0,65.8393361536232,1.7634810821674474,-0.012204500159938014,0.5652854530641485,0.06666666666666667,0.37166666666666665,0.5075,0.2512253667240677,False,table_local_non_descriptor,selectivity,,,,,,,
ARC-MOF::ARC-MOF adsorption task table::pre_comb_4040_h2.csv,S(g1),randomforest,random,7,48000,12000,5,0,69.08602886307392,1.1935188201312588,-0.1144942613340032,0.5090245333723875,0.19166666666666668,0.3983333333333333,0.49333333333333335,0.3928533852915101,False,table_local_non_descriptor,selectivity,,,,,,,
ARC-MOF::ARC-MOF adsorption task table::pre_comb_4040_h2.csv,S(g1),extratrees,random,7,48000,12000,5,0,70.01561469737578,1.0556058615314499,-0.1446881559993327,0.471464675954716,0.18333333333333332,0.36833333333333335,0.4658333333333333,0.2731475344823148,False,table_local_non_descriptor,selectivity,,,,,,,
ARC-MOF::ARC-MOF adsorption task table::pre_comb_4040_h2.csv,S(g1),dummy,random,8,48000,12000,5,0,8.510616223709988,0.22955663500000004,-0.0006602506773230044,,0.008333333333333333,0.045,0.09166666666666666,0.09827467938861749,False,table_local_non_descriptor,selectivity,,,,,,,
ARC-MOF::ARC-MOF adsorption task table::pre_comb_4040_h2.csv,S(g1),ridge,random,8,48000,12000,5,0,8.87231621877747,1.9737025354243833,-0.08752352174582056,-0.07585684966993099,0.025,0.006666666666666667,0.008333333333333333,0.22245705624963277,False,table_local_non_descriptor,selectivity,,,,,,,
ARC-MOF::ARC-MOF adsorption task table::pre_comb_4040_h2.csv,S(g1),hgb,random,8,48000,12000,5,0,16.55828278683547,1.3803757736480073,-2.787871393481515,0.5650104131885764,0.025,0.36333333333333334,0.5066666666666667,0.3067451510119944,False,table_local_non_descriptor,selectivity,,,,,,,
ARC-MOF::ARC-MOF adsorption task table::pre_comb_4040_h2.csv,S(g1),randomforest,random,8,48000,12000,5,0,33.54608018549028,0.7339723932317969,-14.547057192039196,0.5112745943599082,0.19166666666666668,0.405,0.495,0.1927443728446411,False,table_local_non_descriptor,selectivity,,,,,,,
ARC-MOF::ARC-MOF adsorption task table::pre_comb_4040_h2.csv,S(g1),extratrees,random,8,48000,12000,5,0,36.40645910505283,0.6291824996371281,-17.311398652581463,0.47009742118604253,0.15,0.385,0.4683333333333333,0.045746404106849554,False,table_local_non_descriptor,selectivity,,,,,,,
ARC-MOF::ARC-MOF adsorption task table::pre_comb_4040_h2.csv,S(g1),dummy,random,9,48000,12000,5,0,102.77386635422819,1.2209609944166666,-0.0001386061684103268,,0.016666666666666666,0.03833333333333333,0.09583333333333334,0.12102298260732883,False,table_local_non_descriptor,selectivity,,,,,,,
ARC-MOF::ARC-MOF adsorption task table::pre_comb_4040_h2.csv,S(g1),ridge,random,9,48000,12000,5,0,102.75483203280258,2.5928322648469444,0.0002318225698875187,-0.11436046010551511,0.041666666666666664,0.011666666666666667,0.011666666666666667,0.27742880186968044,False,table_local_non_descriptor,selectivity,,,,,,,
ARC-MOF::ARC-MOF adsorption task table::pre_comb_4040_h2.csv,S(g1),hgb,random,9,48000,12000,5,0,104.44520601143486,2.3349378452688954,-0.032932217497480876,0.5686559319317552,0.041666666666666664,0.37,0.5158333333333334,0.14424003563560234,False,table_local_non_descriptor,selectivity,,,,,,,
ARC-MOF::ARC-MOF adsorption task table::pre_comb_4040_h2.csv,S(g1),randomforest,random,9,48000,12000,5,0,105.19583572398282,1.6046751685933098,-0.047832580957033466,0.5097717262541044,0.175,0.4033333333333333,0.49833333333333335,0.005921688678305007,False,table_local_non_descriptor,selectivity,,,,,,,
ARC-MOF::ARC-MOF adsorption task table::pre_comb_4040_h2.csv,S(g1),extratrees,random,9,48000,12000,5,0,117.83522737231398,1.7911012238006128,-0.31475578386200365,0.46865989214260484,0.14166666666666666,0.3883333333333333,0.4791666666666667,0.005145869248101651,False,table_local_non_descriptor,selectivity,,,,,,,
ARC-MOF::ARC-MOF adsorption task table::pre_comb_4040_h2.csv,molc/uc,dummy,random,0,48000,12000,5,0,3.1635435954724707,0.9806060635,-0.09101702702407577,,0.008333333333333333,0.045,0.09166666666666666,0.11475197924137152,False,table_local_non_descriptor,uptake_or_loading,,,,,,,
ARC-MOF::ARC-MOF adsorption task table::pre_comb_4040_h2.csv,molc/uc,ridge,random,0,48000,12000,5,0,2.8856144415948037,1.2940318058037024,0.09226206185706476,0.5879473877917001,0.10833333333333334,0.21166666666666667,0.2375,0.32236061580074066,False,table_local_non_descriptor,uptake_or_loading,,,,,,,
ARC-MOF::ARC-MOF adsorption task table::pre_comb_4040_h2.csv,molc/uc,hgb,random,0,48000,12000,5,0,2.8906560153110834,1.2656160709683224,0.08908739964634793,0.5875515017333427,0.09166666666666666,0.19333333333333333,0.235,0.2977875327724715,False,table_local_non_descriptor,uptake_or_loading,,,,,,,
ARC-MOF::ARC-MOF adsorption task table::pre_comb_4040_h2.csv,molc/uc,randomforest,random,0,48000,12000,5,0,3.241299196875481,1.359242926449596,-0.14530755189217848,0.5770931969493405,0.041666666666666664,0.14833333333333334,0.22583333333333333,0.25376380250508107,False,table_local_non_descriptor,uptake_or_loading,,,,,,,
ARC-MOF::ARC-MOF adsorption task table::pre_comb_4040_h2.csv,molc/uc,extratrees,random,0,48000,12000,5,0,3.6884157803848625,1.4426539607380546,-0.48307674119392074,0.5101682703589686,0.041666666666666664,0.14,0.22916666666666666,0.2312797565120383,False,table_local_non_descriptor,uptake_or_loading,,,,,,,
ARC-MOF::ARC-MOF adsorption task table::pre_comb_4040_h2.csv,molc/uc,dummy,random,1,48000,12000,5,0,3.301606678248782,1.0307529530833333,-0.09335049773175785,,0.025,0.05333333333333334,0.10083333333333333,0.11496965983863643,False,table_local_non_descriptor,uptake_or_loading,,,,,,,
ARC-MOF::ARC-MOF adsorption task table::pre_comb_4040_h2.csv,molc/uc,ridge,random,1,48000,12000,5,0,3.007507522900854,1.320541922803265,0.0927600143919649,0.5984374766227183,0.125,0.23666666666666666,0.2816666666666667,0.3600395407823754,False,table_local_non_descriptor,uptake_or_loading,,,,,,,
ARC-MOF::ARC-MOF adsorption task table::pre_comb_4040_h2.csv,molc/uc,hgb,random,1,48000,12000,5,0,2.966775037904758,1.2884444346444786,0.11716819475091933,0.5973469170626762,0.10833333333333334,0.23333333333333334,0.28,0.3549877193331648,False,table_local_non_descriptor,uptake_or_loading,,,,,,,
ARC-MOF::ARC-MOF adsorption task table::pre_comb_4040_h2.csv,molc/uc,randomforest,random,1,48000,12000,5,0,3.319453731883988,1.3826205378600749,-0.10520280269636784,0.5880701364547583,0.08333333333333333,0.16166666666666665,0.23833333333333334,0.26978425960925934,False,table_local_non_descriptor,uptake_or_loading,,,,,,,
ARC-MOF::ARC-MOF adsorption task table::pre_comb_4040_h2.csv,molc/uc,extratrees,random,1,48000,12000,5,0,3.7852788259668286,1.4832362953040004,-0.43715790870360305,0.5155899820293778,0.041666666666666664,0.135,0.24916666666666668,0.2672145343603634,False,table_local_non_descriptor,uptake_or_loading,,,,,,,
ARC-MOF::ARC-MOF adsorption task table::pre_comb_4040_h2.csv,molc/uc,dummy,random,2,48000,12000,5,0,3.2119638140368303,0.9993764924166668,-0.0919961732992498,,0.016666666666666666,0.06333333333333334,0.095,0.12101310122327995,False,table_local_non_descriptor,uptake_or_loading,,,,,,,
ARC-MOF::ARC-MOF adsorption task table::pre_comb_4040_h2.csv,molc/uc,ridge,random,2,48000,12000,5,0,3.1222330185805105,1.3071736376505991,-0.0318354704743089,0.5959700142090273,0.13333333333333333,0.22833333333333333,0.2608333333333333,0.335057597889417,False,table_local_non_descriptor,uptake_or_loading,,,,,,,
ARC-MOF::ARC-MOF adsorption task table::pre_comb_4040_h2.csv,molc/uc,hgb,random,2,48000,12000,5,0,2.902420007866234,1.259218231976095,0.1083378184311401,0.5992630770320925,0.14166666666666666,0.22,0.25666666666666665,0.3467587153721266,False,table_local_non_descriptor,uptake_or_loading,,,,,,,
ARC-MOF::ARC-MOF adsorption task table::pre_comb_4040_h2.csv,molc/uc,randomforest,random,2,48000,12000,5,0,3.2293069807467574,1.3607099951504569,-0.10382059160158708,0.5930064806203723,0.075,0.17666666666666667,0.2275,0.2802506777642188,False,table_local_non_descriptor,uptake_or_loading,,,,,,,
ARC-MOF::ARC-MOF adsorption task table::pre_comb_4040_h2.csv,molc/uc,extratrees,random,2,48000,12000,5,0,3.7759699350836713,1.4711521429241505,-0.5091655542367288,0.5166701977539514,0.03333333333333333,0.16166666666666665,0.22083333333333333,0.2565446390325051,False,table_local_non_descriptor,uptake_or_loading,,,,,,,
ARC-MOF::ARC-MOF adsorption task table::pre_comb_4040_h2.csv,molc/uc,dummy,random,3,48000,12000,5,0,3.2205006442846673,1.0025045879166667,-0.09189533258322258,,0.016666666666666666,0.06333333333333334,0.11166666666666666,0.13146990888865495,False,table_local_non_descriptor,uptake_or_loading,,,,,,,
ARC-MOF::ARC-MOF adsorption task table::pre_comb_4040_h2.csv,molc/uc,ridge,random,3,48000,12000,5,0,2.932585619860096,1.3015625074401826,0.09461013199660906,0.5963537926841316,0.125,0.26666666666666666,0.28583333333333333,0.36239270377176497,False,table_local_non_descriptor,uptake_or_loading,,,,,,,
ARC-MOF::ARC-MOF adsorption task table::pre_comb_4040_h2.csv,molc/uc,hgb,random,3,48000,12000,5,0,2.885462869608907,1.262064806529398,0.12347318020656417,0.5949316245497046,0.15,0.26166666666666666,0.28833333333333333,0.3687784540554928,False,table_local_non_descriptor,uptake_or_loading,,,,,,,
ARC-MOF::ARC-MOF adsorption task table::pre_comb_4040_h2.csv,molc/uc,randomforest,random,3,48000,12000,5,0,3.2025881879392943,1.3487727471212818,-0.07978284618961662,0.5829317678099609,0.13333333333333333,0.175,0.23416666666666666,0.28235100041139904,False,table_local_non_descriptor,uptake_or_loading,,,,,,,
ARC-MOF::ARC-MOF adsorption task table::pre_comb_4040_h2.csv,molc/uc,extratrees,random,3,48000,12000,5,0,3.7156973016615993,1.4660948839402348,-0.4534994874256093,0.5105922035724845,0.08333333333333333,0.15,0.22666666666666666,0.2685456773905727,False,table_local_non_descriptor,uptake_or_loading,,,,,,,
ARC-MOF::ARC-MOF adsorption task table::pre_comb_4040_h2.csv,molc/uc,dummy,random,4,48000,12000,5,0,3.218434255325616,0.9835264983333333,-0.08844731868196143,,0.025,0.043333333333333335,0.1025,0.10862483406670045,False,table_local_non_descriptor,uptake_or_loading,,,,,,,
ARC-MOF::ARC-MOF adsorption task table::pre_comb_4040_h2.csv,molc/uc,ridge,random,4,48000,12000,5,0,2.9460130167234,1.2944536624215077,0.08801550942067038,0.5868544777436345,0.16666666666666666,0.24333333333333335,0.25666666666666665,0.3468600703644615,False,table_local_non_descriptor,uptake_or_loading,,,,,,,
ARC-MOF::ARC-MOF adsorption task table::pre_comb_4040_h2.csv,molc/uc,hgb,random,4,48000,12000,5,0,2.907626142612817,1.2599812306427889,0.11162718598948229,0.5900466543381303,0.13333333333333333,0.22666666666666666,0.25916666666666666,0.3389317585016141,False,table_local_non_descriptor,uptake_or_loading,,,,,,,
ARC-MOF::ARC-MOF adsorption task table::pre_comb_4040_h2.csv,molc/uc,randomforest,random,4,48000,12000,5,0,3.2231588092466428,1.3439951807392625,-0.09164527277721546,0.572369331954977,0.075,0.16833333333333333,0.24166666666666667,0.28537934207138954,False,table_local_non_descriptor,uptake_or_loading,,,,,,,
ARC-MOF::ARC-MOF adsorption task table::pre_comb_4040_h2.csv,molc/uc,extratrees,random,4,48000,12000,5,0,3.6999613669045233,1.455719143838409,-0.43850875256642285,0.4977709821207488,0.05,0.13,0.225,0.25683792388988247,False,table_local_non_descriptor,uptake_or_loading,,,,,,,
ARC-MOF::ARC-MOF adsorption task table::pre_comb_4040_h2.csv,molc/uc,dummy,random,5,48000,12000,5,0,3.384909321735222,1.0547570028333333,-0.09359984996804815,,0.016666666666666666,0.055,0.09583333333333334,0.10490380466092722,False,table_local_non_descriptor,uptake_or_loading,,,,,,,
ARC-MOF::ARC-MOF adsorption task table::pre_comb_4040_h2.csv,molc/uc,ridge,random,5,48000,12000,5,0,3.0867024018262117,1.3467045061418967,0.09060223192240924,0.5941622191542605,0.175,0.25166666666666665,0.28,0.3691863977516455,False,table_local_non_descriptor,uptake_or_loading,,,,,,,
ARC-MOF::ARC-MOF adsorption task table::pre_comb_4040_h2.csv,molc/uc,hgb,random,5,48000,12000,5,0,3.031062972701847,1.3143872943656625,0.12309149394868901,0.59372449853279,0.16666666666666666,0.245,0.2708333333333333,0.3652941112944751,False,table_local_non_descriptor,uptake_or_loading,,,,,,,
ARC-MOF::ARC-MOF adsorption task table::pre_comb_4040_h2.csv,molc/uc,randomforest,random,5,48000,12000,5,0,3.3444428007029607,1.3927618836243127,-0.06760822169296299,0.5849357194406444,0.09166666666666666,0.175,0.22333333333333333,0.2822187738840189,False,table_local_non_descriptor,uptake_or_loading,,,,,,,
ARC-MOF::ARC-MOF adsorption task table::pre_comb_4040_h2.csv,molc/uc,extratrees,random,5,48000,12000,5,0,3.7955348986224124,1.490176728355569,-0.3750242015438854,0.5067517798834192,0.08333333333333333,0.15,0.2175,0.2627788559475678,False,table_local_non_descriptor,uptake_or_loading,,,,,,,
ARC-MOF::ARC-MOF adsorption task table::pre_comb_4040_h2.csv,molc/uc,dummy,random,6,48000,12000,5,0,3.2758513336551593,0.9958048077499999,-0.08689586428916041,,0.008333333333333333,0.056666666666666664,0.11166666666666666,0.1175360903616688,False,table_local_non_descriptor,uptake_or_loading,,,,,,,
ARC-MOF::ARC-MOF adsorption task table::pre_comb_4040_h2.csv,molc/uc,ridge,random,6,48000,12000,5,0,3.000568657459822,1.3091695274863877,0.0881010724609188,0.5895303080363357,0.175,0.23,0.2633333333333333,0.3541777849511403,False,table_local_non_descriptor,uptake_or_loading,,,,,,,
ARC-MOF::ARC-MOF adsorption task table::pre_comb_4040_h2.csv,molc/uc,hgb,random,6,48000,12000,5,0,2.9411360039772,1.273071994299432,0.12386751530161444,0.5899157243772252,0.16666666666666666,0.22666666666666666,0.25166666666666665,0.35362626860942986,False,table_local_non_descriptor,uptake_or_loading,,,,,,,
ARC-MOF::ARC-MOF adsorption task table::pre_comb_4040_h2.csv,molc/uc,randomforest,random,6,48000,12000,5,0,3.2513539526577397,1.3498978084772921,-0.07070065754780108,0.5807265564061022,0.10833333333333334,0.15166666666666667,0.22166666666666668,0.2822148285078631,False,table_local_non_descriptor,uptake_or_loading,,,,,,,
ARC-MOF::ARC-MOF adsorption task table::pre_comb_4040_h2.csv,molc/uc,extratrees,random,6,48000,12000,5,0,3.693014431947352,1.4344636360675622,-0.38134314743193354,0.5068150746527696,0.08333333333333333,0.14166666666666666,0.22416666666666665,0.2805483158524268,False,table_local_non_descriptor,uptake_or_loading,,,,,,,
ARC-MOF::ARC-MOF adsorption task table::pre_comb_4040_h2.csv,molc/uc,dummy,random,7,48000,12000,5,0,3.2966274321320115,1.007851265,-0.08887074093135072,,0.025,0.04833333333333333,0.0975,0.10906167501069813,False,table_local_non_descriptor,uptake_or_loading,,,,,,,
ARC-MOF::ARC-MOF adsorption task table::pre_comb_4040_h2.csv,molc/uc,ridge,random,7,48000,12000,5,0,3.0144243334011707,1.312129703393304,0.08957250406225148,0.5965582799446398,0.16666666666666666,0.24166666666666667,0.2833333333333333,0.3800166209531782,False,table_local_non_descriptor,uptake_or_loading,,,,,,,
ARC-MOF::ARC-MOF adsorption task table::pre_comb_4040_h2.csv,molc/uc,hgb,random,7,48000,12000,5,0,2.958686859457508,1.2625623271951754,0.122929311160615,0.5940910956655477,0.13333333333333333,0.245,0.2775,0.35411744561313124,False,table_local_non_descriptor,uptake_or_loading,,,,,,,
ARC-MOF::ARC-MOF adsorption task table::pre_comb_4040_h2.csv,molc/uc,randomforest,random,7,48000,12000,5,0,3.2696417298813327,1.354600464398228,-0.07111703602105823,0.5862595629953619,0.05,0.14333333333333334,0.23666666666666666,0.25885452994325564,False,table_local_non_descriptor,uptake_or_loading,,,,,,,
ARC-MOF::ARC-MOF adsorption task table::pre_comb_4040_h2.csv,molc/uc,extratrees,random,7,48000,12000,5,0,3.7298582489110848,1.472515905023424,-0.39386670937498414,0.5030606535746528,0.03333333333333333,0.12833333333333333,0.22333333333333333,0.23396584528905712,False,table_local_non_descriptor,uptake_or_loading,,,,,,,
ARC-MOF::ARC-MOF adsorption task table::pre_comb_4040_h2.csv,molc/uc,dummy,random,8,48000,12000,5,0,3.2931726493663254,1.0076641734166667,-0.08870297107480529,,0.025,0.05333333333333334,0.1025,0.11243237144145404,False,table_local_non_descriptor,uptake_or_loading,,,,,,,
ARC-MOF::ARC-MOF adsorption task table::pre_comb_4040_h2.csv,molc/uc,ridge,random,8,48000,12000,5,0,3.0098749866761962,1.3127545637304316,0.09055314784843471,0.5886896120673774,0.20833333333333334,0.22166666666666668,0.26,0.35360028982704456,False,table_local_non_descriptor,uptake_or_loading,,,,,,,
ARC-MOF::ARC-MOF adsorption task table::pre_comb_4040_h2.csv,molc/uc,hgb,random,8,48000,12000,5,0,2.957152725270893,1.2819914385511113,0.12213462893088489,0.5913921977485382,0.19166666666666668,0.22833333333333333,0.25666666666666665,0.3416199777655307,False,table_local_non_descriptor,uptake_or_loading,,,,,,,
ARC-MOF::ARC-MOF adsorption task table::pre_comb_4040_h2.csv,molc/uc,randomforest,random,8,48000,12000,5,0,3.284348341438159,1.3467539213844744,-0.08287626238521928,0.5826926769149554,0.075,0.17166666666666666,0.23083333333333333,0.2726545707143458,False,table_local_non_descriptor,uptake_or_loading,,,,,,,
ARC-MOF::ARC-MOF adsorption task table::pre_comb_4040_h2.csv,molc/uc,extratrees,random,8,48000,12000,5,0,3.7930409676825065,1.4536054219308467,-0.4442935618582169,0.5165189683167533,0.05,0.16333333333333333,0.2375,0.2706425394464007,False,table_local_non_descriptor,uptake_or_loading,,,,,,,
ARC-MOF::ARC-MOF adsorption task table::pre_comb_4040_h2.csv,molc/uc,dummy,random,9,48000,12000,5,0,3.432420795973921,1.0336771399166667,-0.08629998786792759,,0.008333333333333333,0.05,0.10083333333333333,0.10309125709924186,False,table_local_non_descriptor,uptake_or_loading,,,,,,,
ARC-MOF::ARC-MOF adsorption task table::pre_comb_4040_h2.csv,molc/uc,ridge,random,9,48000,12000,5,0,3.146982948336977,1.3264615457199231,0.08685971068082254,0.59707924950021,0.2,0.25,0.2683333333333333,0.35589846334875974,False,table_local_non_descriptor,uptake_or_loading,,,,,,,
ARC-MOF::ARC-MOF adsorption task table::pre_comb_4040_h2.csv,molc/uc,hgb,random,9,48000,12000,5,0,3.0845965114145604,1.2904670716605022,0.12270540898085636,0.5975693678506203,0.16666666666666666,0.24,0.2608333333333333,0.3540907466376816,False,table_local_non_descriptor,uptake_or_loading,,,,,,,
ARC-MOF::ARC-MOF adsorption task table::pre_comb_4040_h2.csv,molc/uc,randomforest,random,9,48000,12000,5,0,3.3394875841924323,1.3671917088033592,-0.028272903975964825,0.5884663456566542,0.15,0.165,0.24833333333333332,0.2977589976473706,False,table_local_non_descriptor,uptake_or_loading,,,,,,,
ARC-MOF::ARC-MOF adsorption task table::pre_comb_4040_h2.csv,molc/uc,extratrees,random,9,48000,12000,5,0,3.7968199169554975,1.4759607179350658,-0.3291950757041979,0.5123674457776116,0.06666666666666667,0.15166666666666667,0.23083333333333333,0.27049758236915056,False,table_local_non_descriptor,uptake_or_loading,,,,,,,
ARC-MOF::ARC-MOF adsorption task table::pre_comb_4040_co2.csv,wt%,dummy,random,0,48000,12000,5,0,42.14559792018499,32.998841114916665,-0.24213070184526142,,0.0,0.045,0.0975,0.3555914022325837,False,table_local_non_descriptor,uptake_or_loading,,,,,,,
ARC-MOF::ARC-MOF adsorption task table::pre_comb_4040_co2.csv,wt%,ridge,random,0,48000,12000,5,0,18.86584114063849,12.80447193771628,0.7511055551347552,0.7181088540672348,0.008333333333333333,0.06833333333333333,0.23833333333333334,0.7169247167003957,False,table_local_non_descriptor,uptake_or_loading,,,,,,,
ARC-MOF::ARC-MOF adsorption task table::pre_comb_4040_co2.csv,wt%,hgb,random,0,48000,12000,5,0,18.035480583049928,11.746676389725874,0.7725330545070864,0.8334886797802747,0.03333333333333333,0.17666666666666667,0.3125,0.7398455818169334,False,table_local_non_descriptor,uptake_or_loading,,,,,,,
ARC-MOF::ARC-MOF adsorption task table::pre_comb_4040_co2.csv,wt%,randomforest,random,0,48000,12000,5,0,19.65671292363264,12.768857663533852,0.7298004338173716,0.8058825842348797,0.016666666666666666,0.12833333333333333,0.27666666666666667,0.710793925850281,False,table_local_non_descriptor,uptake_or_loading,,,,,,,
ARC-MOF::ARC-MOF adsorption task table::pre_comb_4040_co2.csv,wt%,extratrees,random,0,48000,12000,5,0,20.781796777326235,13.495599529142439,0.6979846306378951,0.7950019834678659,0.008333333333333333,0.14,0.2783333333333333,0.7092478985275262,False,table_local_non_descriptor,uptake_or_loading,,,,,,,
ARC-MOF::ARC-MOF adsorption task table::pre_comb_4040_co2.csv,wt%,dummy,random,1,48000,12000,5,0,42.387662696945135,33.247389657333336,-0.2708785496082551,,0.0,0.04,0.11666666666666667,0.3765738034247886,False,table_local_non_descriptor,uptake_or_loading,,,,,,,
ARC-MOF::ARC-MOF adsorption task table::pre_comb_4040_co2.csv,wt%,ridge,random,1,48000,12000,5,0,18.479824219426497,12.574996494371996,0.7584423578258508,0.7179739506126328,0.0,0.07333333333333333,0.23,0.7169134434136134,False,table_local_non_descriptor,uptake_or_loading,,,,,,,
ARC-MOF::ARC-MOF adsorption task table::pre_comb_4040_co2.csv,wt%,hgb,random,1,48000,12000,5,0,17.719835001534545,11.56281174264789,0.7779020973663009,0.8344129105702071,0.03333333333333333,0.16833333333333333,0.3,0.7538091972165233,False,table_local_non_descriptor,uptake_or_loading,,,,,,,
ARC-MOF::ARC-MOF adsorption task table::pre_comb_4040_co2.csv,wt%,randomforest,random,1,48000,12000,5,0,19.357826934800244,12.59627080061071,0.7349435874207767,0.8083532731636455,0.03333333333333333,0.14,0.265,0.7248461722770241,False,table_local_non_descriptor,uptake_or_loading,,,,,,,
ARC-MOF::ARC-MOF adsorption task table::pre_comb_4040_co2.csv,wt%,extratrees,random,1,48000,12000,5,0,20.568365524558374,13.422889316834816,0.7007565360558439,0.7966989394643124,0.025,0.135,0.2608333333333333,0.7197848858161247,False,table_local_non_descriptor,uptake_or_loading,,,,,,,
ARC-MOF::ARC-MOF adsorption task table::pre_comb_4040_co2.csv,wt%,dummy,random,2,48000,12000,5,0,42.01558193543709,33.00908631391667,-0.24829804542596534,,0.008333333333333333,0.041666666666666664,0.08833333333333333,0.3453066417147868,False,table_local_non_descriptor,uptake_or_loading,,,,,,,
ARC-MOF::ARC-MOF adsorption task table::pre_comb_4040_co2.csv,wt%,ridge,random,2,48000,12000,5,0,18.60046997654754,12.590760587146152,0.7553499214286896,0.7141474122336237,0.008333333333333333,0.07666666666666666,0.22083333333333333,0.7240831924679658,False,table_local_non_descriptor,uptake_or_loading,,,,,,,
ARC-MOF::ARC-MOF adsorption task table::pre_comb_4040_co2.csv,wt%,hgb,random,2,48000,12000,5,0,17.833282299159315,11.652313176263425,0.775115204746492,0.8312571638280504,0.03333333333333333,0.17166666666666666,0.31583333333333335,0.7557829520625164,False,table_local_non_descriptor,uptake_or_loading,,,,,,,
ARC-MOF::ARC-MOF adsorption task table::pre_comb_4040_co2.csv,wt%,randomforest,random,2,48000,12000,5,0,19.588419135640663,12.7511493259337,0.7286709460988638,0.8064286668799547,0.03333333333333333,0.14333333333333334,0.2575,0.7168158528999901,False,table_local_non_descriptor,uptake_or_loading,,,,,,,
ARC-MOF::ARC-MOF adsorption task table::pre_comb_4040_co2.csv,wt%,extratrees,random,2,48000,12000,5,0,20.94908316124836,13.605293977923614,0.6896672814921936,0.7960388420968029,0.016666666666666666,0.13833333333333334,0.24583333333333332,0.706530766099021,False,table_local_non_descriptor,uptake_or_loading,,,,,,,
ARC-MOF::ARC-MOF adsorption task table::pre_comb_4040_co2.csv,wt%,dummy,random,3,48000,12000,5,0,41.51864683280351,32.545624585,-0.23477928875531306,,0.008333333333333333,0.04833333333333333,0.09666666666666666,0.34636652770576193,False,table_local_non_descriptor,uptake_or_loading,,,,,,,
ARC-MOF::ARC-MOF adsorption task table::pre_comb_4040_co2.csv,wt%,ridge,random,3,48000,12000,5,0,18.749292075325165,12.655651437445917,0.748190155894242,0.7074967450284337,0.008333333333333333,0.07166666666666667,0.23,0.7162925235562516,False,table_local_non_descriptor,uptake_or_loading,,,,,,,
ARC-MOF::ARC-MOF adsorption task table::pre_comb_4040_co2.csv,wt%,hgb,random,3,48000,12000,5,0,18.02250123234327,11.70948604436502,0.7673339146273414,0.83074634409245,0.025,0.17,0.31166666666666665,0.742138741868229,False,table_local_non_descriptor,uptake_or_loading,,,,,,,
ARC-MOF::ARC-MOF adsorption task table::pre_comb_4040_co2.csv,wt%,randomforest,random,3,48000,12000,5,0,19.487182057494973,12.639112514560225,0.7279798723040094,0.8073188345544666,0.03333333333333333,0.13333333333333333,0.2725,0.7202289899790434,False,table_local_non_descriptor,uptake_or_loading,,,,,,,
ARC-MOF::ARC-MOF adsorption task table::pre_comb_4040_co2.csv,wt%,extratrees,random,3,48000,12000,5,0,20.636319485253118,13.425245316591749,0.6949525205735267,0.7963399301406284,0.016666666666666666,0.14,0.2683333333333333,0.7162200466541788,False,table_local_non_descriptor,uptake_or_loading,,,,,,,
ARC-MOF::ARC-MOF adsorption task table::pre_comb_4040_co2.csv,wt%,dummy,random,4,48000,12000,5,0,42.2057397270512,33.092632353,-0.25537193949398973,,0.0,0.045,0.09583333333333334,0.35748062323650676,False,table_local_non_descriptor,uptake_or_loading,,,,,,,
ARC-MOF::ARC-MOF adsorption task table::pre_comb_4040_co2.csv,wt%,ridge,random,4,48000,12000,5,0,18.787890838452828,12.763318384918449,0.7512371977187116,0.7190145248273505,0.016666666666666666,0.075,0.235,0.7236996028174926,False,table_local_non_descriptor,uptake_or_loading,,,,,,,
ARC-MOF::ARC-MOF adsorption task table::pre_comb_4040_co2.csv,wt%,hgb,random,4,48000,12000,5,0,18.06030217403265,11.851359114916107,0.7701315280480971,0.8303928798219421,0.03333333333333333,0.18166666666666667,0.31083333333333335,0.7427100535470244,False,table_local_non_descriptor,uptake_or_loading,,,,,,,
ARC-MOF::ARC-MOF adsorption task table::pre_comb_4040_co2.csv,wt%,randomforest,random,4,48000,12000,5,0,19.627497534450253,12.778211045237908,0.7285066183301703,0.8052346569172562,0.03333333333333333,0.14666666666666667,0.27166666666666667,0.7206174020164442,False,table_local_non_descriptor,uptake_or_loading,,,,,,,
ARC-MOF::ARC-MOF adsorption task table::pre_comb_4040_co2.csv,wt%,extratrees,random,4,48000,12000,5,0,20.924522253820463,13.598266881614189,0.6914393887925177,0.7930045290778611,0.05,0.14,0.26416666666666666,0.7156753181507982,False,table_local_non_descriptor,uptake_or_loading,,,,,,,
ARC-MOF::ARC-MOF adsorption task table::pre_comb_4040_co2.csv,wt%,dummy,random,5,48000,12000,5,0,42.74619516964143,33.42876198241667,-0.28341352984233104,,0.008333333333333333,0.04666666666666667,0.0975,0.3626789763331867,False,table_local_non_descriptor,uptake_or_loading,,,,,,,
ARC-MOF::ARC-MOF adsorption task table::pre_comb_4040_co2.csv,wt%,ridge,random,5,48000,12000,5,0,18.891408059511207,12.913919113199004,0.7493311649477171,0.7232155077259178,0.0,0.07166666666666667,0.2125,0.7150839166685774,False,table_local_non_descriptor,uptake_or_loading,,,,,,,
ARC-MOF::ARC-MOF adsorption task table::pre_comb_4040_co2.csv,wt%,hgb,random,5,48000,12000,5,0,18.094111850694237,11.913127322388064,0.7700432161824149,0.8292635327172936,0.016666666666666666,0.14166666666666666,0.2783333333333333,0.733708839342698,False,table_local_non_descriptor,uptake_or_loading,,,,,,,
ARC-MOF::ARC-MOF adsorption task table::pre_comb_4040_co2.csv,wt%,randomforest,random,5,48000,12000,5,0,19.717420574772117,12.87880731228467,0.726931323830636,0.8032757591882722,0.03333333333333333,0.14166666666666666,0.2625,0.7208240596784697,False,table_local_non_descriptor,uptake_or_loading,,,,,,,
ARC-MOF::ARC-MOF adsorption task table::pre_comb_4040_co2.csv,wt%,extratrees,random,5,48000,12000,5,0,21.03371763899801,13.72359478814316,0.689255275889799,0.793159204786912,0.008333333333333333,0.14,0.26416666666666666,0.7197715586535038,False,table_local_non_descriptor,uptake_or_loading,,,,,,,
ARC-MOF::ARC-MOF adsorption task table::pre_comb_4040_co2.csv,wt%,dummy,random,6,48000,12000,5,0,42.21910037430952,32.959648525,-0.2573177158456674,,0.008333333333333333,0.051666666666666666,0.10916666666666666,0.37160750611032406,False,table_local_non_descriptor,uptake_or_loading,,,,,,,
ARC-MOF::ARC-MOF adsorption task table::pre_comb_4040_co2.csv,wt%,ridge,random,6,48000,12000,5,0,18.841837667860414,12.831866286153762,0.7495773536352128,0.717085662808671,0.008333333333333333,0.09333333333333334,0.23083333333333333,0.7268118279244549,False,table_local_non_descriptor,uptake_or_loading,,,,,,,
ARC-MOF::ARC-MOF adsorption task table::pre_comb_4040_co2.csv,wt%,hgb,random,6,48000,12000,5,0,18.10068543055886,11.845043621129934,0.7688908571319639,0.8331117724967031,0.041666666666666664,0.175,0.30333333333333334,0.7437189409646805,False,table_local_non_descriptor,uptake_or_loading,,,,,,,
ARC-MOF::ARC-MOF adsorption task table::pre_comb_4040_co2.csv,wt%,randomforest,random,6,48000,12000,5,0,19.73480055046635,12.869176786617691,0.7252785511780129,0.8051690764092234,0.025,0.12333333333333334,0.255,0.716506966957293,False,table_local_non_descriptor,uptake_or_loading,,,,,,,
ARC-MOF::ARC-MOF adsorption task table::pre_comb_4040_co2.csv,wt%,extratrees,random,6,48000,12000,5,0,21.135822871217602,13.732509401395388,0.6848876631338209,0.7937545360276,0.03333333333333333,0.13833333333333334,0.25083333333333335,0.7108803663706343,False,table_local_non_descriptor,uptake_or_loading,,,,,,,
ARC-MOF::ARC-MOF adsorption task table::pre_comb_4040_co2.csv,wt%,dummy,random,7,48000,12000,5,0,42.233109548207906,33.099346158083335,-0.2572352900486288,,0.008333333333333333,0.056666666666666664,0.1,0.36681882327727094,False,table_local_non_descriptor,uptake_or_loading,,,,,,,
ARC-MOF::ARC-MOF adsorption task table::pre_comb_4040_co2.csv,wt%,ridge,random,7,48000,12000,5,0,18.569224986893833,12.637598042660441,0.7569486702023038,0.7206712808557053,0.008333333333333333,0.075,0.215,0.7146562877562503,False,table_local_non_descriptor,uptake_or_loading,,,,,,,
ARC-MOF::ARC-MOF adsorption task table::pre_comb_4040_co2.csv,wt%,hgb,random,7,48000,12000,5,0,17.677706359299272,11.570727467332004,0.7797264878712367,0.8365851541551267,0.016666666666666666,0.17666666666666667,0.3075,0.7467910739948194,False,table_local_non_descriptor,uptake_or_loading,,,,,,,
ARC-MOF::ARC-MOF adsorption task table::pre_comb_4040_co2.csv,wt%,randomforest,random,7,48000,12000,5,0,19.072721736284496,12.461305889866575,0.7435895089557224,0.8113635265122494,0.0,0.13333333333333333,0.2708333333333333,0.7203894511108572,False,table_local_non_descriptor,uptake_or_loading,,,,,,,
ARC-MOF::ARC-MOF adsorption task table::pre_comb_4040_co2.csv,wt%,extratrees,random,7,48000,12000,5,0,20.428907954947427,13.307990851519495,0.7058283960605991,0.7983401011949187,0.016666666666666666,0.13166666666666665,0.2675,0.7210255386325797,False,table_local_non_descriptor,uptake_or_loading,,,,,,,
ARC-MOF::ARC-MOF adsorption task table::pre_comb_4040_co2.csv,wt%,dummy,random,8,48000,12000,5,0,41.68445232397325,32.7656426355,-0.24517974698915923,,0.025,0.04666666666666667,0.09416666666666666,0.35296328132972726,False,table_local_non_descriptor,uptake_or_loading,,,,,,,
ARC-MOF::ARC-MOF adsorption task table::pre_comb_4040_co2.csv,wt%,ridge,random,8,48000,12000,5,0,18.29293097424753,12.433478126551782,0.7601993037084628,0.7161366686572507,0.0,0.08666666666666667,0.24166666666666667,0.725143176804132,False,table_local_non_descriptor,uptake_or_loading,,,,,,,
ARC-MOF::ARC-MOF adsorption task table::pre_comb_4040_co2.csv,wt%,hgb,random,8,48000,12000,5,0,17.607262379975698,11.488299519798355,0.77783915396317,0.8326259783645796,0.041666666666666664,0.16333333333333333,0.29333333333333333,0.737054834084455,False,table_local_non_descriptor,uptake_or_loading,,,,,,,
ARC-MOF::ARC-MOF adsorption task table::pre_comb_4040_co2.csv,wt%,randomforest,random,8,48000,12000,5,0,19.301725238313725,12.553837486527803,0.7330216118386568,0.8066122719514965,0.008333333333333333,0.14,0.26166666666666666,0.7138140443125119,False,table_local_non_descriptor,uptake_or_loading,,,,,,,
ARC-MOF::ARC-MOF adsorption task table::pre_comb_4040_co2.csv,wt%,extratrees,random,8,48000,12000,5,0,20.596200972876208,13.409365465815126,0.6960108448576316,0.7960646186385699,0.016666666666666666,0.14333333333333334,0.25583333333333336,0.7165032156020769,False,table_local_non_descriptor,uptake_or_loading,,,,,,,
ARC-MOF::ARC-MOF adsorption task table::pre_comb_4040_co2.csv,wt%,dummy,random,9,48000,12000,5,0,42.04511791301165,32.956523656583336,-0.2507795620941391,,0.0,0.03666666666666667,0.095,0.3552522000193934,False,table_local_non_descriptor,uptake_or_loading,,,,,,,
ARC-MOF::ARC-MOF adsorption task table::pre_comb_4040_co2.csv,wt%,ridge,random,9,48000,12000,5,0,18.557334204848374,12.617400937741102,0.7563419271298397,0.7203552552081599,0.008333333333333333,0.06666666666666667,0.235,0.7181785093316395,False,table_local_non_descriptor,uptake_or_loading,,,,,,,
ARC-MOF::ARC-MOF adsorption task table::pre_comb_4040_co2.csv,wt%,hgb,random,9,48000,12000,5,0,17.73731529513908,11.62111666208311,0.7773998776443232,0.8335687813049969,0.041666666666666664,0.16833333333333333,0.30416666666666664,0.7459023630941282,False,table_local_non_descriptor,uptake_or_loading,,,,,,,
ARC-MOF::ARC-MOF adsorption task table::pre_comb_4040_co2.csv,wt%,randomforest,random,9,48000,12000,5,0,19.384904627808666,12.646554475595455,0.7341253299416866,0.8064510687473578,0.016666666666666666,0.15833333333333333,0.2775,0.7201527542839998,False,table_local_non_descriptor,uptake_or_loading,,,,,,,
ARC-MOF::ARC-MOF adsorption task table::pre_comb_4040_co2.csv,wt%,extratrees,random,9,48000,12000,5,0,20.8290802385597,13.54540506709076,0.6930343268495771,0.7930704236066761,0.041666666666666664,0.14833333333333334,0.2633333333333333,0.710779417740282,False,table_local_non_descriptor,uptake_or_loading,,,,,,,
ARC-MOF::ARC-MOF adsorption task table::pre_comb_4040_co2.csv,v/v,dummy,random,0,48000,12000,5,0,113.93990057273692,99.54945801375,-0.0927047577132245,,0.016666666666666666,0.043333333333333335,0.105,0.4335790580309836,False,table_local_non_descriptor,uptake_or_loading,,,,,,,
ARC-MOF::ARC-MOF adsorption task table::pre_comb_4040_co2.csv,v/v,ridge,random,0,48000,12000,5,0,44.130359755764026,32.422303836869254,0.8360822072109351,0.8582696600656112,0.016666666666666666,0.12833333333333333,0.24083333333333334,0.8218914755662977,False,table_local_non_descriptor,uptake_or_loading,,,,,,,
ARC-MOF::ARC-MOF adsorption task table::pre_comb_4040_co2.csv,v/v,hgb,random,0,48000,12000,5,0,41.26226381820657,28.936503747435463,0.8566963458705565,0.8608988954155617,0.016666666666666666,0.14,0.26666666666666666,0.8311709025161432,False,table_local_non_descriptor,uptake_or_loading,,,,,,,
ARC-MOF::ARC-MOF adsorption task table::pre_comb_4040_co2.csv,v/v,randomforest,random,0,48000,12000,5,0,45.20862276326952,31.45853076818132,0.8279741487826674,0.8398979603882509,0.016666666666666666,0.12,0.24916666666666668,0.8216392646529677,False,table_local_non_descriptor,uptake_or_loading,,,,,,,
ARC-MOF::ARC-MOF adsorption task table::pre_comb_4040_co2.csv,v/v,extratrees,random,0,48000,12000,5,0,48.913832424962955,33.75795258622641,0.79862083096581,0.8258956431440936,0.025,0.11666666666666667,0.235,0.8111241559692898,False,table_local_non_descriptor,uptake_or_loading,,,,,,,
ARC-MOF::ARC-MOF adsorption task table::pre_comb_4040_co2.csv,v/v,dummy,random,1,48000,12000,5,0,114.24773046904562,99.7252690215,-0.1006509661783499,,0.016666666666666666,0.06166666666666667,0.1,0.44358353428170694,False,table_local_non_descriptor,uptake_or_loading,,,,,,,
ARC-MOF::ARC-MOF adsorption task table::pre_comb_4040_co2.csv,v/v,ridge,random,1,48000,12000,5,0,44.30743690164847,32.67306729939031,0.8344581854282366,0.8642674954474159,0.025,0.13333333333333333,0.27166666666666667,0.8296152871145057,False,table_local_non_descriptor,uptake_or_loading,,,,,,,
ARC-MOF::ARC-MOF adsorption task table::pre_comb_4040_co2.csv,v/v,hgb,random,1,48000,12000,5,0,40.810809122345034,28.821691777974717,0.859555457883411,0.8636315710786124,0.03333333333333333,0.135,0.2475,0.8299307558537974,False,table_local_non_descriptor,uptake_or_loading,,,,,,,
ARC-MOF::ARC-MOF adsorption task table::pre_comb_4040_co2.csv,v/v,randomforest,random,1,48000,12000,5,0,44.93305688791918,31.540480029081866,0.8297502875353313,0.8419555288298686,0.05,0.12166666666666667,0.24166666666666667,0.8219731793487601,False,table_local_non_descriptor,uptake_or_loading,,,,,,,
ARC-MOF::ARC-MOF adsorption task table::pre_comb_4040_co2.csv,v/v,extratrees,random,1,48000,12000,5,0,49.23588421883717,34.00599361852788,0.795582562650937,0.8262170024653491,0.025,0.12666666666666668,0.22666666666666666,0.8014164211656949,False,table_local_non_descriptor,uptake_or_loading,,,,,,,
ARC-MOF::ARC-MOF adsorption task table::pre_comb_4040_co2.csv,v/v,dummy,random,2,48000,12000,5,0,113.65230052139641,99.21131731149998,-0.09006282876779892,,0.008333333333333333,0.04833333333333333,0.09083333333333334,0.4005078782705393,False,table_local_non_descriptor,uptake_or_loading,,,,,,,
ARC-MOF::ARC-MOF adsorption task table::pre_comb_4040_co2.csv,v/v,ridge,random,2,48000,12000,5,0,54.26271961428024,33.11374303856239,0.7515161419512616,0.8596815234003146,0.016666666666666666,0.135,0.25666666666666665,0.820227912759176,False,table_local_non_descriptor,uptake_or_loading,,,,,,,
ARC-MOF::ARC-MOF adsorption task table::pre_comb_4040_co2.csv,v/v,hgb,random,2,48000,12000,5,0,41.683842137469405,29.37472989450628,0.853367393902201,0.8619116362310161,0.025,0.16833333333333333,0.28,0.8271610709298602,False,table_local_non_descriptor,uptake_or_loading,,,,,,,
ARC-MOF::ARC-MOF adsorption task table::pre_comb_4040_co2.csv,v/v,randomforest,random,2,48000,12000,5,0,45.731701631590674,31.937174904622253,0.8235060629339378,0.8423939200963079,0.03333333333333333,0.13,0.24916666666666668,0.8233302683817626,False,table_local_non_descriptor,uptake_or_loading,,,,,,,
ARC-MOF::ARC-MOF adsorption task table::pre_comb_4040_co2.csv,v/v,extratrees,random,2,48000,12000,5,0,49.6157760908415,34.24542788169308,0.7922530548573107,0.8272094310712893,0.025,0.12666666666666668,0.23083333333333333,0.8001323705081916,False,table_local_non_descriptor,uptake_or_loading,,,,,,,
ARC-MOF::ARC-MOF adsorption task table::pre_comb_4040_co2.csv,v/v,dummy,random,3,48000,12000,5,0,112.93567905005087,98.38775849449999,-0.08577992553349212,,0.025,0.03833333333333333,0.08083333333333333,0.4103395773706976,False,table_local_non_descriptor,uptake_or_loading,,,,,,,
ARC-MOF::ARC-MOF adsorption task table::pre_comb_4040_co2.csv,v/v,ridge,random,3,48000,12000,5,0,44.9188812099087,32.9177275271946,0.8282339476372256,0.8614793151203807,0.03333333333333333,0.15166666666666667,0.27166666666666667,0.8248248174260477,False,table_local_non_descriptor,uptake_or_loading,,,,,,,
ARC-MOF::ARC-MOF adsorption task table::pre_comb_4040_co2.csv,v/v,hgb,random,3,48000,12000,5,0,41.73049743871128,29.31086549631576,0.8517527669536312,0.8605305707651552,0.008333333333333333,0.11833333333333333,0.25666666666666665,0.8210717855693461,False,table_local_non_descriptor,uptake_or_loading,,,,,,,
ARC-MOF::ARC-MOF adsorption task table::pre_comb_4040_co2.csv,v/v,randomforest,random,3,48000,12000,5,0,45.354807204391435,31.600569155891662,0.8248838811434598,0.8408441030689324,0.025,0.14666666666666667,0.24583333333333332,0.8204366484717646,False,table_local_non_descriptor,uptake_or_loading,,,,,,,
ARC-MOF::ARC-MOF adsorption task table::pre_comb_4040_co2.csv,v/v,extratrees,random,3,48000,12000,5,0,49.15486559392138,33.9438533489466,0.7943103217626793,0.8246817063807887,0.03333333333333333,0.13166666666666665,0.2375,0.8100639587926678,False,table_local_non_descriptor,uptake_or_loading,,,,,,,
ARC-MOF::ARC-MOF adsorption task table::pre_comb_4040_co2.csv,v/v,dummy,random,4,48000,12000,5,0,114.29368903476691,99.87950439833334,-0.09888663891926441,,0.008333333333333333,0.06833333333333333,0.115,0.43102689317580917,False,table_local_non_descriptor,uptake_or_loading,,,,,,,
ARC-MOF::ARC-MOF adsorption task table::pre_comb_4040_co2.csv,v/v,ridge,random,4,48000,12000,5,0,44.39790289897398,32.693150552857034,0.8341813764220412,0.8604474969618447,0.016666666666666666,0.13,0.25083333333333335,0.8239165004679093,False,table_local_non_descriptor,uptake_or_loading,,,,,,,
ARC-MOF::ARC-MOF adsorption task table::pre_comb_4040_co2.csv,v/v,hgb,random,4,48000,12000,5,0,41.19372957407599,29.081500190378847,0.8572518071008036,0.8615691032631081,0.05,0.14666666666666667,0.2625,0.8318986591170986,False,table_local_non_descriptor,uptake_or_loading,,,,,,,
ARC-MOF::ARC-MOF adsorption task table::pre_comb_4040_co2.csv,v/v,randomforest,random,4,48000,12000,5,0,45.01213908499453,31.452428772610904,0.8295615028719094,0.8418685916626927,0.03333333333333333,0.15833333333333333,0.2675,0.8342484623249377,False,table_local_non_descriptor,uptake_or_loading,,,,,,,
ARC-MOF::ARC-MOF adsorption task table::pre_comb_4040_co2.csv,v/v,extratrees,random,4,48000,12000,5,0,48.76544113322898,33.75268258252184,0.7999526944576807,0.8258860273919097,0.025,0.145,0.2475,0.8123956027318773,False,table_local_non_descriptor,uptake_or_loading,,,,,,,
ARC-MOF::ARC-MOF adsorption task table::pre_comb_4040_co2.csv,v/v,dummy,random,5,48000,12000,5,0,114.50262269257804,99.75743962849998,-0.10782773588466932,,0.025,0.055,0.08166666666666667,0.42957226465298526,False,table_local_non_descriptor,uptake_or_loading,,,,,,,
ARC-MOF::ARC-MOF adsorption task table::pre_comb_4040_co2.csv,v/v,ridge,random,5,48000,12000,5,0,45.53336852516691,33.42888572580763,0.8248133830694908,0.8570773271922861,0.025,0.125,0.2475,0.8144514237660497,False,table_local_non_descriptor,uptake_or_loading,,,,,,,
ARC-MOF::ARC-MOF adsorption task table::pre_comb_4040_co2.csv,v/v,hgb,random,5,48000,12000,5,0,42.153185927684646,29.853819908344406,0.849858008006189,0.859143732105617,0.008333333333333333,0.11666666666666667,0.2633333333333333,0.8249639306449035,False,table_local_non_descriptor,uptake_or_loading,,,,,,,
ARC-MOF::ARC-MOF adsorption task table::pre_comb_4040_co2.csv,v/v,randomforest,random,5,48000,12000,5,0,46.399190504883705,32.34542714320495,0.818087654735889,0.8366520724063091,0.025,0.14333333333333334,0.24583333333333332,0.811239470423593,False,table_local_non_descriptor,uptake_or_loading,,,,,,,
ARC-MOF::ARC-MOF adsorption task table::pre_comb_4040_co2.csv,v/v,extratrees,random,5,48000,12000,5,0,50.39191582542018,34.759640763131834,0.7854329130057509,0.8223073751963846,0.016666666666666666,0.12,0.23416666666666666,0.7965039406887543,False,table_local_non_descriptor,uptake_or_loading,,,,,,,
ARC-MOF::ARC-MOF adsorption task table::pre_comb_4040_co2.csv,v/v,dummy,random,6,48000,12000,5,0,113.85639675274169,99.31506368683333,-0.09945700755953624,,0.008333333333333333,0.04666666666666667,0.10166666666666667,0.42744265844297735,False,table_local_non_descriptor,uptake_or_loading,,,,,,,
ARC-MOF::ARC-MOF adsorption task table::pre_comb_4040_co2.csv,v/v,ridge,random,6,48000,12000,5,0,43.96925961975488,32.41996877710033,0.836031023300972,0.8625701844601535,0.041666666666666664,0.12833333333333333,0.26416666666666666,0.8174897700893523,False,table_local_non_descriptor,uptake_or_loading,,,,,,,
ARC-MOF::ARC-MOF adsorption task table::pre_comb_4040_co2.csv,v/v,hgb,random,6,48000,12000,5,0,40.828830619368375,28.914996181064474,0.8586169768949228,0.86195958095877,0.025,0.145,0.26916666666666667,0.8272178993308129,False,table_local_non_descriptor,uptake_or_loading,,,,,,,
ARC-MOF::ARC-MOF adsorption task table::pre_comb_4040_co2.csv,v/v,randomforest,random,6,48000,12000,5,0,44.989574428095736,31.424613801771613,0.828332868274376,0.8411124655134453,0.041666666666666664,0.12166666666666667,0.24166666666666667,0.8178292879648644,False,table_local_non_descriptor,uptake_or_loading,,,,,,,
ARC-MOF::ARC-MOF adsorption task table::pre_comb_4040_co2.csv,v/v,extratrees,random,6,48000,12000,5,0,49.08993426163869,33.98125952252935,0.7956153471050269,0.8255282699143472,0.016666666666666666,0.10833333333333334,0.22416666666666665,0.7994588217556887,False,table_local_non_descriptor,uptake_or_loading,,,,,,,
ARC-MOF::ARC-MOF adsorption task table::pre_comb_4040_co2.csv,v/v,dummy,random,7,48000,12000,5,0,114.5210648147444,100.10799811725,-0.09614096875598976,,0.0,0.055,0.095,0.4362657735720203,False,table_local_non_descriptor,uptake_or_loading,,,,,,,
ARC-MOF::ARC-MOF adsorption task table::pre_comb_4040_co2.csv,v/v,ridge,random,7,48000,12000,5,0,44.28729452992372,32.623679805702416,0.8360716920998328,0.8580071924237156,0.025,0.09333333333333334,0.2375,0.8136457090186437,False,table_local_non_descriptor,uptake_or_loading,,,,,,,
ARC-MOF::ARC-MOF adsorption task table::pre_comb_4040_co2.csv,v/v,hgb,random,7,48000,12000,5,0,40.91251953640636,28.970938884420796,0.8601030949913822,0.8621367532712518,0.016666666666666666,0.125,0.26,0.8350364902937748,False,table_local_non_descriptor,uptake_or_loading,,,,,,,
ARC-MOF::ARC-MOF adsorption task table::pre_comb_4040_co2.csv,v/v,randomforest,random,7,48000,12000,5,0,44.54441256218323,31.163873532272138,0.834162734866299,0.8413878639256357,0.03333333333333333,0.15333333333333332,0.25583333333333336,0.8279181012025317,False,table_local_non_descriptor,uptake_or_loading,,,,,,,
ARC-MOF::ARC-MOF adsorption task table::pre_comb_4040_co2.csv,v/v,extratrees,random,7,48000,12000,5,0,48.37289634981239,33.344151676118784,0.8044310794569748,0.8270130849657883,0.025,0.13,0.23166666666666666,0.8057666188504782,False,table_local_non_descriptor,uptake_or_loading,,,,,,,
ARC-MOF::ARC-MOF adsorption task table::pre_comb_4040_co2.csv,v/v,dummy,random,8,48000,12000,5,0,113.71615824722227,99.34034266616668,-0.08951126174656499,,0.03333333333333333,0.04833333333333333,0.0925,0.41629862874987633,False,table_local_non_descriptor,uptake_or_loading,,,,,,,
ARC-MOF::ARC-MOF adsorption task table::pre_comb_4040_co2.csv,v/v,ridge,random,8,48000,12000,5,0,43.895790614794386,32.41879407941447,0.8376571684822545,0.8621101587902567,0.016666666666666666,0.12833333333333333,0.2608333333333333,0.8326659622073697,False,table_local_non_descriptor,uptake_or_loading,,,,,,,
ARC-MOF::ARC-MOF adsorption task table::pre_comb_4040_co2.csv,v/v,hgb,random,8,48000,12000,5,0,40.7623988155002,28.85420800175547,0.8600068348186674,0.8624974493765856,0.025,0.115,0.2658333333333333,0.8312764488803386,False,table_local_non_descriptor,uptake_or_loading,,,,,,,
ARC-MOF::ARC-MOF adsorption task table::pre_comb_4040_co2.csv,v/v,randomforest,random,8,48000,12000,5,0,44.89947573114091,31.412504913319363,0.8301482971318572,0.84074245513957,0.025,0.12,0.2375,0.8242872549552944,False,table_local_non_descriptor,uptake_or_loading,,,,,,,
ARC-MOF::ARC-MOF adsorption task table::pre_comb_4040_co2.csv,v/v,extratrees,random,8,48000,12000,5,0,48.94132060121194,33.758066591314076,0.7981918351678203,0.824719941081675,0.016666666666666666,0.1,0.2175,0.7999104137876527,False,table_local_non_descriptor,uptake_or_loading,,,,,,,
ARC-MOF::ARC-MOF adsorption task table::pre_comb_4040_co2.csv,v/v,dummy,random,9,48000,12000,5,0,113.9164389362953,99.53668640316668,-0.09099431144548586,,0.008333333333333333,0.051666666666666666,0.0975,0.41979811233176717,False,table_local_non_descriptor,uptake_or_loading,,,,,,,
ARC-MOF::ARC-MOF adsorption task table::pre_comb_4040_co2.csv,v/v,ridge,random,9,48000,12000,5,0,44.434170720129515,32.686571760536246,0.8340092664887842,0.8598622611216151,0.025,0.14333333333333334,0.25833333333333336,0.8187871483705109,False,table_local_non_descriptor,uptake_or_loading,,,,,,,
ARC-MOF::ARC-MOF adsorption task table::pre_comb_4040_co2.csv,v/v,hgb,random,9,48000,12000,5,0,41.02959224973664,29.070242096767963,0.8584714401424761,0.8613358413954731,0.041666666666666664,0.14333333333333334,0.27666666666666667,0.8306019440362177,False,table_local_non_descriptor,uptake_or_loading,,,,,,,
ARC-MOF::ARC-MOF adsorption task table::pre_comb_4040_co2.csv,v/v,randomforest,random,9,48000,12000,5,0,45.25233398282025,31.690400178704177,0.827840238236591,0.8408306112859089,0.03333333333333333,0.14666666666666667,0.2375,0.8220474839726823,False,table_local_non_descriptor,uptake_or_loading,,,,,,,
ARC-MOF::ARC-MOF adsorption task table::pre_comb_4040_co2.csv,v/v,extratrees,random,9,48000,12000,5,0,49.42734406698849,34.18196864665172,0.794607663755275,0.824930963271525,0.025,0.13,0.22833333333333333,0.808162358360918,False,table_local_non_descriptor,uptake_or_loading,,,,,,,
ARC-MOF::ARC-MOF adsorption task table::pre_comb_4040_co2.csv,mmol/g,dummy,random,0,48000,12000,5,0,9.57647719926755,7.498117709583334,-0.24213066620026957,,0.0,0.045,0.0975,0.35559140173351417,False,table_local_non_descriptor,uptake_or_loading,,,,,,,
ARC-MOF::ARC-MOF adsorption task table::pre_comb_4040_co2.csv,mmol/g,ridge,random,0,48000,12000,5,0,4.2867656161407455,2.90947907452041,0.7511055553680542,0.7181088343941592,0.008333333333333333,0.06833333333333333,0.23833333333333334,0.7169247158142599,False,table_local_non_descriptor,uptake_or_loading,,,,,,,
ARC-MOF::ARC-MOF adsorption task table::pre_comb_4040_co2.csv,mmol/g,hgb,random,0,48000,12000,5,0,4.098088044987887,2.669122892343144,0.7725330547020667,0.8334886950199879,0.03333333333333333,0.17666666666666667,0.3125,0.7398455813720526,False,table_local_non_descriptor,uptake_or_loading,,,,,,,
ARC-MOF::ARC-MOF adsorption task table::pre_comb_4040_co2.csv,mmol/g,randomforest,random,0,48000,12000,5,0,4.466470404269607,2.901386671959007,0.729800433949201,0.805882583347441,0.016666666666666666,0.12833333333333333,0.27666666666666667,0.7107939257140037,False,table_local_non_descriptor,uptake_or_loading,,,,,,,
ARC-MOF::ARC-MOF adsorption task table::pre_comb_4040_co2.csv,mmol/g,extratrees,random,0,48000,12000,5,0,4.722160018212739,3.0665384670123714,0.6979790108909583,0.7950037058095119,0.008333333333333333,0.14,0.2783333333333333,0.7092401202235561,False,table_local_non_descriptor,uptake_or_loading,,,,,,,
ARC-MOF::ARC-MOF adsorption task table::pre_comb_4040_co2.csv,mmol/g,dummy,random,1,48000,12000,5,0,9.631480050185434,7.554593817833333,-0.2708785142936052,,0.0,0.04,0.11666666666666667,0.3765738032286338,False,table_local_non_descriptor,uptake_or_loading,,,,,,,
ARC-MOF::ARC-MOF adsorption task table::pre_comb_4040_co2.csv,mmol/g,ridge,random,1,48000,12000,5,0,4.199053435105945,2.857336824898584,0.7584423581503464,0.7179739799070602,0.0,0.07333333333333333,0.23,0.7169134432124656,False,table_local_non_descriptor,uptake_or_loading,,,,,,,
ARC-MOF::ARC-MOF adsorption task table::pre_comb_4040_co2.csv,mmol/g,hgb,random,1,48000,12000,5,0,4.026365898597751,2.6273444908537673,0.7779020975662994,0.8344129102457881,0.03333333333333333,0.16833333333333333,0.3,0.7538091969232863,False,table_local_non_descriptor,uptake_or_loading,,,,,,,
ARC-MOF::ARC-MOF adsorption task table::pre_comb_4040_co2.csv,mmol/g,randomforest,random,1,48000,12000,5,0,4.398556434089317,2.862170851661646,0.734943587552241,0.8083532637401066,0.03333333333333333,0.14,0.265,0.7248461723216767,False,table_local_non_descriptor,uptake_or_loading,,,,,,,
ARC-MOF::ARC-MOF adsorption task table::pre_comb_4040_co2.csv,mmol/g,extratrees,random,1,48000,12000,5,0,4.673619451392906,3.049998140987392,0.7007565363204755,0.7966988693996934,0.025,0.135,0.2608333333333333,0.7197848861084566,False,table_local_non_descriptor,uptake_or_loading,,,,,,,
ARC-MOF::ARC-MOF adsorption task table::pre_comb_4040_co2.csv,mmol/g,dummy,random,2,48000,12000,5,0,9.546934609161584,7.500445657666666,-0.2482980411132678,,0.008333333333333333,0.041666666666666664,0.08833333333333333,0.34530664152847507,False,table_local_non_descriptor,uptake_or_loading,,,,,,,
ARC-MOF::ARC-MOF adsorption task table::pre_comb_4040_co2.csv,mmol/g,ridge,random,2,48000,12000,5,0,4.226467009794401,2.8609188001315204,0.7553499212222732,0.7141474021215181,0.008333333333333333,0.07666666666666666,0.22083333333333333,0.7240831923188032,False,table_local_non_descriptor,uptake_or_loading,,,,,,,
ARC-MOF::ARC-MOF adsorption task table::pre_comb_4040_co2.csv,mmol/g,hgb,random,2,48000,12000,5,0,4.05214381263103,2.6476813363149625,0.7751152044747064,0.8312571537098712,0.03333333333333333,0.17166666666666666,0.31583333333333335,0.755782952383731,False,table_local_non_descriptor,uptake_or_loading,,,,,,,
ARC-MOF::ARC-MOF adsorption task table::pre_comb_4040_co2.csv,mmol/g,randomforest,random,2,48000,12000,5,0,4.450952442449387,2.897362916445265,0.728670945725669,0.8064286997363058,0.03333333333333333,0.14333333333333334,0.2575,0.7168158525575608,False,table_local_non_descriptor,uptake_or_loading,,,,,,,
ARC-MOF::ARC-MOF adsorption task table::pre_comb_4040_co2.csv,mmol/g,extratrees,random,2,48000,12000,5,0,4.7601694092376485,3.0914736205346114,0.6896618182569755,0.7960396475261045,0.016666666666666666,0.13833333333333334,0.24583333333333332,0.7064694927425283,False,table_local_non_descriptor,uptake_or_loading,,,,,,,
ARC-MOF::ARC-MOF adsorption task table::pre_comb_4040_co2.csv,mmol/g,dummy,random,3,48000,12000,5,0,9.434019220887057,7.395136185166666,-0.2347792918339211,,0.008333333333333333,0.04833333333333333,0.09666666666666666,0.3463665276701884,False,table_local_non_descriptor,uptake_or_loading,,,,,,,
ARC-MOF::ARC-MOF adsorption task table::pre_comb_4040_co2.csv,mmol/g,ridge,random,3,48000,12000,5,0,4.260282907842749,2.875663530961258,0.7481901562859814,0.7074967312389281,0.008333333333333333,0.07166666666666667,0.23,0.7162925242422552,False,table_local_non_descriptor,uptake_or_loading,,,,,,,
ARC-MOF::ARC-MOF adsorption task table::pre_comb_4040_co2.csv,mmol/g,hgb,random,3,48000,12000,5,0,4.0951388269564495,2.6606723612395355,0.7673339149960621,0.8307464018763154,0.025,0.17,0.31166666666666665,0.7421387420166919,False,table_local_non_descriptor,uptake_or_loading,,,,,,,
ARC-MOF::ARC-MOF adsorption task table::pre_comb_4040_co2.csv,mmol/g,randomforest,random,3,48000,12000,5,0,4.42794897891286,2.871905501557924,0.7279798723424646,0.8073188743180854,0.03333333333333333,0.13333333333333333,0.2725,0.7202289899465956,False,table_local_non_descriptor,uptake_or_loading,,,,,,,
ARC-MOF::ARC-MOF adsorption task table::pre_comb_4040_co2.csv,mmol/g,extratrees,random,3,48000,12000,5,0,4.689060199862232,3.050533479657608,0.6949525206164976,0.7963399071199894,0.016666666666666666,0.14,0.2683333333333333,0.7162200465735823,False,table_local_non_descriptor,uptake_or_loading,,,,,,,
ARC-MOF::ARC-MOF adsorption task table::pre_comb_4040_co2.csv,mmol/g,dummy,random,4,48000,12000,5,0,9.59014290672169,7.5194292984999995,-0.2553719195173312,,0.0,0.045,0.09583333333333334,0.35748062295057936,False,table_local_non_descriptor,uptake_or_loading,,,,,,,
ARC-MOF::ARC-MOF adsorption task table::pre_comb_4040_co2.csv,mmol/g,ridge,random,4,48000,12000,5,0,4.26905346804713,2.900128016320101,0.7512371975446748,0.7190145089707445,0.016666666666666666,0.075,0.235,0.7236996024806701,False,table_local_non_descriptor,uptake_or_loading,,,,,,,
ARC-MOF::ARC-MOF adsorption task table::pre_comb_4040_co2.csv,mmol/g,hgb,random,4,48000,12000,5,0,4.1037281037986295,2.6929092888696933,0.7701315277988713,0.8303929253473558,0.03333333333333333,0.18166666666666667,0.31083333333333335,0.742710053026913,False,table_local_non_descriptor,uptake_or_loading,,,,,,,
ARC-MOF::ARC-MOF adsorption task table::pre_comb_4040_co2.csv,mmol/g,randomforest,random,4,48000,12000,5,0,4.459831978953611,2.903511981128103,0.7285066184001534,0.8052347273252889,0.03333333333333333,0.14666666666666667,0.27166666666666667,0.7206174024427435,False,table_local_non_descriptor,uptake_or_loading,,,,,,,
ARC-MOF::ARC-MOF adsorption task table::pre_comb_4040_co2.csv,mmol/g,extratrees,random,4,48000,12000,5,0,4.75455631782243,3.0898709425897155,0.6914381395914976,0.7930035049406288,0.05,0.14,0.26416666666666666,0.7156588238881194,False,table_local_non_descriptor,uptake_or_loading,,,,,,,
ARC-MOF::ARC-MOF adsorption task table::pre_comb_4040_co2.csv,mmol/g,dummy,random,5,48000,12000,5,0,9.712947268266383,7.595805905916667,-0.28341353605775144,,0.008333333333333333,0.04666666666666667,0.0975,0.3626789761915186,False,table_local_non_descriptor,uptake_or_loading,,,,,,,
ARC-MOF::ARC-MOF adsorption task table::pre_comb_4040_co2.csv,mmol/g,ridge,random,5,48000,12000,5,0,4.292575025167539,2.934348063951888,0.7493311650976653,0.7232154923849733,0.0,0.07166666666666667,0.2125,0.71508391681563,False,table_local_non_descriptor,uptake_or_loading,,,,,,,
ARC-MOF::ARC-MOF adsorption task table::pre_comb_4040_co2.csv,mmol/g,hgb,random,5,48000,12000,5,0,4.111410455824501,2.706944480571853,0.7700432163895874,0.8292635477805324,0.016666666666666666,0.14166666666666666,0.2783333333333333,0.7337088398678154,False,table_local_non_descriptor,uptake_or_loading,,,,,,,
ARC-MOF::ARC-MOF adsorption task table::pre_comb_4040_co2.csv,mmol/g,randomforest,random,5,48000,12000,5,0,4.480264617057044,2.9263698288747837,0.7269313241525692,0.8032758318688575,0.03333333333333333,0.14166666666666666,0.2625,0.720824059907981,False,table_local_non_descriptor,uptake_or_loading,,,,,,,
ARC-MOF::ARC-MOF adsorption task table::pre_comb_4040_co2.csv,mmol/g,extratrees,random,5,48000,12000,5,0,4.779358463852547,3.1183255364182925,0.6892552762152213,0.7931592538819806,0.008333333333333333,0.14,0.26416666666666666,0.7197715588793481,False,table_local_non_descriptor,uptake_or_loading,,,,,,,
ARC-MOF::ARC-MOF adsorption task table::pre_comb_4040_co2.csv,mmol/g,dummy,random,6,48000,12000,5,0,9.59317865647578,7.489212215500001,-0.25731767066689937,,0.008333333333333333,0.051666666666666666,0.10916666666666666,0.3716075070323508,False,table_local_non_descriptor,uptake_or_loading,,,,,,,
ARC-MOF::ARC-MOF adsorption task table::pre_comb_4040_co2.csv,mmol/g,ridge,random,6,48000,12000,5,0,4.281311459815792,2.9157037179483494,0.7495773535130874,0.7170856499800885,0.008333333333333333,0.09333333333333334,0.23083333333333333,0.7268118279587875,False,table_local_non_descriptor,uptake_or_loading,,,,,,,
ARC-MOF::ARC-MOF adsorption task table::pre_comb_4040_co2.csv,mmol/g,hgb,random,6,48000,12000,5,0,4.112904129989378,2.691474250106803,0.7688908570409672,0.8331117918769851,0.041666666666666664,0.175,0.30333333333333334,0.7437189415105763,False,table_local_non_descriptor,uptake_or_loading,,,,,,,
ARC-MOF::ARC-MOF adsorption task table::pre_comb_4040_co2.csv,mmol/g,randomforest,random,6,48000,12000,5,0,4.484213761491523,2.924181544686225,0.7252785509912436,0.8051690987693652,0.025,0.12333333333333334,0.255,0.7165069673398338,False,table_local_non_descriptor,uptake_or_loading,,,,,,,
ARC-MOF::ARC-MOF adsorption task table::pre_comb_4040_co2.csv,mmol/g,extratrees,random,6,48000,12000,5,0,4.802488147471719,3.1203051691154977,0.6848969857573506,0.7937596603584661,0.03333333333333333,0.13833333333333334,0.25083333333333335,0.7109101987848835,False,table_local_non_descriptor,uptake_or_loading,,,,,,,
ARC-MOF::ARC-MOF adsorption task table::pre_comb_4040_co2.csv,mmol/g,dummy,random,7,48000,12000,5,0,9.596362097911037,7.520954833083333,-0.25723530327082167,,0.008333333333333333,0.056666666666666664,0.1,0.36681882358938067,False,table_local_non_descriptor,uptake_or_loading,,,,,,,
ARC-MOF::ARC-MOF adsorption task table::pre_comb_4040_co2.csv,mmol/g,ridge,random,7,48000,12000,5,0,4.219367406035064,2.8715613779846456,0.7569486702883842,0.7206712899869613,0.008333333333333333,0.075,0.215,0.7146562875683963,False,table_local_non_descriptor,uptake_or_loading,,,,,,,
ARC-MOF::ARC-MOF adsorption task table::pre_comb_4040_co2.csv,mmol/g,hgb,random,7,48000,12000,5,0,4.016793273118455,2.62914313521325,0.7797264880172191,0.8365851462584719,0.016666666666666666,0.17666666666666667,0.3075,0.7467910737490616,False,table_local_non_descriptor,uptake_or_loading,,,,,,,
ARC-MOF::ARC-MOF adsorption task table::pre_comb_4040_co2.csv,mmol/g,randomforest,random,7,48000,12000,5,0,4.3337737835379455,2.831503628001684,0.7435895091079456,0.8113635134255424,0.0,0.13333333333333333,0.2708333333333333,0.7203894513713861,False,table_local_non_descriptor,uptake_or_loading,,,,,,,
ARC-MOF::ARC-MOF adsorption task table::pre_comb_4040_co2.csv,mmol/g,extratrees,random,7,48000,12000,5,0,4.641938960038753,3.0238982493731528,0.7058274367743527,0.7983384550629303,0.016666666666666666,0.13166666666666665,0.2675,0.7210331158243677,False,table_local_non_descriptor,uptake_or_loading,,,,,,,
ARC-MOF::ARC-MOF adsorption task table::pre_comb_4040_co2.csv,mmol/g,dummy,random,8,48000,12000,5,0,9.471694298651975,7.445129490916667,-0.24517978792597273,,0.025,0.04666666666666667,0.09416666666666666,0.35296328105069835,False,table_local_non_descriptor,uptake_or_loading,,,,,,,
ARC-MOF::ARC-MOF adsorption task table::pre_comb_4040_co2.csv,mmol/g,ridge,random,8,48000,12000,5,0,4.156586870130509,2.825180501827511,0.7601993035641257,0.7161366609209042,0.0,0.08666666666666667,0.24166666666666667,0.7251431756833079,False,table_local_non_descriptor,uptake_or_loading,,,,,,,
ARC-MOF::ARC-MOF adsorption task table::pre_comb_4040_co2.csv,mmol/g,hgb,random,8,48000,12000,5,0,4.00078673689091,2.610413553176631,0.777839153871459,0.8326259851080012,0.041666666666666664,0.16333333333333333,0.29333333333333333,0.737054833886559,False,table_local_non_descriptor,uptake_or_loading,,,,,,,
ARC-MOF::ARC-MOF adsorption task table::pre_comb_4040_co2.csv,mmol/g,randomforest,random,8,48000,12000,5,0,4.3858087990996335,2.852528995935788,0.7330216121322873,0.8066122819189039,0.008333333333333333,0.14,0.26166666666666666,0.7138140438777081,False,table_local_non_descriptor,uptake_or_loading,,,,,,,
ARC-MOF::ARC-MOF adsorption task table::pre_comb_4040_co2.csv,mmol/g,extratrees,random,8,48000,12000,5,0,4.6800105290566805,3.046954020618099,0.6960022442184488,0.7960643062118009,0.016666666666666666,0.14333333333333334,0.25583333333333336,0.7164562283972149,False,table_local_non_descriptor,uptake_or_loading,,,,,,,
ARC-MOF::ARC-MOF adsorption task table::pre_comb_4040_co2.csv,mmol/g,dummy,random,9,48000,12000,5,0,9.553645807474911,7.488502179499999,-0.2507795374582724,,0.0,0.03666666666666667,0.095,0.3552522000604981,False,table_local_non_descriptor,uptake_or_loading,,,,,,,
ARC-MOF::ARC-MOF adsorption task table::pre_comb_4040_co2.csv,mmol/g,ridge,random,9,48000,12000,5,0,4.216665540527076,2.866972117334621,0.7563419271816709,0.7203552590728172,0.008333333333333333,0.06666666666666667,0.235,0.7181785084264735,False,table_local_non_descriptor,uptake_or_loading,,,,,,,
ARC-MOF::ARC-MOF adsorption task table::pre_comb_4040_co2.csv,mmol/g,hgb,random,9,48000,12000,5,0,4.030337837420139,2.640592750758981,0.7773998775668243,0.8335688129817811,0.041666666666666664,0.16833333333333333,0.30416666666666664,0.7459023627298326,False,table_local_non_descriptor,uptake_or_loading,,,,,,,
ARC-MOF::ARC-MOF adsorption task table::pre_comb_4040_co2.csv,mmol/g,randomforest,random,9,48000,12000,5,0,4.404709127494973,2.8735964940426473,0.7341253299749175,0.8064510885036865,0.016666666666666666,0.15833333333333333,0.2775,0.7201527541084244,False,table_local_non_descriptor,uptake_or_loading,,,,,,,
ARC-MOF::ARC-MOF adsorption task table::pre_comb_4040_co2.csv,mmol/g,extratrees,random,9,48000,12000,5,0,4.732560952961686,3.0776601699701045,0.6930731179324637,0.7930821097348826,0.041666666666666664,0.14666666666666667,0.2633333333333333,0.710780491090338,False,table_local_non_descriptor,uptake_or_loading,,,,,,,
ARC-MOF::ARC-MOF adsorption task table::pre_comb_4040_co2.csv,S(g1),dummy,random,0,48000,12000,5,0,112.16785667268145,60.20537590866667,-0.0644667209519274,,0.0,0.045,0.10666666666666667,0.21312938110589236,False,table_local_non_descriptor,selectivity,,,,,,,
ARC-MOF::ARC-MOF adsorption task table::pre_comb_4040_co2.csv,S(g1),ridge,random,0,48000,12000,5,0,101.49179130754682,50.989967187822984,0.12852068932979022,0.708534839618244,0.0,0.04666666666666667,0.18,0.35441306395764843,False,table_local_non_descriptor,selectivity,,,,,,,
ARC-MOF::ARC-MOF adsorption task table::pre_comb_4040_co2.csv,S(g1),hgb,random,0,48000,12000,5,0,95.70883508530387,43.642288483377705,0.22500427620169894,0.6997840648042768,0.125,0.36333333333333334,0.365,0.5081384836440273,False,table_local_non_descriptor,selectivity,,,,,,,
ARC-MOF::ARC-MOF adsorption task table::pre_comb_4040_co2.csv,S(g1),randomforest,random,0,48000,12000,5,0,105.91576754645925,47.710969756797674,0.05089014857854712,0.6391244496462593,0.09166666666666666,0.295,0.28833333333333333,0.44725238473775486,False,table_local_non_descriptor,selectivity,,,,,,,
ARC-MOF::ARC-MOF adsorption task table::pre_comb_4040_co2.csv,S(g1),extratrees,random,0,48000,12000,5,0,115.07644926171027,51.24162006295881,-0.12038723419994346,0.5989127806753878,0.1,0.26166666666666666,0.27,0.41894492619923784,False,table_local_non_descriptor,selectivity,,,,,,,
ARC-MOF::ARC-MOF adsorption task table::pre_comb_4040_co2.csv,S(g1),dummy,random,1,48000,12000,5,0,114.94198999287302,59.571910816583326,-0.05848911953410285,,0.008333333333333333,0.06,0.10416666666666667,0.2220988342773927,False,table_local_non_descriptor,selectivity,,,,,,,
ARC-MOF::ARC-MOF adsorption task table::pre_comb_4040_co2.csv,S(g1),ridge,random,1,48000,12000,5,0,104.56783603071132,50.5011942534125,0.12395741941831362,0.7165596299136154,0.0,0.07,0.17916666666666667,0.360070451620866,False,table_local_non_descriptor,selectivity,,,,,,,
ARC-MOF::ARC-MOF adsorption task table::pre_comb_4040_co2.csv,S(g1),hgb,random,1,48000,12000,5,0,97.78980437197309,42.29937278664046,0.2338459014493962,0.7075173702958919,0.16666666666666666,0.395,0.39,0.5388949861319242,False,table_local_non_descriptor,selectivity,,,,,,,
ARC-MOF::ARC-MOF adsorption task table::pre_comb_4040_co2.csv,S(g1),randomforest,random,1,48000,12000,5,0,105.91821936296667,46.31805680715691,0.10118498958068634,0.6420189276136182,0.13333333333333333,0.32166666666666666,0.3258333333333333,0.4604418276531204,False,table_local_non_descriptor,selectivity,,,,,,,
ARC-MOF::ARC-MOF adsorption task table::pre_comb_4040_co2.csv,S(g1),extratrees,random,1,48000,12000,5,0,114.95898590386871,49.954355988052384,-0.058802169915645575,0.6022434324364806,0.125,0.3016666666666667,0.2991666666666667,0.4434547577734864,False,table_local_non_descriptor,selectivity,,,,,,,
ARC-MOF::ARC-MOF adsorption task table::pre_comb_4040_co2.csv,S(g1),dummy,random,2,48000,12000,5,0,102.56591478863193,58.69507648525,-0.06734763396519217,,0.0,0.03666666666666667,0.08666666666666667,0.19840030996236738,False,table_local_non_descriptor,selectivity,,,,,,,
ARC-MOF::ARC-MOF adsorption task table::pre_comb_4040_co2.csv,S(g1),ridge,random,2,48000,12000,5,0,102.99720500203185,50.23688668493979,-0.07634291175643648,0.7115535775515541,0.008333333333333333,0.08333333333333333,0.21083333333333334,0.4126880244825734,False,table_local_non_descriptor,selectivity,,,,,,,
ARC-MOF::ARC-MOF adsorption task table::pre_comb_4040_co2.csv,S(g1),hgb,random,2,48000,12000,5,0,85.3370974513362,42.25940103841223,0.26111727922973227,0.7019588555839471,0.16666666666666666,0.365,0.35083333333333333,0.5220697430597645,False,table_local_non_descriptor,selectivity,,,,,,,
ARC-MOF::ARC-MOF adsorption task table::pre_comb_4040_co2.csv,S(g1),randomforest,random,2,48000,12000,5,0,97.00767558333709,46.50834409976485,0.04520096149516073,0.6448991473943102,0.09166666666666666,0.31,0.3016666666666667,0.4749832433902487,False,table_local_non_descriptor,selectivity,,,,,,,
ARC-MOF::ARC-MOF adsorption task table::pre_comb_4040_co2.csv,S(g1),extratrees,random,2,48000,12000,5,0,117.04096031384559,50.21115157966077,-0.38987431423620955,0.6075260911340024,0.11666666666666667,0.2816666666666667,0.2733333333333333,0.44452984981023946,False,table_local_non_descriptor,selectivity,,,,,,,
ARC-MOF::ARC-MOF adsorption task table::pre_comb_4040_co2.csv,S(g1),dummy,random,3,48000,12000,5,0,111.33014211501954,60.45830277583333,-0.0668967488309562,,0.008333333333333333,0.07,0.10916666666666666,0.21566660171276628,False,table_local_non_descriptor,selectivity,,,,,,,
ARC-MOF::ARC-MOF adsorption task table::pre_comb_4040_co2.csv,S(g1),ridge,random,3,48000,12000,5,0,100.34613598286228,50.96433654070892,0.13324137406120873,0.7084368250128376,0.0,0.03666666666666667,0.16833333333333333,0.3561546278950146,False,table_local_non_descriptor,selectivity,,,,,,,
ARC-MOF::ARC-MOF adsorption task table::pre_comb_4040_co2.csv,S(g1),hgb,random,3,48000,12000,5,0,93.63352940447277,43.04800120599636,0.24532554011037866,0.7035204571488103,0.15833333333333333,0.37666666666666665,0.3575,0.5231486121372849,False,table_local_non_descriptor,selectivity,,,,,,,
ARC-MOF::ARC-MOF adsorption task table::pre_comb_4040_co2.csv,S(g1),randomforest,random,3,48000,12000,5,0,104.91280655365014,47.33405539629936,0.05255529049979968,0.641022868524877,0.15,0.28833333333333333,0.3025,0.45662611290965976,False,table_local_non_descriptor,selectivity,,,,,,,
ARC-MOF::ARC-MOF adsorption task table::pre_comb_4040_co2.csv,S(g1),extratrees,random,3,48000,12000,5,0,124.96263630221456,51.215699934249095,-0.3441793598429277,0.6014128926754416,0.13333333333333333,0.2683333333333333,0.28,0.42468610233810267,False,table_local_non_descriptor,selectivity,,,,,,,
ARC-MOF::ARC-MOF adsorption task table::pre_comb_4040_co2.csv,S(g1),dummy,random,4,48000,12000,5,0,106.95213369009367,59.75824655691666,-0.06655495062807959,,0.0,0.041666666666666664,0.09666666666666666,0.21945984432271365,False,table_local_non_descriptor,selectivity,,,,,,,
ARC-MOF::ARC-MOF adsorption task table::pre_comb_4040_co2.csv,S(g1),ridge,random,4,48000,12000,5,0,95.97004091879911,50.86258729978155,0.1412323233505558,0.7123371295117596,0.0,0.04833333333333333,0.17666666666666667,0.3698364910753903,False,table_local_non_descriptor,selectivity,,,,,,,
ARC-MOF::ARC-MOF adsorption task table::pre_comb_4040_co2.csv,S(g1),hgb,random,4,48000,12000,5,0,89.37402805099595,42.835255266322775,0.2552217362789244,0.7001010510924252,0.15,0.385,0.3625,0.536548393213323,False,table_local_non_descriptor,selectivity,,,,,,,
ARC-MOF::ARC-MOF adsorption task table::pre_comb_4040_co2.csv,S(g1),randomforest,random,4,48000,12000,5,0,96.73945600024103,46.23694040191223,0.12740722778586477,0.6405228528062585,0.09166666666666666,0.2966666666666667,0.2991666666666667,0.46163221418085865,False,table_local_non_descriptor,selectivity,,,,,,,
ARC-MOF::ARC-MOF adsorption task table::pre_comb_4040_co2.csv,S(g1),extratrees,random,4,48000,12000,5,0,102.1179811546519,49.42342026758473,0.02768100463101475,0.5969528547668407,0.11666666666666667,0.27166666666666667,0.27416666666666667,0.4351432555626219,False,table_local_non_descriptor,selectivity,,,,,,,
ARC-MOF::ARC-MOF adsorption task table::pre_comb_4040_co2.csv,S(g1),dummy,random,5,48000,12000,5,0,124.14256278760418,60.27489057741667,-0.05118030138007934,,0.008333333333333333,0.03833333333333333,0.09583333333333334,0.19727196739338268,False,table_local_non_descriptor,selectivity,,,,,,,
ARC-MOF::ARC-MOF adsorption task table::pre_comb_4040_co2.csv,S(g1),ridge,random,5,48000,12000,5,0,114.95076586664567,51.444991969571944,0.09872040502692536,0.7091557155572459,0.0,0.051666666666666666,0.17,0.33088833497255055,False,table_local_non_descriptor,selectivity,,,,,,,
ARC-MOF::ARC-MOF adsorption task table::pre_comb_4040_co2.csv,S(g1),hgb,random,5,48000,12000,5,0,109.69951344219021,43.630634324618335,0.17918515356711795,0.6993299436306217,0.11666666666666667,0.365,0.36,0.4659475616515926,False,table_local_non_descriptor,selectivity,,,,,,,
ARC-MOF::ARC-MOF adsorption task table::pre_comb_4040_co2.csv,S(g1),randomforest,random,5,48000,12000,5,0,123.62546365504986,48.27904200455426,-0.0424414395810242,0.637973739977541,0.10833333333333334,0.2816666666666667,0.29583333333333334,0.40936108420029355,False,table_local_non_descriptor,selectivity,,,,,,,
ARC-MOF::ARC-MOF adsorption task table::pre_comb_4040_co2.csv,S(g1),extratrees,random,5,48000,12000,5,0,152.42059932904215,52.828248016616904,-0.5846126931339573,0.6009652321869732,0.1,0.23833333333333334,0.27166666666666667,0.3803706340425251,False,table_local_non_descriptor,selectivity,,,,,,,
ARC-MOF::ARC-MOF adsorption task table::pre_comb_4040_co2.csv,S(g1),dummy,random,6,48000,12000,5,0,109.69555262995213,59.97884266249999,-0.06808001861684909,,0.008333333333333333,0.05,0.10416666666666667,0.20673361207978405,False,table_local_non_descriptor,selectivity,,,,,,,
ARC-MOF::ARC-MOF adsorption task table::pre_comb_4040_co2.csv,S(g1),ridge,random,6,48000,12000,5,0,98.71262015863054,50.79517035082109,0.13508962040150718,0.7129938176691897,0.0,0.041666666666666664,0.17416666666666666,0.3587728316762462,False,table_local_non_descriptor,selectivity,,,,,,,
ARC-MOF::ARC-MOF adsorption task table::pre_comb_4040_co2.csv,S(g1),hgb,random,6,48000,12000,5,0,91.57249486572893,42.60632821891909,0.25568659129308435,0.7065008391191084,0.175,0.38333333333333336,0.36666666666666664,0.5427588903426204,False,table_local_non_descriptor,selectivity,,,,,,,
ARC-MOF::ARC-MOF adsorption task table::pre_comb_4040_co2.csv,S(g1),randomforest,random,6,48000,12000,5,0,103.75509078245685,47.318327077877825,0.044469444819212334,0.6384185509997439,0.15833333333333333,0.29833333333333334,0.2816666666666667,0.45198876743483396,False,table_local_non_descriptor,selectivity,,,,,,,
ARC-MOF::ARC-MOF adsorption task table::pre_comb_4040_co2.csv,S(g1),extratrees,random,6,48000,12000,5,0,116.27102904228816,51.098647888788875,-0.19996556099265095,0.6019355953869734,0.125,0.255,0.26416666666666666,0.4162348404171867,False,table_local_non_descriptor,selectivity,,,,,,,
ARC-MOF::ARC-MOF adsorption task table::pre_comb_4040_co2.csv,S(g1),dummy,random,7,48000,12000,5,0,116.6149802160291,60.07383375308333,-0.05928888290229839,,0.008333333333333333,0.03833333333333333,0.08416666666666667,0.19626704039453743,False,table_local_non_descriptor,selectivity,,,,,,,
ARC-MOF::ARC-MOF adsorption task table::pre_comb_4040_co2.csv,S(g1),ridge,random,7,48000,12000,5,0,106.47721775904178,50.84338118641746,0.11688122555873115,0.7146365890844103,0.0,0.065,0.18,0.34826552481267464,False,table_local_non_descriptor,selectivity,,,,,,,
ARC-MOF::ARC-MOF adsorption task table::pre_comb_4040_co2.csv,S(g1),hgb,random,7,48000,12000,5,0,101.13539315516626,43.29160622461179,0.20326836289631445,0.7055018355940886,0.1,0.375,0.375,0.4912469548948482,False,table_local_non_descriptor,selectivity,,,,,,,
ARC-MOF::ARC-MOF adsorption task table::pre_comb_4040_co2.csv,S(g1),randomforest,random,7,48000,12000,5,0,110.27557281643557,47.51542091376357,0.05275052491205656,0.6417216210268802,0.125,0.28,0.2875,0.43110378032894214,False,table_local_non_descriptor,selectivity,,,,,,,
ARC-MOF::ARC-MOF adsorption task table::pre_comb_4040_co2.csv,S(g1),extratrees,random,7,48000,12000,5,0,119.20870718298026,51.12465247845042,-0.10693389173561085,0.606300128679533,0.11666666666666667,0.24,0.2633333333333333,0.40638359995347856,False,table_local_non_descriptor,selectivity,,,,,,,
ARC-MOF::ARC-MOF adsorption task table::pre_comb_4040_co2.csv,S(g1),dummy,random,8,48000,12000,5,0,136.9329630280548,60.40528593391666,-0.04130111020928884,,0.008333333333333333,0.041666666666666664,0.10166666666666667,0.2069898641522133,False,table_local_non_descriptor,selectivity,,,,,,,
ARC-MOF::ARC-MOF adsorption task table::pre_comb_4040_co2.csv,S(g1),ridge,random,8,48000,12000,5,0,128.3809876112682,51.53176598927618,0.08470362040564061,0.7077719155607352,0.0,0.03833333333333333,0.16083333333333333,0.32101728109314726,False,table_local_non_descriptor,selectivity,,,,,,,
ARC-MOF::ARC-MOF adsorption task table::pre_comb_4040_co2.csv,S(g1),hgb,random,8,48000,12000,5,0,123.02115627579045,43.39417920927389,0.1595344259280399,0.6960595739225537,0.2,0.37833333333333335,0.36333333333333334,0.48691038811520565,False,table_local_non_descriptor,selectivity,,,,,,,
ARC-MOF::ARC-MOF adsorption task table::pre_comb_4040_co2.csv,S(g1),randomforest,random,8,48000,12000,5,0,130.8135164324275,47.52353581641813,0.04968942887575045,0.6345222251971788,0.175,0.2783333333333333,0.27666666666666667,0.3923866126620971,False,table_local_non_descriptor,selectivity,,,,,,,
ARC-MOF::ARC-MOF adsorption task table::pre_comb_4040_co2.csv,S(g1),extratrees,random,8,48000,12000,5,0,155.05773207268965,52.22356801047605,-0.33520261734161294,0.5954056525967524,0.11666666666666667,0.255,0.25166666666666665,0.3863913492450688,False,table_local_non_descriptor,selectivity,,,,,,,
ARC-MOF::ARC-MOF adsorption task table::pre_comb_4040_co2.csv,S(g1),dummy,random,9,48000,12000,5,0,108.83885914856823,59.74311542866666,-0.06369495949361226,,0.016666666666666666,0.04,0.0825,0.21652105094519364,False,table_local_non_descriptor,selectivity,,,,,,,
ARC-MOF::ARC-MOF adsorption task table::pre_comb_4040_co2.csv,S(g1),ridge,random,9,48000,12000,5,0,98.08852824571011,50.7412507901887,0.13605603326716242,0.7113357684713895,0.0,0.04,0.16666666666666666,0.36965811644581936,False,table_local_non_descriptor,selectivity,,,,,,,
ARC-MOF::ARC-MOF adsorption task table::pre_comb_4040_co2.csv,S(g1),hgb,random,9,48000,12000,5,0,91.67761256426022,42.97734282610241,0.24529760251743393,0.7014679525515845,0.11666666666666667,0.375,0.36333333333333334,0.514484109134042,False,table_local_non_descriptor,selectivity,,,,,,,
ARC-MOF::ARC-MOF adsorption task table::pre_comb_4040_co2.csv,S(g1),randomforest,random,9,48000,12000,5,0,100.63582439096112,46.64348569333152,0.0906012418862091,0.6423160065118256,0.125,0.31,0.30833333333333335,0.4659531403342788,False,table_local_non_descriptor,selectivity,,,,,,,
ARC-MOF::ARC-MOF adsorption task table::pre_comb_4040_co2.csv,S(g1),extratrees,random,9,48000,12000,5,0,124.3548724789982,51.06107464866029,-0.3885922995623352,0.5999499158699181,0.13333333333333333,0.25833333333333336,0.2791666666666667,0.435075697440324,False,table_local_non_descriptor,selectivity,,,,,,,
ARC-MOF::ARC-MOF adsorption task table::pre_comb_4040_co2.csv,molc/uc,dummy,random,0,48000,12000,5,0,25.507743390656394,13.619776324833333,-0.18734670709351975,,0.0,0.04,0.09583333333333334,0.19102285173045794,False,table_local_non_descriptor,uptake_or_loading,,,,,,,
ARC-MOF::ARC-MOF adsorption task table::pre_comb_4040_co2.csv,molc/uc,ridge,random,0,48000,12000,5,0,18.248193336593964,10.485812346112585,0.3923224100292182,0.7663803078480367,0.05,0.34833333333333333,0.545,0.6481708675197232,False,table_local_non_descriptor,uptake_or_loading,,,,,,,
ARC-MOF::ARC-MOF adsorption task table::pre_comb_4040_co2.csv,molc/uc,hgb,random,0,48000,12000,5,0,16.756582842346788,8.454293413098508,0.4876055825409441,0.8381236373742408,0.041666666666666664,0.34,0.5416666666666666,0.6428062719340847,False,table_local_non_descriptor,uptake_or_loading,,,,,,,
ARC-MOF::ARC-MOF adsorption task table::pre_comb_4040_co2.csv,molc/uc,randomforest,random,0,48000,12000,5,0,18.49595035035218,9.320962755693644,0.3757094292726073,0.7991720477565566,0.041666666666666664,0.265,0.4658333333333333,0.5833315799147021,False,table_local_non_descriptor,uptake_or_loading,,,,,,,
ARC-MOF::ARC-MOF adsorption task table::pre_comb_4040_co2.csv,molc/uc,extratrees,random,0,48000,12000,5,0,20.243724876560016,10.0854068083461,0.25215029570471525,0.7839383638372688,0.03333333333333333,0.25333333333333335,0.42,0.5501072985443067,False,table_local_non_descriptor,uptake_or_loading,,,,,,,
ARC-MOF::ARC-MOF adsorption task table::pre_comb_4040_co2.csv,molc/uc,dummy,random,1,48000,12000,5,0,25.861041430365066,13.95915153425,-0.2024265015523916,,0.008333333333333333,0.055,0.105,0.19864846409569298,False,table_local_non_descriptor,uptake_or_loading,,,,,,,
ARC-MOF::ARC-MOF adsorption task table::pre_comb_4040_co2.csv,molc/uc,ridge,random,1,48000,12000,5,0,18.322405049585626,10.70927770318114,0.396424672059312,0.7709258184576806,0.058333333333333334,0.345,0.5233333333333333,0.6452915031021055,False,table_local_non_descriptor,uptake_or_loading,,,,,,,
ARC-MOF::ARC-MOF adsorption task table::pre_comb_4040_co2.csv,molc/uc,hgb,random,1,48000,12000,5,0,16.79887321496114,8.69049851092826,0.4926276170153763,0.8349267746461049,0.075,0.3333333333333333,0.5225,0.6433920317897716,False,table_local_non_descriptor,uptake_or_loading,,,,,,,
ARC-MOF::ARC-MOF adsorption task table::pre_comb_4040_co2.csv,molc/uc,randomforest,random,1,48000,12000,5,0,18.348925540735966,9.428959660449275,0.3946761353657019,0.80407931854431,0.08333333333333333,0.2916666666666667,0.4483333333333333,0.5908446024285424,False,table_local_non_descriptor,uptake_or_loading,,,,,,,
ARC-MOF::ARC-MOF adsorption task table::pre_comb_4040_co2.csv,molc/uc,extratrees,random,1,48000,12000,5,0,20.341155495486866,10.23283208561653,0.2560945183224663,0.7881304500863308,0.03333333333333333,0.2833333333333333,0.4225,0.5646415701720863,False,table_local_non_descriptor,uptake_or_loading,,,,,,,
ARC-MOF::ARC-MOF adsorption task table::pre_comb_4040_co2.csv,molc/uc,dummy,random,2,48000,12000,5,0,25.434944795897103,13.773487718416664,-0.19674905373180263,,0.0,0.065,0.09833333333333333,0.1892008156286013,False,table_local_non_descriptor,uptake_or_loading,,,,,,,
ARC-MOF::ARC-MOF adsorption task table::pre_comb_4040_co2.csv,molc/uc,ridge,random,2,48000,12000,5,0,19.559209078238,10.919478716457155,0.29230834870301026,0.7676678597423167,0.05,0.30833333333333335,0.535,0.6382281563715932,False,table_local_non_descriptor,uptake_or_loading,,,,,,,
ARC-MOF::ARC-MOF adsorption task table::pre_comb_4040_co2.csv,molc/uc,hgb,random,2,48000,12000,5,0,16.50403807682743,8.430269325413965,0.4961260247913919,0.8328142520641937,0.03333333333333333,0.3016666666666667,0.5325,0.6389338126071767,False,table_local_non_descriptor,uptake_or_loading,,,,,,,
ARC-MOF::ARC-MOF adsorption task table::pre_comb_4040_co2.csv,molc/uc,randomforest,random,2,48000,12000,5,0,18.323804430565207,9.37101290859151,0.3788838956103806,0.8024588170302247,0.05,0.25333333333333335,0.4483333333333333,0.5766998832466247,False,table_local_non_descriptor,uptake_or_loading,,,,,,,
ARC-MOF::ARC-MOF adsorption task table::pre_comb_4040_co2.csv,molc/uc,extratrees,random,2,48000,12000,5,0,20.12423819846767,10.090173709738485,0.25082997530483153,0.7882118905750692,0.075,0.24333333333333335,0.41333333333333333,0.5430211477187468,False,table_local_non_descriptor,uptake_or_loading,,,,,,,
ARC-MOF::ARC-MOF adsorption task table::pre_comb_4040_co2.csv,molc/uc,dummy,random,3,48000,12000,5,0,25.21886286820781,13.590476203166666,-0.18874886363349974,,0.0,0.051666666666666666,0.10916666666666666,0.19699099037955156,False,table_local_non_descriptor,uptake_or_loading,,,,,,,
ARC-MOF::ARC-MOF adsorption task table::pre_comb_4040_co2.csv,molc/uc,ridge,random,3,48000,12000,5,0,17.892045337441292,10.425064432220497,0.40164476567909635,0.7627594434378505,0.041666666666666664,0.34,0.5416666666666666,0.6510595081022563,False,table_local_non_descriptor,uptake_or_loading,,,,,,,
ARC-MOF::ARC-MOF adsorption task table::pre_comb_4040_co2.csv,molc/uc,hgb,random,3,48000,12000,5,0,16.363286555593415,8.304114258903196,0.4995275374903442,0.8311858821247943,0.03333333333333333,0.3283333333333333,0.5408333333333334,0.6451334875990243,False,table_local_non_descriptor,uptake_or_loading,,,,,,,
ARC-MOF::ARC-MOF adsorption task table::pre_comb_4040_co2.csv,molc/uc,randomforest,random,3,48000,12000,5,0,18.070933351275208,9.220116835070879,0.3896200168849929,0.7984416729939562,0.05,0.27666666666666667,0.465,0.5859632261277143,False,table_local_non_descriptor,uptake_or_loading,,,,,,,
ARC-MOF::ARC-MOF adsorption task table::pre_comb_4040_co2.csv,molc/uc,extratrees,random,3,48000,12000,5,0,19.978313209148858,9.934345210854227,0.2539692141478981,0.7846214352420459,0.03333333333333333,0.25666666666666665,0.44083333333333335,0.5556892495712743,False,table_local_non_descriptor,uptake_or_loading,,,,,,,
ARC-MOF::ARC-MOF adsorption task table::pre_comb_4040_co2.csv,molc/uc,dummy,random,4,48000,12000,5,0,25.28303713224817,13.564040374083334,-0.19200672083494652,,0.0,0.03833333333333333,0.09833333333333333,0.18930220374793577,False,table_local_non_descriptor,uptake_or_loading,,,,,,,
ARC-MOF::ARC-MOF adsorption task table::pre_comb_4040_co2.csv,molc/uc,ridge,random,4,48000,12000,5,0,18.13002427459299,10.530598823870196,0.38706137431774945,0.7699713077170239,0.058333333333333334,0.32166666666666666,0.5258333333333334,0.6393555331949867,False,table_local_non_descriptor,uptake_or_loading,,,,,,,
ARC-MOF::ARC-MOF adsorption task table::pre_comb_4040_co2.csv,molc/uc,hgb,random,4,48000,12000,5,0,16.636371696065495,8.584745969542464,0.4838957338089789,0.8374614592959708,0.05,0.32666666666666666,0.5233333333333333,0.6351261764691182,False,table_local_non_descriptor,uptake_or_loading,,,,,,,
ARC-MOF::ARC-MOF adsorption task table::pre_comb_4040_co2.csv,molc/uc,randomforest,random,4,48000,12000,5,0,18.307527331962948,9.319744680195225,0.3750005985231991,0.8000036462709017,0.075,0.27166666666666667,0.44916666666666666,0.576603691258487,False,table_local_non_descriptor,uptake_or_loading,,,,,,,
ARC-MOF::ARC-MOF adsorption task table::pre_comb_4040_co2.csv,molc/uc,extratrees,random,4,48000,12000,5,0,20.265830075700094,10.093783563942345,0.2341406605606845,0.7846060408058644,0.058333333333333334,0.275,0.4025,0.5417598213351571,False,table_local_non_descriptor,uptake_or_loading,,,,,,,
ARC-MOF::ARC-MOF adsorption task table::pre_comb_4040_co2.csv,molc/uc,dummy,random,5,48000,12000,5,0,25.790146557427406,13.936024806,-0.20628684386867047,,0.025,0.05333333333333334,0.09083333333333334,0.19193231470881733,False,table_local_non_descriptor,uptake_or_loading,,,,,,,
ARC-MOF::ARC-MOF adsorption task table::pre_comb_4040_co2.csv,molc/uc,ridge,random,5,48000,12000,5,0,18.32786409898178,10.681231155719814,0.39079047784150167,0.7736878433149222,0.025,0.32666666666666666,0.5316666666666666,0.6392976802173573,False,table_local_non_descriptor,uptake_or_loading,,,,,,,
ARC-MOF::ARC-MOF adsorption task table::pre_comb_4040_co2.csv,molc/uc,hgb,random,5,48000,12000,5,0,16.805231513030282,8.699977485576548,0.4878089673142463,0.8411755169038189,0.016666666666666666,0.325,0.5266666666666666,0.6327105830715077,False,table_local_non_descriptor,uptake_or_loading,,,,,,,
ARC-MOF::ARC-MOF adsorption task table::pre_comb_4040_co2.csv,molc/uc,randomforest,random,5,48000,12000,5,0,18.751072545222204,9.651645137645009,0.36233115458925835,0.8019793880088377,0.041666666666666664,0.2683333333333333,0.4275,0.5575809603508066,False,table_local_non_descriptor,uptake_or_loading,,,,,,,
ARC-MOF::ARC-MOF adsorption task table::pre_comb_4040_co2.csv,molc/uc,extratrees,random,5,48000,12000,5,0,20.590442002773624,10.392996314673045,0.23109212301053905,0.7854631522932719,0.05,0.25166666666666665,0.4091666666666667,0.5454816311298625,False,table_local_non_descriptor,uptake_or_loading,,,,,,,
ARC-MOF::ARC-MOF adsorption task table::pre_comb_4040_co2.csv,molc/uc,dummy,random,6,48000,12000,5,0,25.135103087146028,13.461324952,-0.18999209524120486,,0.0,0.05,0.10583333333333333,0.19690837984961024,False,table_local_non_descriptor,uptake_or_loading,,,,,,,
ARC-MOF::ARC-MOF adsorption task table::pre_comb_4040_co2.csv,molc/uc,ridge,random,6,48000,12000,5,0,17.942419713070517,10.515625597583126,0.3936201543287525,0.7686847317447317,0.05,0.33666666666666667,0.5408333333333334,0.6545728574686734,False,table_local_non_descriptor,uptake_or_loading,,,,,,,
ARC-MOF::ARC-MOF adsorption task table::pre_comb_4040_co2.csv,molc/uc,hgb,random,6,48000,12000,5,0,16.42108458720492,8.435622408965331,0.4920904117803838,0.8356037701174418,0.06666666666666667,0.31,0.54,0.6457715985132825,False,table_local_non_descriptor,uptake_or_loading,,,,,,,
ARC-MOF::ARC-MOF adsorption task table::pre_comb_4040_co2.csv,molc/uc,randomforest,random,6,48000,12000,5,0,18.397978902617606,9.338219311163519,0.3624372018103974,0.8016665456284672,0.058333333333333334,0.23833333333333334,0.44583333333333336,0.5659795093446693,False,table_local_non_descriptor,uptake_or_loading,,,,,,,
ARC-MOF::ARC-MOF adsorption task table::pre_comb_4040_co2.csv,molc/uc,extratrees,random,6,48000,12000,5,0,20.33370761490537,10.075927076154052,0.22121803817448382,0.7878796026406399,0.03333333333333333,0.21333333333333335,0.41583333333333333,0.5357539000362475,False,table_local_non_descriptor,uptake_or_loading,,,,,,,
ARC-MOF::ARC-MOF adsorption task table::pre_comb_4040_co2.csv,molc/uc,dummy,random,7,48000,12000,5,0,25.57895193083943,13.72983688025,-0.19315992654095537,,0.025,0.05333333333333334,0.09583333333333334,0.19688456955390987,False,table_local_non_descriptor,uptake_or_loading,,,,,,,
ARC-MOF::ARC-MOF adsorption task table::pre_comb_4040_co2.csv,molc/uc,ridge,random,7,48000,12000,5,0,18.212131572684555,10.495790152608286,0.39514019438883485,0.7750139926935233,0.075,0.32166666666666666,0.5283333333333333,0.6411372463487975,False,table_local_non_descriptor,uptake_or_loading,,,,,,,
ARC-MOF::ARC-MOF adsorption task table::pre_comb_4040_co2.csv,molc/uc,hgb,random,7,48000,12000,5,0,16.701345359130435,8.478768208447159,0.49133005189056156,0.8392037618664171,0.041666666666666664,0.30666666666666664,0.5241666666666667,0.6397328001439819,False,table_local_non_descriptor,uptake_or_loading,,,,,,,
ARC-MOF::ARC-MOF adsorption task table::pre_comb_4040_co2.csv,molc/uc,randomforest,random,7,48000,12000,5,0,18.279188647255335,9.198678631572824,0.39067780621290593,0.8076542746876718,0.016666666666666666,0.265,0.4508333333333333,0.5782341018922549,False,table_local_non_descriptor,uptake_or_loading,,,,,,,
ARC-MOF::ARC-MOF adsorption task table::pre_comb_4040_co2.csv,molc/uc,extratrees,random,7,48000,12000,5,0,19.957722157864076,9.91811684404423,0.2736346616931409,0.7908236714247789,0.041666666666666664,0.24833333333333332,0.4225,0.5529586608387678,False,table_local_non_descriptor,uptake_or_loading,,,,,,,
ARC-MOF::ARC-MOF adsorption task table::pre_comb_4040_co2.csv,molc/uc,dummy,random,8,48000,12000,5,0,25.184359357840187,13.472900981833334,-0.18759258843330384,,0.008333333333333333,0.065,0.1,0.19209972975244083,False,table_local_non_descriptor,uptake_or_loading,,,,,,,
ARC-MOF::ARC-MOF adsorption task table::pre_comb_4040_co2.csv,molc/uc,ridge,random,8,48000,12000,5,0,17.975169103419425,10.42322232983928,0.39500521282516765,0.7685887192240879,0.041666666666666664,0.3416666666666667,0.5358333333333334,0.641689959838447,False,table_local_non_descriptor,uptake_or_loading,,,,,,,
ARC-MOF::ARC-MOF adsorption task table::pre_comb_4040_co2.csv,molc/uc,hgb,random,8,48000,12000,5,0,16.55484273378043,8.417409824795614,0.4868364722630383,0.8385343795606008,0.06666666666666667,0.3433333333333333,0.535,0.6405266367773136,False,table_local_non_descriptor,uptake_or_loading,,,,,,,
ARC-MOF::ARC-MOF adsorption task table::pre_comb_4040_co2.csv,molc/uc,randomforest,random,8,48000,12000,5,0,18.22065659040665,9.206743114173806,0.37836750430916277,0.8026422535719714,0.05,0.2816666666666667,0.4525,0.5861995894267487,False,table_local_non_descriptor,uptake_or_loading,,,,,,,
ARC-MOF::ARC-MOF adsorption task table::pre_comb_4040_co2.csv,molc/uc,extratrees,random,8,48000,12000,5,0,19.89070354858733,9.86246955046863,0.25919150717873796,0.7898823373219406,0.058333333333333334,0.275,0.425,0.5596842967629931,False,table_local_non_descriptor,uptake_or_loading,,,,,,,
ARC-MOF::ARC-MOF adsorption task table::pre_comb_4040_co2.csv,molc/uc,dummy,random,9,48000,12000,5,0,25.57077143649544,13.732118228583335,-0.19307071652266128,,0.008333333333333333,0.04666666666666667,0.09833333333333333,0.18433678868907044,False,table_local_non_descriptor,uptake_or_loading,,,,,,,
ARC-MOF::ARC-MOF adsorption task table::pre_comb_4040_co2.csv,molc/uc,ridge,random,9,48000,12000,5,0,18.161277572539344,10.502466787048977,0.39817348489308413,0.7725941246569725,0.08333333333333333,0.3283333333333333,0.5366666666666666,0.6470508820985228,False,table_local_non_descriptor,uptake_or_loading,,,,,,,
ARC-MOF::ARC-MOF adsorption task table::pre_comb_4040_co2.csv,molc/uc,hgb,random,9,48000,12000,5,0,16.662637327656732,8.407995728078118,0.4933990392391595,0.8391086067481162,0.058333333333333334,0.31166666666666665,0.5283333333333333,0.6351145624159662,False,table_local_non_descriptor,uptake_or_loading,,,,,,,
ARC-MOF::ARC-MOF adsorption task table::pre_comb_4040_co2.csv,molc/uc,randomforest,random,9,48000,12000,5,0,18.290658000204434,9.213719550052183,0.38956815147461854,0.802284648183772,0.05,0.2733333333333333,0.4533333333333333,0.5806353457652478,False,table_local_non_descriptor,uptake_or_loading,,,,,,,
ARC-MOF::ARC-MOF adsorption task table::pre_comb_4040_co2.csv,molc/uc,extratrees,random,9,48000,12000,5,0,20.27925242514593,10.043123103362282,0.24961799982649369,0.7846741867458666,0.05,0.24833333333333332,0.41,0.5442695821908281,False,table_local_non_descriptor,uptake_or_loading,,,,,,,
ARC-MOF::post_comb_vsa_co2.csv__RAC__racs.csv,wt%,dummy,random,0,11827,2957,156,1,1.3524551284690622,0.49883968887385866,-0.0730929301328842,,0.06666666666666667,0.0472972972972973,0.10135135135135136,0.17348975326313246,True,descriptor_joined,uptake_or_loading,RAC,post_combustion_capture,CO2,uptake,,func-chi-0-all,RAC
ARC-MOF::post_comb_vsa_co2.csv__RAC__racs.csv,wt%,ridge,random,0,11827,2957,156,1,1.0489284538716865,0.46276669835494005,0.3545191882526315,0.6568486191527161,0.3333333333333333,0.43243243243243246,0.5777027027027027,0.6801743953680557,True,descriptor_joined,uptake_or_loading,RAC,post_combustion_capture,CO2,uptake,,func-chi-0-all,RAC
ARC-MOF::post_comb_vsa_co2.csv__RAC__racs.csv,wt%,extratrees,random,0,11827,2957,156,1,1.0009549936957423,0.36419477065663397,0.4122120146800041,0.7907316371502485,0.4,0.5472972972972973,0.6047297297297297,0.7179858972459052,True,descriptor_joined,uptake_or_loading,RAC,post_combustion_capture,CO2,uptake,,func-chi-0-all,RAC
ARC-MOF::post_comb_vsa_co2.csv__RAC__racs.csv,wt%,dummy,random,1,11827,2957,156,1,1.4465799235544032,0.5002883605005073,-0.06542091300753361,,0.0,0.060810810810810814,0.09797297297297297,0.15397502233292734,True,descriptor_joined,uptake_or_loading,RAC,post_combustion_capture,CO2,uptake,,func-chi-0-all,RAC
ARC-MOF::post_comb_vsa_co2.csv__RAC__racs.csv,wt%,ridge,random,1,11827,2957,156,1,1.075054747426519,0.46018047553815083,0.4115663324830773,0.6744068122842612,0.4,0.47297297297297297,0.6047297297297297,0.7522198602199658,True,descriptor_joined,uptake_or_loading,RAC,post_combustion_capture,CO2,uptake,,func-chi-0-all,RAC
ARC-MOF::post_comb_vsa_co2.csv__RAC__racs.csv,wt%,extratrees,random,1,11827,2957,156,1,0.9915946810649444,0.3669745192783602,0.49938399808973466,0.7998749132726335,0.5,0.5,0.625,0.7692347486125238,True,descriptor_joined,uptake_or_loading,RAC,post_combustion_capture,CO2,uptake,,func-chi-0-all,RAC
ARC-MOF::post_comb_vsa_co2.csv__RAC__racs.csv,wt%,dummy,random,2,11827,2957,156,1,1.4565216072538796,0.5104929766655394,-0.06956569896531328,,0.03333333333333333,0.07432432432432433,0.10472972972972973,0.15354077430744612,True,descriptor_joined,uptake_or_loading,RAC,post_combustion_capture,CO2,uptake,,func-chi-0-all,RAC
ARC-MOF::post_comb_vsa_co2.csv__RAC__racs.csv,wt%,ridge,random,2,11827,2957,156,1,1.0667905251637257,0.4622279475727194,0.4262378400293756,0.6775688558356405,0.5,0.5,0.581081081081081,0.736206054436368,True,descriptor_joined,uptake_or_loading,RAC,post_combustion_capture,CO2,uptake,,func-chi-0-all,RAC
ARC-MOF::post_comb_vsa_co2.csv__RAC__racs.csv,wt%,extratrees,random,2,11827,2957,156,1,0.9693960218013995,0.3708573403156352,0.5262207135656339,0.7806263879634424,0.6,0.5405405405405406,0.6182432432432432,0.758126285372274,True,descriptor_joined,uptake_or_loading,RAC,post_combustion_capture,CO2,uptake,,func-chi-0-all,RAC
ARC-MOF::post_comb_vsa_co2.csv__RAC__racs.csv,wt%,dummy,random,3,11827,2957,156,1,1.264467592744346,0.4840025265471762,-0.07914406110369487,,0.03333333333333333,0.08108108108108109,0.11486486486486487,0.19022080678037748,True,descriptor_joined,uptake_or_loading,RAC,post_combustion_capture,CO2,uptake,,func-chi-0-all,RAC
ARC-MOF::post_comb_vsa_co2.csv__RAC__racs.csv,wt%,ridge,random,3,11827,2957,156,1,0.945600236889725,0.43966295774576925,0.3964973752843175,0.6576634252250276,0.36666666666666664,0.49324324324324326,0.5777027027027027,0.7091647246471774,True,descriptor_joined,uptake_or_loading,RAC,post_combustion_capture,CO2,uptake,,func-chi-0-all,RAC
ARC-MOF::post_comb_vsa_co2.csv__RAC__racs.csv,wt%,extratrees,random,3,11827,2957,156,1,0.8782653014131324,0.3498684785467629,0.4793864486024608,0.7835576333632587,0.36666666666666664,0.5472972972972973,0.6148648648648649,0.7482165958144006,True,descriptor_joined,uptake_or_loading,RAC,post_combustion_capture,CO2,uptake,,func-chi-0-all,RAC
ARC-MOF::post_comb_vsa_co2.csv__RAC__racs.csv,wt%,dummy,random,4,11827,2957,156,1,1.3358015567522226,0.5225428336151505,-0.08479531295579501,,0.0,0.04054054054054054,0.06756756756756757,0.15206428531080857,True,descriptor_joined,uptake_or_loading,RAC,post_combustion_capture,CO2,uptake,,func-chi-0-all,RAC
ARC-MOF::post_comb_vsa_co2.csv__RAC__racs.csv,wt%,ridge,random,4,11827,2957,156,1,0.9880902781264495,0.4705921776910908,0.4064502012032538,0.6651995153777863,0.4,0.47297297297297297,0.5844594594594594,0.741015649426651,True,descriptor_joined,uptake_or_loading,RAC,post_combustion_capture,CO2,uptake,,func-chi-0-all,RAC
ARC-MOF::post_comb_vsa_co2.csv__RAC__racs.csv,wt%,extratrees,random,4,11827,2957,156,1,0.9253511082488565,0.3651970533389698,0.4794325507889683,0.7934895521246487,0.5,0.5675675675675675,0.6452702702702703,0.7890724916298212,True,descriptor_joined,uptake_or_loading,RAC,post_combustion_capture,CO2,uptake,,func-chi-0-all,RAC
ARC-MOF::post_comb_vsa_co2.csv__RAC__racs.csv,wt%,dummy,descriptor_grouped,0,12812,1972,156,1,1.2806690353739805,0.4109045334685599,-0.02998689782859265,,0.0,0.030303030303030304,0.10606060606060606,0.12772767087662168,True,descriptor_joined,uptake_or_loading,RAC,post_combustion_capture,CO2,uptake,,func-chi-0-all,RAC
ARC-MOF::post_comb_vsa_co2.csv__RAC__racs.csv,wt%,ridge,descriptor_grouped,0,12812,1972,156,1,1.024389068946751,0.4172321473178095,0.3409964514404653,0.6300557490853834,0.35,0.5151515151515151,0.5909090909090909,0.6838464448863412,True,descriptor_joined,uptake_or_loading,RAC,post_combustion_capture,CO2,uptake,,func-chi-0-all,RAC
ARC-MOF::post_comb_vsa_co2.csv__RAC__racs.csv,wt%,extratrees,descriptor_grouped,0,12812,1972,156,1,0.8957097882807262,0.33619544874690105,0.49616014019794263,0.7745404664304403,0.55,0.5252525252525253,0.6565656565656566,0.8077770192547212,True,descriptor_joined,uptake_or_loading,RAC,post_combustion_capture,CO2,uptake,,func-chi-0-all,RAC
ARC-MOF::post_comb_vsa_co2.csv__RAC__racs.csv,wt%,dummy,descriptor_grouped,1,12588,2196,156,1,1.1326821028576723,0.5294547636612023,-0.16398914921205532,,0.0,0.045454545454545456,0.08636363636363636,0.19848604370939577,True,descriptor_joined,uptake_or_loading,RAC,post_combustion_capture,CO2,uptake,,func-chi-0-all,RAC
ARC-MOF::post_comb_vsa_co2.csv__RAC__racs.csv,wt%,ridge,descriptor_grouped,1,12588,2196,156,1,0.9497668417898613,0.48170860782280756,0.1815976611162401,0.6446658182532383,0.0,0.39090909090909093,0.5181818181818182,0.6104961132645417,True,descriptor_joined,uptake_or_loading,RAC,post_combustion_capture,CO2,uptake,,func-chi-0-all,RAC
ARC-MOF::post_comb_vsa_co2.csv__RAC__racs.csv,wt%,extratrees,descriptor_grouped,1,12588,2196,156,1,0.8103471625855271,0.3819410209739932,0.4042348616604219,0.7986466183924218,0.22727272727272727,0.4727272727272727,0.5636363636363636,0.7114105708932533,True,descriptor_joined,uptake_or_loading,RAC,post_combustion_capture,CO2,uptake,,func-chi-0-all,RAC
ARC-MOF::post_comb_vsa_co2.csv__RAC__racs.csv,wt%,dummy,descriptor_grouped,2,12402,2382,156,1,1.4162628872186738,0.650831421074727,-0.17162074966654384,,0.0,0.016666666666666666,0.100418410041841,0.17651310719021757,True,descriptor_joined,uptake_or_loading,RAC,post_combustion_capture,CO2,uptake,,func-chi-0-all,RAC
ARC-MOF::post_comb_vsa_co2.csv__RAC__racs.csv,wt%,ridge,descriptor_grouped,2,12402,2382,156,1,1.0900276605821453,0.5329428765720716,0.3059762340367308,0.7300295182219735,0.25,0.4166666666666667,0.5188284518828452,0.6501773044658357,True,descriptor_joined,uptake_or_loading,RAC,post_combustion_capture,CO2,uptake,,func-chi-0-all,RAC
ARC-MOF::post_comb_vsa_co2.csv__RAC__racs.csv,wt%,extratrees,descriptor_grouped,2,12402,2382,156,1,0.916475648993257,0.440676827110738,0.5093846123063276,0.8302001544292901,0.4166666666666667,0.4583333333333333,0.5313807531380753,0.7429771041047215,True,descriptor_joined,uptake_or_loading,RAC,post_combustion_capture,CO2,uptake,,func-chi-0-all,RAC
ARC-MOF::post_comb_vsa_co2.csv__RAC__racs.csv,wt%,dummy,descriptor_grouped,3,9124,5660,156,1,1.4216595040424718,0.523349896466431,-0.0651717464362711,,0.03508771929824561,0.04946996466431095,0.09540636042402827,0.16433592898204835,True,descriptor_joined,uptake_or_loading,RAC,post_combustion_capture,CO2,uptake,,func-chi-0-all,RAC
ARC-MOF::post_comb_vsa_co2.csv__RAC__racs.csv,wt%,ridge,descriptor_grouped,3,9124,5660,156,1,1.7695434746910679,0.5363862878208234,-0.6502545043827312,0.6094854319185824,0.3157894736842105,0.40636042402826855,0.549469964664311,0.6307391541326937,True,descriptor_joined,uptake_or_loading,RAC,post_combustion_capture,CO2,uptake,,func-chi-0-all,RAC
ARC-MOF::post_comb_vsa_co2.csv__RAC__racs.csv,wt%,extratrees,descriptor_grouped,3,9124,5660,156,1,1.1035437005581217,0.46101759883745586,0.3581884552066552,0.7449277175720525,0.3333333333333333,0.45936395759717313,0.5477031802120141,0.6700937476981013,True,descriptor_joined,uptake_or_loading,RAC,post_combustion_capture,CO2,uptake,,func-chi-0-all,RAC
ARC-MOF::post_comb_vsa_co2.csv__RAC__racs.csv,wt%,dummy,descriptor_grouped,4,12203,2581,156,1,1.1555161506742564,0.3827681394808214,-0.053864988270102776,,0.0,0.06153846153846154,0.0888030888030888,0.14366484595336407,True,descriptor_joined,uptake_or_loading,RAC,post_combustion_capture,CO2,uptake,,func-chi-0-all,RAC
ARC-MOF::post_comb_vsa_co2.csv__RAC__racs.csv,wt%,ridge,descriptor_grouped,4,12203,2581,156,1,0.9392752472910039,0.3863622733192202,0.303664251471949,0.5790106556774655,0.3076923076923077,0.5692307692307692,0.5328185328185329,0.625609431036649,True,descriptor_joined,uptake_or_loading,RAC,post_combustion_capture,CO2,uptake,,func-chi-0-all,RAC
ARC-MOF::post_comb_vsa_co2.csv__RAC__racs.csv,wt%,extratrees,descriptor_grouped,4,12203,2581,156,1,0.7804809517434208,0.3008392622768953,0.5192076454726805,0.708011881708222,0.46153846153846156,0.6,0.6061776061776062,0.76768618157264,True,descriptor_joined,uptake_or_loading,RAC,post_combustion_capture,CO2,uptake,,func-chi-0-all,RAC
ARC-MOF::post_comb_vsa_co2.csv__RAC__racs.csv,v/v,dummy,random,0,11827,2957,156,1,9.2543724438502,2.9948899611092323,-0.06820034238500261,,0.06666666666666667,0.05405405405405406,0.10135135135135136,0.14878035407095344,True,descriptor_joined,uptake_or_loading,RAC,post_combustion_capture,CO2,uptake,,func-chi-0-all,RAC
ARC-MOF::post_comb_vsa_co2.csv__RAC__racs.csv,v/v,ridge,random,0,11827,2957,156,1,6.702047463119853,2.8816537385611736,0.4397604512231508,0.6645302872135019,0.3333333333333333,0.43243243243243246,0.5574324324324325,0.72911954762074,True,descriptor_joined,uptake_or_loading,RAC,post_combustion_capture,CO2,uptake,,func-chi-0-all,RAC
ARC-MOF::post_comb_vsa_co2.csv__RAC__racs.csv,v/v,extratrees,random,0,11827,2957,156,1,6.398036470365179,2.1769946810077783,0.489433650364247,0.8273416629038481,0.4666666666666667,0.5202702702702703,0.6385135135135135,0.7438933676030586,True,descriptor_joined,uptake_or_loading,RAC,post_combustion_capture,CO2,uptake,,func-chi-0-all,RAC
ARC-MOF::post_comb_vsa_co2.csv__RAC__racs.csv,v/v,dummy,random,1,11827,2957,156,1,9.568088392658051,2.9046096658775786,-0.06033939826295187,,0.0,0.06756756756756757,0.10810810810810811,0.11655568504938946,True,descriptor_joined,uptake_or_loading,RAC,post_combustion_capture,CO2,uptake,,func-chi-0-all,RAC
ARC-MOF::post_comb_vsa_co2.csv__RAC__racs.csv,v/v,ridge,random,1,11827,2957,156,1,6.613003045562231,2.8353563902671612,0.49348537884603716,0.6809597190318363,0.5333333333333333,0.46621621621621623,0.5608108108108109,0.7930659108829647,True,descriptor_joined,uptake_or_loading,RAC,post_combustion_capture,CO2,uptake,,func-chi-0-all,RAC
ARC-MOF::post_comb_vsa_co2.csv__RAC__racs.csv,v/v,extratrees,random,1,11827,2957,156,1,5.971065254414075,2.129650262209071,0.58704932948926,0.8261615101919052,0.5,0.5337837837837838,0.6047297297297297,0.8406003780197483,True,descriptor_joined,uptake_or_loading,RAC,post_combustion_capture,CO2,uptake,,func-chi-0-all,RAC
ARC-MOF::post_comb_vsa_co2.csv__RAC__racs.csv,v/v,dummy,random,2,11827,2957,156,1,9.54476404907766,3.006739313831586,-0.06640703053144881,,0.03333333333333333,0.07432432432432433,0.10810810810810811,0.11942917780462152,True,descriptor_joined,uptake_or_loading,RAC,post_combustion_capture,CO2,uptake,,func-chi-0-all,RAC
ARC-MOF::post_comb_vsa_co2.csv__RAC__racs.csv,v/v,ridge,random,2,11827,2957,156,1,6.6277283081766845,2.8438851274404175,0.48581192563646225,0.6854374446233487,0.5,0.4864864864864865,0.5709459459459459,0.7926097118072107,True,descriptor_joined,uptake_or_loading,RAC,post_combustion_capture,CO2,uptake,,func-chi-0-all,RAC
ARC-MOF::post_comb_vsa_co2.csv__RAC__racs.csv,v/v,extratrees,random,2,11827,2957,156,1,6.013891801244124,2.1728457129607714,0.5766458452279364,0.8171156292307733,0.6333333333333333,0.5608108108108109,0.6081081081081081,0.7807555056112062,True,descriptor_joined,uptake_or_loading,RAC,post_combustion_capture,CO2,uptake,,func-chi-0-all,RAC
ARC-MOF::post_comb_vsa_co2.csv__RAC__racs.csv,v/v,dummy,random,3,11827,2957,156,1,8.37803663502677,2.8236395552925257,-0.0730264593804637,,0.03333333333333333,0.07432432432432433,0.12162162162162163,0.15324180360515458,True,descriptor_joined,uptake_or_loading,RAC,post_combustion_capture,CO2,uptake,,func-chi-0-all,RAC
ARC-MOF::post_comb_vsa_co2.csv__RAC__racs.csv,v/v,ridge,random,3,11827,2957,156,1,6.130258514406333,2.699717899598365,0.42550864279072154,0.6736121356562768,0.5333333333333333,0.5,0.5777027027027027,0.7197173238542504,True,descriptor_joined,uptake_or_loading,RAC,post_combustion_capture,CO2,uptake,,func-chi-0-all,RAC
ARC-MOF::post_comb_vsa_co2.csv__RAC__racs.csv,v/v,extratrees,random,3,11827,2957,156,1,5.4970932215186155,2.012647673386691,0.5380530277916334,0.8208055179073324,0.4666666666666667,0.6081081081081081,0.597972972972973,0.7835901586325492,True,descriptor_joined,uptake_or_loading,RAC,post_combustion_capture,CO2,uptake,,func-chi-0-all,RAC
ARC-MOF::post_comb_vsa_co2.csv__RAC__racs.csv,v/v,dummy,random,4,11827,2957,156,1,8.910147541859534,3.0535631802502534,-0.07865364617658144,,0.0,0.04054054054054054,0.07094594594594594,0.1079920921117416,True,descriptor_joined,uptake_or_loading,RAC,post_combustion_capture,CO2,uptake,,func-chi-0-all,RAC
ARC-MOF::post_comb_vsa_co2.csv__RAC__racs.csv,v/v,ridge,random,4,11827,2957,156,1,6.49731219173545,2.903925019717952,0.4264388927046777,0.6769070754277053,0.36666666666666664,0.44594594594594594,0.5675675675675675,0.7446386219553718,True,descriptor_joined,uptake_or_loading,RAC,post_combustion_capture,CO2,uptake,,func-chi-0-all,RAC
ARC-MOF::post_comb_vsa_co2.csv__RAC__racs.csv,v/v,extratrees,random,4,11827,2957,156,1,5.727734920187932,2.1184219304633074,0.5542636565886336,0.8271882023600088,0.5,0.581081081081081,0.6385135135135135,0.7956374013184709,True,descriptor_joined,uptake_or_loading,RAC,post_combustion_capture,CO2,uptake,,func-chi-0-all,RAC
ARC-MOF::post_comb_vsa_co2.csv__RAC__racs.csv,v/v,dummy,descriptor_grouped,0,12812,1972,156,1,8.572558505398707,2.4443082287018254,-0.03828875331173909,,0.0,0.04040404040404041,0.08080808080808081,0.09089911269050642,True,descriptor_joined,uptake_or_loading,RAC,post_combustion_capture,CO2,uptake,,func-chi-0-all,RAC
ARC-MOF::post_comb_vsa_co2.csv__RAC__racs.csv,v/v,ridge,descriptor_grouped,0,12812,1972,156,1,6.8988068187419165,2.619750092291821,0.3275729089086098,0.6343715929848258,0.3,0.5151515151515151,0.601010101010101,0.704972961105334,True,descriptor_joined,uptake_or_loading,RAC,post_combustion_capture,CO2,uptake,,func-chi-0-all,RAC
ARC-MOF::post_comb_vsa_co2.csv__RAC__racs.csv,v/v,extratrees,descriptor_grouped,0,12812,1972,156,1,5.920146163493002,2.027056248487435,0.5048211433134489,0.8245692721311156,0.45,0.5959595959595959,0.6464646464646465,0.8105479730783014,True,descriptor_joined,uptake_or_loading,RAC,post_combustion_capture,CO2,uptake,,func-chi-0-all,RAC
ARC-MOF::post_comb_vsa_co2.csv__RAC__racs.csv,v/v,dummy,descriptor_grouped,1,12588,2196,156,1,7.355357383828288,3.0485681689435338,-0.14633385097617357,,0.0,0.03636363636363636,0.08181818181818182,0.1430778737562652,True,descriptor_joined,uptake_or_loading,RAC,post_combustion_capture,CO2,uptake,,func-chi-0-all,RAC
ARC-MOF::post_comb_vsa_co2.csv__RAC__racs.csv,v/v,ridge,descriptor_grouped,1,12588,2196,156,1,6.5323474457734285,2.9949628005045184,0.09584661792144322,0.6554124266861602,0.18181818181818182,0.39090909090909093,0.5,0.5759784851818954,True,descriptor_joined,uptake_or_loading,RAC,post_combustion_capture,CO2,uptake,,func-chi-0-all,RAC
ARC-MOF::post_comb_vsa_co2.csv__RAC__racs.csv,v/v,extratrees,descriptor_grouped,1,12588,2196,156,1,5.6276654416369425,2.287502898113742,0.32894193336553257,0.8252359986726352,0.3181818181818182,0.5,0.6,0.6710666370198969,True,descriptor_joined,uptake_or_loading,RAC,post_combustion_capture,CO2,uptake,,func-chi-0-all,RAC
ARC-MOF::post_comb_vsa_co2.csv__RAC__racs.csv,v/v,dummy,descriptor_grouped,2,12402,2382,156,1,9.431236098999223,3.8614075512174644,-0.14649586730934794,,0.0,0.016666666666666666,0.08786610878661087,0.1310106257524438,True,descriptor_joined,uptake_or_loading,RAC,post_combustion_capture,CO2,uptake,,func-chi-0-all,RAC
ARC-MOF::post_comb_vsa_co2.csv__RAC__racs.csv,v/v,ridge,descriptor_grouped,2,12402,2382,156,1,7.683918903795555,3.331263545727552,0.23897170359097153,0.7497976860579569,0.20833333333333334,0.4083333333333333,0.4895397489539749,0.6177215962324212,True,descriptor_joined,uptake_or_loading,RAC,post_combustion_capture,CO2,uptake,,func-chi-0-all,RAC
ARC-MOF::post_comb_vsa_co2.csv__RAC__racs.csv,v/v,extratrees,descriptor_grouped,2,12402,2382,156,1,6.167172376378465,2.638178081640778,0.5097614778622228,0.8655641891924845,0.2916666666666667,0.4666666666666667,0.5857740585774058,0.7576344706181077,True,descriptor_joined,uptake_or_loading,RAC,post_combustion_capture,CO2,uptake,,func-chi-0-all,RAC
ARC-MOF::post_comb_vsa_co2.csv__RAC__racs.csv,v/v,dummy,descriptor_grouped,3,9124,5660,156,1,9.763480068840149,3.127851558303887,-0.060069376057767965,,0.017543859649122806,0.05653710247349823,0.09363957597173145,0.13067882481038604,True,descriptor_joined,uptake_or_loading,RAC,post_combustion_capture,CO2,uptake,,func-chi-0-all,RAC
ARC-MOF::post_comb_vsa_co2.csv__RAC__racs.csv,v/v,ridge,descriptor_grouped,3,9124,5660,156,1,11.41914299662064,3.4305017742860744,-0.4500802027685584,0.6039058899749613,0.3157894736842105,0.4169611307420495,0.5512367491166078,0.6257368871455173,True,descriptor_joined,uptake_or_loading,RAC,post_combustion_capture,CO2,uptake,,func-chi-0-all,RAC
ARC-MOF::post_comb_vsa_co2.csv__RAC__racs.csv,v/v,extratrees,descriptor_grouped,3,9124,5660,156,1,7.942937964485477,3.8900175492608953,0.2984036163994801,0.5662206242251787,0.2982456140350877,0.4840989399293286,0.5371024734982333,0.6839007383975725,True,descriptor_joined,uptake_or_loading,RAC,post_combustion_capture,CO2,uptake,,func-chi-0-all,RAC
ARC-MOF::post_comb_vsa_co2.csv__RAC__racs.csv,v/v,dummy,descriptor_grouped,4,12203,2581,156,1,7.032570228555827,2.167455677256877,-0.05523154271606745,,0.0,0.06153846153846154,0.08494208494208494,0.11799257023126977,True,descriptor_joined,uptake_or_loading,RAC,post_combustion_capture,CO2,uptake,,func-chi-0-all,RAC
ARC-MOF::post_comb_vsa_co2.csv__RAC__racs.csv,v/v,ridge,descriptor_grouped,4,12203,2581,156,1,5.823884350875609,2.327434654963777,0.27632246097405755,0.5960891621722885,0.34615384615384615,0.5538461538461539,0.5482625482625483,0.5889237368561551,True,descriptor_joined,uptake_or_loading,RAC,post_combustion_capture,CO2,uptake,,func-chi-0-all,RAC
ARC-MOF::post_comb_vsa_co2.csv__RAC__racs.csv,v/v,extratrees,descriptor_grouped,4,12203,2581,156,1,4.811534001584669,1.6526868600878208,0.506045749089309,0.7662556770593562,0.5,0.6153846153846154,0.640926640926641,0.7384294755684236,True,descriptor_joined,uptake_or_loading,RAC,post_combustion_capture,CO2,uptake,,func-chi-0-all,RAC
ARC-MOF::post_comb_vsa_co2.csv__RAC__racs.csv,mmol/g,dummy,random,0,11827,2957,156,1,0.3073097293174665,0.11334818430842068,-0.07309241466760641,,0.06666666666666667,0.0472972972972973,0.10135135135135136,0.17348964908012565,True,descriptor_joined,uptake_or_loading,RAC,post_combustion_capture,CO2,uptake,,func-chi-0-all,RAC
ARC-MOF::post_comb_vsa_co2.csv__RAC__racs.csv,mmol/g,ridge,random,0,11827,2957,156,1,0.23834135592161237,0.10515153411534474,0.35451921833124966,0.6568478290563458,0.3333333333333333,0.43243243243243246,0.5777027027027027,0.6801743817281846,True,descriptor_joined,uptake_or_loading,RAC,post_combustion_capture,CO2,uptake,,func-chi-0-all,RAC
ARC-MOF::post_comb_vsa_co2.csv__RAC__racs.csv,mmol/g,extratrees,random,0,11827,2957,156,1,0.22883933564582792,0.08275746577781533,0.40496041054073184,0.7921319924064902,0.4,0.5608108108108109,0.5945945945945946,0.7099299838496906,True,descriptor_joined,uptake_or_loading,RAC,post_combustion_capture,CO2,uptake,,func-chi-0-all,RAC
ARC-MOF::post_comb_vsa_co2.csv__RAC__racs.csv,mmol/g,dummy,random,1,11827,2957,156,1,0.32869719686709803,0.11367736658775784,-0.06542084073441923,,0.0,0.060810810810810814,0.09797297297297297,0.15397491998648732,True,descriptor_joined,uptake_or_loading,RAC,post_combustion_capture,CO2,uptake,,func-chi-0-all,RAC
ARC-MOF::post_comb_vsa_co2.csv__RAC__racs.csv,mmol/g,ridge,random,1,11827,2957,156,1,0.244277892540665,0.10456389243543124,0.41156632857197006,0.674406422517841,0.4,0.47297297297297297,0.6047297297297297,0.7522198420142048,True,descriptor_joined,uptake_or_loading,RAC,post_combustion_capture,CO2,uptake,,func-chi-0-all,RAC
ARC-MOF::post_comb_vsa_co2.csv__RAC__racs.csv,mmol/g,extratrees,random,1,11827,2957,156,1,0.22597918133624023,0.08400644547270128,0.49642281143458433,0.7986217083327332,0.5,0.5,0.625,0.7648824691373473,True,descriptor_joined,uptake_or_loading,RAC,post_combustion_capture,CO2,uptake,,func-chi-0-all,RAC
ARC-MOF::post_comb_vsa_co2.csv__RAC__racs.csv,mmol/g,dummy,random,2,11827,2957,156,1,0.33095628702727536,0.11599608691241124,-0.06956642977013106,,0.03333333333333333,0.07432432432432433,0.10472972972972973,0.1535407621816348,True,descriptor_joined,uptake_or_loading,RAC,post_combustion_capture,CO2,uptake,,func-chi-0-all,RAC
ARC-MOF::post_comb_vsa_co2.csv__RAC__racs.csv,mmol/g,ridge,random,2,11827,2957,156,1,0.24240005077736657,0.1050291236491006,0.42623783700345297,0.6775668528087609,0.5,0.5,0.581081081081081,0.7362060721105315,True,descriptor_joined,uptake_or_loading,RAC,post_combustion_capture,CO2,uptake,,func-chi-0-all,RAC
ARC-MOF::post_comb_vsa_co2.csv__RAC__racs.csv,mmol/g,extratrees,random,2,11827,2957,156,1,0.21977778916284316,0.08417556930785705,0.5283345196602827,0.781613489848715,0.6,0.5472972972972973,0.6081081081081081,0.7574104774077488,True,descriptor_joined,uptake_or_loading,RAC,post_combustion_capture,CO2,uptake,,func-chi-0-all,RAC
ARC-MOF::post_comb_vsa_co2.csv__RAC__racs.csv,mmol/g,dummy,random,3,11827,2957,156,1,0.2873170324969691,0.1099768386878593,-0.07914451520372556,,0.03333333333333333,0.08108108108108109,0.11486486486486487,0.19022039590563689,True,descriptor_joined,uptake_or_loading,RAC,post_combustion_capture,CO2,uptake,,func-chi-0-all,RAC
ARC-MOF::post_comb_vsa_co2.csv__RAC__racs.csv,mmol/g,ridge,random,3,11827,2957,156,1,0.2148627487701153,0.09990182166620039,0.3964974380202496,0.6576636741348664,0.36666666666666664,0.49324324324324326,0.5777027027027027,0.7091646294299621,True,descriptor_joined,uptake_or_loading,RAC,post_combustion_capture,CO2,uptake,,func-chi-0-all,RAC
ARC-MOF::post_comb_vsa_co2.csv__RAC__racs.csv,mmol/g,extratrees,random,3,11827,2957,156,1,0.20154714344575317,0.08051706120110472,0.4689808812005257,0.780849369767539,0.3333333333333333,0.527027027027027,0.6013513513513513,0.7431050968322315,True,descriptor_joined,uptake_or_loading,RAC,post_combustion_capture,CO2,uptake,,func-chi-0-all,RAC
ARC-MOF::post_comb_vsa_co2.csv__RAC__racs.csv,mmol/g,dummy,random,4,11827,2957,156,1,0.3035256320645278,0.11873410686506594,-0.08479464431362249,,0.0,0.04054054054054054,0.06756756756756757,0.15206428690038523,True,descriptor_joined,uptake_or_loading,RAC,post_combustion_capture,CO2,uptake,,func-chi-0-all,RAC
ARC-MOF::post_comb_vsa_co2.csv__RAC__racs.csv,mmol/g,ridge,random,4,11827,2957,156,1,0.22451748868863008,0.10692967479030958,0.406450231783149,0.6652000211071982,0.4,0.47297297297297297,0.5844594594594594,0.7410156646138842,True,descriptor_joined,uptake_or_loading,RAC,post_combustion_capture,CO2,uptake,,func-chi-0-all,RAC
ARC-MOF::post_comb_vsa_co2.csv__RAC__racs.csv,mmol/g,extratrees,random,4,11827,2957,156,1,0.20985321521563796,0.0827026227961898,0.4814530989789395,0.793040669816036,0.5,0.5608108108108109,0.6554054054054054,0.7905878623513923,True,descriptor_joined,uptake_or_loading,RAC,post_combustion_capture,CO2,uptake,,func-chi-0-all,RAC
ARC-MOF::post_comb_vsa_co2.csv__RAC__racs.csv,mmol/g,dummy,descriptor_grouped,0,12812,1972,156,1,0.29099840077306655,0.0933671374239351,-0.02998745288679472,,0.0,0.030303030303030304,0.10606060606060606,0.12772767658444842,True,descriptor_joined,uptake_or_loading,RAC,post_combustion_capture,CO2,uptake,,func-chi-0-all,RAC
ARC-MOF::post_comb_vsa_co2.csv__RAC__racs.csv,mmol/g,ridge,descriptor_grouped,0,12812,1972,156,1,0.23276544530934284,0.09480501930919158,0.34099646116156035,0.6300569172880127,0.35,0.5151515151515151,0.5909090909090909,0.6838464411183933,True,descriptor_joined,uptake_or_loading,RAC,post_combustion_capture,CO2,uptake,,func-chi-0-all,RAC
ARC-MOF::post_comb_vsa_co2.csv__RAC__racs.csv,mmol/g,extratrees,descriptor_grouped,0,12812,1972,156,1,0.20332843585007904,0.07643029779073698,0.49714014103368387,0.7769464518333663,0.5,0.5151515151515151,0.6565656565656566,0.8018372964967552,True,descriptor_joined,uptake_or_loading,RAC,post_combustion_capture,CO2,uptake,,func-chi-0-all,RAC
ARC-MOF::post_comb_vsa_co2.csv__RAC__racs.csv,mmol/g,dummy,descriptor_grouped,1,12588,2196,156,1,0.2573721393832708,0.12030462841530051,-0.16398869841539332,,0.0,0.045454545454545456,0.08636363636363636,0.19848606081638553,True,descriptor_joined,uptake_or_loading,RAC,post_combustion_capture,CO2,uptake,,func-chi-0-all,RAC
ARC-MOF::post_comb_vsa_co2.csv__RAC__racs.csv,mmol/g,ridge,descriptor_grouped,1,12588,2196,156,1,0.21580950562673434,0.10945560359313455,0.1815977057893715,0.6446671636393213,0.0,0.39090909090909093,0.5181818181818182,0.6104961130036566,True,descriptor_joined,uptake_or_loading,RAC,post_combustion_capture,CO2,uptake,,func-chi-0-all,RAC
ARC-MOF::post_comb_vsa_co2.csv__RAC__racs.csv,mmol/g,extratrees,descriptor_grouped,1,12588,2196,156,1,0.1842345757282016,0.08653517347475208,0.40355833274344977,0.8000143808181962,0.22727272727272727,0.4909090909090909,0.5727272727272728,0.7104283050774959,True,descriptor_joined,uptake_or_loading,RAC,post_combustion_capture,CO2,uptake,,func-chi-0-all,RAC
ARC-MOF::post_comb_vsa_co2.csv__RAC__racs.csv,mmol/g,dummy,descriptor_grouped,2,12402,2382,156,1,0.32180844930781627,0.14788430352644835,-0.1716207286584297,,0.0,0.016666666666666666,0.100418410041841,0.17651311252843804,True,descriptor_joined,uptake_or_loading,RAC,post_combustion_capture,CO2,uptake,,func-chi-0-all,RAC
ARC-MOF::post_comb_vsa_co2.csv__RAC__racs.csv,mmol/g,ridge,descriptor_grouped,2,12402,2382,156,1,0.2476800882766352,0.12109723696618235,0.3059762236305724,0.7300306006365148,0.25,0.4166666666666667,0.5188284518828452,0.6501772894477632,True,descriptor_joined,uptake_or_loading,RAC,post_combustion_capture,CO2,uptake,,func-chi-0-all,RAC
ARC-MOF::post_comb_vsa_co2.csv__RAC__racs.csv,mmol/g,extratrees,descriptor_grouped,2,12402,2382,156,1,0.20913713880717794,0.10012701717767515,0.5051717499158241,0.8302921442752106,0.375,0.4666666666666667,0.5355648535564853,0.743013662666183,True,descriptor_joined,uptake_or_loading,RAC,post_combustion_capture,CO2,uptake,,func-chi-0-all,RAC
ARC-MOF::post_comb_vsa_co2.csv__RAC__racs.csv,mmol/g,dummy,descriptor_grouped,3,9124,5660,156,1,0.3230347648323725,0.11891744770318022,-0.06517227719789709,,0.03508771929824561,0.04946996466431095,0.09540636042402827,0.16433595389832914,True,descriptor_joined,uptake_or_loading,RAC,post_combustion_capture,CO2,uptake,,func-chi-0-all,RAC
ARC-MOF::post_comb_vsa_co2.csv__RAC__racs.csv,mmol/g,ridge,descriptor_grouped,3,9124,5660,156,1,0.40208208059655415,0.12187965822875044,-0.6502538894274081,0.6094851312443809,0.3157894736842105,0.40636042402826855,0.549469964664311,0.6307391743858664,True,descriptor_joined,uptake_or_loading,RAC,post_combustion_capture,CO2,uptake,,func-chi-0-all,RAC
ARC-MOF::post_comb_vsa_co2.csv__RAC__racs.csv,mmol/g,extratrees,descriptor_grouped,3,9124,5660,156,1,0.2518175239577149,0.10532507292020024,0.35271845229866583,0.7464694251778428,0.3508771929824561,0.4664310954063604,0.5512367491166078,0.6671887084904948,True,descriptor_joined,uptake_or_loading,RAC,post_combustion_capture,CO2,uptake,,func-chi-0-all,RAC
ARC-MOF::post_comb_vsa_co2.csv__RAC__racs.csv,mmol/g,dummy,descriptor_grouped,4,12203,2581,156,1,0.26256067115971277,0.08697398992638512,-0.05386536408742848,,0.0,0.06153846153846154,0.0888030888030888,0.14366440626115606,True,descriptor_joined,uptake_or_loading,RAC,post_combustion_capture,CO2,uptake,,func-chi-0-all,RAC
ARC-MOF::post_comb_vsa_co2.csv__RAC__racs.csv,mmol/g,ridge,descriptor_grouped,4,12203,2581,156,1,0.21342556938747917,0.08779065147438242,0.3036642682186532,0.579010478520578,0.3076923076923077,0.5692307692307692,0.5328185328185329,0.6256092464055174,True,descriptor_joined,uptake_or_loading,RAC,post_combustion_capture,CO2,uptake,,func-chi-0-all,RAC
ARC-MOF::post_comb_vsa_co2.csv__RAC__racs.csv,mmol/g,extratrees,descriptor_grouped,4,12203,2581,156,1,0.17846621469369034,0.0683000175704938,0.5131022045074392,0.7100064511209713,0.46153846153846156,0.5846153846153846,0.6023166023166023,0.8021430242095995,True,descriptor_joined,uptake_or_loading,RAC,post_combustion_capture,CO2,uptake,,func-chi-0-all,RAC
ARC-MOF::post_comb_vsa_co2.csv__RAC__racs.csv,S(g1),dummy,random,0,11827,2957,156,1,43.330630154465126,11.228036944538383,-0.05715836180810974,,0.03333333333333333,0.060810810810810814,0.11148648648648649,0.10897006955584489,True,descriptor_joined,selectivity,RAC,post_combustion_capture,CO2,selectivity,,func-chi-0-all,RAC
ARC-MOF::post_comb_vsa_co2.csv__RAC__racs.csv,S(g1),ridge,random,0,11827,2957,156,1,36.679482096820244,14.131521146083578,0.242475943523208,0.5728621204254996,0.16666666666666666,0.42567567567567566,0.5168918918918919,0.6153455778984049,True,descriptor_joined,selectivity,RAC,post_combustion_capture,CO2,selectivity,,func-chi-0-all,RAC
ARC-MOF::post_comb_vsa_co2.csv__RAC__racs.csv,S(g1),extratrees,random,0,11827,2957,156,1,33.57157795604316,10.526300985959868,0.3654095255660402,0.757837225716527,0.23333333333333334,0.5135135135135135,0.597972972972973,0.6973084195196925,True,descriptor_joined,selectivity,RAC,post_combustion_capture,CO2,selectivity,,func-chi-0-all,RAC
ARC-MOF::post_comb_vsa_co2.csv__RAC__racs.csv,S(g1),dummy,random,1,11827,2957,156,1,45.57815066686671,10.599557649644911,-0.04545443154694029,,0.0,0.0472972972972973,0.11148648648648649,0.09170516081680402,True,descriptor_joined,selectivity,RAC,post_combustion_capture,CO2,selectivity,,func-chi-0-all,RAC
ARC-MOF::post_comb_vsa_co2.csv__RAC__racs.csv,S(g1),ridge,random,1,11827,2957,156,1,38.58338362756189,14.36479538106976,0.2508093811456372,0.5836162929816682,0.23333333333333334,0.47297297297297297,0.5236486486486487,0.6359708774445657,True,descriptor_joined,selectivity,RAC,post_combustion_capture,CO2,selectivity,,func-chi-0-all,RAC
ARC-MOF::post_comb_vsa_co2.csv__RAC__racs.csv,S(g1),extratrees,random,1,11827,2957,156,1,33.74522763989848,10.572366767596659,0.4269184421414369,0.7538527564632903,0.3,0.46621621621621623,0.5574324324324325,0.757808479989282,True,descriptor_joined,selectivity,RAC,post_combustion_capture,CO2,selectivity,,func-chi-0-all,RAC
ARC-MOF::post_comb_vsa_co2.csv__RAC__racs.csv,S(g1),dummy,random,2,11827,2957,156,1,43.94209938890358,10.715329041258032,-0.05018506958319047,,0.03333333333333333,0.07432432432432433,0.10135135135135136,0.08840734044354885,True,descriptor_joined,selectivity,RAC,post_combustion_capture,CO2,selectivity,,func-chi-0-all,RAC
ARC-MOF::post_comb_vsa_co2.csv__RAC__racs.csv,S(g1),ridge,random,2,11827,2957,156,1,35.72239325253476,14.039832306050103,0.3059586756603935,0.588528668744127,0.3,0.44594594594594594,0.5337837837837838,0.6789318402635903,True,descriptor_joined,selectivity,RAC,post_combustion_capture,CO2,selectivity,,func-chi-0-all,RAC
ARC-MOF::post_comb_vsa_co2.csv__RAC__racs.csv,S(g1),extratrees,random,2,11827,2957,156,1,34.222143000558496,10.949964527234812,0.3630304978603145,0.7409465175027242,0.23333333333333334,0.5067567567567568,0.5371621621621622,0.6852131407159392,True,descriptor_joined,selectivity,RAC,post_combustion_capture,CO2,selectivity,,func-chi-0-all,RAC
ARC-MOF::post_comb_vsa_co2.csv__RAC__racs.csv,S(g1),dummy,random,3,11827,2957,156,1,37.466526646692714,9.95363527730808,-0.05892170057660695,,0.0,0.060810810810810814,0.12162162162162163,0.12300501787107695,True,descriptor_joined,selectivity,RAC,post_combustion_capture,CO2,selectivity,,func-chi-0-all,RAC
ARC-MOF::post_comb_vsa_co2.csv__RAC__racs.csv,S(g1),ridge,random,3,11827,2957,156,1,32.01944421944015,13.167271751304252,0.22659930114270044,0.5585295206790036,0.26666666666666666,0.47297297297297297,0.5304054054054054,0.5910592529022032,True,descriptor_joined,selectivity,RAC,post_combustion_capture,CO2,selectivity,,func-chi-0-all,RAC
ARC-MOF::post_comb_vsa_co2.csv__RAC__racs.csv,S(g1),extratrees,random,3,11827,2957,156,1,29.86509024082632,9.78256356499455,0.3271710895042682,0.7481390347577065,0.23333333333333334,0.5135135135135135,0.5675675675675675,0.6498566073229488,True,descriptor_joined,selectivity,RAC,post_combustion_capture,CO2,selectivity,,func-chi-0-all,RAC
ARC-MOF::post_comb_vsa_co2.csv__RAC__racs.csv,S(g1),dummy,random,4,11827,2957,156,1,44.063336448970965,11.938559898545824,-0.0636597882319827,,0.0,0.05405405405405406,0.0777027027027027,0.08660700631163903,True,descriptor_joined,selectivity,RAC,post_combustion_capture,CO2,selectivity,,func-chi-0-all,RAC
ARC-MOF::post_comb_vsa_co2.csv__RAC__racs.csv,S(g1),ridge,random,4,11827,2957,156,1,36.780920161410165,14.4073114674793,0.2588720982890941,0.5900554692565946,0.3333333333333333,0.46621621621621623,0.5641891891891891,0.6277448162393057,True,descriptor_joined,selectivity,RAC,post_combustion_capture,CO2,selectivity,,func-chi-0-all,RAC
ARC-MOF::post_comb_vsa_co2.csv__RAC__racs.csv,S(g1),extratrees,random,4,11827,2957,156,1,34.3780097983765,10.93165645623943,0.35254521342269596,0.7526769697198296,0.2,0.527027027027027,0.6081081081081081,0.6626410072229909,True,descriptor_joined,selectivity,RAC,post_combustion_capture,CO2,selectivity,,func-chi-0-all,RAC
ARC-MOF::post_comb_vsa_co2.csv__RAC__racs.csv,S(g1),dummy,descriptor_grouped,0,12812,1972,156,1,41.99953397409021,8.899371610040568,-0.03310015183610937,,0.0,0.030303030303030304,0.08585858585858586,0.05536047076008526,True,descriptor_joined,selectivity,RAC,post_combustion_capture,CO2,selectivity,,func-chi-0-all,RAC
ARC-MOF::post_comb_vsa_co2.csv__RAC__racs.csv,S(g1),ridge,descriptor_grouped,0,12812,1972,156,1,33.63393627987301,12.722487907597833,0.3374649227441141,0.5240924056997103,0.3,0.5151515151515151,0.5555555555555556,0.6837079501319273,True,descriptor_joined,selectivity,RAC,post_combustion_capture,CO2,selectivity,,func-chi-0-all,RAC
ARC-MOF::post_comb_vsa_co2.csv__RAC__racs.csv,S(g1),extratrees,descriptor_grouped,0,12812,1972,156,1,29.563378047293448,9.4120155790413,0.4881277375592209,0.7414562602818296,0.55,0.5555555555555556,0.5757575757575758,0.7638950162912912,True,descriptor_joined,selectivity,RAC,post_combustion_capture,CO2,selectivity,,func-chi-0-all,RAC
ARC-MOF::post_comb_vsa_co2.csv__RAC__racs.csv,S(g1),dummy,descriptor_grouped,1,12588,2196,156,1,39.98801621676878,11.591705209471767,-0.07912319213531593,,0.0,0.045454545454545456,0.07727272727272727,0.09132022916309791,True,descriptor_joined,selectivity,RAC,post_combustion_capture,CO2,selectivity,,func-chi-0-all,RAC
ARC-MOF::post_comb_vsa_co2.csv__RAC__racs.csv,S(g1),ridge,descriptor_grouped,1,12588,2196,156,1,37.544715912602584,15.02137339417975,0.048718716051016075,0.5785352153408202,0.18181818181818182,0.37272727272727274,0.45454545454545453,0.4951578092838031,True,descriptor_joined,selectivity,RAC,post_combustion_capture,CO2,selectivity,,func-chi-0-all,RAC
ARC-MOF::post_comb_vsa_co2.csv__RAC__racs.csv,S(g1),extratrees,descriptor_grouped,1,12588,2196,156,1,33.55495298075245,11.617270760108026,0.2401557586705112,0.7558564773224701,0.13636363636363635,0.509090909090909,0.5363636363636364,0.6054084914713465,True,descriptor_joined,selectivity,RAC,post_combustion_capture,CO2,selectivity,,func-chi-0-all,RAC
ARC-MOF::post_comb_vsa_co2.csv__RAC__racs.csv,S(g1),dummy,descriptor_grouped,2,12402,2382,156,1,47.78833565540603,14.716621356003358,-0.0922190064661188,,0.0,0.025,0.08786610878661087,0.09285791822266362,True,descriptor_joined,selectivity,RAC,post_combustion_capture,CO2,selectivity,,func-chi-0-all,RAC
ARC-MOF::post_comb_vsa_co2.csv__RAC__racs.csv,S(g1),ridge,descriptor_grouped,2,12402,2382,156,1,42.2561232654408,16.694718321752728,0.14602487532877628,0.6579714058802242,0.25,0.36666666666666664,0.4393305439330544,0.5611425805117315,True,descriptor_joined,selectivity,RAC,post_combustion_capture,CO2,selectivity,,func-chi-0-all,RAC
ARC-MOF::post_comb_vsa_co2.csv__RAC__racs.csv,S(g1),extratrees,descriptor_grouped,2,12402,2382,156,1,35.58631942805819,13.570769119927231,0.3943355762104399,0.8015793955560748,0.16666666666666666,0.4166666666666667,0.49372384937238495,0.658632819579143,True,descriptor_joined,selectivity,RAC,post_combustion_capture,CO2,selectivity,,func-chi-0-all,RAC
ARC-MOF::post_comb_vsa_co2.csv__RAC__racs.csv,S(g1),dummy,descriptor_grouped,3,9124,5660,156,1,43.716746077503345,11.528622417844524,-0.05626556900358959,,0.03508771929824561,0.04946996466431095,0.09010600706713781,0.10127213106228646,True,descriptor_joined,selectivity,RAC,post_combustion_capture,CO2,selectivity,,func-chi-0-all,RAC
ARC-MOF::post_comb_vsa_co2.csv__RAC__racs.csv,S(g1),ridge,descriptor_grouped,3,9124,5660,156,1,59.74050473070721,17.255802456422636,-0.9724919532976799,0.5097502777874174,0.17543859649122806,0.40636042402826855,0.5247349823321554,0.5387811168142475,True,descriptor_joined,selectivity,RAC,post_combustion_capture,CO2,selectivity,,func-chi-0-all,RAC
ARC-MOF::post_comb_vsa_co2.csv__RAC__racs.csv,S(g1),extratrees,descriptor_grouped,3,9124,5660,156,1,39.255321211013495,14.924690300366606,0.14832375134545073,0.6905332919659323,0.19298245614035087,0.45229681978798586,0.5017667844522968,0.5939284297781265,True,descriptor_joined,selectivity,RAC,post_combustion_capture,CO2,selectivity,,func-chi-0-all,RAC
ARC-MOF::post_comb_vsa_co2.csv__RAC__racs.csv,S(g1),dummy,descriptor_grouped,4,12203,2581,156,1,37.99153189631285,8.082536724137931,-0.03592996142846516,,0.0,0.05384615384615385,0.08494208494208494,0.07509320016613674,True,descriptor_joined,selectivity,RAC,post_combustion_capture,CO2,selectivity,,func-chi-0-all,RAC
ARC-MOF::post_comb_vsa_co2.csv__RAC__racs.csv,S(g1),ridge,descriptor_grouped,4,12203,2581,156,1,33.28946026235542,11.06809827072684,0.20462801401810715,0.4768939934270206,0.3076923076923077,0.49230769230769234,0.5173745173745173,0.5476140261983725,True,descriptor_joined,selectivity,RAC,post_combustion_capture,CO2,selectivity,,func-chi-0-all,RAC
ARC-MOF::post_comb_vsa_co2.csv__RAC__racs.csv,S(g1),extratrees,descriptor_grouped,4,12203,2581,156,1,30.214957984137182,8.044292933066425,0.3447594408310002,0.6776693935271223,0.2692307692307692,0.5769230769230769,0.6023166023166023,0.7031292970558818,True,descriptor_joined,selectivity,RAC,post_combustion_capture,CO2,selectivity,,func-chi-0-all,RAC
ARC-MOF::post_comb_vsa_co2.csv__RAC__racs.csv,molc/uc,dummy,random,0,11827,2957,156,1,0.5846427386939889,0.1620447399391275,-0.04013890531958819,,0.06666666666666667,0.05405405405405406,0.09121621621621621,0.16398099350659026,True,descriptor_joined,uptake_or_loading,RAC,post_combustion_capture,CO2,loading,,func-chi-0-all,RAC
ARC-MOF::post_comb_vsa_co2.csv__RAC__racs.csv,molc/uc,ridge,random,0,11827,2957,156,1,0.4495205980504542,0.16668872374473426,0.38509303170969533,0.5352384882051575,0.43333333333333335,0.4189189189189189,0.48986486486486486,0.7405228725917019,True,descriptor_joined,uptake_or_loading,RAC,post_combustion_capture,CO2,loading,,func-chi-0-all,RAC
ARC-MOF::post_comb_vsa_co2.csv__RAC__racs.csv,molc/uc,extratrees,random,0,11827,2957,156,1,0.4226307751458949,0.12422978638710405,0.45645881416404077,0.7352447555692962,0.4666666666666667,0.5405405405405406,0.5777027027027027,0.7239590435225914,True,descriptor_joined,uptake_or_loading,RAC,post_combustion_capture,CO2,loading,,func-chi-0-all,RAC
ARC-MOF::post_comb_vsa_co2.csv__RAC__racs.csv,molc/uc,dummy,random,1,11827,2957,156,1,0.6396658561771863,0.1647663774095367,-0.034915411357438586,,0.0,0.04054054054054054,0.11148648648648649,0.1216423748506302,True,descriptor_joined,uptake_or_loading,RAC,post_combustion_capture,CO2,loading,,func-chi-0-all,RAC
ARC-MOF::post_comb_vsa_co2.csv__RAC__racs.csv,molc/uc,ridge,random,1,11827,2957,156,1,0.48981014917583166,0.1728992155896097,0.3931881206332991,0.55136401400153,0.3333333333333333,0.4594594594594595,0.5033783783783784,0.7339631177853828,True,descriptor_joined,uptake_or_loading,RAC,post_combustion_capture,CO2,loading,,func-chi-0-all,RAC
ARC-MOF::post_comb_vsa_co2.csv__RAC__racs.csv,molc/uc,extratrees,random,1,11827,2957,156,1,0.43325200168781525,0.12822508991658213,0.5252339335053609,0.7490027062345267,0.4666666666666667,0.527027027027027,0.5709459459459459,0.7993273727081535,True,descriptor_joined,uptake_or_loading,RAC,post_combustion_capture,CO2,loading,,func-chi-0-all,RAC
ARC-MOF::post_comb_vsa_co2.csv__RAC__racs.csv,molc/uc,dummy,random,2,11827,2957,156,1,0.7566960041704832,0.17537959756509974,-0.02934060938664418,,0.0,0.06756756756756757,0.11486486486486487,0.11110604149678792,True,descriptor_joined,uptake_or_loading,RAC,post_combustion_capture,CO2,loading,,func-chi-0-all,RAC
ARC-MOF::post_comb_vsa_co2.csv__RAC__racs.csv,molc/uc,ridge,random,2,11827,2957,156,1,0.5701276625394857,0.1697565271077444,0.41566694775072166,0.5602302426817125,0.5333333333333333,0.5067567567567568,0.5135135135135135,0.7795655974253437,True,descriptor_joined,uptake_or_loading,RAC,post_combustion_capture,CO2,loading,,func-chi-0-all,RAC
ARC-MOF::post_comb_vsa_co2.csv__RAC__racs.csv,molc/uc,extratrees,random,2,11827,2957,156,1,0.4596530965700887,0.1313135067534663,0.6201810700009135,0.7303357094340108,0.4666666666666667,0.527027027027027,0.5472972972972973,0.8348842099212079,True,descriptor_joined,uptake_or_loading,RAC,post_combustion_capture,CO2,loading,,func-chi-0-all,RAC
ARC-MOF::post_comb_vsa_co2.csv__RAC__racs.csv,molc/uc,dummy,random,3,11827,2957,156,1,0.5149462506266156,0.15442674467365575,-0.04640080276159764,,0.03333333333333333,0.08108108108108109,0.11824324324324324,0.16500262792150144,True,descriptor_joined,uptake_or_loading,RAC,post_combustion_capture,CO2,loading,,func-chi-0-all,RAC
ARC-MOF::post_comb_vsa_co2.csv__RAC__racs.csv,molc/uc,ridge,random,3,11827,2957,156,1,0.4323812215554851,0.16539102210448897,0.2622522192481601,0.4999518952181761,0.3333333333333333,0.4391891891891892,0.5202702702702703,0.6404437159939621,True,descriptor_joined,uptake_or_loading,RAC,post_combustion_capture,CO2,loading,,func-chi-0-all,RAC
ARC-MOF::post_comb_vsa_co2.csv__RAC__racs.csv,molc/uc,extratrees,random,3,11827,2957,156,1,0.4021229848878767,0.1254263113546011,0.3618951307895031,0.7230632636632447,0.36666666666666664,0.5472972972972973,0.5506756756756757,0.7180375997306137,True,descriptor_joined,uptake_or_loading,RAC,post_combustion_capture,CO2,loading,,func-chi-0-all,RAC
ARC-MOF::post_comb_vsa_co2.csv__RAC__racs.csv,molc/uc,dummy,random,4,11827,2957,156,1,0.6707981257720927,0.1724620815015218,-0.03605232325660945,,0.0,0.0472972972972973,0.08445945945945946,0.10789806138996534,True,descriptor_joined,uptake_or_loading,RAC,post_combustion_capture,CO2,loading,,func-chi-0-all,RAC
ARC-MOF::post_comb_vsa_co2.csv__RAC__racs.csv,molc/uc,ridge,random,4,11827,2957,156,1,0.5417117772417894,0.17298463193262312,0.32433011420549973,0.5485382895034884,0.5,0.4594594594594595,0.48986486486486486,0.6923265760796219,True,descriptor_joined,uptake_or_loading,RAC,post_combustion_capture,CO2,loading,,func-chi-0-all,RAC
ARC-MOF::post_comb_vsa_co2.csv__RAC__racs.csv,molc/uc,extratrees,random,4,11827,2957,156,1,0.46358628449850137,0.12594900515725396,0.5051664183905799,0.7424094967713322,0.5333333333333333,0.581081081081081,0.5912162162162162,0.8012394251827624,True,descriptor_joined,uptake_or_loading,RAC,post_combustion_capture,CO2,loading,,func-chi-0-all,RAC
ARC-MOF::post_comb_vsa_co2.csv__RAC__racs.csv,molc/uc,dummy,descriptor_grouped,0,12812,1972,156,1,0.6564075975197944,0.16188894776876267,-0.028525740403074318,,0.0,0.030303030303030304,0.0707070707070707,0.09621870640013215,True,descriptor_joined,uptake_or_loading,RAC,post_combustion_capture,CO2,loading,,func-chi-0-all,RAC
ARC-MOF::post_comb_vsa_co2.csv__RAC__racs.csv,molc/uc,ridge,descriptor_grouped,0,12812,1972,156,1,0.5425172519010878,0.1699570160162631,0.29742114792634766,0.5200093821882992,0.4,0.46464646464646464,0.494949494949495,0.646561328557105,True,descriptor_joined,uptake_or_loading,RAC,post_combustion_capture,CO2,loading,,func-chi-0-all,RAC
ARC-MOF::post_comb_vsa_co2.csv__RAC__racs.csv,molc/uc,extratrees,descriptor_grouped,0,12812,1972,156,1,0.46888766367581847,0.1279339000259184,0.47518579647331927,0.7454278506032725,0.5,0.5858585858585859,0.5757575757575758,0.7729333958531163,True,descriptor_joined,uptake_or_loading,RAC,post_combustion_capture,CO2,loading,,func-chi-0-all,RAC
ARC-MOF::post_comb_vsa_co2.csv__RAC__racs.csv,molc/uc,dummy,descriptor_grouped,1,12588,2196,156,1,0.3397361681908163,0.1401369353369763,-0.09648758702072757,,0.0,0.045454545454545456,0.09090909090909091,0.19745632203489602,True,descriptor_joined,uptake_or_loading,RAC,post_combustion_capture,CO2,loading,,func-chi-0-all,RAC
ARC-MOF::post_comb_vsa_co2.csv__RAC__racs.csv,molc/uc,ridge,descriptor_grouped,1,12588,2196,156,1,0.4030746534151513,0.16273624584325674,-0.5434448985715765,0.5295505870966117,0.22727272727272727,0.36363636363636365,0.4409090909090909,0.5634216572234757,True,descriptor_joined,uptake_or_loading,RAC,post_combustion_capture,CO2,loading,,func-chi-0-all,RAC
ARC-MOF::post_comb_vsa_co2.csv__RAC__racs.csv,molc/uc,extratrees,descriptor_grouped,1,12588,2196,156,1,0.33343428488629223,0.11790717941914591,-0.05618661197510999,0.7443926293365596,0.3181818181818182,0.4909090909090909,0.5363636363636364,0.657006325648944,True,descriptor_joined,uptake_or_loading,RAC,post_combustion_capture,CO2,loading,,func-chi-0-all,RAC
ARC-MOF::post_comb_vsa_co2.csv__RAC__racs.csv,molc/uc,dummy,descriptor_grouped,2,12402,2382,156,1,0.4548864572023769,0.16557005247691017,-0.09628137488864086,,0.0,0.025,0.08786610878661087,0.1623617680503088,True,descriptor_joined,uptake_or_loading,RAC,post_combustion_capture,CO2,loading,,func-chi-0-all,RAC
ARC-MOF::post_comb_vsa_co2.csv__RAC__racs.csv,molc/uc,ridge,descriptor_grouped,2,12402,2382,156,1,0.4294181430462176,0.17080752269847124,0.023039960135186166,0.6021463181392747,0.4166666666666667,0.31666666666666665,0.42677824267782427,0.5924775273001794,True,descriptor_joined,uptake_or_loading,RAC,post_combustion_capture,CO2,loading,,func-chi-0-all,RAC
ARC-MOF::post_comb_vsa_co2.csv__RAC__racs.csv,molc/uc,extratrees,descriptor_grouped,2,12402,2382,156,1,0.36552335378267276,0.13114995493399573,0.29214177798698016,0.7654080846864266,0.4583333333333333,0.45,0.4895397489539749,0.7423608620895501,True,descriptor_joined,uptake_or_loading,RAC,post_combustion_capture,CO2,loading,,func-chi-0-all,RAC
ARC-MOF::post_comb_vsa_co2.csv__RAC__racs.csv,molc/uc,dummy,descriptor_grouped,3,9124,5660,156,1,0.6221776385455521,0.17330466007067136,-0.03740969466412647,,0.05263157894736842,0.06007067137809187,0.09010600706713781,0.1389521277381754,True,descriptor_joined,uptake_or_loading,RAC,post_combustion_capture,CO2,loading,,func-chi-0-all,RAC
ARC-MOF::post_comb_vsa_co2.csv__RAC__racs.csv,molc/uc,ridge,descriptor_grouped,3,9124,5660,156,1,0.6728403784338554,0.20208994743268346,-0.2132368660464088,0.48960439445881593,0.2982456140350877,0.42402826855123676,0.46819787985865724,0.6140295783334219,True,descriptor_joined,uptake_or_loading,RAC,post_combustion_capture,CO2,loading,,func-chi-0-all,RAC
ARC-MOF::post_comb_vsa_co2.csv__RAC__racs.csv,molc/uc,extratrees,descriptor_grouped,3,9124,5660,156,1,0.5598058068552824,0.18979177338309777,0.1601604864406002,0.6204551823463469,0.2807017543859649,0.40636042402826855,0.48939929328621906,0.6530606602217106,True,descriptor_joined,uptake_or_loading,RAC,post_combustion_capture,CO2,loading,,func-chi-0-all,RAC
ARC-MOF::post_comb_vsa_co2.csv__RAC__racs.csv,molc/uc,dummy,descriptor_grouped,4,12203,2581,156,1,0.45816411430359477,0.13587192057342115,-0.04134438938893603,,0.0,0.05384615384615385,0.0888030888030888,0.12993658991931106,True,descriptor_joined,uptake_or_loading,RAC,post_combustion_capture,CO2,loading,,func-chi-0-all,RAC
ARC-MOF::post_comb_vsa_co2.csv__RAC__racs.csv,molc/uc,ridge,descriptor_grouped,4,12203,2581,156,1,0.3763993278845576,0.14606694569781725,0.2971706005148117,0.4878293792049824,0.34615384615384615,0.46153846153846156,0.4826254826254826,0.6209352232630114,True,descriptor_joined,uptake_or_loading,RAC,post_combustion_capture,CO2,loading,,func-chi-0-all,RAC
ARC-MOF::post_comb_vsa_co2.csv__RAC__racs.csv,molc/uc,extratrees,descriptor_grouped,4,12203,2581,156,1,0.3456078537821905,0.11082750798247876,0.4074575792136613,0.7057849447114729,0.4230769230769231,0.5692307692307692,0.5637065637065637,0.7537946048193693,True,descriptor_joined,uptake_or_loading,RAC,post_combustion_capture,CO2,loading,,func-chi-0-all,RAC
ARC-MOF::post_comb_vsa_co2.csv__geometry__geometric_properties.csv,wt%,dummy,random,0,10984,2746,25,1,1.2947112095908084,0.5011487541879096,-0.08302937476290873,,0.0,0.11594202898550725,0.11272727272727273,0.181573092848023,True,descriptor_joined,uptake_or_loading,geometry,post_combustion_capture,CO2,uptake,,UC_volume_quantile_group,geometry
ARC-MOF::post_comb_vsa_co2.csv__geometry__geometric_properties.csv,wt%,ridge,random,0,10984,2746,25,1,1.01084091092951,0.44340757129562036,0.3398235307161518,0.7019779034364207,0.32142857142857145,0.47101449275362317,0.5454545454545454,0.6209739632399605,True,descriptor_joined,uptake_or_loading,geometry,post_combustion_capture,CO2,uptake,,UC_volume_quantile_group,geometry
ARC-MOF::post_comb_vsa_co2.csv__geometry__geometric_properties.csv,wt%,extratrees,random,0,10984,2746,25,1,0.9411105072892003,0.3615437712620377,0.42776335699141754,0.804542195241006,0.32142857142857145,0.4782608695652174,0.6363636363636364,0.7054867338963593,True,descriptor_joined,uptake_or_loading,geometry,post_combustion_capture,CO2,uptake,,UC_volume_quantile_group,geometry
ARC-MOF::post_comb_vsa_co2.csv__geometry__geometric_properties.csv,wt%,dummy,random,1,10984,2746,25,1,1.352632428692373,0.5103782702112163,-0.0820289219415895,,0.0,0.06521739130434782,0.09090909090909091,0.15703274343341597,True,descriptor_joined,uptake_or_loading,geometry,post_combustion_capture,CO2,uptake,,UC_volume_quantile_group,geometry
ARC-MOF::post_comb_vsa_co2.csv__geometry__geometric_properties.csv,wt%,ridge,random,1,10984,2746,25,1,1.0813275785267749,0.4641399464575205,0.3084973672113297,0.7155351657900721,0.21428571428571427,0.47101449275362317,0.5345454545454545,0.593719841900584,True,descriptor_joined,uptake_or_loading,geometry,post_combustion_capture,CO2,uptake,,UC_volume_quantile_group,geometry
ARC-MOF::post_comb_vsa_co2.csv__geometry__geometric_properties.csv,wt%,extratrees,random,1,10984,2746,25,1,1.032505420688104,0.38439923503156104,0.3695306771018865,0.8120227023147706,0.2857142857142857,0.4855072463768116,0.6,0.6491464054761918,True,descriptor_joined,uptake_or_loading,geometry,post_combustion_capture,CO2,uptake,,UC_volume_quantile_group,geometry
ARC-MOF::post_comb_vsa_co2.csv__geometry__geometric_properties.csv,wt%,dummy,random,2,10984,2746,25,1,1.2067094622934664,0.4897088095411507,-0.09136154347821024,,0.0,0.050724637681159424,0.08363636363636363,0.16876123233905316,True,descriptor_joined,uptake_or_loading,geometry,post_combustion_capture,CO2,uptake,,UC_volume_quantile_group,geometry
ARC-MOF::post_comb_vsa_co2.csv__geometry__geometric_properties.csv,wt%,ridge,random,2,10984,2746,25,1,0.9649842208393106,0.44046536672646214,0.3020832302274692,0.7195328547406961,0.17857142857142858,0.463768115942029,0.5527272727272727,0.6517639213388532,True,descriptor_joined,uptake_or_loading,geometry,post_combustion_capture,CO2,uptake,,UC_volume_quantile_group,geometry
ARC-MOF::post_comb_vsa_co2.csv__geometry__geometric_properties.csv,wt%,extratrees,random,2,10984,2746,25,1,0.9062759269777234,0.37061692320587525,0.38442057124492235,0.8126535803372131,0.25,0.4782608695652174,0.6181818181818182,0.6800331789680527,True,descriptor_joined,uptake_or_loading,geometry,post_combustion_capture,CO2,uptake,,UC_volume_quantile_group,geometry
ARC-MOF::post_comb_vsa_co2.csv__geometry__geometric_properties.csv,wt%,dummy,random,3,10984,2746,25,1,1.325472064347414,0.48912858885651855,-0.07116077573174961,,0.03571428571428571,0.043478260869565216,0.08,0.17585860092404326,True,descriptor_joined,uptake_or_loading,geometry,post_combustion_capture,CO2,uptake,,UC_volume_quantile_group,geometry
ARC-MOF::post_comb_vsa_co2.csv__geometry__geometric_properties.csv,wt%,ridge,random,3,10984,2746,25,1,1.0620632456972021,0.4272374259588915,0.31227587011854174,0.7098641673918704,0.32142857142857145,0.42028985507246375,0.5709090909090909,0.6283072273356324,True,descriptor_joined,uptake_or_loading,geometry,post_combustion_capture,CO2,uptake,,UC_volume_quantile_group,geometry
ARC-MOF::post_comb_vsa_co2.csv__geometry__geometric_properties.csv,wt%,extratrees,random,3,10984,2746,25,1,1.016418464521347,0.3517517325495671,0.3701188741710585,0.8183795255227386,0.39285714285714285,0.5144927536231884,0.6181818181818182,0.6360749379906692,True,descriptor_joined,uptake_or_loading,geometry,post_combustion_capture,CO2,uptake,,UC_volume_quantile_group,geometry
ARC-MOF::post_comb_vsa_co2.csv__geometry__geometric_properties.csv,wt%,dummy,random,4,10984,2746,25,1,1.088126209816257,0.45775936125273126,-0.09443249318715718,,0.0,0.043478260869565216,0.08,0.16955803291037438,True,descriptor_joined,uptake_or_loading,geometry,post_combustion_capture,CO2,uptake,,UC_volume_quantile_group,geometry
ARC-MOF::post_comb_vsa_co2.csv__geometry__geometric_properties.csv,wt%,ridge,random,4,10984,2746,25,1,0.8596151196148353,0.42398165842319047,0.316971969078765,0.728607198681234,0.14285714285714285,0.36231884057971014,0.509090909090909,0.6262879744810278,True,descriptor_joined,uptake_or_loading,geometry,post_combustion_capture,CO2,uptake,,UC_volume_quantile_group,geometry
ARC-MOF::post_comb_vsa_co2.csv__geometry__geometric_properties.csv,wt%,extratrees,random,4,10984,2746,25,1,0.7819111629071016,0.33810961628226915,0.4348740337185921,0.8134403778089118,0.32142857142857145,0.47101449275362317,0.6,0.7050921485813308,True,descriptor_joined,uptake_or_loading,geometry,post_combustion_capture,CO2,uptake,,UC_volume_quantile_group,geometry
ARC-MOF::post_comb_vsa_co2.csv__geometry__geometric_properties.csv,wt%,dummy,descriptor_grouped,0,10984,2746,25,1,0.8489299097468559,0.2844436715222141,-4.343667355133363e-06,,0.0,0.028985507246376812,0.07636363636363637,0.13049846350124655,True,descriptor_joined,uptake_or_loading,geometry,post_combustion_capture,CO2,uptake,,UC_volume_quantile_group,geometry
ARC-MOF::post_comb_vsa_co2.csv__geometry__geometric_properties.csv,wt%,ridge,descriptor_grouped,0,10984,2746,25,1,0.9088016710347279,0.3030999941591064,-0.14603122369368826,0.45322340246592147,0.32142857142857145,0.4782608695652174,0.4909090909090909,0.5516825068862439,True,descriptor_joined,uptake_or_loading,geometry,post_combustion_capture,CO2,uptake,,UC_volume_quantile_group,geometry
ARC-MOF::post_comb_vsa_co2.csv__geometry__geometric_properties.csv,wt%,extratrees,descriptor_grouped,0,10984,2746,25,1,0.9632106820659592,0.31177323346240987,-0.28736233002094025,0.5986563064379936,0.25,0.41304347826086957,0.4618181818181818,0.5451343420311003,True,descriptor_joined,uptake_or_loading,geometry,post_combustion_capture,CO2,uptake,,UC_volume_quantile_group,geometry
ARC-MOF::post_comb_vsa_co2.csv__geometry__geometric_properties.csv,wt%,dummy,descriptor_grouped,1,10984,2746,25,1,2.011675616342745,0.9318622909686817,-0.23266235938790225,,0.0,0.036231884057971016,0.10181818181818182,0.16757095942765704,True,descriptor_joined,uptake_or_loading,geometry,post_combustion_capture,CO2,uptake,,UC_volume_quantile_group,geometry
ARC-MOF::post_comb_vsa_co2.csv__geometry__geometric_properties.csv,wt%,ridge,descriptor_grouped,1,10984,2746,25,1,1.5936990454033368,0.7154757778107991,0.2263565447816689,0.7345674887925314,0.14285714285714285,0.2898550724637681,0.45454545454545453,0.550105038704821,True,descriptor_joined,uptake_or_loading,geometry,post_combustion_capture,CO2,uptake,,UC_volume_quantile_group,geometry
ARC-MOF::post_comb_vsa_co2.csv__geometry__geometric_properties.csv,wt%,extratrees,descriptor_grouped,1,10984,2746,25,1,1.5919372440047987,0.7037066170364976,0.22806609306524994,0.7617976518093788,0.10714285714285714,0.2463768115942029,0.36727272727272725,0.43835501990577685,True,descriptor_joined,uptake_or_loading,geometry,post_combustion_capture,CO2,uptake,,UC_volume_quantile_group,geometry
ARC-MOF::post_comb_vsa_co2.csv__geometry__geometric_properties.csv,wt%,dummy,descriptor_grouped,2,10984,2746,25,1,1.909383838424457,0.9154465648215587,-0.19009009842647662,,0.0,0.036231884057971016,0.09818181818181818,0.16811758963225404,True,descriptor_joined,uptake_or_loading,geometry,post_combustion_capture,CO2,uptake,,UC_volume_quantile_group,geometry
ARC-MOF::post_comb_vsa_co2.csv__geometry__geometric_properties.csv,wt%,ridge,descriptor_grouped,2,10984,2746,25,1,1.6084253361728507,0.7080581681167001,0.1555087219963014,0.7675794068452199,0.07142857142857142,0.2898550724637681,0.45454545454545453,0.5422577092930575,True,descriptor_joined,uptake_or_loading,geometry,post_combustion_capture,CO2,uptake,,UC_volume_quantile_group,geometry
ARC-MOF::post_comb_vsa_co2.csv__geometry__geometric_properties.csv,wt%,extratrees,descriptor_grouped,2,10984,2746,25,1,1.5028689184920911,0.6988364177041354,0.26271472078990243,0.7981756094102578,0.07142857142857142,0.1956521739130435,0.3490909090909091,0.4436415012512637,True,descriptor_joined,uptake_or_loading,geometry,post_combustion_capture,CO2,uptake,,UC_volume_quantile_group,geometry
ARC-MOF::post_comb_vsa_co2.csv__geometry__geometric_properties.csv,wt%,dummy,descriptor_grouped,3,10984,2746,25,1,1.013184494937094,0.43025666096139836,-0.1589368540609415,,0.03571428571428571,0.050724637681159424,0.11272727272727273,0.20848660388832374,True,descriptor_joined,uptake_or_loading,geometry,post_combustion_capture,CO2,uptake,,UC_volume_quantile_group,geometry
ARC-MOF::post_comb_vsa_co2.csv__geometry__geometric_properties.csv,wt%,ridge,descriptor_grouped,3,10984,2746,25,1,0.8493738058988807,0.454214631055176,0.18551998849156126,0.5458829563332958,0.21428571428571427,0.3115942028985507,0.44,0.5796306778745908,True,descriptor_joined,uptake_or_loading,geometry,post_combustion_capture,CO2,uptake,,UC_volume_quantile_group,geometry
ARC-MOF::post_comb_vsa_co2.csv__geometry__geometric_properties.csv,wt%,extratrees,descriptor_grouped,3,10984,2746,25,1,0.8988077272178682,0.39298007160961396,0.08795493347138139,0.6264583795914586,0.21428571428571427,0.34782608695652173,0.49454545454545457,0.5833635435688699,True,descriptor_joined,uptake_or_loading,geometry,post_combustion_capture,CO2,uptake,,UC_volume_quantile_group,geometry
ARC-MOF::post_comb_vsa_co2.csv__geometry__geometric_properties.csv,wt%,dummy,descriptor_grouped,4,10984,2746,25,1,0.9133923588204549,0.29485066059723236,-0.00808590992619762,,0.03571428571428571,0.014492753623188406,0.04727272727272727,0.13464967108221385,True,descriptor_joined,uptake_or_loading,geometry,post_combustion_capture,CO2,uptake,,UC_volume_quantile_group,geometry
ARC-MOF::post_comb_vsa_co2.csv__geometry__geometric_properties.csv,wt%,ridge,descriptor_grouped,4,10984,2746,25,1,0.9463643976879466,0.329378410234972,-0.08218020059248765,0.5947691804911327,0.25,0.5,0.44727272727272727,0.5541187894935906,True,descriptor_joined,uptake_or_loading,geometry,post_combustion_capture,CO2,uptake,,UC_volume_quantile_group,geometry
ARC-MOF::post_comb_vsa_co2.csv__geometry__geometric_properties.csv,wt%,extratrees,descriptor_grouped,4,10984,2746,25,1,0.8143324949535502,0.27556952067370727,0.1987162659892837,0.6602399080172751,0.2857142857142857,0.5217391304347826,0.4909090909090909,0.6079843316194271,True,descriptor_joined,uptake_or_loading,geometry,post_combustion_capture,CO2,uptake,,UC_volume_quantile_group,geometry
ARC-MOF::post_comb_vsa_co2.csv__geometry__geometric_properties.csv,v/v,dummy,random,0,10984,2746,25,1,8.866406326583228,2.975902796067006,-0.07370155729703609,,0.0,0.12318840579710146,0.10545454545454545,0.14124676288089777,True,descriptor_joined,uptake_or_loading,geometry,post_combustion_capture,CO2,uptake,,UC_volume_quantile_group,geometry
ARC-MOF::post_comb_vsa_co2.csv__geometry__geometric_properties.csv,v/v,ridge,random,0,10984,2746,25,1,6.6375630407807344,2.5626311412502445,0.39826449086025906,0.7691874687793332,0.39285714285714285,0.5507246376811594,0.6072727272727273,0.6775504825113725,True,descriptor_joined,uptake_or_loading,geometry,post_combustion_capture,CO2,uptake,,UC_volume_quantile_group,geometry
ARC-MOF::post_comb_vsa_co2.csv__geometry__geometric_properties.csv,v/v,extratrees,random,0,10984,2746,25,1,5.83612181654523,1.8985113252448005,0.5348028778946445,0.9157759564211807,0.39285714285714285,0.6086956521739131,0.7090909090909091,0.8017097576732787,True,descriptor_joined,uptake_or_loading,geometry,post_combustion_capture,CO2,uptake,,UC_volume_quantile_group,geometry
ARC-MOF::post_comb_vsa_co2.csv__geometry__geometric_properties.csv,v/v,dummy,random,1,10984,2746,25,1,9.124672460510833,3.00705061179898,-0.07397162419083192,,0.0,0.06521739130434782,0.10181818181818182,0.11732700268235019,True,descriptor_joined,uptake_or_loading,geometry,post_combustion_capture,CO2,uptake,,UC_volume_quantile_group,geometry
ARC-MOF::post_comb_vsa_co2.csv__geometry__geometric_properties.csv,v/v,ridge,random,1,10984,2746,25,1,7.073316362369939,2.681630852775898,0.35463649201074676,0.7865167799507029,0.25,0.5144927536231884,0.6218181818181818,0.6368174280223609,True,descriptor_joined,uptake_or_loading,geometry,post_combustion_capture,CO2,uptake,,UC_volume_quantile_group,geometry
ARC-MOF::post_comb_vsa_co2.csv__geometry__geometric_properties.csv,v/v,extratrees,random,1,10984,2746,25,1,6.443697872622991,2.01030068703933,0.46441478752557386,0.9189064476927838,0.42857142857142855,0.572463768115942,0.6727272727272727,0.7648372565479875,True,descriptor_joined,uptake_or_loading,geometry,post_combustion_capture,CO2,uptake,,UC_volume_quantile_group,geometry
ARC-MOF::post_comb_vsa_co2.csv__geometry__geometric_properties.csv,v/v,dummy,random,2,10984,2746,25,1,8.003655235271108,2.8795323739985434,-0.0858337960376534,,0.0,0.050724637681159424,0.09818181818181818,0.121699278727368,True,descriptor_joined,uptake_or_loading,geometry,post_combustion_capture,CO2,uptake,,UC_volume_quantile_group,geometry
ARC-MOF::post_comb_vsa_co2.csv__geometry__geometric_properties.csv,v/v,ridge,random,2,10984,2746,25,1,6.155704843694023,2.523275626989322,0.3576936950667102,0.7728139822473608,0.2857142857142857,0.5289855072463768,0.6072727272727273,0.7072054608135141,True,descriptor_joined,uptake_or_loading,geometry,post_combustion_capture,CO2,uptake,,UC_volume_quantile_group,geometry
ARC-MOF::post_comb_vsa_co2.csv__geometry__geometric_properties.csv,v/v,extratrees,random,2,10984,2746,25,1,5.669398165768297,1.9416519147863558,0.4551706098898127,0.9181337004537178,0.32142857142857145,0.5652173913043478,0.6727272727272727,0.724881088674557,True,descriptor_joined,uptake_or_loading,geometry,post_combustion_capture,CO2,uptake,,UC_volume_quantile_group,geometry
ARC-MOF::post_comb_vsa_co2.csv__geometry__geometric_properties.csv,v/v,dummy,random,3,10984,2746,25,1,8.253817102091038,2.81516093627094,-0.07179626977460773,,0.03571428571428571,0.043478260869565216,0.08,0.1525215227042202,True,descriptor_joined,uptake_or_loading,geometry,post_combustion_capture,CO2,uptake,,UC_volume_quantile_group,geometry
ARC-MOF::post_comb_vsa_co2.csv__geometry__geometric_properties.csv,v/v,ridge,random,3,10984,2746,25,1,6.160009312774054,2.43031675568677,0.40301241909976704,0.7608045761445773,0.42857142857142855,0.4782608695652174,0.6290909090909091,0.7198268849498944,True,descriptor_joined,uptake_or_loading,geometry,post_combustion_capture,CO2,uptake,,UC_volume_quantile_group,geometry
ARC-MOF::post_comb_vsa_co2.csv__geometry__geometric_properties.csv,v/v,extratrees,random,3,10984,2746,25,1,6.062480037603419,1.8370012815436596,0.4217665621037071,0.9209206273887399,0.35714285714285715,0.5507246376811594,0.6945454545454546,0.7037928352566468,True,descriptor_joined,uptake_or_loading,geometry,post_combustion_capture,CO2,uptake,,UC_volume_quantile_group,geometry
ARC-MOF::post_comb_vsa_co2.csv__geometry__geometric_properties.csv,v/v,dummy,random,4,10984,2746,25,1,7.112018618996977,2.645703671522214,-0.08626568965877279,,0.03571428571428571,0.036231884057971016,0.06545454545454546,0.12501314528911966,True,descriptor_joined,uptake_or_loading,geometry,post_combustion_capture,CO2,uptake,,UC_volume_quantile_group,geometry
ARC-MOF::post_comb_vsa_co2.csv__geometry__geometric_properties.csv,v/v,ridge,random,4,10984,2746,25,1,5.423060700032754,2.4355836160621815,0.36840421443078786,0.7817484739544408,0.21428571428571427,0.43478260869565216,0.5818181818181818,0.6761505656115322,True,descriptor_joined,uptake_or_loading,geometry,post_combustion_capture,CO2,uptake,,UC_volume_quantile_group,geometry
ARC-MOF::post_comb_vsa_co2.csv__geometry__geometric_properties.csv,v/v,extratrees,random,4,10984,2746,25,1,5.043750087788064,1.76517029688638,0.4536670279009044,0.9215499756580864,0.2857142857142857,0.5289855072463768,0.6509090909090909,0.7264066092239603,True,descriptor_joined,uptake_or_loading,geometry,post_combustion_capture,CO2,uptake,,UC_volume_quantile_group,geometry
ARC-MOF::post_comb_vsa_co2.csv__geometry__geometric_properties.csv,v/v,dummy,descriptor_grouped,0,10984,2746,25,1,4.535137837734501,1.40080317006555,-4.203622341680813e-05,,0.0,0.028985507246376812,0.06181818181818182,0.08431248299652408,True,descriptor_joined,uptake_or_loading,geometry,post_combustion_capture,CO2,uptake,,UC_volume_quantile_group,geometry
ARC-MOF::post_comb_vsa_co2.csv__geometry__geometric_properties.csv,v/v,ridge,descriptor_grouped,0,10984,2746,25,1,5.237157720650749,1.7203773747514997,-0.3336091900727096,0.3385707909152254,0.42857142857142855,0.5289855072463768,0.5163636363636364,0.6140788514932313,True,descriptor_joined,uptake_or_loading,geometry,post_combustion_capture,CO2,uptake,,UC_volume_quantile_group,geometry
ARC-MOF::post_comb_vsa_co2.csv__geometry__geometric_properties.csv,v/v,extratrees,descriptor_grouped,0,10984,2746,25,1,4.3705616798485485,1.2117445072084652,0.07122229769099997,0.8113997658791418,0.39285714285714285,0.5362318840579711,0.5963636363636363,0.6568321219994997,True,descriptor_joined,uptake_or_loading,geometry,post_combustion_capture,CO2,uptake,,UC_volume_quantile_group,geometry
ARC-MOF::post_comb_vsa_co2.csv__geometry__geometric_properties.csv,v/v,dummy,descriptor_grouped,1,10984,2746,25,1,13.576833864050483,6.009230163510561,-0.22134996974198162,,0.0,0.036231884057971016,0.10545454545454545,0.14406992951865816,True,descriptor_joined,uptake_or_loading,geometry,post_combustion_capture,CO2,uptake,,UC_volume_quantile_group,geometry
ARC-MOF::post_comb_vsa_co2.csv__geometry__geometric_properties.csv,v/v,ridge,descriptor_grouped,1,10984,2746,25,1,10.227709972728558,4.284127142903489,0.30689357124281047,0.845615223627681,0.21428571428571427,0.2971014492753623,0.4690909090909091,0.6273865422886584,True,descriptor_joined,uptake_or_loading,geometry,post_combustion_capture,CO2,uptake,,UC_volume_quantile_group,geometry
ARC-MOF::post_comb_vsa_co2.csv__geometry__geometric_properties.csv,v/v,extratrees,descriptor_grouped,1,10984,2746,25,1,10.248870119527835,4.13061053228494,0.30402266361408614,0.8745937024661732,0.17857142857142858,0.3695652173913043,0.4509090909090909,0.5212251073322088,True,descriptor_joined,uptake_or_loading,geometry,post_combustion_capture,CO2,uptake,,UC_volume_quantile_group,geometry
ARC-MOF::post_comb_vsa_co2.csv__geometry__geometric_properties.csv,v/v,dummy,descriptor_grouped,2,10984,2746,25,1,12.78172092724861,5.809006317188638,-0.1968911664367634,,0.0,0.036231884057971016,0.10181818181818182,0.1470381430743907,True,descriptor_joined,uptake_or_loading,geometry,post_combustion_capture,CO2,uptake,,UC_volume_quantile_group,geometry
ARC-MOF::post_comb_vsa_co2.csv__geometry__geometric_properties.csv,v/v,ridge,descriptor_grouped,2,10984,2746,25,1,10.491648739652327,4.326554844874574,0.19357592710854132,0.8018571742480728,0.17857142857142858,0.32608695652173914,0.4763636363636364,0.5768187528297776,True,descriptor_joined,uptake_or_loading,geometry,post_combustion_capture,CO2,uptake,,UC_volume_quantile_group,geometry
ARC-MOF::post_comb_vsa_co2.csv__geometry__geometric_properties.csv,v/v,extratrees,descriptor_grouped,2,10984,2746,25,1,9.783439108852935,4.001421515273934,0.29877225318369327,0.8932658412804877,0.07142857142857142,0.3333333333333333,0.43272727272727274,0.4912868884441563,True,descriptor_joined,uptake_or_loading,geometry,post_combustion_capture,CO2,uptake,,UC_volume_quantile_group,geometry
ARC-MOF::post_comb_vsa_co2.csv__geometry__geometric_properties.csv,v/v,dummy,descriptor_grouped,3,10984,2746,25,1,6.973269090593371,2.418053329206118,-0.1193510724887823,,0.03571428571428571,0.050724637681159424,0.09818181818181818,0.14767338881580463,True,descriptor_joined,uptake_or_loading,geometry,post_combustion_capture,CO2,uptake,,UC_volume_quantile_group,geometry
ARC-MOF::post_comb_vsa_co2.csv__geometry__geometric_properties.csv,v/v,ridge,descriptor_grouped,3,10984,2746,25,1,5.607977653080162,2.472050084553471,0.27605425561163954,0.714113569505625,0.35714285714285715,0.39855072463768115,0.5127272727272727,0.6603105289530948,True,descriptor_joined,uptake_or_loading,geometry,post_combustion_capture,CO2,uptake,,UC_volume_quantile_group,geometry
ARC-MOF::post_comb_vsa_co2.csv__geometry__geometric_properties.csv,v/v,extratrees,descriptor_grouped,3,10984,2746,25,1,6.293597426994139,2.1160641104345714,0.0882172112252605,0.77310228845387,0.21428571428571427,0.47101449275362317,0.5672727272727273,0.603769595502449,True,descriptor_joined,uptake_or_loading,geometry,post_combustion_capture,CO2,uptake,,UC_volume_quantile_group,geometry
ARC-MOF::post_comb_vsa_co2.csv__geometry__geometric_properties.csv,v/v,dummy,descriptor_grouped,4,10984,2746,25,1,5.616068734643973,1.454968736707939,-0.00836366652079712,,0.03571428571428571,0.021739130434782608,0.04,0.09413029583502051,True,descriptor_joined,uptake_or_loading,geometry,post_combustion_capture,CO2,uptake,,UC_volume_quantile_group,geometry
ARC-MOF::post_comb_vsa_co2.csv__geometry__geometric_properties.csv,v/v,ridge,descriptor_grouped,4,10984,2746,25,1,5.882690744722165,1.8754765215326403,-0.10638020205481968,0.5755456677619963,0.32142857142857145,0.5434782608695652,0.5236363636363637,0.6339232709554872,True,descriptor_joined,uptake_or_loading,geometry,post_combustion_capture,CO2,uptake,,UC_volume_quantile_group,geometry
ARC-MOF::post_comb_vsa_co2.csv__geometry__geometric_properties.csv,v/v,extratrees,descriptor_grouped,4,10984,2746,25,1,5.067139936554965,1.24517534236101,0.1791228701621831,0.8323529902771514,0.35714285714285715,0.5797101449275363,0.5963636363636363,0.6437717379477,True,descriptor_joined,uptake_or_loading,geometry,post_combustion_capture,CO2,uptake,,UC_volume_quantile_group,geometry
ARC-MOF::post_comb_vsa_co2.csv__geometry__geometric_properties.csv,mmol/g,dummy,random,0,10984,2746,25,1,0.2941889881428486,0.11387286198106338,-0.0830290252192365,,0.0,0.11594202898550725,0.11272727272727273,0.18157303979224773,True,descriptor_joined,uptake_or_loading,geometry,post_combustion_capture,CO2,uptake,,UC_volume_quantile_group,geometry
ARC-MOF::post_comb_vsa_co2.csv__geometry__geometric_properties.csv,mmol/g,ridge,random,0,10984,2746,25,1,0.22968698552492667,0.10075270511432104,0.3398235213583465,0.7019788743360729,0.32142857142857145,0.47101449275362317,0.5454545454545454,0.6209739403676755,True,descriptor_joined,uptake_or_loading,geometry,post_combustion_capture,CO2,uptake,,UC_volume_quantile_group,geometry
ARC-MOF::post_comb_vsa_co2.csv__geometry__geometric_properties.csv,mmol/g,extratrees,random,0,10984,2746,25,1,0.21260307367002845,0.08164235388565186,0.4343779274767644,0.8067391933231229,0.32142857142857145,0.4927536231884058,0.6436363636363637,0.7090438526777597,True,descriptor_joined,uptake_or_loading,geometry,post_combustion_capture,CO2,uptake,,UC_volume_quantile_group,geometry
ARC-MOF::post_comb_vsa_co2.csv__geometry__geometric_properties.csv,mmol/g,dummy,random,1,10984,2746,25,1,0.30735010368400323,0.11597002439912603,-0.0820288937385949,,0.0,0.06521739130434782,0.09090909090909091,0.1570324861377922,True,descriptor_joined,uptake_or_loading,geometry,post_combustion_capture,CO2,uptake,,UC_volume_quantile_group,geometry
ARC-MOF::post_comb_vsa_co2.csv__geometry__geometric_properties.csv,mmol/g,ridge,random,1,10984,2746,25,1,0.2457032198956042,0.10546358482975847,0.30849738653216685,0.7155340157265425,0.21428571428571427,0.47101449275362317,0.5345454545454545,0.5937197291495863,True,descriptor_joined,uptake_or_loading,geometry,post_combustion_capture,CO2,uptake,,UC_volume_quantile_group,geometry
ARC-MOF::post_comb_vsa_co2.csv__geometry__geometric_properties.csv,mmol/g,extratrees,random,1,10984,2746,25,1,0.2373287094017368,0.08787093791575624,0.35483219803256383,0.8118629082464166,0.2857142857142857,0.4782608695652174,0.6,0.6363908342140666,True,descriptor_joined,uptake_or_loading,geometry,post_combustion_capture,CO2,uptake,,UC_volume_quantile_group,geometry
ARC-MOF::post_comb_vsa_co2.csv__geometry__geometric_properties.csv,mmol/g,dummy,random,2,10984,2746,25,1,0.2741928851827496,0.11127343408594322,-0.09136105388670956,,0.0,0.050724637681159424,0.08363636363636363,0.16876164429620621,True,descriptor_joined,uptake_or_loading,geometry,post_combustion_capture,CO2,uptake,,UC_volume_quantile_group,geometry
ARC-MOF::post_comb_vsa_co2.csv__geometry__geometric_properties.csv,mmol/g,ridge,random,2,10984,2746,25,1,0.2192672422188787,0.10008414858093029,0.30208328857373123,0.7195332171462633,0.17857142857142858,0.463768115942029,0.5527272727272727,0.6517640848352897,True,descriptor_joined,uptake_or_loading,geometry,post_combustion_capture,CO2,uptake,,UC_volume_quantile_group,geometry
ARC-MOF::post_comb_vsa_co2.csv__geometry__geometric_properties.csv,mmol/g,extratrees,random,2,10984,2746,25,1,0.20551161487888409,0.08425866361313425,0.3869035062029299,0.8122931078802327,0.21428571428571427,0.4782608695652174,0.6218181818181818,0.6865605906616524,True,descriptor_joined,uptake_or_loading,geometry,post_combustion_capture,CO2,uptake,,UC_volume_quantile_group,geometry
ARC-MOF::post_comb_vsa_co2.csv__geometry__geometric_properties.csv,mmol/g,dummy,random,3,10984,2746,25,1,0.3011786560324332,0.11114158994901677,-0.07116102814673009,,0.03571428571428571,0.043478260869565216,0.08,0.17585862417525602,True,descriptor_joined,uptake_or_loading,geometry,post_combustion_capture,CO2,uptake,,UC_volume_quantile_group,geometry
ARC-MOF::post_comb_vsa_co2.csv__geometry__geometric_properties.csv,mmol/g,ridge,random,3,10984,2746,25,1,0.2413259024161507,0.097078455734739,0.312275875348763,0.709863540821442,0.32142857142857145,0.42028985507246375,0.5709090909090909,0.6283072106014508,True,descriptor_joined,uptake_or_loading,geometry,post_combustion_capture,CO2,uptake,,UC_volume_quantile_group,geometry
ARC-MOF::post_comb_vsa_co2.csv__geometry__geometric_properties.csv,mmol/g,extratrees,random,3,10984,2746,25,1,0.23203226912709776,0.08014768649915027,0.3642254256116093,0.8180032370512585,0.39285714285714285,0.4927536231884058,0.6072727272727273,0.6324062057502303,True,descriptor_joined,uptake_or_loading,geometry,post_combustion_capture,CO2,uptake,,UC_volume_quantile_group,geometry
ARC-MOF::post_comb_vsa_co2.csv__geometry__geometric_properties.csv,mmol/g,dummy,random,4,10984,2746,25,1,0.24724811860334517,0.10401376438455934,-0.09443328344836877,,0.0,0.043478260869565216,0.08,0.16955840221157628,True,descriptor_joined,uptake_or_loading,geometry,post_combustion_capture,CO2,uptake,,UC_volume_quantile_group,geometry
ARC-MOF::post_comb_vsa_co2.csv__geometry__geometric_properties.csv,mmol/g,ridge,random,4,10984,2746,25,1,0.1953248994751597,0.09633866280103233,0.3169719804229907,0.7286084451059689,0.14285714285714285,0.36231884057971014,0.509090909090909,0.6262881539652914,True,descriptor_joined,uptake_or_loading,geometry,post_combustion_capture,CO2,uptake,,UC_volume_quantile_group,geometry
ARC-MOF::post_comb_vsa_co2.csv__geometry__geometric_properties.csv,mmol/g,extratrees,random,4,10984,2746,25,1,0.17757711055994818,0.07676966273731489,0.4354566822811413,0.8117950114779756,0.32142857142857145,0.4927536231884058,0.610909090909091,0.7294825318239117,True,descriptor_joined,uptake_or_loading,geometry,post_combustion_capture,CO2,uptake,,UC_volume_quantile_group,geometry
ARC-MOF::post_comb_vsa_co2.csv__geometry__geometric_properties.csv,mmol/g,dummy,descriptor_grouped,0,10984,2746,25,1,0.19289696603925544,0.0646324737800437,-4.348808952281402e-06,,0.0,0.028985507246376812,0.07636363636363637,0.1304984561073566,True,descriptor_joined,uptake_or_loading,geometry,post_combustion_capture,CO2,uptake,,UC_volume_quantile_group,geometry
ARC-MOF::post_comb_vsa_co2.csv__geometry__geometric_properties.csv,mmol/g,ridge,descriptor_grouped,0,10984,2746,25,1,0.20650122734183385,0.06887149818153719,-0.14603101013910602,0.45322298487959506,0.32142857142857145,0.4782608695652174,0.4909090909090909,0.5516824969165175,True,descriptor_joined,uptake_or_loading,geometry,post_combustion_capture,CO2,uptake,,UC_volume_quantile_group,geometry
ARC-MOF::post_comb_vsa_co2.csv__geometry__geometric_properties.csv,mmol/g,extratrees,descriptor_grouped,0,10984,2746,25,1,0.21505195856562623,0.06951054734401553,-0.24290489717998387,0.5982598574581501,0.21428571428571427,0.4420289855072464,0.45454545454545453,0.5480660075970918,True,descriptor_joined,uptake_or_loading,geometry,post_combustion_capture,CO2,uptake,,UC_volume_quantile_group,geometry
ARC-MOF::post_comb_vsa_co2.csv__geometry__geometric_properties.csv,mmol/g,dummy,descriptor_grouped,1,10984,2746,25,1,0.45710034314527986,0.2117412032046613,-0.23266254569490918,,0.0,0.036231884057971016,0.10181818181818182,0.16757096469851224,True,descriptor_joined,uptake_or_loading,geometry,post_combustion_capture,CO2,uptake,,UC_volume_quantile_group,geometry
ARC-MOF::post_comb_vsa_co2.csv__geometry__geometric_properties.csv,mmol/g,ridge,descriptor_grouped,1,10984,2746,25,1,0.3621261411258285,0.16257302162482046,0.22635653910865117,0.734568102715115,0.14285714285714285,0.2898550724637681,0.45454545454545453,0.5501050427537606,True,descriptor_joined,uptake_or_loading,geometry,post_combustion_capture,CO2,uptake,,UC_volume_quantile_group,geometry
ARC-MOF::post_comb_vsa_co2.csv__geometry__geometric_properties.csv,mmol/g,extratrees,descriptor_grouped,1,10984,2746,25,1,0.3611484767725326,0.16015347681718864,0.23052824911128944,0.7614853275662644,0.14285714285714285,0.2608695652173913,0.3709090909090909,0.43991239538118837,True,descriptor_joined,uptake_or_loading,geometry,post_combustion_capture,CO2,uptake,,UC_volume_quantile_group,geometry
ARC-MOF::post_comb_vsa_co2.csv__geometry__geometric_properties.csv,mmol/g,dummy,descriptor_grouped,2,10984,2746,25,1,0.4338572518830198,0.20801114238892937,-0.1900904023251211,,0.0,0.036231884057971016,0.09818181818181818,0.16811757811236339,True,descriptor_joined,uptake_or_loading,geometry,post_combustion_capture,CO2,uptake,,UC_volume_quantile_group,geometry
ARC-MOF::post_comb_vsa_co2.csv__geometry__geometric_properties.csv,mmol/g,ridge,descriptor_grouped,2,10984,2746,25,1,0.3654722913805001,0.16088756790694028,0.155508771757091,0.7675804085245809,0.07142857142857142,0.2898550724637681,0.45454545454545453,0.5422577185705308,True,descriptor_joined,uptake_or_loading,geometry,post_combustion_capture,CO2,uptake,,UC_volume_quantile_group,geometry
ARC-MOF::post_comb_vsa_co2.csv__geometry__geometric_properties.csv,mmol/g,extratrees,descriptor_grouped,2,10984,2746,25,1,0.34289325840584656,0.1590662073646516,0.2566315517329961,0.7977440957232484,0.07142857142857142,0.21014492753623187,0.36363636363636365,0.4439963141913869,True,descriptor_joined,uptake_or_loading,geometry,post_combustion_capture,CO2,uptake,,UC_volume_quantile_group,geometry
ARC-MOF::post_comb_vsa_co2.csv__geometry__geometric_properties.csv,mmol/g,dummy,descriptor_grouped,3,10984,2746,25,1,0.23021957966505338,0.09776460597232338,-0.15893779214508652,,0.03571428571428571,0.050724637681159424,0.11272727272727273,0.20848665384325812,True,descriptor_joined,uptake_or_loading,geometry,post_combustion_capture,CO2,uptake,,UC_volume_quantile_group,geometry
ARC-MOF::post_comb_vsa_co2.csv__geometry__geometric_properties.csv,mmol/g,ridge,descriptor_grouped,3,10984,2746,25,1,0.19299782404388074,0.10320831110140787,0.18551997645624763,0.545883410294692,0.21428571428571427,0.3115942028985507,0.44,0.5796306662524214,True,descriptor_joined,uptake_or_loading,geometry,post_combustion_capture,CO2,uptake,,UC_volume_quantile_group,geometry
ARC-MOF::post_comb_vsa_co2.csv__geometry__geometric_properties.csv,mmol/g,extratrees,descriptor_grouped,3,10984,2746,25,1,0.20610797441706621,0.08949632919155134,0.07110804363255885,0.6265118769465302,0.17857142857142858,0.3333333333333333,0.48727272727272725,0.5849546240628747,True,descriptor_joined,uptake_or_loading,geometry,post_combustion_capture,CO2,uptake,,UC_volume_quantile_group,geometry
ARC-MOF::post_comb_vsa_co2.csv__geometry__geometric_properties.csv,mmol/g,dummy,descriptor_grouped,4,10984,2746,25,1,0.20754437692522543,0.06699696613255643,-0.008086135407738837,,0.03571428571428571,0.014492753623188406,0.04727272727272727,0.13464966480025783,True,descriptor_joined,uptake_or_loading,geometry,post_combustion_capture,CO2,uptake,,UC_volume_quantile_group,geometry
ARC-MOF::post_comb_vsa_co2.csv__geometry__geometric_properties.csv,mmol/g,ridge,descriptor_grouped,4,10984,2746,25,1,0.21503637118560662,0.07484256858493271,-0.08218010156216127,0.5947676066860456,0.25,0.5,0.44727272727272727,0.5541187459388809,True,descriptor_joined,uptake_or_loading,geometry,post_combustion_capture,CO2,uptake,,UC_volume_quantile_group,geometry
ARC-MOF::post_comb_vsa_co2.csv__geometry__geometric_properties.csv,mmol/g,extratrees,descriptor_grouped,4,10984,2746,25,1,0.18547267080820906,0.0626764760718621,0.19492646442022166,0.6605666175936621,0.2857142857142857,0.5072463768115942,0.5054545454545455,0.6212690157650662,True,descriptor_joined,uptake_or_loading,geometry,post_combustion_capture,CO2,uptake,,UC_volume_quantile_group,geometry
ARC-MOF::post_comb_vsa_co2.csv__geometry__geometric_properties.csv,S(g1),dummy,random,0,10984,2746,25,1,54.28059070983299,11.963828712672978,-0.04115432137277386,,0.0,0.10869565217391304,0.12,0.08939994668325044,True,descriptor_joined,selectivity,geometry,post_combustion_capture,CO2,selectivity,,UC_volume_quantile_group,geometry
ARC-MOF::post_comb_vsa_co2.csv__geometry__geometric_properties.csv,S(g1),ridge,random,0,10984,2746,25,1,45.895240284494044,13.843425592074306,0.2556772873956308,0.6372418123932886,0.17857142857142858,0.45652173913043476,0.5890909090909091,0.5882848000358962,True,descriptor_joined,selectivity,geometry,post_combustion_capture,CO2,selectivity,,UC_volume_quantile_group,geometry
ARC-MOF::post_comb_vsa_co2.csv__geometry__geometric_properties.csv,S(g1),extratrees,random,0,10984,2746,25,1,39.93857089459403,10.756402828402932,0.43634804609709754,0.8712723323625834,0.32142857142857145,0.5362318840579711,0.6472727272727272,0.7395689083958699,True,descriptor_joined,selectivity,geometry,post_combustion_capture,CO2,selectivity,,UC_volume_quantile_group,geometry
ARC-MOF::post_comb_vsa_co2.csv__geometry__geometric_properties.csv,S(g1),dummy,random,1,10984,2746,25,1,44.769079223491666,11.374102214129643,-0.05581082135158666,,0.0,0.06521739130434782,0.09818181818181818,0.09896389133782345,True,descriptor_joined,selectivity,geometry,post_combustion_capture,CO2,selectivity,,UC_volume_quantile_group,geometry
ARC-MOF::post_comb_vsa_co2.csv__geometry__geometric_properties.csv,S(g1),ridge,random,1,10984,2746,25,1,36.956635525520724,13.499145902531264,0.2805267721316831,0.6720017245201224,0.17857142857142858,0.5072463768115942,0.5854545454545454,0.614801359512574,True,descriptor_joined,selectivity,geometry,post_combustion_capture,CO2,selectivity,,UC_volume_quantile_group,geometry
ARC-MOF::post_comb_vsa_co2.csv__geometry__geometric_properties.csv,S(g1),extratrees,random,1,10984,2746,25,1,35.85699266730216,10.282674012575868,0.3227055618845872,0.8823606143483379,0.32142857142857145,0.5579710144927537,0.6218181818181818,0.6574346685295266,True,descriptor_joined,selectivity,geometry,post_combustion_capture,CO2,selectivity,,UC_volume_quantile_group,geometry
ARC-MOF::post_comb_vsa_co2.csv__geometry__geometric_properties.csv,S(g1),dummy,random,2,10984,2746,25,1,41.462330287448175,10.93573286598689,-0.05931001390287283,,0.0,0.036231884057971016,0.09454545454545454,0.08436999152469055,True,descriptor_joined,selectivity,geometry,post_combustion_capture,CO2,selectivity,,UC_volume_quantile_group,geometry
ARC-MOF::post_comb_vsa_co2.csv__geometry__geometric_properties.csv,S(g1),ridge,random,2,10984,2746,25,1,34.90090550806774,13.277196734301764,0.24943371222645616,0.6420876859575079,0.2857142857142857,0.47101449275362317,0.6218181818181818,0.6989970291825239,True,descriptor_joined,selectivity,geometry,post_combustion_capture,CO2,selectivity,,UC_volume_quantile_group,geometry
ARC-MOF::post_comb_vsa_co2.csv__geometry__geometric_properties.csv,S(g1),extratrees,random,2,10984,2746,25,1,31.31363431935856,9.752955479427653,0.39579736469997373,0.8775567847180322,0.4642857142857143,0.5289855072463768,0.6472727272727272,0.7233572272454332,True,descriptor_joined,selectivity,geometry,post_combustion_capture,CO2,selectivity,,UC_volume_quantile_group,geometry
ARC-MOF::post_comb_vsa_co2.csv__geometry__geometric_properties.csv,S(g1),dummy,random,3,10984,2746,25,1,41.59656628369224,10.79936212855062,-0.05606648242385681,,0.03571428571428571,0.036231884057971016,0.07636363636363637,0.12373179191587519,True,descriptor_joined,selectivity,geometry,post_combustion_capture,CO2,selectivity,,UC_volume_quantile_group,geometry
ARC-MOF::post_comb_vsa_co2.csv__geometry__geometric_properties.csv,S(g1),ridge,random,3,10984,2746,25,1,32.936940208398696,12.50260871560407,0.3378707125758993,0.6194076214793472,0.32142857142857145,0.4927536231884058,0.6363636363636364,0.6891780385136859,True,descriptor_joined,selectivity,geometry,post_combustion_capture,CO2,selectivity,,UC_volume_quantile_group,geometry
ARC-MOF::post_comb_vsa_co2.csv__geometry__geometric_properties.csv,S(g1),extratrees,random,3,10984,2746,25,1,34.35174695922341,9.34899534412074,0.27976544923759183,0.8763506623351829,0.2857142857142857,0.5579710144927537,0.6690909090909091,0.6548733356470932,True,descriptor_joined,selectivity,geometry,post_combustion_capture,CO2,selectivity,,UC_volume_quantile_group,geometry
ARC-MOF::post_comb_vsa_co2.csv__geometry__geometric_properties.csv,S(g1),dummy,random,4,10984,2746,25,1,36.681670737138255,9.848971447560087,-0.05948800697595802,,0.0,0.028985507246376812,0.06909090909090909,0.07520719639446768,True,descriptor_joined,selectivity,geometry,post_combustion_capture,CO2,selectivity,,UC_volume_quantile_group,geometry
ARC-MOF::post_comb_vsa_co2.csv__geometry__geometric_properties.csv,S(g1),ridge,random,4,10984,2746,25,1,30.505197224435737,12.720789449365444,0.2672674189866385,0.664034417032157,0.17857142857142858,0.41304347826086957,0.5963636363636363,0.6217426760493712,True,descriptor_joined,selectivity,geometry,post_combustion_capture,CO2,selectivity,,UC_volume_quantile_group,geometry
ARC-MOF::post_comb_vsa_co2.csv__geometry__geometric_properties.csv,S(g1),extratrees,random,4,10984,2746,25,1,31.367877672719892,9.443900103947154,0.22523837770115862,0.8768422769899156,0.25,0.5072463768115942,0.6763636363636364,0.6904548838866704,True,descriptor_joined,selectivity,geometry,post_combustion_capture,CO2,selectivity,,UC_volume_quantile_group,geometry
ARC-MOF::post_comb_vsa_co2.csv__geometry__geometric_properties.csv,S(g1),dummy,descriptor_grouped,0,10984,2746,25,1,30.649704079876802,4.895129945375091,-0.007399641154047787,,0.0,0.028985507246376812,0.07636363636363637,0.05421747577862887,True,descriptor_joined,selectivity,geometry,post_combustion_capture,CO2,selectivity,,UC_volume_quantile_group,geometry
ARC-MOF::post_comb_vsa_co2.csv__geometry__geometric_properties.csv,S(g1),ridge,descriptor_grouped,0,10984,2746,25,1,36.93191960170267,9.357398963400403,-0.4626923268867935,0.09641856581081822,0.42857142857142855,0.5434782608695652,0.4763636363636364,0.5807370805556914,True,descriptor_joined,selectivity,geometry,post_combustion_capture,CO2,selectivity,,UC_volume_quantile_group,geometry
ARC-MOF::post_comb_vsa_co2.csv__geometry__geometric_properties.csv,S(g1),extratrees,descriptor_grouped,0,10984,2746,25,1,27.249390307795466,6.001497796370479,0.20372551585739862,0.7561569552115968,0.39285714285714285,0.5289855072463768,0.5527272727272727,0.6322682772390926,True,descriptor_joined,selectivity,geometry,post_combustion_capture,CO2,selectivity,,UC_volume_quantile_group,geometry
ARC-MOF::post_comb_vsa_co2.csv__geometry__geometric_properties.csv,S(g1),dummy,descriptor_grouped,1,10984,2746,25,1,69.47510665262466,24.56896074107793,-0.13647797029352127,,0.0,0.043478260869565216,0.09818181818181818,0.10007886558118034,True,descriptor_joined,selectivity,geometry,post_combustion_capture,CO2,selectivity,,UC_volume_quantile_group,geometry
ARC-MOF::post_comb_vsa_co2.csv__geometry__geometric_properties.csv,S(g1),ridge,descriptor_grouped,1,10984,2746,25,1,57.467067035609226,22.15406245126087,0.22242794825218892,0.7991472822721306,0.10714285714285714,0.2826086956521739,0.44363636363636366,0.5624015599004571,True,descriptor_joined,selectivity,geometry,post_combustion_capture,CO2,selectivity,,UC_volume_quantile_group,geometry
ARC-MOF::post_comb_vsa_co2.csv__geometry__geometric_properties.csv,S(g1),extratrees,descriptor_grouped,1,10984,2746,25,1,58.0677416292293,21.370217822066436,0.2060878490028264,0.8570050762865744,0.17857142857142858,0.36231884057971014,0.4763636363636364,0.5123088972035872,True,descriptor_joined,selectivity,geometry,post_combustion_capture,CO2,selectivity,,UC_volume_quantile_group,geometry
ARC-MOF::post_comb_vsa_co2.csv__geometry__geometric_properties.csv,S(g1),dummy,descriptor_grouped,2,10984,2746,25,1,66.63880297583242,23.441381363801895,-0.12935020634014394,,0.0,0.043478260869565216,0.10181818181818182,0.10605710801109738,True,descriptor_joined,selectivity,geometry,post_combustion_capture,CO2,selectivity,,UC_volume_quantile_group,geometry
ARC-MOF::post_comb_vsa_co2.csv__geometry__geometric_properties.csv,S(g1),ridge,descriptor_grouped,2,10984,2746,25,1,61.469568020743495,22.924970969118522,0.039063735992286186,0.7427577763738361,0.10714285714285714,0.2391304347826087,0.4618181818181818,0.5032085369697967,True,descriptor_joined,selectivity,geometry,post_combustion_capture,CO2,selectivity,,UC_volume_quantile_group,geometry
ARC-MOF::post_comb_vsa_co2.csv__geometry__geometric_properties.csv,S(g1),extratrees,descriptor_grouped,2,10984,2746,25,1,55.79370157863878,20.649962940068384,0.2083292279496396,0.8698976626701839,0.14285714285714285,0.35507246376811596,0.4581818181818182,0.4964962383620696,True,descriptor_joined,selectivity,geometry,post_combustion_capture,CO2,selectivity,,UC_volume_quantile_group,geometry
ARC-MOF::post_comb_vsa_co2.csv__geometry__geometric_properties.csv,S(g1),dummy,descriptor_grouped,3,10984,2746,25,1,34.50736990284924,8.683892024763292,-0.06180818554463263,,0.0,0.036231884057971016,0.09454545454545454,0.08177915712916783,True,descriptor_joined,selectivity,geometry,post_combustion_capture,CO2,selectivity,,UC_volume_quantile_group,geometry
ARC-MOF::post_comb_vsa_co2.csv__geometry__geometric_properties.csv,S(g1),ridge,descriptor_grouped,3,10984,2746,25,1,30.288025681191403,13.07024937013524,0.18197932546057094,0.6605636374595503,0.35714285714285715,0.4057971014492754,0.509090909090909,0.6474201988555078,True,descriptor_joined,selectivity,geometry,post_combustion_capture,CO2,selectivity,,UC_volume_quantile_group,geometry
ARC-MOF::post_comb_vsa_co2.csv__geometry__geometric_properties.csv,S(g1),extratrees,descriptor_grouped,3,10984,2746,25,1,34.20673959127389,10.370787100528041,-0.04338770142571713,0.7488610969997708,0.17857142857142858,0.463768115942029,0.5490909090909091,0.5509191279394524,True,descriptor_joined,selectivity,geometry,post_combustion_capture,CO2,selectivity,,UC_volume_quantile_group,geometry
ARC-MOF::post_comb_vsa_co2.csv__geometry__geometric_properties.csv,S(g1),dummy,descriptor_grouped,4,10984,2746,25,1,27.570118587661717,5.029255569919883,-0.016567851975799686,,0.0,0.021739130434782608,0.05090909090909091,0.04409170199906563,True,descriptor_joined,selectivity,geometry,post_combustion_capture,CO2,selectivity,,UC_volume_quantile_group,geometry
ARC-MOF::post_comb_vsa_co2.csv__geometry__geometric_properties.csv,S(g1),ridge,descriptor_grouped,4,10984,2746,25,1,35.80101672919841,10.108765374482504,-0.7141539516784265,0.308551225085513,0.32142857142857145,0.5579710144927537,0.5163636363636364,0.5954672455838724,True,descriptor_joined,selectivity,geometry,post_combustion_capture,CO2,selectivity,,UC_volume_quantile_group,geometry
ARC-MOF::post_comb_vsa_co2.csv__geometry__geometric_properties.csv,S(g1),extratrees,descriptor_grouped,4,10984,2746,25,1,24.624794801602363,5.684738149417334,0.189030831370411,0.7657288051949614,0.35714285714285715,0.5797101449275363,0.5963636363636363,0.614049677766936,True,descriptor_joined,selectivity,geometry,post_combustion_capture,CO2,selectivity,,UC_volume_quantile_group,geometry
ARC-MOF::post_comb_vsa_co2.csv__geometry__geometric_properties.csv,molc/uc,dummy,random,0,10984,2746,25,1,0.518583455991932,0.15689819009468317,-0.04773808783658917,,0.0,0.10144927536231885,0.12363636363636364,0.1406723894599168,True,descriptor_joined,uptake_or_loading,geometry,post_combustion_capture,CO2,loading,,UC_volume_quantile_group,geometry
ARC-MOF::post_comb_vsa_co2.csv__geometry__geometric_properties.csv,molc/uc,ridge,random,0,10984,2746,25,1,0.39827824766127795,0.13905805512029482,0.38199983383435643,0.7045832480345879,0.42857142857142855,0.47101449275362317,0.4909090909090909,0.6831462526463837,True,descriptor_joined,uptake_or_loading,geometry,post_combustion_capture,CO2,loading,,UC_volume_quantile_group,geometry
ARC-MOF::post_comb_vsa_co2.csv__geometry__geometric_properties.csv,molc/uc,extratrees,random,0,10984,2746,25,1,0.41670456713407206,0.12191669556283888,0.3234935566714213,0.8020359867173893,0.4642857142857143,0.5072463768115942,0.5709090909090909,0.6472565559007439,True,descriptor_joined,uptake_or_loading,geometry,post_combustion_capture,CO2,loading,,UC_volume_quantile_group,geometry
ARC-MOF::post_comb_vsa_co2.csv__geometry__geometric_properties.csv,molc/uc,dummy,random,1,10984,2746,25,1,0.7225319351886554,0.17356888091769845,-0.03178210743605625,,0.0,0.057971014492753624,0.10545454545454545,0.10480931001326164,True,descriptor_joined,uptake_or_loading,geometry,post_combustion_capture,CO2,loading,,UC_volume_quantile_group,geometry
ARC-MOF::post_comb_vsa_co2.csv__geometry__geometric_properties.csv,molc/uc,ridge,random,1,10984,2746,25,1,0.6149824080360962,0.15795181853525472,0.25252050550564265,0.6924968043680417,0.32142857142857145,0.4927536231884058,0.5018181818181818,0.5847330002535256,True,descriptor_joined,uptake_or_loading,geometry,post_combustion_capture,CO2,loading,,UC_volume_quantile_group,geometry
ARC-MOF::post_comb_vsa_co2.csv__geometry__geometric_properties.csv,molc/uc,extratrees,random,1,10984,2746,25,1,0.5577568661725728,0.1349784666727361,0.3851576859202642,0.8021053300554555,0.39285714285714285,0.5362318840579711,0.5527272727272727,0.7343369696833546,True,descriptor_joined,uptake_or_loading,geometry,post_combustion_capture,CO2,loading,,UC_volume_quantile_group,geometry
ARC-MOF::post_comb_vsa_co2.csv__geometry__geometric_properties.csv,molc/uc,dummy,random,2,10984,2746,25,1,0.6471168759160121,0.16651553313911144,-0.03509324371702793,,0.0,0.021739130434782608,0.09090909090909091,0.10273001956215772,True,descriptor_joined,uptake_or_loading,geometry,post_combustion_capture,CO2,loading,,UC_volume_quantile_group,geometry
ARC-MOF::post_comb_vsa_co2.csv__geometry__geometric_properties.csv,molc/uc,ridge,random,2,10984,2746,25,1,0.5620967694360645,0.15164541031772932,0.21902667408410337,0.6991764772336102,0.42857142857142855,0.463768115942029,0.5236363636363637,0.6803706651097722,True,descriptor_joined,uptake_or_loading,geometry,post_combustion_capture,CO2,loading,,UC_volume_quantile_group,geometry
ARC-MOF::post_comb_vsa_co2.csv__geometry__geometric_properties.csv,molc/uc,extratrees,random,2,10984,2746,25,1,0.5134703266821757,0.13556430499635835,0.3483044971094128,0.8046309635002413,0.32142857142857145,0.5507246376811594,0.5636363636363636,0.7382750057891277,True,descriptor_joined,uptake_or_loading,geometry,post_combustion_capture,CO2,loading,,UC_volume_quantile_group,geometry
ARC-MOF::post_comb_vsa_co2.csv__geometry__geometric_properties.csv,molc/uc,dummy,random,3,10984,2746,25,1,0.5680580524423379,0.15372378732702113,-0.03406535699203572,,0.03571428571428571,0.043478260869565216,0.07272727272727272,0.16264508903667768,True,descriptor_joined,uptake_or_loading,geometry,post_combustion_capture,CO2,loading,,UC_volume_quantile_group,geometry
ARC-MOF::post_comb_vsa_co2.csv__geometry__geometric_properties.csv,molc/uc,ridge,random,3,10984,2746,25,1,0.48403963732366,0.1398106516786581,0.24919976229954166,0.7063799319843469,0.39285714285714285,0.4782608695652174,0.5018181818181818,0.5520455123973643,True,descriptor_joined,uptake_or_loading,geometry,post_combustion_capture,CO2,loading,,UC_volume_quantile_group,geometry
ARC-MOF::post_comb_vsa_co2.csv__geometry__geometric_properties.csv,molc/uc,extratrees,random,3,10984,2746,25,1,0.44258726289395506,0.11871656809864854,0.3722880878756608,0.8211959612416869,0.35714285714285715,0.5797101449275363,0.5890909090909091,0.7459818516877866,True,descriptor_joined,uptake_or_loading,geometry,post_combustion_capture,CO2,loading,,UC_volume_quantile_group,geometry
ARC-MOF::post_comb_vsa_co2.csv__geometry__geometric_properties.csv,molc/uc,dummy,random,4,10984,2746,25,1,0.521570721029773,0.15193648215586308,-0.04204742271216877,,0.0,0.050724637681159424,0.08,0.11285675205042264,True,descriptor_joined,uptake_or_loading,geometry,post_combustion_capture,CO2,loading,,UC_volume_quantile_group,geometry
ARC-MOF::post_comb_vsa_co2.csv__geometry__geometric_properties.csv,molc/uc,ridge,random,4,10984,2746,25,1,0.4180435538860987,0.1387130839065004,0.3305715916344082,0.7129564455896108,0.39285714285714285,0.463768115942029,0.5236363636363637,0.63767183547516,True,descriptor_joined,uptake_or_loading,geometry,post_combustion_capture,CO2,loading,,UC_volume_quantile_group,geometry
ARC-MOF::post_comb_vsa_co2.csv__geometry__geometric_properties.csv,molc/uc,extratrees,random,4,10984,2746,25,1,0.3637782133911163,0.11462380054746295,0.4930858111199006,0.8081895181492201,0.5,0.5072463768115942,0.5709090909090909,0.8117968953191541,True,descriptor_joined,uptake_or_loading,geometry,post_combustion_capture,CO2,loading,,UC_volume_quantile_group,geometry
ARC-MOF::post_comb_vsa_co2.csv__geometry__geometric_properties.csv,molc/uc,dummy,descriptor_grouped,0,10984,2746,25,1,0.8344255822270802,0.186459189002185,-0.02736477271562121,,0.0,0.036231884057971016,0.08727272727272728,0.07783235108665837,True,descriptor_joined,uptake_or_loading,geometry,post_combustion_capture,CO2,loading,,UC_volume_quantile_group,geometry
ARC-MOF::post_comb_vsa_co2.csv__geometry__geometric_properties.csv,molc/uc,ridge,descriptor_grouped,0,10984,2746,25,1,0.7863970473847124,0.1673437365898025,0.08749931803622979,0.7919235657703081,0.39285714285714285,0.5362318840579711,0.5818181818181818,0.6105510050994685,True,descriptor_joined,uptake_or_loading,geometry,post_combustion_capture,CO2,loading,,UC_volume_quantile_group,geometry
ARC-MOF::post_comb_vsa_co2.csv__geometry__geometric_properties.csv,molc/uc,extratrees,descriptor_grouped,0,10984,2746,25,1,0.7199822439976189,0.17635615799020798,0.23512049964803816,0.8021173099746145,0.39285714285714285,0.4927536231884058,0.5309090909090909,0.5869066530345072,True,descriptor_joined,uptake_or_loading,geometry,post_combustion_capture,CO2,loading,,UC_volume_quantile_group,geometry
ARC-MOF::post_comb_vsa_co2.csv__geometry__geometric_properties.csv,molc/uc,dummy,descriptor_grouped,1,10984,2746,25,1,0.5513816660240044,0.1823285866715222,-0.05808057542877498,,0.0,0.021739130434782608,0.08727272727272728,0.11837598546506342,True,descriptor_joined,uptake_or_loading,geometry,post_combustion_capture,CO2,loading,,UC_volume_quantile_group,geometry
ARC-MOF::post_comb_vsa_co2.csv__geometry__geometric_properties.csv,molc/uc,ridge,descriptor_grouped,1,10984,2746,25,1,0.4598889646124232,0.16575705473021068,0.2639283757407366,0.6742776515043346,0.35714285714285715,0.34782608695652173,0.43272727272727274,0.6382405995642628,True,descriptor_joined,uptake_or_loading,geometry,post_combustion_capture,CO2,loading,,UC_volume_quantile_group,geometry
ARC-MOF::post_comb_vsa_co2.csv__geometry__geometric_properties.csv,molc/uc,extratrees,descriptor_grouped,1,10984,2746,25,1,0.4645794702179932,0.16444243653111598,0.2488371037872361,0.7122144725346531,0.39285714285714285,0.35507246376811596,0.4109090909090909,0.5413238578772618,True,descriptor_joined,uptake_or_loading,geometry,post_combustion_capture,CO2,loading,,UC_volume_quantile_group,geometry
ARC-MOF::post_comb_vsa_co2.csv__geometry__geometric_properties.csv,molc/uc,dummy,descriptor_grouped,2,10984,2746,25,1,0.8009821561343178,0.23896291187181354,-0.07566652367996207,,0.0,0.021739130434782608,0.09818181818181818,0.11279469927986564,True,descriptor_joined,uptake_or_loading,geometry,post_combustion_capture,CO2,loading,,UC_volume_quantile_group,geometry
ARC-MOF::post_comb_vsa_co2.csv__geometry__geometric_properties.csv,molc/uc,ridge,descriptor_grouped,2,10984,2746,25,1,0.8086187483400789,0.22320365860380442,-0.09627518479518105,0.6262953693518793,0.2857142857142857,0.34782608695652173,0.39636363636363636,0.5377405377118709,True,descriptor_joined,uptake_or_loading,geometry,post_combustion_capture,CO2,loading,,UC_volume_quantile_group,geometry
ARC-MOF::post_comb_vsa_co2.csv__geometry__geometric_properties.csv,molc/uc,extratrees,descriptor_grouped,2,10984,2746,25,1,0.6808036501676755,0.2145280591434005,0.22290212440754353,0.6265036041186159,0.2857142857142857,0.34782608695652173,0.4036363636363636,0.5626157046340284,True,descriptor_joined,uptake_or_loading,geometry,post_combustion_capture,CO2,loading,,UC_volume_quantile_group,geometry
ARC-MOF::post_comb_vsa_co2.csv__geometry__geometric_properties.csv,molc/uc,dummy,descriptor_grouped,3,10984,2746,25,1,0.4305395308117413,0.13002920757465405,-0.02893524977320161,,0.03571428571428571,0.050724637681159424,0.08363636363636363,0.1416134165530179,True,descriptor_joined,uptake_or_loading,geometry,post_combustion_capture,CO2,loading,,UC_volume_quantile_group,geometry
ARC-MOF::post_comb_vsa_co2.csv__geometry__geometric_properties.csv,molc/uc,ridge,descriptor_grouped,3,10984,2746,25,1,0.35637172849928567,0.13070320766573837,0.29503352184194076,0.6744216454816748,0.35714285714285715,0.4927536231884058,0.5163636363636364,0.6520037898278548,True,descriptor_joined,uptake_or_loading,geometry,post_combustion_capture,CO2,loading,,UC_volume_quantile_group,geometry
ARC-MOF::post_comb_vsa_co2.csv__geometry__geometric_properties.csv,molc/uc,extratrees,descriptor_grouped,3,10984,2746,25,1,0.3917744109962204,0.1254716757174071,0.14801075591583923,0.7301677761719094,0.35714285714285715,0.463768115942029,0.5345454545454545,0.6341837742832153,True,descriptor_joined,uptake_or_loading,geometry,post_combustion_capture,CO2,loading,,UC_volume_quantile_group,geometry
ARC-MOF::post_comb_vsa_co2.csv__geometry__geometric_properties.csv,molc/uc,dummy,descriptor_grouped,4,10984,2746,25,1,0.8219314089587519,0.18250305353241078,-0.02962299865715745,,0.03571428571428571,0.043478260869565216,0.08,0.08164832876161213,True,descriptor_joined,uptake_or_loading,geometry,post_combustion_capture,CO2,loading,,UC_volume_quantile_group,geometry
ARC-MOF::post_comb_vsa_co2.csv__geometry__geometric_properties.csv,molc/uc,ridge,descriptor_grouped,4,10984,2746,25,1,0.7694194939093978,0.16781892551638464,0.0977363686881153,0.7544453925942102,0.39285714285714285,0.5072463768115942,0.6,0.6182615868856879,True,descriptor_joined,uptake_or_loading,geometry,post_combustion_capture,CO2,loading,,UC_volume_quantile_group,geometry
ARC-MOF::post_comb_vsa_co2.csv__geometry__geometric_properties.csv,molc/uc,extratrees,descriptor_grouped,4,10984,2746,25,1,0.6976792481523083,0.1597551493335761,0.25814557359802126,0.774211655361473,0.4642857142857143,0.5217391304347826,0.5854545454545454,0.6186270537275043,True,descriptor_joined,uptake_or_loading,geometry,post_combustion_capture,CO2,loading,,UC_volume_quantile_group,geometry
ARC-MOF::post_comb_vsa_co2.csv__RDF__rdfs.csv,wt%,dummy,random,0,21303,5326,500,0,1.1573053267619857,0.40890287607960946,-0.06866212780778413,,0.0,0.04119850187265917,0.09380863039399624,0.1570306118775691,False,descriptor_joined,uptake_or_loading,RDF,post_combustion_capture,CO2,uptake,,RDF_vdWaalsVolume_15.288_quantile_group,RDF
ARC-MOF::post_comb_vsa_co2.csv__RDF__rdfs.csv,wt%,ridge,random,0,21303,5326,500,0,0.969610932571571,0.41494655625335086,0.24986484026290634,0.6571760681002461,0.3333333333333333,0.5093632958801498,0.6228893058161351,0.7121017822731697,False,descriptor_joined,uptake_or_loading,RDF,post_combustion_capture,CO2,uptake,,RDF_vdWaalsVolume_15.288_quantile_group,RDF
ARC-MOF::post_comb_vsa_co2.csv__RDF__rdfs.csv,wt%,hgb,random,0,21303,5326,500,0,0.6953404427764097,0.2603946779106699,0.6142201905769193,0.7874035164901275,0.5925925925925926,0.6329588014981273,0.6848030018761726,0.8327309477166794,False,descriptor_joined,uptake_or_loading,RDF,post_combustion_capture,CO2,uptake,,RDF_vdWaalsVolume_15.288_quantile_group,RDF
ARC-MOF::post_comb_vsa_co2.csv__RDF__rdfs.csv,wt%,extratrees,random,0,21303,5326,500,0,0.7042844336934877,0.2386976063271477,0.6042319839742707,0.8498099631761777,0.5555555555555556,0.6779026217228464,0.7504690431519699,0.8345330871456343,False,descriptor_joined,uptake_or_loading,RDF,post_combustion_capture,CO2,uptake,,RDF_vdWaalsVolume_15.288_quantile_group,RDF
ARC-MOF::post_comb_vsa_co2.csv__RDF__rdfs.csv,wt%,dummy,random,1,21303,5326,500,0,1.0766439548285354,0.38985222718738266,-0.06951194462775856,,0.018518518518518517,0.033707865168539325,0.10131332082551595,0.1642684566552714,False,descriptor_joined,uptake_or_loading,RDF,post_combustion_capture,CO2,uptake,,RDF_vdWaalsVolume_15.288_quantile_group,RDF
ARC-MOF::post_comb_vsa_co2.csv__RDF__rdfs.csv,wt%,ridge,random,1,21303,5326,500,0,0.8610557557062084,0.40871428745221816,0.31592459696566455,0.6525169592596055,0.2777777777777778,0.5205992509363296,0.5666041275797373,0.6823233047036857,False,descriptor_joined,uptake_or_loading,RDF,post_combustion_capture,CO2,uptake,,RDF_vdWaalsVolume_15.288_quantile_group,RDF
ARC-MOF::post_comb_vsa_co2.csv__RDF__rdfs.csv,wt%,hgb,random,1,21303,5326,500,0,0.6890908071404585,0.27139693164116796,0.5618787286942155,0.7461426296882633,0.5185185185185185,0.5917602996254682,0.649155722326454,0.8226171560644787,False,descriptor_joined,uptake_or_loading,RDF,post_combustion_capture,CO2,uptake,,RDF_vdWaalsVolume_15.288_quantile_group,RDF
ARC-MOF::post_comb_vsa_co2.csv__RDF__rdfs.csv,wt%,extratrees,random,1,21303,5326,500,0,0.6486418850096205,0.22916297347694747,0.6118036881240552,0.8453569604737916,0.6111111111111112,0.6741573033707865,0.726078799249531,0.8541495380997323,False,descriptor_joined,uptake_or_loading,RDF,post_combustion_capture,CO2,uptake,,RDF_vdWaalsVolume_15.288_quantile_group,RDF
ARC-MOF::post_comb_vsa_co2.csv__RDF__rdfs.csv,wt%,dummy,random,2,21303,5326,500,0,1.1527756185171207,0.40741116053323323,-0.06858558078734767,,0.018518518518518517,0.0299625468164794,0.09380863039399624,0.16281855996233735,False,descriptor_joined,uptake_or_loading,RDF,post_combustion_capture,CO2,uptake,,RDF_vdWaalsVolume_15.288_quantile_group,RDF
ARC-MOF::post_comb_vsa_co2.csv__RDF__rdfs.csv,wt%,ridge,random,2,21303,5326,500,0,0.8611932110681417,0.4059511620692958,0.40362292615547013,0.6485828820792293,0.3333333333333333,0.5767790262172284,0.5966228893058161,0.7651595948703679,False,descriptor_joined,uptake_or_loading,RDF,post_combustion_capture,CO2,uptake,,RDF_vdWaalsVolume_15.288_quantile_group,RDF
ARC-MOF::post_comb_vsa_co2.csv__RDF__rdfs.csv,wt%,hgb,random,2,21303,5326,500,0,0.6689603931027683,0.25767767513228473,0.6401507884049747,0.7930280718382435,0.5555555555555556,0.6367041198501873,0.6772983114446529,0.8496523379802783,False,descriptor_joined,uptake_or_loading,RDF,post_combustion_capture,CO2,uptake,,RDF_vdWaalsVolume_15.288_quantile_group,RDF
ARC-MOF::post_comb_vsa_co2.csv__RDF__rdfs.csv,wt%,extratrees,random,2,21303,5326,500,0,0.6348560074146126,0.23053255528039593,0.6759065814969547,0.8524650736491339,0.5925925925925926,0.6816479400749064,0.724202626641651,0.8747581269036684,False,descriptor_joined,uptake_or_loading,RDF,post_combustion_capture,CO2,uptake,,RDF_vdWaalsVolume_15.288_quantile_group,RDF
ARC-MOF::post_comb_vsa_co2.csv__RDF__rdfs.csv,wt%,dummy,random,3,21303,5326,500,0,1.0614934722955336,0.3999795148328953,-0.07532905923763122,,0.018518518518518517,0.04868913857677903,0.1050656660412758,0.17552903384337498,False,descriptor_joined,uptake_or_loading,RDF,post_combustion_capture,CO2,uptake,,RDF_vdWaalsVolume_15.288_quantile_group,RDF
ARC-MOF::post_comb_vsa_co2.csv__RDF__rdfs.csv,wt%,ridge,random,3,21303,5326,500,0,0.8381206266829506,0.40335143116385525,0.32962195186735976,0.6626129234730886,0.35185185185185186,0.5355805243445693,0.6285178236397748,0.7112778729710627,False,descriptor_joined,uptake_or_loading,RDF,post_combustion_capture,CO2,uptake,,RDF_vdWaalsVolume_15.288_quantile_group,RDF
ARC-MOF::post_comb_vsa_co2.csv__RDF__rdfs.csv,wt%,hgb,random,3,21303,5326,500,0,0.648525807251575,0.25614633499428574,0.5986148947645633,0.7852592092363831,0.5370370370370371,0.6441947565543071,0.6697936210131332,0.8177751177934057,False,descriptor_joined,uptake_or_loading,RDF,post_combustion_capture,CO2,uptake,,RDF_vdWaalsVolume_15.288_quantile_group,RDF
ARC-MOF::post_comb_vsa_co2.csv__RDF__rdfs.csv,wt%,extratrees,random,3,21303,5326,500,0,0.6193697443038647,0.23235991668350237,0.6338941236403525,0.847145311055097,0.5370370370370371,0.6591760299625468,0.724202626641651,0.8504769746634244,False,descriptor_joined,uptake_or_loading,RDF,post_combustion_capture,CO2,uptake,,RDF_vdWaalsVolume_15.288_quantile_group,RDF
ARC-MOF::post_comb_vsa_co2.csv__RDF__rdfs.csv,wt%,dummy,random,4,21303,5326,500,0,1.0585151275528277,0.3888196787457754,-0.07065430131444161,,0.0,0.04868913857677903,0.11632270168855535,0.18679897182363725,False,descriptor_joined,uptake_or_loading,RDF,post_combustion_capture,CO2,uptake,,RDF_vdWaalsVolume_15.288_quantile_group,RDF
ARC-MOF::post_comb_vsa_co2.csv__RDF__rdfs.csv,wt%,ridge,random,4,21303,5326,500,0,0.7950363557805915,0.3988057769785925,0.39601089392129607,0.6501727315858654,0.3333333333333333,0.5393258426966292,0.600375234521576,0.7552505288272287,False,descriptor_joined,uptake_or_loading,RDF,post_combustion_capture,CO2,uptake,,RDF_vdWaalsVolume_15.288_quantile_group,RDF
ARC-MOF::post_comb_vsa_co2.csv__RDF__rdfs.csv,wt%,hgb,random,4,21303,5326,500,0,0.6329285370561141,0.250560656384786,0.6172065634902579,0.7933655890931666,0.42592592592592593,0.6554307116104869,0.6641651031894934,0.8290633221541399,False,descriptor_joined,uptake_or_loading,RDF,post_combustion_capture,CO2,uptake,,RDF_vdWaalsVolume_15.288_quantile_group,RDF
ARC-MOF::post_comb_vsa_co2.csv__RDF__rdfs.csv,wt%,extratrees,random,4,21303,5326,500,0,0.6162418219625084,0.22682564638747024,0.6371246516134608,0.8545281798197657,0.5555555555555556,0.6741573033707865,0.7091932457786116,0.8487350935998232,False,descriptor_joined,uptake_or_loading,RDF,post_combustion_capture,CO2,uptake,,RDF_vdWaalsVolume_15.288_quantile_group,RDF
ARC-MOF::post_comb_vsa_co2.csv__RDF__rdfs.csv,wt%,dummy,descriptor_grouped,0,21303,5326,500,0,1.1766647374726253,0.4869091669170109,-0.1506467173525481,,0.0,0.04119850187265917,0.0825515947467167,0.17550427085639309,False,descriptor_joined,uptake_or_loading,RDF,post_combustion_capture,CO2,uptake,,RDF_vdWaalsVolume_15.288_quantile_group,RDF
ARC-MOF::post_comb_vsa_co2.csv__RDF__rdfs.csv,wt%,ridge,descriptor_grouped,0,21303,5326,500,0,0.8478194231776153,0.4414586583457743,0.4026302190185188,0.6702734738738316,0.3333333333333333,0.5131086142322098,0.574108818011257,0.7323941216289268,False,descriptor_joined,uptake_or_loading,RDF,post_combustion_capture,CO2,uptake,,RDF_vdWaalsVolume_15.288_quantile_group,RDF
ARC-MOF::post_comb_vsa_co2.csv__RDF__rdfs.csv,wt%,hgb,descriptor_grouped,0,21303,5326,500,0,0.6645323196660156,0.31209352135132273,0.6329977378776503,0.7557153292290638,0.5185185185185185,0.5955056179775281,0.6378986866791745,0.8211866632848416,False,descriptor_joined,uptake_or_loading,RDF,post_combustion_capture,CO2,uptake,,RDF_vdWaalsVolume_15.288_quantile_group,RDF
ARC-MOF::post_comb_vsa_co2.csv__RDF__rdfs.csv,wt%,extratrees,descriptor_grouped,0,21303,5326,500,0,0.6224526374781659,0.28260775897653023,0.6780049847234035,0.811886358510663,0.5185185185185185,0.6666666666666666,0.6866791744840526,0.8540328170080189,False,descriptor_joined,uptake_or_loading,RDF,post_combustion_capture,CO2,uptake,,RDF_vdWaalsVolume_15.288_quantile_group,RDF
ARC-MOF::post_comb_vsa_co2.csv__RDF__rdfs.csv,wt%,dummy,descriptor_grouped,1,21303,5326,500,0,1.3172462306328205,0.5247659333458505,-0.14707011990787566,,0.018518518518518517,0.04868913857677903,0.09568480300187618,0.1693827400396027,False,descriptor_joined,uptake_or_loading,RDF,post_combustion_capture,CO2,uptake,,RDF_vdWaalsVolume_15.288_quantile_group,RDF
ARC-MOF::post_comb_vsa_co2.csv__RDF__rdfs.csv,wt%,ridge,descriptor_grouped,1,21303,5326,500,0,0.9893555282485058,0.4701669413202034,0.35291578219763386,0.6730216299887887,0.2037037037037037,0.4756554307116105,0.5534709193245778,0.6933622445519068,False,descriptor_joined,uptake_or_loading,RDF,post_combustion_capture,CO2,uptake,,RDF_vdWaalsVolume_15.288_quantile_group,RDF
ARC-MOF::post_comb_vsa_co2.csv__RDF__rdfs.csv,wt%,hgb,descriptor_grouped,1,21303,5326,500,0,0.8346402011064588,0.3304811447516092,0.5394734891679824,0.7760196531837352,0.5740740740740741,0.5917602996254682,0.6472795497185742,0.7874436487034258,False,descriptor_joined,uptake_or_loading,RDF,post_combustion_capture,CO2,uptake,,RDF_vdWaalsVolume_15.288_quantile_group,RDF
ARC-MOF::post_comb_vsa_co2.csv__RDF__rdfs.csv,wt%,extratrees,descriptor_grouped,1,21303,5326,500,0,0.7515708447729339,0.3040016680453227,0.6265814511972654,0.8153307009847492,0.5925925925925926,0.6254681647940075,0.699812382739212,0.8423444163306401,False,descriptor_joined,uptake_or_loading,RDF,post_combustion_capture,CO2,uptake,,RDF_vdWaalsVolume_15.288_quantile_group,RDF
ARC-MOF::post_comb_vsa_co2.csv__RDF__rdfs.csv,wt%,dummy,descriptor_grouped,2,21303,5326,500,0,1.2382996973125766,0.5014382040931281,-0.14751988958185458,,0.0,0.04119850187265917,0.08067542213883677,0.16714667543694117,False,descriptor_joined,uptake_or_loading,RDF,post_combustion_capture,CO2,uptake,,RDF_vdWaalsVolume_15.288_quantile_group,RDF
ARC-MOF::post_comb_vsa_co2.csv__RDF__rdfs.csv,wt%,ridge,descriptor_grouped,2,21303,5326,500,0,0.8862339749325373,0.4535356122282421,0.4122326215215387,0.6762008423515329,0.3333333333333333,0.49063670411985016,0.5797373358348968,0.7604359890795955,False,descriptor_joined,uptake_or_loading,RDF,post_combustion_capture,CO2,uptake,,RDF_vdWaalsVolume_15.288_quantile_group,RDF
ARC-MOF::post_comb_vsa_co2.csv__RDF__rdfs.csv,wt%,hgb,descriptor_grouped,2,21303,5326,500,0,0.7388763970074216,0.32295317141829105,0.5914433581133386,0.7619432749364166,0.5370370370370371,0.602996254681648,0.649155722326454,0.8103694915490991,False,descriptor_joined,uptake_or_loading,RDF,post_combustion_capture,CO2,uptake,,RDF_vdWaalsVolume_15.288_quantile_group,RDF
ARC-MOF::post_comb_vsa_co2.csv__RDF__rdfs.csv,wt%,extratrees,descriptor_grouped,2,21303,5326,500,0,0.7183807067963754,0.30080756143858217,0.6137948963888651,0.8092656065990885,0.5555555555555556,0.6329588014981273,0.701688555347092,0.8255985900076344,False,descriptor_joined,uptake_or_loading,RDF,post_combustion_capture,CO2,uptake,,RDF_vdWaalsVolume_15.288_quantile_group,RDF
ARC-MOF::post_comb_vsa_co2.csv__RDF__rdfs.csv,wt%,dummy,descriptor_grouped,3,21303,5326,500,0,0.8965723674663555,0.2760039964325948,-0.0019404274699659219,,0.0,0.06741573033707865,0.1050656660412758,0.14234082848909566,False,descriptor_joined,uptake_or_loading,RDF,post_combustion_capture,CO2,uptake,,RDF_vdWaalsVolume_15.288_quantile_group,RDF
ARC-MOF::post_comb_vsa_co2.csv__RDF__rdfs.csv,wt%,ridge,descriptor_grouped,3,21303,5326,500,0,1.1208176472050229,0.4571462224309093,-0.5658174242339176,0.31271990635159164,0.4444444444444444,0.36704119850187267,0.3921200750469043,0.5663278384115038,False,descriptor_joined,uptake_or_loading,RDF,post_combustion_capture,CO2,uptake,,RDF_vdWaalsVolume_15.288_quantile_group,RDF
ARC-MOF::post_comb_vsa_co2.csv__RDF__rdfs.csv,wt%,hgb,descriptor_grouped,3,21303,5326,500,0,0.710049936130044,0.21347313560687484,0.3715814643482078,0.577377891683669,0.35185185185185186,0.6404494382022472,0.5891181988742964,0.7544949319714266,False,descriptor_joined,uptake_or_loading,RDF,post_combustion_capture,CO2,uptake,,RDF_vdWaalsVolume_15.288_quantile_group,RDF
ARC-MOF::post_comb_vsa_co2.csv__RDF__rdfs.csv,wt%,extratrees,descriptor_grouped,3,21303,5326,500,0,0.8212944504402367,0.2448225950345788,0.15924593161100442,0.637419152176513,0.2962962962962963,0.5243445692883895,0.5459662288930581,0.7131694507182115,False,descriptor_joined,uptake_or_loading,RDF,post_combustion_capture,CO2,uptake,,RDF_vdWaalsVolume_15.288_quantile_group,RDF
ARC-MOF::post_comb_vsa_co2.csv__RDF__rdfs.csv,wt%,dummy,descriptor_grouped,4,21303,5326,500,0,0.9480028508811383,0.33241359200150206,-0.029615718692830084,,0.0,0.00749063670411985,0.0150093808630394,0.08788973796243978,False,descriptor_joined,uptake_or_loading,RDF,post_combustion_capture,CO2,uptake,,RDF_vdWaalsVolume_15.288_quantile_group,RDF
ARC-MOF::post_comb_vsa_co2.csv__RDF__rdfs.csv,wt%,ridge,descriptor_grouped,4,21303,5326,500,0,1.5014865174635548,0.4760800291784264,-1.582847418577594,0.5687740623006957,0.37037037037037035,0.602996254681648,0.6360225140712945,0.7079716312234318,False,descriptor_joined,uptake_or_loading,RDF,post_combustion_capture,CO2,uptake,,RDF_vdWaalsVolume_15.288_quantile_group,RDF
ARC-MOF::post_comb_vsa_co2.csv__RDF__rdfs.csv,wt%,hgb,descriptor_grouped,4,21303,5326,500,0,0.6092343332300914,0.22694222323361948,0.5747692942926044,0.7018609961645932,0.5,0.6779026217228464,0.6979362101313321,0.8399232216947888,False,descriptor_joined,uptake_or_loading,RDF,post_combustion_capture,CO2,uptake,,RDF_vdWaalsVolume_15.288_quantile_group,RDF
ARC-MOF::post_comb_vsa_co2.csv__RDF__rdfs.csv,wt%,extratrees,descriptor_grouped,4,21303,5326,500,0,0.7564268572525795,0.28053431269062673,0.34447424725461795,0.6848105486596394,0.42592592592592593,0.5730337078651685,0.6360225140712945,0.788471477467979,False,descriptor_joined,uptake_or_loading,RDF,post_combustion_capture,CO2,uptake,,RDF_vdWaalsVolume_15.288_quantile_group,RDF
ARC-MOF::post_comb_vsa_co2.csv__RDF__rdfs.csv,v/v,dummy,random,0,21303,5326,500,0,7.212815442206621,2.3309137179872326,-0.06901038314327024,,0.0,0.04868913857677903,0.09568480300187618,0.1173211272861579,False,descriptor_joined,uptake_or_loading,RDF,post_combustion_capture,CO2,uptake,,RDF_vdWaalsVolume_15.288_quantile_group,RDF
ARC-MOF::post_comb_vsa_co2.csv__RDF__rdfs.csv,v/v,ridge,random,0,21303,5326,500,0,5.9934486693656455,2.490534630523502,0.26188188465646467,0.7045771549443816,0.3148148148148148,0.50187265917603,0.6041275797373359,0.6941351320540572,False,descriptor_joined,uptake_or_loading,RDF,post_combustion_capture,CO2,uptake,,RDF_vdWaalsVolume_15.288_quantile_group,RDF
ARC-MOF::post_comb_vsa_co2.csv__RDF__rdfs.csv,v/v,hgb,random,0,21303,5326,500,0,4.311574385299734,1.4191999072739419,0.6180169869163197,0.8475485149755051,0.5740740740740741,0.6292134831460674,0.699812382739212,0.8328316989738616,False,descriptor_joined,uptake_or_loading,RDF,post_combustion_capture,CO2,uptake,,RDF_vdWaalsVolume_15.288_quantile_group,RDF
ARC-MOF::post_comb_vsa_co2.csv__RDF__rdfs.csv,v/v,extratrees,random,0,21303,5326,500,0,4.262359151446366,1.2771657957036866,0.6266876427796768,0.9154600392481119,0.5925925925925926,0.6779026217228464,0.7448405253283302,0.8442324081981663,False,descriptor_joined,uptake_or_loading,RDF,post_combustion_capture,CO2,uptake,,RDF_vdWaalsVolume_15.288_quantile_group,RDF
ARC-MOF::post_comb_vsa_co2.csv__RDF__rdfs.csv,v/v,dummy,random,1,21303,5326,500,0,6.363380511481914,2.196896978783327,-0.07807788394733084,,0.018518518518518517,0.04119850187265917,0.10131332082551595,0.12533052309883413,False,descriptor_joined,uptake_or_loading,RDF,post_combustion_capture,CO2,uptake,,RDF_vdWaalsVolume_15.288_quantile_group,RDF
ARC-MOF::post_comb_vsa_co2.csv__RDF__rdfs.csv,v/v,ridge,random,1,21303,5326,500,0,5.104054049537187,2.4288737526796917,0.3064067160944093,0.7028264963247464,0.35185185185185186,0.5243445692883895,0.5947467166979362,0.6869440333551847,False,descriptor_joined,uptake_or_loading,RDF,post_combustion_capture,CO2,uptake,,RDF_vdWaalsVolume_15.288_quantile_group,RDF
ARC-MOF::post_comb_vsa_co2.csv__RDF__rdfs.csv,v/v,hgb,random,1,21303,5326,500,0,3.9829056934289566,1.3924031511128034,0.5776481541858134,0.8411257138311617,0.5740740740740741,0.5917602996254682,0.699812382739212,0.8224476429590039,False,descriptor_joined,uptake_or_loading,RDF,post_combustion_capture,CO2,uptake,,RDF_vdWaalsVolume_15.288_quantile_group,RDF
ARC-MOF::post_comb_vsa_co2.csv__RDF__rdfs.csv,v/v,extratrees,random,1,21303,5326,500,0,3.6939389620425063,1.192865715074136,0.6367097188047625,0.9134465983275077,0.6296296296296297,0.6853932584269663,0.7429643527204502,0.8548736245053121,False,descriptor_joined,uptake_or_loading,RDF,post_combustion_capture,CO2,uptake,,RDF_vdWaalsVolume_15.288_quantile_group,RDF
ARC-MOF::post_comb_vsa_co2.csv__RDF__rdfs.csv,v/v,dummy,random,2,21303,5326,500,0,7.07270993221572,2.313838204093128,-0.0708765383060983,,0.0,0.0299625468164794,0.10131332082551595,0.12319891916191415,False,descriptor_joined,uptake_or_loading,RDF,post_combustion_capture,CO2,uptake,,RDF_vdWaalsVolume_15.288_quantile_group,RDF
ARC-MOF::post_comb_vsa_co2.csv__RDF__rdfs.csv,v/v,ridge,random,2,21303,5326,500,0,5.343866891719569,2.4331367314530783,0.3886654041244205,0.7030692653730908,0.35185185185185186,0.5655430711610487,0.6041275797373359,0.7387907536838442,False,descriptor_joined,uptake_or_loading,RDF,post_combustion_capture,CO2,uptake,,RDF_vdWaalsVolume_15.288_quantile_group,RDF
ARC-MOF::post_comb_vsa_co2.csv__RDF__rdfs.csv,v/v,hgb,random,2,21303,5326,500,0,4.159620554883443,1.4600345632027405,0.629596449545053,0.8338983419301988,0.5740740740740741,0.6441947565543071,0.6885553470919324,0.8462076493044871,False,descriptor_joined,uptake_or_loading,RDF,post_combustion_capture,CO2,uptake,,RDF_vdWaalsVolume_15.288_quantile_group,RDF
ARC-MOF::post_comb_vsa_co2.csv__RDF__rdfs.csv,v/v,extratrees,random,2,21303,5326,500,0,3.8753699284711427,1.222860991523166,0.6784903300534131,0.9144236024223884,0.5740740740740741,0.6816479400749064,0.7504690431519699,0.8796129434810088,False,descriptor_joined,uptake_or_loading,RDF,post_combustion_capture,CO2,uptake,,RDF_vdWaalsVolume_15.288_quantile_group,RDF
ARC-MOF::post_comb_vsa_co2.csv__RDF__rdfs.csv,v/v,dummy,random,3,21303,5326,500,0,6.304963351829817,2.2376613124295908,-0.0826345394294763,,0.018518518518518517,0.0449438202247191,0.0975609756097561,0.13804124686608593,False,descriptor_joined,uptake_or_loading,RDF,post_combustion_capture,CO2,uptake,,RDF_vdWaalsVolume_15.288_quantile_group,RDF
ARC-MOF::post_comb_vsa_co2.csv__RDF__rdfs.csv,v/v,ridge,random,3,21303,5326,500,0,4.955686354811423,2.3900916648440416,0.3311567177665339,0.7051821175618594,0.37037037037037035,0.5318352059925093,0.6341463414634146,0.7068289407299609,False,descriptor_joined,uptake_or_loading,RDF,post_combustion_capture,CO2,uptake,,RDF_vdWaalsVolume_15.288_quantile_group,RDF
ARC-MOF::post_comb_vsa_co2.csv__RDF__rdfs.csv,v/v,hgb,random,3,21303,5326,500,0,3.943145760547571,1.4112152672032456,0.5765497361049889,0.8338455684848575,0.5,0.6404494382022472,0.6979362101313321,0.799245927263287,False,descriptor_joined,uptake_or_loading,RDF,post_combustion_capture,CO2,uptake,,RDF_vdWaalsVolume_15.288_quantile_group,RDF
ARC-MOF::post_comb_vsa_co2.csv__RDF__rdfs.csv,v/v,extratrees,random,3,21303,5326,500,0,3.783249477546262,1.2227420425207265,0.6101956271141711,0.9097096672408778,0.5555555555555556,0.6853932584269663,0.7317073170731707,0.8254714171463027,False,descriptor_joined,uptake_or_loading,RDF,post_combustion_capture,CO2,uptake,,RDF_vdWaalsVolume_15.288_quantile_group,RDF
ARC-MOF::post_comb_vsa_co2.csv__RDF__rdfs.csv,v/v,dummy,random,4,21303,5326,500,0,6.330515179062659,2.1683423248216296,-0.07598964873726755,,0.0,0.04868913857677903,0.1125703564727955,0.14212139521778164,False,descriptor_joined,uptake_or_loading,RDF,post_combustion_capture,CO2,uptake,,RDF_vdWaalsVolume_15.288_quantile_group,RDF
ARC-MOF::post_comb_vsa_co2.csv__RDF__rdfs.csv,v/v,ridge,random,4,21303,5326,500,0,4.862830537989478,2.363390432418401,0.3650957194392733,0.6952763310514574,0.37037037037037035,0.5692883895131086,0.5928705440900562,0.7194049706246052,False,descriptor_joined,uptake_or_loading,RDF,post_combustion_capture,CO2,uptake,,RDF_vdWaalsVolume_15.288_quantile_group,RDF
ARC-MOF::post_comb_vsa_co2.csv__RDF__rdfs.csv,v/v,hgb,random,4,21303,5326,500,0,3.7673163805414447,1.3471953291206602,0.6189392900140579,0.8384840415516197,0.5555555555555556,0.651685393258427,0.6754221388367729,0.8145161550617639,False,descriptor_joined,uptake_or_loading,RDF,post_combustion_capture,CO2,uptake,,RDF_vdWaalsVolume_15.288_quantile_group,RDF
ARC-MOF::post_comb_vsa_co2.csv__RDF__rdfs.csv,v/v,extratrees,random,4,21303,5326,500,0,3.6308776640025346,1.183449466384049,0.6460407899676082,0.9148136079417489,0.5370370370370371,0.6853932584269663,0.7185741088180112,0.8399070587656507,False,descriptor_joined,uptake_or_loading,RDF,post_combustion_capture,CO2,uptake,,RDF_vdWaalsVolume_15.288_quantile_group,RDF
ARC-MOF::post_comb_vsa_co2.csv__RDF__rdfs.csv,v/v,dummy,descriptor_grouped,0,21303,5326,500,0,7.6977561691294865,2.9399084881712354,-0.14394352180686587,,0.0,0.0449438202247191,0.08442776735459662,0.13724772280896122,False,descriptor_joined,uptake_or_loading,RDF,post_combustion_capture,CO2,uptake,,RDF_vdWaalsVolume_15.288_quantile_group,RDF
ARC-MOF::post_comb_vsa_co2.csv__RDF__rdfs.csv,v/v,ridge,descriptor_grouped,0,21303,5326,500,0,5.452688590079774,2.704017381756781,0.42601879336644044,0.7312395994665317,0.4444444444444444,0.5393258426966292,0.5966228893058161,0.7397545756058389,False,descriptor_joined,uptake_or_loading,RDF,post_combustion_capture,CO2,uptake,,RDF_vdWaalsVolume_15.288_quantile_group,RDF
ARC-MOF::post_comb_vsa_co2.csv__RDF__rdfs.csv,v/v,hgb,descriptor_grouped,0,21303,5326,500,0,4.151641413575949,1.7675501025427214,0.6672516172939815,0.8169392858464954,0.6111111111111112,0.6554307116104869,0.6566604127579737,0.8329899489603046,False,descriptor_joined,uptake_or_loading,RDF,post_combustion_capture,CO2,uptake,,RDF_vdWaalsVolume_15.288_quantile_group,RDF
ARC-MOF::post_comb_vsa_co2.csv__RDF__rdfs.csv,v/v,extratrees,descriptor_grouped,0,21303,5326,500,0,3.980206328693391,1.5942177092859033,0.6941648104042699,0.8798368023029756,0.5925925925925926,0.651685393258427,0.6941838649155723,0.854872610964153,False,descriptor_joined,uptake_or_loading,RDF,post_combustion_capture,CO2,uptake,,RDF_vdWaalsVolume_15.288_quantile_group,RDF
ARC-MOF::post_comb_vsa_co2.csv__RDF__rdfs.csv,v/v,dummy,descriptor_grouped,1,21303,5326,500,0,8.1678318496423,3.1626690711603453,-0.15506524832770152,,0.018518518518518517,0.052434456928838954,0.09568480300187618,0.13939905371000103,False,descriptor_joined,uptake_or_loading,RDF,post_combustion_capture,CO2,uptake,,RDF_vdWaalsVolume_15.288_quantile_group,RDF
ARC-MOF::post_comb_vsa_co2.csv__RDF__rdfs.csv,v/v,ridge,descriptor_grouped,1,21303,5326,500,0,6.115496092611758,2.9033290263927185,0.35247531843029556,0.7304513088570169,0.24074074074074073,0.46441947565543074,0.5590994371482176,0.6925575639579028,False,descriptor_joined,uptake_or_loading,RDF,post_combustion_capture,CO2,uptake,,RDF_vdWaalsVolume_15.288_quantile_group,RDF
ARC-MOF::post_comb_vsa_co2.csv__RDF__rdfs.csv,v/v,hgb,descriptor_grouped,1,21303,5326,500,0,4.999174705020097,1.9176906214107392,0.5672973356531326,0.8218035700578115,0.5555555555555556,0.6104868913857678,0.6660412757973734,0.7970428876609309,False,descriptor_joined,uptake_or_loading,RDF,post_combustion_capture,CO2,uptake,,RDF_vdWaalsVolume_15.288_quantile_group,RDF
ARC-MOF::post_comb_vsa_co2.csv__RDF__rdfs.csv,v/v,extratrees,descriptor_grouped,1,21303,5326,500,0,4.646783958223491,1.7327733890838968,0.6261495534390658,0.8785571044584488,0.5925925925925926,0.6254681647940075,0.7091932457786116,0.8355783846210152,False,descriptor_joined,uptake_or_loading,RDF,post_combustion_capture,CO2,uptake,,RDF_vdWaalsVolume_15.288_quantile_group,RDF
ARC-MOF::post_comb_vsa_co2.csv__RDF__rdfs.csv,v/v,dummy,descriptor_grouped,2,21303,5326,500,0,7.800989492772311,3.0151633830266618,-0.1512549456082959,,0.0,0.04119850187265917,0.08442776735459662,0.1351881470601044,False,descriptor_joined,uptake_or_loading,RDF,post_combustion_capture,CO2,uptake,,RDF_vdWaalsVolume_15.288_quantile_group,RDF
ARC-MOF::post_comb_vsa_co2.csv__RDF__rdfs.csv,v/v,ridge,descriptor_grouped,2,21303,5326,500,0,5.512674385698268,2.7850490867906275,0.42509404795566375,0.7325531296479004,0.3888888888888889,0.5093632958801498,0.5797373358348968,0.7527590547249723,False,descriptor_joined,uptake_or_loading,RDF,post_combustion_capture,CO2,uptake,,RDF_vdWaalsVolume_15.288_quantile_group,RDF
ARC-MOF::post_comb_vsa_co2.csv__RDF__rdfs.csv,v/v,hgb,descriptor_grouped,2,21303,5326,500,0,4.410162797518667,1.85059188254176,0.6320563046657385,0.8088276954072302,0.6111111111111112,0.6367041198501873,0.6322701688555347,0.8244699260205582,False,descriptor_joined,uptake_or_loading,RDF,post_combustion_capture,CO2,uptake,,RDF_vdWaalsVolume_15.288_quantile_group,RDF
ARC-MOF::post_comb_vsa_co2.csv__RDF__rdfs.csv,v/v,extratrees,descriptor_grouped,2,21303,5326,500,0,4.386087001747929,1.693809283644997,0.6360626679552486,0.8758175066927169,0.6111111111111112,0.6591760299625468,0.6848030018761726,0.8285421398439631,False,descriptor_joined,uptake_or_loading,RDF,post_combustion_capture,CO2,uptake,,RDF_vdWaalsVolume_15.288_quantile_group,RDF
ARC-MOF::post_comb_vsa_co2.csv__RDF__rdfs.csv,v/v,dummy,descriptor_grouped,3,21303,5326,500,0,3.855289263580705,1.1842349662035299,-0.00013467823275603585,,0.0,0.07116104868913857,0.10318949343339587,0.11678333566521448,False,descriptor_joined,uptake_or_loading,RDF,post_combustion_capture,CO2,uptake,,RDF_vdWaalsVolume_15.288_quantile_group,RDF
ARC-MOF::post_comb_vsa_co2.csv__RDF__rdfs.csv,v/v,ridge,descriptor_grouped,3,21303,5326,500,0,5.32112239904479,2.5603473932254537,-0.9052459456958835,0.28109385770401024,0.2777777777777778,0.3333333333333333,0.36585365853658536,0.5724628902153782,False,descriptor_joined,uptake_or_loading,RDF,post_combustion_capture,CO2,uptake,,RDF_vdWaalsVolume_15.288_quantile_group,RDF
ARC-MOF::post_comb_vsa_co2.csv__RDF__rdfs.csv,v/v,hgb,descriptor_grouped,3,21303,5326,500,0,3.369372389120942,0.9061265251168157,0.2360893343700503,0.6264359094569962,0.3148148148148148,0.5655430711610487,0.5722326454033771,0.6921926169082604,False,descriptor_joined,uptake_or_loading,RDF,post_combustion_capture,CO2,uptake,,RDF_vdWaalsVolume_15.288_quantile_group,RDF
ARC-MOF::post_comb_vsa_co2.csv__RDF__rdfs.csv,v/v,extratrees,descriptor_grouped,3,21303,5326,500,0,3.8067423274977292,0.9922056288989772,0.024894714472675217,0.76626448972773,0.25925925925925924,0.5355805243445693,0.6228893058161351,0.6296486815336059,False,descriptor_joined,uptake_or_loading,RDF,post_combustion_capture,CO2,uptake,,RDF_vdWaalsVolume_15.288_quantile_group,RDF
ARC-MOF::post_comb_vsa_co2.csv__RDF__rdfs.csv,v/v,dummy,descriptor_grouped,4,21303,5326,500,0,5.666047364217305,1.8208838757040933,-0.03532552498658448,,0.0,0.003745318352059925,0.009380863039399626,0.03672506909731308,False,descriptor_joined,uptake_or_loading,RDF,post_combustion_capture,CO2,uptake,,RDF_vdWaalsVolume_15.288_quantile_group,RDF
ARC-MOF::post_comb_vsa_co2.csv__RDF__rdfs.csv,v/v,ridge,descriptor_grouped,4,21303,5326,500,0,5.649642557380665,2.477256967015283,-0.02933908436358368,0.6038528010912617,0.35185185185185186,0.5730337078651685,0.6341463414634146,0.6875144317715602,False,descriptor_joined,uptake_or_loading,RDF,post_combustion_capture,CO2,uptake,,RDF_vdWaalsVolume_15.288_quantile_group,RDF
ARC-MOF::post_comb_vsa_co2.csv__RDF__rdfs.csv,v/v,hgb,descriptor_grouped,4,21303,5326,500,0,3.2654689964938424,1.0762145391442346,0.6561194207497885,0.7920713889270429,0.6111111111111112,0.6292134831460674,0.7335834896810507,0.8613069913048231,False,descriptor_joined,uptake_or_loading,RDF,post_combustion_capture,CO2,uptake,,RDF_vdWaalsVolume_15.288_quantile_group,RDF
ARC-MOF::post_comb_vsa_co2.csv__RDF__rdfs.csv,v/v,extratrees,descriptor_grouped,4,21303,5326,500,0,3.6024426512608163,1.1324101389239534,0.5814853434767084,0.8510764955072349,0.5925925925925926,0.6704119850187266,0.7279549718574109,0.8238523709108229,False,descriptor_joined,uptake_or_loading,RDF,post_combustion_capture,CO2,uptake,,RDF_vdWaalsVolume_15.288_quantile_group,RDF
ARC-MOF::post_comb_vsa_co2.csv__RDF__rdfs.csv,mmol/g,dummy,random,0,21303,5326,500,0,0.2629672308793121,0.09291241607209913,-0.06866270257389817,,0.0,0.04119850187265917,0.09380863039399624,0.15703058583757362,False,descriptor_joined,uptake_or_loading,RDF,post_combustion_capture,CO2,uptake,,RDF_vdWaalsVolume_15.288_quantile_group,RDF
ARC-MOF::post_comb_vsa_co2.csv__RDF__rdfs.csv,mmol/g,ridge,random,0,21303,5326,500,0,0.2203185387850419,0.09428566994262819,0.24986492781984793,0.6571770721059027,0.3333333333333333,0.5093632958801498,0.6228893058161351,0.7121017878011683,False,descriptor_joined,uptake_or_loading,RDF,post_combustion_capture,CO2,uptake,,RDF_vdWaalsVolume_15.288_quantile_group,RDF
ARC-MOF::post_comb_vsa_co2.csv__RDF__rdfs.csv,mmol/g,hgb,random,0,21303,5326,500,0,0.15799780191656695,0.05916783134671177,0.6142202066467028,0.787403936086308,0.5925925925925926,0.6329588014981273,0.6848030018761726,0.832730965820534,False,descriptor_joined,uptake_or_loading,RDF,post_combustion_capture,CO2,uptake,,RDF_vdWaalsVolume_15.288_quantile_group,RDF
ARC-MOF::post_comb_vsa_co2.csv__RDF__rdfs.csv,mmol/g,extratrees,random,0,21303,5326,500,0,0.1606801842917737,0.054204968827085136,0.6010099840097421,0.8507266457391798,0.5555555555555556,0.6741573033707865,0.7542213883677298,0.835642335402697,False,descriptor_joined,uptake_or_loading,RDF,post_combustion_capture,CO2,uptake,,RDF_vdWaalsVolume_15.288_quantile_group,RDF
ARC-MOF::post_comb_vsa_co2.csv__RDF__rdfs.csv,mmol/g,dummy,random,1,21303,5326,500,0,0.24463906771358965,0.08858365189635749,-0.06951269904391788,,0.018518518518518517,0.033707865168539325,0.10131332082551595,0.16426846486144964,False,descriptor_joined,uptake_or_loading,RDF,post_combustion_capture,CO2,uptake,,RDF_vdWaalsVolume_15.288_quantile_group,RDF
ARC-MOF::post_comb_vsa_co2.csv__RDF__rdfs.csv,mmol/g,ridge,random,1,21303,5326,500,0,0.1956522398608038,0.09286955654295077,0.3159246082464703,0.6525176822371236,0.2777777777777778,0.5205992509363296,0.5666041275797373,0.6823233209798261,False,descriptor_joined,uptake_or_loading,RDF,post_combustion_capture,CO2,uptake,,RDF_vdWaalsVolume_15.288_quantile_group,RDF
ARC-MOF::post_comb_vsa_co2.csv__RDF__rdfs.csv,mmol/g,hgb,random,1,21303,5326,500,0,0.15657773992029406,0.06166780470436806,0.561878708041748,0.7461430447717892,0.5185185185185185,0.5917602996254682,0.649155722326454,0.822617142977536,False,descriptor_joined,uptake_or_loading,RDF,post_combustion_capture,CO2,uptake,,RDF_vdWaalsVolume_15.288_quantile_group,RDF
ARC-MOF::post_comb_vsa_co2.csv__RDF__rdfs.csv,mmol/g,extratrees,random,1,21303,5326,500,0,0.1477642186154522,0.052070709993099144,0.6098129219183837,0.846065774585304,0.5740740740740741,0.6554307116104869,0.7298311444652908,0.8465530198465097,False,descriptor_joined,uptake_or_loading,RDF,post_combustion_capture,CO2,uptake,,RDF_vdWaalsVolume_15.288_quantile_group,RDF
ARC-MOF::post_comb_vsa_co2.csv__RDF__rdfs.csv,mmol/g,dummy,random,2,21303,5326,500,0,0.26193780839805053,0.09257345606458882,-0.06858489383725686,,0.018518518518518517,0.0299625468164794,0.09380863039399624,0.16281855060737968,False,descriptor_joined,uptake_or_loading,RDF,post_combustion_capture,CO2,uptake,,RDF_vdWaalsVolume_15.288_quantile_group,RDF
ARC-MOF::post_comb_vsa_co2.csv__RDF__rdfs.csv,mmol/g,ridge,random,2,21303,5326,500,0,0.19568347051002052,0.09224170406033375,0.403622931821195,0.64858247593844,0.3333333333333333,0.5767790262172284,0.5966228893058161,0.765159598614536,False,descriptor_joined,uptake_or_loading,RDF,post_combustion_capture,CO2,uptake,,RDF_vdWaalsVolume_15.288_quantile_group,RDF
ARC-MOF::post_comb_vsa_co2.csv__RDF__rdfs.csv,mmol/g,hgb,random,2,21303,5326,500,0,0.15216838237368058,0.05873547128763338,0.6393702928702667,0.7929650456418831,0.5555555555555556,0.6404494382022472,0.6735459662288931,0.8488992614804273,False,descriptor_joined,uptake_or_loading,RDF,post_combustion_capture,CO2,uptake,,RDF_vdWaalsVolume_15.288_quantile_group,RDF
ARC-MOF::post_comb_vsa_co2.csv__RDF__rdfs.csv,mmol/g,extratrees,random,2,21303,5326,500,0,0.14387844279481157,0.05224863669474396,0.6775932624398495,0.8525049773866867,0.5740740740740741,0.6741573033707865,0.7279549718574109,0.8761207352766007,False,descriptor_joined,uptake_or_loading,RDF,post_combustion_capture,CO2,uptake,,RDF_vdWaalsVolume_15.288_quantile_group,RDF
ARC-MOF::post_comb_vsa_co2.csv__RDF__rdfs.csv,mmol/g,dummy,random,3,21303,5326,500,0,0.24119652111168452,0.09088480435598949,-0.07532980347144314,,0.018518518518518517,0.04868913857677903,0.1050656660412758,0.1755290313995584,False,descriptor_joined,uptake_or_loading,RDF,post_combustion_capture,CO2,uptake,,RDF_vdWaalsVolume_15.288_quantile_group,RDF
ARC-MOF::post_comb_vsa_co2.csv__RDF__rdfs.csv,mmol/g,ridge,random,3,21303,5326,500,0,0.19044083871047318,0.09165098369531667,0.32962196727956505,0.6626136614927632,0.35185185185185186,0.5355805243445693,0.6285178236397748,0.7112778898278943,False,descriptor_joined,uptake_or_loading,RDF,post_combustion_capture,CO2,uptake,,RDF_vdWaalsVolume_15.288_quantile_group,RDF
ARC-MOF::post_comb_vsa_co2.csv__RDF__rdfs.csv,mmol/g,hgb,random,3,21303,5326,500,0,0.14736040855210145,0.05820251010635835,0.5986149085062558,0.7852594299157646,0.5370370370370371,0.6441947565543071,0.6697936210131332,0.8177751266729896,False,descriptor_joined,uptake_or_loading,RDF,post_combustion_capture,CO2,uptake,,RDF_vdWaalsVolume_15.288_quantile_group,RDF
ARC-MOF::post_comb_vsa_co2.csv__RDF__rdfs.csv,mmol/g,extratrees,random,3,21303,5326,500,0,0.14057543973209524,0.05283287061933073,0.6347262147480939,0.848731140177733,0.5185185185185185,0.6741573033707865,0.724202626641651,0.8471267869246826,False,descriptor_joined,uptake_or_loading,RDF,post_combustion_capture,CO2,uptake,,RDF_vdWaalsVolume_15.288_quantile_group,RDF
ARC-MOF::post_comb_vsa_co2.csv__RDF__rdfs.csv,mmol/g,dummy,random,4,21303,5326,500,0,0.2405196363436759,0.08834903342095382,-0.07065389584228843,,0.0,0.04868913857677903,0.11632270168855535,0.18679897235297704,False,descriptor_joined,uptake_or_loading,RDF,post_combustion_capture,CO2,uptake,,RDF_vdWaalsVolume_15.288_quantile_group,RDF
ARC-MOF::post_comb_vsa_co2.csv__RDF__rdfs.csv,mmol/g,ridge,random,4,21303,5326,500,0,0.1806510757557308,0.09061810248567377,0.39601086161194,0.6501725798930688,0.3333333333333333,0.5393258426966292,0.600375234521576,0.7552505321953278,False,descriptor_joined,uptake_or_loading,RDF,post_combustion_capture,CO2,uptake,,RDF_vdWaalsVolume_15.288_quantile_group,RDF
ARC-MOF::post_comb_vsa_co2.csv__RDF__rdfs.csv,mmol/g,hgb,random,4,21303,5326,500,0,0.14381634057534695,0.056933308217789386,0.6172065549516632,0.7933658550032227,0.42592592592592593,0.6554307116104869,0.6641651031894934,0.8290633185835927,False,descriptor_joined,uptake_or_loading,RDF,post_combustion_capture,CO2,uptake,,RDF_vdWaalsVolume_15.288_quantile_group,RDF
ARC-MOF::post_comb_vsa_co2.csv__RDF__rdfs.csv,mmol/g,extratrees,random,4,21303,5326,500,0,0.140018562000761,0.05152317826442608,0.6371565808263787,0.8539456154169803,0.5740740740740741,0.6853932584269663,0.7129455909943715,0.8495818303526873,False,descriptor_joined,uptake_or_loading,RDF,post_combustion_capture,CO2,uptake,,RDF_vdWaalsVolume_15.288_quantile_group,RDF
ARC-MOF::post_comb_vsa_co2.csv__RDF__rdfs.csv,mmol/g,dummy,descriptor_grouped,0,21303,5326,500,0,0.2673662414751971,0.11063743860307923,-0.15064815823599287,,0.0,0.04119850187265917,0.0825515947467167,0.17550429414699303,False,descriptor_joined,uptake_or_loading,RDF,post_combustion_capture,CO2,uptake,,RDF_vdWaalsVolume_15.288_quantile_group,RDF
ARC-MOF::post_comb_vsa_co2.csv__RDF__rdfs.csv,mmol/g,ridge,descriptor_grouped,0,21303,5326,500,0,0.1926446352534521,0.10030984555390424,0.4026302270889952,0.6702735357138473,0.3333333333333333,0.5131086142322098,0.574108818011257,0.7323941313249468,False,descriptor_joined,uptake_or_loading,RDF,post_combustion_capture,CO2,uptake,,RDF_vdWaalsVolume_15.288_quantile_group,RDF
ARC-MOF::post_comb_vsa_co2.csv__RDF__rdfs.csv,mmol/g,hgb,descriptor_grouped,0,21303,5326,500,0,0.15099747151432108,0.07091503373673375,0.6329977264128261,0.755715483874419,0.5185185185185185,0.5955056179775281,0.6378986866791745,0.8211866597396655,False,descriptor_joined,uptake_or_loading,RDF,post_combustion_capture,CO2,uptake,,RDF_vdWaalsVolume_15.288_quantile_group,RDF
ARC-MOF::post_comb_vsa_co2.csv__RDF__rdfs.csv,mmol/g,extratrees,descriptor_grouped,0,21303,5326,500,0,0.14271272351925765,0.06461712485810699,0.6721653956853408,0.8117247496519358,0.5,0.6441947565543071,0.6885553470919324,0.8553456634968511,False,descriptor_joined,uptake_or_loading,RDF,post_combustion_capture,CO2,uptake,,RDF_vdWaalsVolume_15.288_quantile_group,RDF
ARC-MOF::post_comb_vsa_co2.csv__RDF__rdfs.csv,mmol/g,dummy,descriptor_grouped,1,21303,5326,500,0,0.299309561032793,0.11923929365377392,-0.14707048775574094,,0.018518518518518517,0.04868913857677903,0.09568480300187618,0.16938274261851255,False,descriptor_joined,uptake_or_loading,RDF,post_combustion_capture,CO2,uptake,,RDF_vdWaalsVolume_15.288_quantile_group,RDF
ARC-MOF::post_comb_vsa_co2.csv__RDF__rdfs.csv,mmol/g,ridge,descriptor_grouped,1,21303,5326,500,0,0.22480498422198242,0.10683305548012678,0.35291579657792915,0.6730221596788879,0.2037037037037037,0.4756554307116105,0.5534709193245778,0.6933622569480916,False,descriptor_joined,uptake_or_loading,RDF,post_combustion_capture,CO2,uptake,,RDF_vdWaalsVolume_15.288_quantile_group,RDF
ARC-MOF::post_comb_vsa_co2.csv__RDF__rdfs.csv,mmol/g,hgb,descriptor_grouped,1,21303,5326,500,0,0.1896499979806768,0.0750931410447214,0.53947351563233,0.7760199317011734,0.5740740740740741,0.5917602996254682,0.6472795497185742,0.7874436622877896,False,descriptor_joined,uptake_or_loading,RDF,post_combustion_capture,CO2,uptake,,RDF_vdWaalsVolume_15.288_quantile_group,RDF
ARC-MOF::post_comb_vsa_co2.csv__RDF__rdfs.csv,mmol/g,extratrees,descriptor_grouped,1,21303,5326,500,0,0.1704346148622195,0.06910656785172319,0.6280671539812135,0.8140459139242622,0.5740740740740741,0.6104868913857678,0.6923076923076923,0.8449162786887008,False,descriptor_joined,uptake_or_loading,RDF,post_combustion_capture,CO2,uptake,,RDF_vdWaalsVolume_15.288_quantile_group,RDF
ARC-MOF::post_comb_vsa_co2.csv__RDF__rdfs.csv,mmol/g,dummy,descriptor_grouped,2,21303,5326,500,0,0.28137080718682933,0.11393843165602706,-0.14751836710878075,,0.0,0.04119850187265917,0.08067542213883677,0.16714669786543823,False,descriptor_joined,uptake_or_loading,RDF,post_combustion_capture,CO2,uptake,,RDF_vdWaalsVolume_15.288_quantile_group,RDF
ARC-MOF::post_comb_vsa_co2.csv__RDF__rdfs.csv,mmol/g,ridge,descriptor_grouped,2,21303,5326,500,0,0.20137333209768943,0.10305402484492059,0.412232612656401,0.6762010932649137,0.3333333333333333,0.49063670411985016,0.5797373358348968,0.760435987599088,False,descriptor_joined,uptake_or_loading,RDF,post_combustion_capture,CO2,uptake,,RDF_vdWaalsVolume_15.288_quantile_group,RDF
ARC-MOF::post_comb_vsa_co2.csv__RDF__rdfs.csv,mmol/g,hgb,descriptor_grouped,2,21303,5326,500,0,0.16789020108846522,0.07338260478811123,0.5914433618959617,0.7619429622046356,0.5370370370370371,0.602996254681648,0.649155722326454,0.810369498885194,False,descriptor_joined,uptake_or_loading,RDF,post_combustion_capture,CO2,uptake,,RDF_vdWaalsVolume_15.288_quantile_group,RDF
ARC-MOF::post_comb_vsa_co2.csv__RDF__rdfs.csv,mmol/g,extratrees,descriptor_grouped,2,21303,5326,500,0,0.16235529959304248,0.06834500750117571,0.6179374135191911,0.8086727943024719,0.5740740740740741,0.6254681647940075,0.6941838649155723,0.8316021084628183,False,descriptor_joined,uptake_or_loading,RDF,post_combustion_capture,CO2,uptake,,RDF_vdWaalsVolume_15.288_quantile_group,RDF
ARC-MOF::post_comb_vsa_co2.csv__RDF__rdfs.csv,mmol/g,dummy,descriptor_grouped,3,21303,5326,500,0,0.2037224739683822,0.062714423770184,-0.0019405974578392549,,0.0,0.06741573033707865,0.1050656660412758,0.14234020582948406,False,descriptor_joined,uptake_or_loading,RDF,post_combustion_capture,CO2,uptake,,RDF_vdWaalsVolume_15.288_quantile_group,RDF
ARC-MOF::post_comb_vsa_co2.csv__RDF__rdfs.csv,mmol/g,ridge,descriptor_grouped,3,21303,5326,500,0,0.25467627995991815,0.10387443917645396,-0.5658172963373571,0.3127223072738469,0.4444444444444444,0.36704119850187267,0.3921200750469043,0.5663275226106812,False,descriptor_joined,uptake_or_loading,RDF,post_combustion_capture,CO2,uptake,,RDF_vdWaalsVolume_15.288_quantile_group,RDF
ARC-MOF::post_comb_vsa_co2.csv__RDF__rdfs.csv,mmol/g,hgb,descriptor_grouped,3,21303,5326,500,0,0.16134014413462183,0.048506147824025646,0.3715814848927862,0.5773784385756082,0.35185185185185186,0.6404494382022472,0.5891181988742964,0.7544947758747375,False,descriptor_joined,uptake_or_loading,RDF,post_combustion_capture,CO2,uptake,,RDF_vdWaalsVolume_15.288_quantile_group,RDF
ARC-MOF::post_comb_vsa_co2.csv__RDF__rdfs.csv,mmol/g,extratrees,descriptor_grouped,3,21303,5326,500,0,0.18512631943562816,0.05602924180226977,0.17262875186979676,0.6284171261341193,0.2777777777777778,0.5393258426966292,0.5347091932457786,0.7036683193687719,False,descriptor_joined,uptake_or_loading,RDF,post_combustion_capture,CO2,uptake,,RDF_vdWaalsVolume_15.288_quantile_group,RDF
ARC-MOF::post_comb_vsa_co2.csv__RDF__rdfs.csv,mmol/g,dummy,descriptor_grouped,4,21303,5326,500,0,0.21540862184467185,0.07553233702591063,-0.029615117524365075,,0.0,0.00749063670411985,0.0150093808630394,0.08788971138269297,False,descriptor_joined,uptake_or_loading,RDF,post_combustion_capture,CO2,uptake,,RDF_vdWaalsVolume_15.288_quantile_group,RDF
ARC-MOF::post_comb_vsa_co2.csv__RDF__rdfs.csv,mmol/g,ridge,descriptor_grouped,4,21303,5326,500,0,0.34117323525834115,0.10817664587688086,-1.5828468404356624,0.5687743240156529,0.37037037037037035,0.602996254681648,0.6360225140712945,0.7079716300414373,False,descriptor_joined,uptake_or_loading,RDF,post_combustion_capture,CO2,uptake,,RDF_vdWaalsVolume_15.288_quantile_group,RDF
ARC-MOF::post_comb_vsa_co2.csv__RDF__rdfs.csv,mmol/g,hgb,descriptor_grouped,4,21303,5326,500,0,0.13843246011970126,0.05156664060553176,0.57476929147959,0.7018618146997792,0.5,0.6779026217228464,0.6979362101313321,0.8399232158424847,False,descriptor_joined,uptake_or_loading,RDF,post_combustion_capture,CO2,uptake,,RDF_vdWaalsVolume_15.288_quantile_group,RDF
ARC-MOF::post_comb_vsa_co2.csv__RDF__rdfs.csv,mmol/g,extratrees,descriptor_grouped,4,21303,5326,500,0,0.17287164787173537,0.0645970783199876,0.33687364307868783,0.6775712761273888,0.4074074074074074,0.5580524344569289,0.6285178236397748,0.7854902778048352,False,descriptor_joined,uptake_or_loading,RDF,post_combustion_capture,CO2,uptake,,RDF_vdWaalsVolume_15.288_quantile_group,RDF
ARC-MOF::post_comb_vsa_co2.csv__RDF__rdfs.csv,S(g1),dummy,random,0,21303,5326,500,0,40.656602676765026,9.327078597446489,-0.04507181360981871,,0.0,0.0449438202247191,0.0975609756097561,0.07527420068734807,False,descriptor_joined,selectivity,RDF,post_combustion_capture,CO2,selectivity,,RDF_vdWaalsVolume_15.288_quantile_group,RDF
ARC-MOF::post_comb_vsa_co2.csv__RDF__rdfs.csv,S(g1),ridge,random,0,21303,5326,500,0,34.72903152688447,13.188732509103245,0.2374482738015954,0.6423031457879036,0.3148148148148148,0.5056179775280899,0.5928705440900562,0.629736134846966,False,descriptor_joined,selectivity,RDF,post_combustion_capture,CO2,selectivity,,RDF_vdWaalsVolume_15.288_quantile_group,RDF
ARC-MOF::post_comb_vsa_co2.csv__RDF__rdfs.csv,S(g1),hgb,random,0,21303,5326,500,0,29.13766475813649,7.573003968565443,0.4632235571194605,0.7482923114711938,0.5185185185185185,0.599250936329588,0.6454033771106942,0.7320419151258021,False,descriptor_joined,selectivity,RDF,post_combustion_capture,CO2,selectivity,,RDF_vdWaalsVolume_15.288_quantile_group,RDF
ARC-MOF::post_comb_vsa_co2.csv__RDF__rdfs.csv,S(g1),extratrees,random,0,21303,5326,500,0,28.24272485041575,6.866673954462752,0.49569049507841645,0.8525122041695958,0.5555555555555556,0.6441947565543071,0.6848030018761726,0.7657915822598241,False,descriptor_joined,selectivity,RDF,post_combustion_capture,CO2,selectivity,,RDF_vdWaalsVolume_15.288_quantile_group,RDF
ARC-MOF::post_comb_vsa_co2.csv__RDF__rdfs.csv,S(g1),dummy,random,1,21303,5326,500,0,34.59170826436111,8.254175674990615,-0.04772849187543238,,0.018518518518518517,0.052434456928838954,0.1050656660412758,0.08274282435036924,False,descriptor_joined,selectivity,RDF,post_combustion_capture,CO2,selectivity,,RDF_vdWaalsVolume_15.288_quantile_group,RDF
ARC-MOF::post_comb_vsa_co2.csv__RDF__rdfs.csv,S(g1),ridge,random,1,21303,5326,500,0,29.787014588475998,12.727431149876052,0.22311150264240742,0.6423830433223541,0.25925925925925924,0.4756554307116105,0.549718574108818,0.6376073820802654,False,descriptor_joined,selectivity,RDF,post_combustion_capture,CO2,selectivity,,RDF_vdWaalsVolume_15.288_quantile_group,RDF
ARC-MOF::post_comb_vsa_co2.csv__RDF__rdfs.csv,S(g1),hgb,random,1,21303,5326,500,0,24.67122566393064,7.052551158340787,0.4670503436060105,0.7505933271997783,0.5185185185185185,0.5917602996254682,0.624765478424015,0.7871457002484503,False,descriptor_joined,selectivity,RDF,post_combustion_capture,CO2,selectivity,,RDF_vdWaalsVolume_15.288_quantile_group,RDF
ARC-MOF::post_comb_vsa_co2.csv__RDF__rdfs.csv,S(g1),extratrees,random,1,21303,5326,500,0,23.12999518464884,6.285042722302862,0.5315580072486923,0.8539441029055326,0.5370370370370371,0.6591760299625468,0.6641651031894934,0.805713282316823,False,descriptor_joined,selectivity,RDF,post_combustion_capture,CO2,selectivity,,RDF_vdWaalsVolume_15.288_quantile_group,RDF
ARC-MOF::post_comb_vsa_co2.csv__RDF__rdfs.csv,S(g1),dummy,random,2,21303,5326,500,0,36.548674472856604,8.666678815245964,-0.04734138495833062,,0.0,0.0299625468164794,0.09568480300187618,0.08567800617117334,False,descriptor_joined,selectivity,RDF,post_combustion_capture,CO2,selectivity,,RDF_vdWaalsVolume_15.288_quantile_group,RDF
ARC-MOF::post_comb_vsa_co2.csv__RDF__rdfs.csv,S(g1),ridge,random,2,21303,5326,500,0,31.103100753435907,12.661866815234838,0.2415056022202613,0.6335164677980122,0.24074074074074073,0.5205992509363296,0.574108818011257,0.6665755644212755,False,descriptor_joined,selectivity,RDF,post_combustion_capture,CO2,selectivity,,RDF_vdWaalsVolume_15.288_quantile_group,RDF
ARC-MOF::post_comb_vsa_co2.csv__RDF__rdfs.csv,S(g1),hgb,random,2,21303,5326,500,0,23.851951545970508,6.810736400177767,0.5539404520580191,0.7484110477047948,0.5185185185185185,0.5842696629213483,0.6622889305816135,0.7932417982124819,False,descriptor_joined,selectivity,RDF,post_combustion_capture,CO2,selectivity,,RDF_vdWaalsVolume_15.288_quantile_group,RDF
ARC-MOF::post_comb_vsa_co2.csv__RDF__rdfs.csv,S(g1),extratrees,random,2,21303,5326,500,0,23.41086413552616,6.413287638169015,0.5702856150811636,0.8571954557632573,0.5740740740740741,0.6142322097378277,0.6791744840525328,0.8069849882302759,False,descriptor_joined,selectivity,RDF,post_combustion_capture,CO2,selectivity,,RDF_vdWaalsVolume_15.288_quantile_group,RDF
ARC-MOF::post_comb_vsa_co2.csv__RDF__rdfs.csv,S(g1),dummy,random,3,21303,5326,500,0,33.893859648995225,8.372681936725497,-0.05112341398725029,,0.018518518518518517,0.04868913857677903,0.10318949343339587,0.0996909711217782,False,descriptor_joined,selectivity,RDF,post_combustion_capture,CO2,selectivity,,RDF_vdWaalsVolume_15.288_quantile_group,RDF
ARC-MOF::post_comb_vsa_co2.csv__RDF__rdfs.csv,S(g1),ridge,random,3,21303,5326,500,0,28.748399263366114,12.453493379658912,0.2437959616892007,0.6451840036371839,0.3333333333333333,0.5093632958801498,0.5909943714821764,0.6662822877159645,False,descriptor_joined,selectivity,RDF,post_combustion_capture,CO2,selectivity,,RDF_vdWaalsVolume_15.288_quantile_group,RDF
ARC-MOF::post_comb_vsa_co2.csv__RDF__rdfs.csv,S(g1),hgb,random,3,21303,5326,500,0,23.991049080431793,6.99799316497028,0.47336449519114376,0.7278143322706836,0.4444444444444444,0.5880149812734082,0.6454033771106942,0.7339772078804278,False,descriptor_joined,selectivity,RDF,post_combustion_capture,CO2,selectivity,,RDF_vdWaalsVolume_15.288_quantile_group,RDF
ARC-MOF::post_comb_vsa_co2.csv__RDF__rdfs.csv,S(g1),extratrees,random,3,21303,5326,500,0,23.285766304923644,6.4936525026658,0.5038731562877595,0.8455832065656665,0.5185185185185185,0.5955056179775281,0.6679174484052532,0.7684305105163337,False,descriptor_joined,selectivity,RDF,post_combustion_capture,CO2,selectivity,,RDF_vdWaalsVolume_15.288_quantile_group,RDF
ARC-MOF::post_comb_vsa_co2.csv__RDF__rdfs.csv,S(g1),dummy,random,4,21303,5326,500,0,36.42327846752782,8.431070441231693,-0.04496842595236439,,0.0,0.033707865168539325,0.1200750469043152,0.09754220198308691,False,descriptor_joined,selectivity,RDF,post_combustion_capture,CO2,selectivity,,RDF_vdWaalsVolume_15.288_quantile_group,RDF
ARC-MOF::post_comb_vsa_co2.csv__RDF__rdfs.csv,S(g1),ridge,random,4,21303,5326,500,0,30.667921150167782,12.363456654080522,0.2591781621628251,0.6327659894588712,0.3333333333333333,0.49812734082397003,0.5853658536585366,0.6494565682162213,False,descriptor_joined,selectivity,RDF,post_combustion_capture,CO2,selectivity,,RDF_vdWaalsVolume_15.288_quantile_group,RDF
ARC-MOF::post_comb_vsa_co2.csv__RDF__rdfs.csv,S(g1),hgb,random,4,21303,5326,500,0,25.846237227257436,7.033480039512711,0.47381343851048996,0.7422126736090192,0.5370370370370371,0.5692883895131086,0.626641651031895,0.7369043493687529,False,descriptor_joined,selectivity,RDF,post_combustion_capture,CO2,selectivity,,RDF_vdWaalsVolume_15.288_quantile_group,RDF
ARC-MOF::post_comb_vsa_co2.csv__RDF__rdfs.csv,S(g1),extratrees,random,4,21303,5326,500,0,25.060977769238445,6.408912881182198,0.5053008974709561,0.8527575125266678,0.5185185185185185,0.6142322097378277,0.6660412757973734,0.7522612499496236,False,descriptor_joined,selectivity,RDF,post_combustion_capture,CO2,selectivity,,RDF_vdWaalsVolume_15.288_quantile_group,RDF
ARC-MOF::post_comb_vsa_co2.csv__RDF__rdfs.csv,S(g1),dummy,descriptor_grouped,0,21303,5326,500,0,40.57618618941041,11.27756886687946,-0.07645726159766197,,0.018518518518518517,0.04868913857677903,0.0825515947467167,0.10073006205895223,False,descriptor_joined,selectivity,RDF,post_combustion_capture,CO2,selectivity,,RDF_vdWaalsVolume_15.288_quantile_group,RDF
ARC-MOF::post_comb_vsa_co2.csv__RDF__rdfs.csv,S(g1),ridge,descriptor_grouped,0,21303,5326,500,0,32.422344147264276,14.24815341220118,0.31270503082765133,0.6803144731835092,0.3888888888888889,0.48314606741573035,0.5797373358348968,0.7083749610642651,False,descriptor_joined,selectivity,RDF,post_combustion_capture,CO2,selectivity,,RDF_vdWaalsVolume_15.288_quantile_group,RDF
ARC-MOF::post_comb_vsa_co2.csv__RDF__rdfs.csv,S(g1),hgb,descriptor_grouped,0,21303,5326,500,0,26.762013007272316,8.956687197452558,0.5317347852118611,0.7217525026619627,0.5740740740740741,0.5880149812734082,0.6097560975609756,0.7491378929226575,False,descriptor_joined,selectivity,RDF,post_combustion_capture,CO2,selectivity,,RDF_vdWaalsVolume_15.288_quantile_group,RDF
ARC-MOF::post_comb_vsa_co2.csv__RDF__rdfs.csv,S(g1),extratrees,descriptor_grouped,0,21303,5326,500,0,26.11740324505556,8.48830358470204,0.5540210801130215,0.8282060402559316,0.6111111111111112,0.5955056179775281,0.6303939962476548,0.7703461675140107,False,descriptor_joined,selectivity,RDF,post_combustion_capture,CO2,selectivity,,RDF_vdWaalsVolume_15.288_quantile_group,RDF
ARC-MOF::post_comb_vsa_co2.csv__RDF__rdfs.csv,S(g1),dummy,descriptor_grouped,1,21303,5326,500,0,43.37563529152307,12.175019217048442,-0.07960596775336004,,0.018518518518518517,0.04119850187265917,0.09568480300187618,0.10027921596485685,False,descriptor_joined,selectivity,RDF,post_combustion_capture,CO2,selectivity,,RDF_vdWaalsVolume_15.288_quantile_group,RDF
ARC-MOF::post_comb_vsa_co2.csv__RDF__rdfs.csv,S(g1),ridge,descriptor_grouped,1,21303,5326,500,0,36.2969208468056,15.165344278163191,0.24401505300034942,0.6796114764612678,0.24074074074074073,0.44569288389513106,0.5309568480300187,0.6205783875331943,False,descriptor_joined,selectivity,RDF,post_combustion_capture,CO2,selectivity,,RDF_vdWaalsVolume_15.288_quantile_group,RDF
ARC-MOF::post_comb_vsa_co2.csv__RDF__rdfs.csv,S(g1),hgb,descriptor_grouped,1,21303,5326,500,0,29.06886053509867,9.632523703757254,0.5151252197162385,0.726005245720833,0.5370370370370371,0.5692883895131086,0.6210131332082551,0.7499463187307749,False,descriptor_joined,selectivity,RDF,post_combustion_capture,CO2,selectivity,,RDF_vdWaalsVolume_15.288_quantile_group,RDF
ARC-MOF::post_comb_vsa_co2.csv__RDF__rdfs.csv,S(g1),extratrees,descriptor_grouped,1,21303,5326,500,0,27.897623495623446,9.069876629271446,0.5534110256010691,0.8293081925071061,0.5555555555555556,0.6142322097378277,0.6547842401500938,0.7795648576043428,False,descriptor_joined,selectivity,RDF,post_combustion_capture,CO2,selectivity,,RDF_vdWaalsVolume_15.288_quantile_group,RDF
ARC-MOF::post_comb_vsa_co2.csv__RDF__rdfs.csv,S(g1),dummy,descriptor_grouped,2,21303,5326,500,0,41.02375601548981,11.546912570409312,-0.07934023177062755,,0.018518518518518517,0.04868913857677903,0.08067542213883677,0.09908407525140524,False,descriptor_joined,selectivity,RDF,post_combustion_capture,CO2,selectivity,,RDF_vdWaalsVolume_15.288_quantile_group,RDF
ARC-MOF::post_comb_vsa_co2.csv__RDF__rdfs.csv,S(g1),ridge,descriptor_grouped,2,21303,5326,500,0,32.82358307558714,14.618278039617266,0.3090295107260723,0.6855773288888761,0.3148148148148148,0.46441947565543074,0.549718574108818,0.6610609644812465,False,descriptor_joined,selectivity,RDF,post_combustion_capture,CO2,selectivity,,RDF_vdWaalsVolume_15.288_quantile_group,RDF
ARC-MOF::post_comb_vsa_co2.csv__RDF__rdfs.csv,S(g1),hgb,descriptor_grouped,2,21303,5326,500,0,27.329394461550663,9.423841176782252,0.5209867324845217,0.731250547069679,0.5370370370370371,0.5692883895131086,0.6041275797373359,0.751950923055811,False,descriptor_joined,selectivity,RDF,post_combustion_capture,CO2,selectivity,,RDF_vdWaalsVolume_15.288_quantile_group,RDF
ARC-MOF::post_comb_vsa_co2.csv__RDF__rdfs.csv,S(g1),extratrees,descriptor_grouped,2,21303,5326,500,0,26.703667277571956,8.91608587077115,0.5426703692832565,0.8239187363177064,0.5740740740740741,0.6067415730337079,0.6228893058161351,0.7625524962438993,False,descriptor_joined,selectivity,RDF,post_combustion_capture,CO2,selectivity,,RDF_vdWaalsVolume_15.288_quantile_group,RDF
ARC-MOF::post_comb_vsa_co2.csv__RDF__rdfs.csv,S(g1),dummy,descriptor_grouped,3,21303,5326,500,0,22.536382903547704,4.1458909735260985,-0.011161074276025973,,0.0,0.0599250936329588,0.1050656660412758,0.08793990895076945,False,descriptor_joined,selectivity,RDF,post_combustion_capture,CO2,selectivity,,RDF_vdWaalsVolume_15.288_quantile_group,RDF
ARC-MOF::post_comb_vsa_co2.csv__RDF__rdfs.csv,S(g1),ridge,descriptor_grouped,3,21303,5326,500,0,31.58376723239812,13.560571635247182,-0.9860024387300372,0.2703689524922277,0.25925925925925924,0.3258426966292135,0.3827392120075047,0.4729926703178203,False,descriptor_joined,selectivity,RDF,post_combustion_capture,CO2,selectivity,,RDF_vdWaalsVolume_15.288_quantile_group,RDF
ARC-MOF::post_comb_vsa_co2.csv__RDF__rdfs.csv,S(g1),hgb,descriptor_grouped,3,21303,5326,500,0,20.4309289854378,4.471177083699947,0.16894810267327687,0.461591413954791,0.3148148148148148,0.5430711610486891,0.5684803001876173,0.5912722600920012,False,descriptor_joined,selectivity,RDF,post_combustion_capture,CO2,selectivity,,RDF_vdWaalsVolume_15.288_quantile_group,RDF
ARC-MOF::post_comb_vsa_co2.csv__RDF__rdfs.csv,S(g1),extratrees,descriptor_grouped,3,21303,5326,500,0,22.646929714439455,5.355706180866066,-0.021105419742078357,0.6630502962740188,0.25925925925925924,0.5280898876404494,0.5853658536585366,0.5681881840869133,False,descriptor_joined,selectivity,RDF,post_combustion_capture,CO2,selectivity,,RDF_vdWaalsVolume_15.288_quantile_group,RDF
ARC-MOF::post_comb_vsa_co2.csv__RDF__rdfs.csv,S(g1),dummy,descriptor_grouped,4,21303,5326,500,0,30.46446435110575,6.530754495869321,-0.03080821144838919,,0.0,0.00749063670411985,0.013133208255159476,0.022136851738458724,False,descriptor_joined,selectivity,RDF,post_combustion_capture,CO2,selectivity,,RDF_vdWaalsVolume_15.288_quantile_group,RDF
ARC-MOF::post_comb_vsa_co2.csv__RDF__rdfs.csv,S(g1),ridge,descriptor_grouped,4,21303,5326,500,0,31.467671814721474,12.824030467407457,-0.09981591754232277,0.5207862475849855,0.3148148148148148,0.5093632958801498,0.5590994371482176,0.6094434112810987,False,descriptor_joined,selectivity,RDF,post_combustion_capture,CO2,selectivity,,RDF_vdWaalsVolume_15.288_quantile_group,RDF
ARC-MOF::post_comb_vsa_co2.csv__RDF__rdfs.csv,S(g1),hgb,descriptor_grouped,4,21303,5326,500,0,21.61054982565921,5.618767910881702,0.4812926406965401,0.6526823185609839,0.5185185185185185,0.6329588014981273,0.6416510318949343,0.7594579230679998,False,descriptor_joined,selectivity,RDF,post_combustion_capture,CO2,selectivity,,RDF_vdWaalsVolume_15.288_quantile_group,RDF
ARC-MOF::post_comb_vsa_co2.csv__RDF__rdfs.csv,S(g1),extratrees,descriptor_grouped,4,21303,5326,500,0,22.588515488273718,6.3756632563093385,0.43328310913612866,0.7227578081248534,0.48148148148148145,0.599250936329588,0.624765478424015,0.7474521379752996,False,descriptor_joined,selectivity,RDF,post_combustion_capture,CO2,selectivity,,RDF_vdWaalsVolume_15.288_quantile_group,RDF
ARC-MOF::post_comb_vsa_co2.csv__RDF__rdfs.csv,molc/uc,dummy,random,0,21303,5326,500,0,0.4028812355198415,0.1332428133683815,-0.047831572688040946,,0.0,0.03745318352059925,0.08630393996247655,0.14242241498531777,False,descriptor_joined,uptake_or_loading,RDF,post_combustion_capture,CO2,loading,,RDF_vdWaalsVolume_15.288_quantile_group,RDF
ARC-MOF::post_comb_vsa_co2.csv__RDF__rdfs.csv,molc/uc,ridge,random,0,21303,5326,500,0,0.30336742251158294,0.1365666555259374,0.405878480566788,0.6387399903737019,0.48148148148148145,0.45692883895131087,0.46153846153846156,0.7427044285200722,False,descriptor_joined,uptake_or_loading,RDF,post_combustion_capture,CO2,loading,,RDF_vdWaalsVolume_15.288_quantile_group,RDF
ARC-MOF::post_comb_vsa_co2.csv__RDF__rdfs.csv,molc/uc,hgb,random,0,21303,5326,500,0,0.2419689079666938,0.08616252897913047,0.6220306980337066,0.7841182134192449,0.5370370370370371,0.6179775280898876,0.6060037523452158,0.8280441791697609,False,descriptor_joined,uptake_or_loading,RDF,post_combustion_capture,CO2,loading,,RDF_vdWaalsVolume_15.288_quantile_group,RDF
ARC-MOF::post_comb_vsa_co2.csv__RDF__rdfs.csv,molc/uc,extratrees,random,0,21303,5326,500,0,0.2219634247155319,0.0733394165416823,0.6819464600373416,0.8567802858624974,0.5185185185185185,0.6853932584269663,0.6679174484052532,0.8621254319437242,False,descriptor_joined,uptake_or_loading,RDF,post_combustion_capture,CO2,loading,,RDF_vdWaalsVolume_15.288_quantile_group,RDF
ARC-MOF::post_comb_vsa_co2.csv__RDF__rdfs.csv,molc/uc,dummy,random,1,21303,5326,500,0,0.3580122116987276,0.12653549943672548,-0.053378003957105236,,0.0,0.04119850187265917,0.10318949343339587,0.1668530102790148,False,descriptor_joined,uptake_or_loading,RDF,post_combustion_capture,CO2,loading,,RDF_vdWaalsVolume_15.288_quantile_group,RDF
ARC-MOF::post_comb_vsa_co2.csv__RDF__rdfs.csv,molc/uc,ridge,random,1,21303,5326,500,0,0.29474394896915296,0.13860659725890823,0.28603263636857823,0.6319278903802162,0.4444444444444444,0.4157303370786517,0.450281425891182,0.7046059854623657,False,descriptor_joined,uptake_or_loading,RDF,post_combustion_capture,CO2,loading,,RDF_vdWaalsVolume_15.288_quantile_group,RDF
ARC-MOF::post_comb_vsa_co2.csv__RDF__rdfs.csv,molc/uc,hgb,random,1,21303,5326,500,0,0.26363260467107374,0.08675993326157651,0.4288018328347779,0.7894009425902943,0.6296296296296297,0.602996254681648,0.6172607879924953,0.7525393680132879,False,descriptor_joined,uptake_or_loading,RDF,post_combustion_capture,CO2,loading,,RDF_vdWaalsVolume_15.288_quantile_group,RDF
ARC-MOF::post_comb_vsa_co2.csv__RDF__rdfs.csv,molc/uc,extratrees,random,1,21303,5326,500,0,0.2409801724688467,0.07376360867367335,0.5227442318287714,0.8515011172653342,0.5925925925925926,0.6554307116104869,0.6679174484052532,0.7952766963686618,False,descriptor_joined,uptake_or_loading,RDF,post_combustion_capture,CO2,loading,,RDF_vdWaalsVolume_15.288_quantile_group,RDF
ARC-MOF::post_comb_vsa_co2.csv__RDF__rdfs.csv,molc/uc,dummy,random,2,21303,5326,500,0,0.42633649685422853,0.1334684665790462,-0.04264053111751953,,0.0,0.03745318352059925,0.10318949343339587,0.1578447307559971,False,descriptor_joined,uptake_or_loading,RDF,post_combustion_capture,CO2,loading,,RDF_vdWaalsVolume_15.288_quantile_group,RDF
ARC-MOF::post_comb_vsa_co2.csv__RDF__rdfs.csv,molc/uc,ridge,random,2,21303,5326,500,0,0.3265959671441437,0.13375485191948897,0.3881411949570458,0.6458099244263021,0.42592592592592593,0.45692883895131087,0.4540337711069418,0.6936924862800334,False,descriptor_joined,uptake_or_loading,RDF,post_combustion_capture,CO2,loading,,RDF_vdWaalsVolume_15.288_quantile_group,RDF
ARC-MOF::post_comb_vsa_co2.csv__RDF__rdfs.csv,molc/uc,hgb,random,2,21303,5326,500,0,0.29161568305044966,0.08749602471002313,0.5121892890856985,0.7891396266989411,0.46296296296296297,0.6254681647940075,0.6153846153846154,0.7780197458181466,False,descriptor_joined,uptake_or_loading,RDF,post_combustion_capture,CO2,loading,,RDF_vdWaalsVolume_15.288_quantile_group,RDF
ARC-MOF::post_comb_vsa_co2.csv__RDF__rdfs.csv,molc/uc,extratrees,random,2,21303,5326,500,0,0.2753383530222673,0.07324373786453249,0.5651264443100663,0.860694323588643,0.5,0.6853932584269663,0.699812382739212,0.8170390502118414,False,descriptor_joined,uptake_or_loading,RDF,post_combustion_capture,CO2,loading,,RDF_vdWaalsVolume_15.288_quantile_group,RDF
ARC-MOF::post_comb_vsa_co2.csv__RDF__rdfs.csv,molc/uc,dummy,random,3,21303,5326,500,0,0.4121623800503761,0.1328627102891476,-0.04572265546065246,,0.018518518518518517,0.0599250936329588,0.10318949343339587,0.15653266038401764,False,descriptor_joined,uptake_or_loading,RDF,post_combustion_capture,CO2,loading,,RDF_vdWaalsVolume_15.288_quantile_group,RDF
ARC-MOF::post_comb_vsa_co2.csv__RDF__rdfs.csv,molc/uc,ridge,random,3,21303,5326,500,0,0.3425665731465999,0.13520491480266678,0.2776132274025239,0.6718059262912535,0.42592592592592593,0.4606741573033708,0.44652908067542213,0.6634092220830358,False,descriptor_joined,uptake_or_loading,RDF,post_combustion_capture,CO2,loading,,RDF_vdWaalsVolume_15.288_quantile_group,RDF
ARC-MOF::post_comb_vsa_co2.csv__RDF__rdfs.csv,molc/uc,hgb,random,3,21303,5326,500,0,0.28594341212680374,0.08781496522072627,0.4966848429131109,0.7954420327429631,0.5,0.5805243445692884,0.5778611632270169,0.7697605189391388,False,descriptor_joined,uptake_or_loading,RDF,post_combustion_capture,CO2,loading,,RDF_vdWaalsVolume_15.288_quantile_group,RDF
ARC-MOF::post_comb_vsa_co2.csv__RDF__rdfs.csv,molc/uc,extratrees,random,3,21303,5326,500,0,0.2725968314541172,0.07499839085414323,0.542573389707804,0.8637345020333215,0.5185185185185185,0.6254681647940075,0.6378986866791745,0.7990158747357949,False,descriptor_joined,uptake_or_loading,RDF,post_combustion_capture,CO2,loading,,RDF_vdWaalsVolume_15.288_quantile_group,RDF
ARC-MOF::post_comb_vsa_co2.csv__RDF__rdfs.csv,molc/uc,dummy,random,4,21303,5326,500,0,0.3690075599189578,0.13040234547502816,-0.055182848301079446,,0.0,0.0449438202247191,0.11069418386491557,0.18335699957955667,False,descriptor_joined,uptake_or_loading,RDF,post_combustion_capture,CO2,loading,,RDF_vdWaalsVolume_15.288_quantile_group,RDF
ARC-MOF::post_comb_vsa_co2.csv__RDF__rdfs.csv,molc/uc,ridge,random,4,21303,5326,500,0,0.2615991291024819,0.13548768143552606,0.46969004046940444,0.6235885444910432,0.5555555555555556,0.4044943820224719,0.4427767354596623,0.7537846029525037,False,descriptor_joined,uptake_or_loading,RDF,post_combustion_capture,CO2,loading,,RDF_vdWaalsVolume_15.288_quantile_group,RDF
ARC-MOF::post_comb_vsa_co2.csv__RDF__rdfs.csv,molc/uc,hgb,random,4,21303,5326,500,0,0.23824863346388478,0.0988586120475131,0.5601363917646573,0.7206420393930049,0.5925925925925926,0.5617977528089888,0.5778611632270169,0.8097806433159555,False,descriptor_joined,uptake_or_loading,RDF,post_combustion_capture,CO2,loading,,RDF_vdWaalsVolume_15.288_quantile_group,RDF
ARC-MOF::post_comb_vsa_co2.csv__RDF__rdfs.csv,molc/uc,extratrees,random,4,21303,5326,500,0,0.2098799179969512,0.0708629909972045,0.658650738567716,0.8668446747160412,0.6666666666666666,0.6254681647940075,0.6735459662288931,0.8354611936743218,False,descriptor_joined,uptake_or_loading,RDF,post_combustion_capture,CO2,loading,,RDF_vdWaalsVolume_15.288_quantile_group,RDF
ARC-MOF::post_comb_vsa_co2.csv__RDF__rdfs.csv,molc/uc,dummy,descriptor_grouped,0,21303,5326,500,0,0.2932891094116407,0.11560025441231694,-0.022813549258339005,,0.0,0.04119850187265917,0.0825515947467167,0.16479824109378668,False,descriptor_joined,uptake_or_loading,RDF,post_combustion_capture,CO2,loading,,RDF_vdWaalsVolume_15.288_quantile_group,RDF
ARC-MOF::post_comb_vsa_co2.csv__RDF__rdfs.csv,molc/uc,ridge,descriptor_grouped,0,21303,5326,500,0,0.2284901335472381,0.12022904884997002,0.3792174480218621,0.6429249033781614,0.4074074074074074,0.4232209737827715,0.4878048780487805,0.6839358116660554,False,descriptor_joined,uptake_or_loading,RDF,post_combustion_capture,CO2,loading,,RDF_vdWaalsVolume_15.288_quantile_group,RDF
ARC-MOF::post_comb_vsa_co2.csv__RDF__rdfs.csv,molc/uc,hgb,descriptor_grouped,0,21303,5326,500,0,0.19907422061485427,0.07955434570487316,0.5287681381306575,0.7392480712523526,0.46296296296296297,0.5767790262172284,0.6210131332082551,0.784865549341147,False,descriptor_joined,uptake_or_loading,RDF,post_combustion_capture,CO2,loading,,RDF_vdWaalsVolume_15.288_quantile_group,RDF
ARC-MOF::post_comb_vsa_co2.csv__RDF__rdfs.csv,molc/uc,extratrees,descriptor_grouped,0,21303,5326,500,0,0.16485765109354625,0.0683641169810573,0.6768361196015202,0.8156973211843673,0.5555555555555556,0.5955056179775281,0.6604127579737336,0.8563500562953689,False,descriptor_joined,uptake_or_loading,RDF,post_combustion_capture,CO2,loading,,RDF_vdWaalsVolume_15.288_quantile_group,RDF
ARC-MOF::post_comb_vsa_co2.csv__RDF__rdfs.csv,molc/uc,dummy,descriptor_grouped,1,21303,5326,500,0,0.3293614085932305,0.1212373655651521,-0.028400822954924854,,0.018518518518518517,0.03745318352059925,0.0975609756097561,0.15243147724620024,False,descriptor_joined,uptake_or_loading,RDF,post_combustion_capture,CO2,loading,,RDF_vdWaalsVolume_15.288_quantile_group,RDF
ARC-MOF::post_comb_vsa_co2.csv__RDF__rdfs.csv,molc/uc,ridge,descriptor_grouped,1,21303,5326,500,0,0.2787569176910449,0.13146782630972884,0.26333794489322104,0.6543182666098891,0.35185185185185186,0.3707865168539326,0.43151969981238275,0.664960507800073,False,descriptor_joined,uptake_or_loading,RDF,post_combustion_capture,CO2,loading,,RDF_vdWaalsVolume_15.288_quantile_group,RDF
ARC-MOF::post_comb_vsa_co2.csv__RDF__rdfs.csv,molc/uc,hgb,descriptor_grouped,1,21303,5326,500,0,0.2459921749008096,0.09334017881305082,0.42633338392248776,0.7141934503166625,0.5555555555555556,0.50187265917603,0.5422138836772983,0.71914972975863,False,descriptor_joined,uptake_or_loading,RDF,post_combustion_capture,CO2,loading,,RDF_vdWaalsVolume_15.288_quantile_group,RDF
ARC-MOF::post_comb_vsa_co2.csv__RDF__rdfs.csv,molc/uc,extratrees,descriptor_grouped,1,21303,5326,500,0,0.20163050891224282,0.07207537338008511,0.6145842258362841,0.8283664744455266,0.5740740740740741,0.599250936329588,0.6416510318949343,0.8296324062197046,False,descriptor_joined,uptake_or_loading,RDF,post_combustion_capture,CO2,loading,,RDF_vdWaalsVolume_15.288_quantile_group,RDF
ARC-MOF::post_comb_vsa_co2.csv__RDF__rdfs.csv,molc/uc,dummy,descriptor_grouped,2,21303,5326,500,0,0.30812857495919305,0.11599459669545625,-0.023245858199079317,,0.0,0.04119850187265917,0.08067542213883677,0.15963889383283536,False,descriptor_joined,uptake_or_loading,RDF,post_combustion_capture,CO2,loading,,RDF_vdWaalsVolume_15.288_quantile_group,RDF
ARC-MOF::post_comb_vsa_co2.csv__RDF__rdfs.csv,molc/uc,ridge,descriptor_grouped,2,21303,5326,500,0,0.2271101263812514,0.1226893688376546,0.44410976829080506,0.6499267801982269,0.3888888888888889,0.4044943820224719,0.4446529080675422,0.7310080074090163,False,descriptor_joined,uptake_or_loading,RDF,post_combustion_capture,CO2,loading,,RDF_vdWaalsVolume_15.288_quantile_group,RDF
ARC-MOF::post_comb_vsa_co2.csv__RDF__rdfs.csv,molc/uc,hgb,descriptor_grouped,2,21303,5326,500,0,0.20510675497143038,0.08185232274755623,0.5466057877787387,0.743879798442488,0.48148148148148145,0.5355805243445693,0.5816135084427767,0.7874248135937191,False,descriptor_joined,uptake_or_loading,RDF,post_combustion_capture,CO2,loading,,RDF_vdWaalsVolume_15.288_quantile_group,RDF
ARC-MOF::post_comb_vsa_co2.csv__RDF__rdfs.csv,molc/uc,extratrees,descriptor_grouped,2,21303,5326,500,0,0.18578014663827422,0.07119247611283223,0.6280242335682119,0.8166128738945723,0.5740740740740741,0.5805243445692884,0.6378986866791745,0.8464862012433538,False,descriptor_joined,uptake_or_loading,RDF,post_combustion_capture,CO2,loading,,RDF_vdWaalsVolume_15.288_quantile_group,RDF
ARC-MOF::post_comb_vsa_co2.csv__RDF__rdfs.csv,molc/uc,dummy,descriptor_grouped,3,21303,5326,500,0,0.6319806640756547,0.20718253961697336,-0.10843021107312989,,0.0,0.06367041198501873,0.11632270168855535,0.15195238417263143,False,descriptor_joined,uptake_or_loading,RDF,post_combustion_capture,CO2,loading,,RDF_vdWaalsVolume_15.288_quantile_group,RDF
ARC-MOF::post_comb_vsa_co2.csv__RDF__rdfs.csv,molc/uc,ridge,descriptor_grouped,3,21303,5326,500,0,0.6196466753328148,0.21821004612796238,-0.06558726166103912,0.5434794726852193,0.37037037037037035,0.36704119850187267,0.38461538461538464,0.6082751341241054,False,descriptor_joined,uptake_or_loading,RDF,post_combustion_capture,CO2,loading,,RDF_vdWaalsVolume_15.288_quantile_group,RDF
ARC-MOF::post_comb_vsa_co2.csv__RDF__rdfs.csv,molc/uc,hgb,descriptor_grouped,3,21303,5326,500,0,0.47188378977046325,0.1439941657753642,0.3820250234112439,0.7579741048648422,0.35185185185185186,0.5955056179775281,0.5797373358348968,0.7366183387749773,False,descriptor_joined,uptake_or_loading,RDF,post_combustion_capture,CO2,loading,,RDF_vdWaalsVolume_15.288_quantile_group,RDF
ARC-MOF::post_comb_vsa_co2.csv__RDF__rdfs.csv,molc/uc,extratrees,descriptor_grouped,3,21303,5326,500,0,0.5320324212721326,0.15159782115232998,0.21444432719075068,0.8216811331046557,0.3148148148148148,0.6142322097378277,0.6060037523452158,0.6962203861071796,False,descriptor_joined,uptake_or_loading,RDF,post_combustion_capture,CO2,loading,,RDF_vdWaalsVolume_15.288_quantile_group,RDF
ARC-MOF::post_comb_vsa_co2.csv__RDF__rdfs.csv,molc/uc,dummy,descriptor_grouped,4,21303,5326,500,0,0.4917104353060366,0.16720483139316558,-0.09007923781896965,,0.0,0.06367041198501873,0.15196998123827393,0.2116838061934997,False,descriptor_joined,uptake_or_loading,RDF,post_combustion_capture,CO2,loading,,RDF_vdWaalsVolume_15.288_quantile_group,RDF
ARC-MOF::post_comb_vsa_co2.csv__RDF__rdfs.csv,molc/uc,ridge,descriptor_grouped,4,21303,5326,500,0,0.6787962859199986,0.1804966795810373,-1.0773904573562847,0.553524888266056,0.5555555555555556,0.40074906367041196,0.3696060037523452,0.6726345579506802,False,descriptor_joined,uptake_or_loading,RDF,post_combustion_capture,CO2,loading,,RDF_vdWaalsVolume_15.288_quantile_group,RDF
ARC-MOF::post_comb_vsa_co2.csv__RDF__rdfs.csv,molc/uc,hgb,descriptor_grouped,4,21303,5326,500,0,0.32849170004567063,0.11432261070962799,0.5134942034366803,0.8033935696168237,0.6296296296296297,0.49063670411985016,0.5215759849906192,0.7724963256279849,False,descriptor_joined,uptake_or_loading,RDF,post_combustion_capture,CO2,loading,,RDF_vdWaalsVolume_15.288_quantile_group,RDF
ARC-MOF::post_comb_vsa_co2.csv__RDF__rdfs.csv,molc/uc,extratrees,descriptor_grouped,4,21303,5326,500,0,0.3749830008046945,0.11623085953242256,0.3660392391434383,0.8523179659897652,0.6296296296296297,0.5093632958801498,0.5553470919324578,0.7790488480071337,False,descriptor_joined,uptake_or_loading,RDF,post_combustion_capture,CO2,loading,,RDF_vdWaalsVolume_15.288_quantile_group,RDF
ARC-MOF::post_comb_vsa_co2.csv__other_descriptor__clean_data.csv,wt%,dummy,random,0,20558,5140,23,0,1.1064650756040728,0.4534130326848249,-0.08895291524736848,,0.0,0.07003891050583658,0.10505836575875487,0.18495452285934735,False,descriptor_joined,uptake_or_loading,other_descriptor,post_combustion_capture,CO2,uptake,,UC_volume_quantile_group,other_descriptor
ARC-MOF::post_comb_vsa_co2.csv__other_descriptor__clean_data.csv,wt%,ridge,random,0,20558,5140,23,0,0.8590267449360173,0.38718920873497087,0.3436325258321312,0.731759049837504,0.1346153846153846,0.42023346303501946,0.5700389105058365,0.6595811680302223,False,descriptor_joined,uptake_or_loading,other_descriptor,post_combustion_capture,CO2,uptake,,UC_volume_quantile_group,other_descriptor
ARC-MOF::post_comb_vsa_co2.csv__other_descriptor__clean_data.csv,wt%,hgb,random,0,20558,5140,23,0,0.8123422500488068,0.32709268551220094,0.41303559664524525,0.7908941285420882,0.36538461538461536,0.5019455252918288,0.6614785992217899,0.7145312944375094,False,descriptor_joined,uptake_or_loading,other_descriptor,post_combustion_capture,CO2,uptake,,UC_volume_quantile_group,other_descriptor
ARC-MOF::post_comb_vsa_co2.csv__other_descriptor__clean_data.csv,wt%,extratrees,random,0,20558,5140,23,0,0.7895659355864012,0.3137439416132188,0.4454885893330337,0.824117907436098,0.36538461538461536,0.5291828793774319,0.6634241245136187,0.7319062767121358,False,descriptor_joined,uptake_or_loading,other_descriptor,post_combustion_capture,CO2,uptake,,UC_volume_quantile_group,other_descriptor
ARC-MOF::post_comb_vsa_co2.csv__other_descriptor__clean_data.csv,wt%,dummy,random,1,20558,5140,23,0,1.185928878342938,0.4674832373540856,-0.08249349408003215,,0.0,0.03501945525291829,0.09727626459143969,0.16467338938364945,False,descriptor_joined,uptake_or_loading,other_descriptor,post_combustion_capture,CO2,uptake,,UC_volume_quantile_group,other_descriptor
ARC-MOF::post_comb_vsa_co2.csv__other_descriptor__clean_data.csv,wt%,ridge,random,1,20558,5140,23,0,0.9500691095318914,0.40046561531701524,0.3052662440248356,0.7137846771983554,0.15384615384615385,0.39299610894941633,0.5330739299610895,0.6176151640190929,False,descriptor_joined,uptake_or_loading,other_descriptor,post_combustion_capture,CO2,uptake,,UC_volume_quantile_group,other_descriptor
ARC-MOF::post_comb_vsa_co2.csv__other_descriptor__clean_data.csv,wt%,hgb,random,1,20558,5140,23,0,0.8731668237679673,0.35423608700618797,0.4131833091011967,0.7485897648422788,0.34615384615384615,0.48638132295719844,0.5972762645914397,0.7211909043942282,False,descriptor_joined,uptake_or_loading,other_descriptor,post_combustion_capture,CO2,uptake,,UC_volume_quantile_group,other_descriptor
ARC-MOF::post_comb_vsa_co2.csv__other_descriptor__clean_data.csv,wt%,extratrees,random,1,20558,5140,23,0,0.8150887083441355,0.32192426543633806,0.4886505900136965,0.809914281454313,0.36538461538461536,0.490272373540856,0.6167315175097277,0.7524463361105094,False,descriptor_joined,uptake_or_loading,other_descriptor,post_combustion_capture,CO2,uptake,,UC_volume_quantile_group,other_descriptor
ARC-MOF::post_comb_vsa_co2.csv__other_descriptor__clean_data.csv,wt%,dummy,random,2,20558,5140,23,0,1.0397467545186996,0.439698713229572,-0.09129033316507673,,0.019230769230769232,0.038910505836575876,0.10311284046692606,0.20213871056372676,False,descriptor_joined,uptake_or_loading,other_descriptor,post_combustion_capture,CO2,uptake,,UC_volume_quantile_group,other_descriptor
ARC-MOF::post_comb_vsa_co2.csv__other_descriptor__clean_data.csv,wt%,ridge,random,2,20558,5140,23,0,0.8047279199855835,0.3773979167172655,0.34629275217274325,0.7401151811158123,0.15384615384615385,0.40077821011673154,0.5272373540856031,0.6438339695123546,False,descriptor_joined,uptake_or_loading,other_descriptor,post_combustion_capture,CO2,uptake,,UC_volume_quantile_group,other_descriptor
ARC-MOF::post_comb_vsa_co2.csv__other_descriptor__clean_data.csv,wt%,hgb,random,2,20558,5140,23,0,0.7015260482861361,0.32062928905256105,0.5032100927935964,0.7821370932270155,0.5192307692307693,0.47470817120622566,0.6108949416342413,0.7644168786545554,False,descriptor_joined,uptake_or_loading,other_descriptor,post_combustion_capture,CO2,uptake,,UC_volume_quantile_group,other_descriptor
ARC-MOF::post_comb_vsa_co2.csv__other_descriptor__clean_data.csv,wt%,extratrees,random,2,20558,5140,23,0,0.675966069763919,0.3017552049200929,0.5387515122235706,0.8269275197053718,0.5384615384615384,0.5058365758754864,0.6167315175097277,0.7851075895018976,False,descriptor_joined,uptake_or_loading,other_descriptor,post_combustion_capture,CO2,uptake,,UC_volume_quantile_group,other_descriptor
ARC-MOF::post_comb_vsa_co2.csv__other_descriptor__clean_data.csv,wt%,dummy,random,3,20558,5140,23,0,1.1442400206163197,0.46028688501945525,-0.0851647851854962,,0.0,0.058365758754863814,0.10116731517509728,0.18202657096786726,False,descriptor_joined,uptake_or_loading,other_descriptor,post_combustion_capture,CO2,uptake,,UC_volume_quantile_group,other_descriptor
ARC-MOF::post_comb_vsa_co2.csv__other_descriptor__clean_data.csv,wt%,ridge,random,3,20558,5140,23,0,0.9164538677031496,0.40169988790646366,0.3038823556428438,0.7240554728781099,0.057692307692307696,0.42023346303501946,0.5369649805447471,0.6106139890868919,False,descriptor_joined,uptake_or_loading,other_descriptor,post_combustion_capture,CO2,uptake,,UC_volume_quantile_group,other_descriptor
ARC-MOF::post_comb_vsa_co2.csv__other_descriptor__clean_data.csv,wt%,hgb,random,3,20558,5140,23,0,0.7986618320158316,0.33834189399900844,0.47132681238676544,0.7734649352497524,0.3269230769230769,0.5136186770428015,0.6089494163424124,0.7579523478741704,False,descriptor_joined,uptake_or_loading,other_descriptor,post_combustion_capture,CO2,uptake,,UC_volume_quantile_group,other_descriptor
ARC-MOF::post_comb_vsa_co2.csv__other_descriptor__clean_data.csv,wt%,extratrees,random,3,20558,5140,23,0,0.776817327419304,0.3231564059310419,0.4998511972616617,0.8142538984285695,0.40384615384615385,0.5408560311284046,0.6186770428015564,0.7558103683477763,False,descriptor_joined,uptake_or_loading,other_descriptor,post_combustion_capture,CO2,uptake,,UC_volume_quantile_group,other_descriptor
ARC-MOF::post_comb_vsa_co2.csv__other_descriptor__clean_data.csv,wt%,dummy,random,4,20558,5140,23,0,1.0793040665864257,0.4386774517509728,-0.08131788832622222,,0.0,0.07003891050583658,0.122568093385214,0.19878643071379162,False,descriptor_joined,uptake_or_loading,other_descriptor,post_combustion_capture,CO2,uptake,,UC_volume_quantile_group,other_descriptor
ARC-MOF::post_comb_vsa_co2.csv__other_descriptor__clean_data.csv,wt%,ridge,random,4,20558,5140,23,0,0.8330994927382215,0.3695396220599112,0.35574247345527266,0.7254403105921163,0.17307692307692307,0.42023346303501946,0.5486381322957199,0.6696329946174108,False,descriptor_joined,uptake_or_loading,other_descriptor,post_combustion_capture,CO2,uptake,,UC_volume_quantile_group,other_descriptor
ARC-MOF::post_comb_vsa_co2.csv__other_descriptor__clean_data.csv,wt%,hgb,random,4,20558,5140,23,0,0.7769087059831011,0.31286270264816074,0.4397192038180967,0.7770498759752316,0.40384615384615385,0.5330739299610895,0.632295719844358,0.7065176915141244,False,descriptor_joined,uptake_or_loading,other_descriptor,post_combustion_capture,CO2,uptake,,UC_volume_quantile_group,other_descriptor
ARC-MOF::post_comb_vsa_co2.csv__other_descriptor__clean_data.csv,wt%,extratrees,random,4,20558,5140,23,0,0.760047148784028,0.2997893629177259,0.46377528244626476,0.8165166606953428,0.36538461538461536,0.5369649805447471,0.6264591439688716,0.7356295025463917,False,descriptor_joined,uptake_or_loading,other_descriptor,post_combustion_capture,CO2,uptake,,UC_volume_quantile_group,other_descriptor
ARC-MOF::post_comb_vsa_co2.csv__other_descriptor__clean_data.csv,wt%,dummy,descriptor_grouped,0,20558,5140,23,0,0.9964656514421564,0.41830421167315174,-0.154243162484067,,0.019230769230769232,0.05058365758754864,0.122568093385214,0.226541540813963,False,descriptor_joined,uptake_or_loading,other_descriptor,post_combustion_capture,CO2,uptake,,UC_volume_quantile_group,other_descriptor
ARC-MOF::post_comb_vsa_co2.csv__other_descriptor__clean_data.csv,wt%,ridge,descriptor_grouped,0,20558,5140,23,0,0.849859783522771,0.41981411119605505,0.16041010825075164,0.5388306544966539,0.21153846153846154,0.3035019455252918,0.4085603112840467,0.5528350128685017,False,descriptor_joined,uptake_or_loading,other_descriptor,post_combustion_capture,CO2,uptake,,UC_volume_quantile_group,other_descriptor
ARC-MOF::post_comb_vsa_co2.csv__other_descriptor__clean_data.csv,wt%,hgb,descriptor_grouped,0,20558,5140,23,0,0.8528147810381413,0.383036244297589,0.15456138040733625,0.5855880267855226,0.1346153846153846,0.3035019455252918,0.4455252918287938,0.5551631094447098,False,descriptor_joined,uptake_or_loading,other_descriptor,post_combustion_capture,CO2,uptake,,UC_volume_quantile_group,other_descriptor
ARC-MOF::post_comb_vsa_co2.csv__other_descriptor__clean_data.csv,wt%,extratrees,descriptor_grouped,0,20558,5140,23,0,0.8530333327832044,0.3880865579698983,0.15412800198652732,0.6131516477426872,0.07692307692307693,0.32684824902723736,0.4591439688715953,0.5685466544471399,False,descriptor_joined,uptake_or_loading,other_descriptor,post_combustion_capture,CO2,uptake,,UC_volume_quantile_group,other_descriptor
ARC-MOF::post_comb_vsa_co2.csv__other_descriptor__clean_data.csv,wt%,dummy,descriptor_grouped,1,20558,5140,23,0,2.0429307258874134,1.1640611035019455,-0.45597645878720017,,0.0,0.0311284046692607,0.08949416342412451,0.21631329956765044,False,descriptor_joined,uptake_or_loading,other_descriptor,post_combustion_capture,CO2,uptake,,UC_volume_quantile_group,other_descriptor
ARC-MOF::post_comb_vsa_co2.csv__other_descriptor__clean_data.csv,wt%,ridge,descriptor_grouped,1,20558,5140,23,0,1.6328557536706065,0.8517604087322413,0.06987200871287469,0.5383198563513585,0.07692307692307693,0.14785992217898833,0.3229571984435798,0.4380240658392844,False,descriptor_joined,uptake_or_loading,other_descriptor,post_combustion_capture,CO2,uptake,,UC_volume_quantile_group,other_descriptor
ARC-MOF::post_comb_vsa_co2.csv__other_descriptor__clean_data.csv,wt%,hgb,descriptor_grouped,1,20558,5140,23,0,1.5302015599310699,0.821072749632332,0.18314616343178014,0.5785234043480587,0.057692307692307696,0.1556420233463035,0.33073929961089493,0.48798464422491333,False,descriptor_joined,uptake_or_loading,other_descriptor,post_combustion_capture,CO2,uptake,,UC_volume_quantile_group,other_descriptor
ARC-MOF::post_comb_vsa_co2.csv__other_descriptor__clean_data.csv,wt%,extratrees,descriptor_grouped,1,20558,5140,23,0,1.496551318836635,0.8441605597955902,0.21867755500171382,0.5952184128519837,0.15384615384615385,0.2140077821011673,0.3443579766536965,0.510225186760566,False,descriptor_joined,uptake_or_loading,other_descriptor,post_combustion_capture,CO2,uptake,,UC_volume_quantile_group,other_descriptor
ARC-MOF::post_comb_vsa_co2.csv__other_descriptor__clean_data.csv,wt%,dummy,descriptor_grouped,2,20558,5140,23,0,1.840049184192493,0.8895619727626457,-0.2731915851064419,,0.0,0.027237354085603113,0.08171206225680934,0.17773820679185762,False,descriptor_joined,uptake_or_loading,other_descriptor,post_combustion_capture,CO2,uptake,,UC_volume_quantile_group,other_descriptor
ARC-MOF::post_comb_vsa_co2.csv__other_descriptor__clean_data.csv,wt%,ridge,descriptor_grouped,2,20558,5140,23,0,1.4397295957419827,0.6707031710509044,0.22053474584708932,0.6860891658403637,0.09615384615384616,0.2607003891050584,0.4396887159533074,0.5321711284386882,False,descriptor_joined,uptake_or_loading,other_descriptor,post_combustion_capture,CO2,uptake,,UC_volume_quantile_group,other_descriptor
ARC-MOF::post_comb_vsa_co2.csv__other_descriptor__clean_data.csv,wt%,hgb,descriptor_grouped,2,20558,5140,23,0,1.423831389513697,0.6575272991695512,0.23765418209384082,0.6885683736593442,0.15384615384615385,0.22957198443579765,0.39299610894941633,0.5254427976827464,False,descriptor_joined,uptake_or_loading,other_descriptor,post_combustion_capture,CO2,uptake,,UC_volume_quantile_group,other_descriptor
ARC-MOF::post_comb_vsa_co2.csv__other_descriptor__clean_data.csv,wt%,extratrees,descriptor_grouped,2,20558,5140,23,0,1.3961305222342137,0.6611519810474492,0.26702875122169767,0.7111640575034641,0.17307692307692307,0.22178988326848248,0.3754863813229572,0.529090386110219,False,descriptor_joined,uptake_or_loading,other_descriptor,post_combustion_capture,CO2,uptake,,UC_volume_quantile_group,other_descriptor
ARC-MOF::post_comb_vsa_co2.csv__other_descriptor__clean_data.csv,wt%,dummy,descriptor_grouped,3,20558,5140,23,0,0.43449997180864025,0.24215224260700388,-0.137115949783726,,0.0,0.05058365758754864,0.08754863813229571,0.18889551662813517,False,descriptor_joined,uptake_or_loading,other_descriptor,post_combustion_capture,CO2,uptake,,UC_volume_quantile_group,other_descriptor
ARC-MOF::post_comb_vsa_co2.csv__other_descriptor__clean_data.csv,wt%,ridge,descriptor_grouped,3,20558,5140,23,0,1.0606068977134406,0.522531495570563,-5.7753875303333455,0.40648292325017277,0.17307692307692307,0.2607003891050584,0.29571984435797666,0.42658493573216527,False,descriptor_joined,uptake_or_loading,other_descriptor,post_combustion_capture,CO2,uptake,,UC_volume_quantile_group,other_descriptor
ARC-MOF::post_comb_vsa_co2.csv__other_descriptor__clean_data.csv,wt%,hgb,descriptor_grouped,3,20558,5140,23,0,0.3735155581091457,0.1276752617580193,0.15968398885170965,0.43022651117329896,0.2692307692307692,0.377431906614786,0.42996108949416345,0.5555067372867308,False,descriptor_joined,uptake_or_loading,other_descriptor,post_combustion_capture,CO2,uptake,,UC_volume_quantile_group,other_descriptor
ARC-MOF::post_comb_vsa_co2.csv__other_descriptor__clean_data.csv,wt%,extratrees,descriptor_grouped,3,20558,5140,23,0,0.373766157422808,0.13732175698921315,0.15855603981078703,0.4508480802432048,0.2692307692307692,0.377431906614786,0.42996108949416345,0.591816427981841,False,descriptor_joined,uptake_or_loading,other_descriptor,post_combustion_capture,CO2,uptake,,UC_volume_quantile_group,other_descriptor
ARC-MOF::post_comb_vsa_co2.csv__other_descriptor__clean_data.csv,wt%,dummy,descriptor_grouped,4,20558,5140,23,0,0.5997661911664423,0.2353419200389105,-0.001082878166893897,,0.019230769230769232,0.027237354085603113,0.07003891050583658,0.16458497355151383,False,descriptor_joined,uptake_or_loading,other_descriptor,post_combustion_capture,CO2,uptake,,UC_volume_quantile_group,other_descriptor
ARC-MOF::post_comb_vsa_co2.csv__other_descriptor__clean_data.csv,wt%,ridge,descriptor_grouped,4,20558,5140,23,0,1.0803664124967178,0.5416491025478614,-2.248240819004166,0.6296116831079658,0.34615384615384615,0.42023346303501946,0.42996108949416345,0.5736053695779753,False,descriptor_joined,uptake_or_loading,other_descriptor,post_combustion_capture,CO2,uptake,,UC_volume_quantile_group,other_descriptor
ARC-MOF::post_comb_vsa_co2.csv__other_descriptor__clean_data.csv,wt%,hgb,descriptor_grouped,4,20558,5140,23,0,0.5206730646942215,0.1690367418143996,0.24553986907229852,0.6983439416151984,0.34615384615384615,0.4046692607003891,0.4688715953307393,0.6036791012150988,False,descriptor_joined,uptake_or_loading,other_descriptor,post_combustion_capture,CO2,uptake,,UC_volume_quantile_group,other_descriptor
ARC-MOF::post_comb_vsa_co2.csv__other_descriptor__clean_data.csv,wt%,extratrees,descriptor_grouped,4,20558,5140,23,0,0.5434125621125511,0.18131088595671205,0.1782013578347712,0.696626706460285,0.3076923076923077,0.3852140077821012,0.4688715953307393,0.5628887890693149,False,descriptor_joined,uptake_or_loading,other_descriptor,post_combustion_capture,CO2,uptake,,UC_volume_quantile_group,other_descriptor
ARC-MOF::post_comb_vsa_co2.csv__other_descriptor__clean_data.csv,v/v,dummy,random,0,20558,5140,23,0,7.189492914623316,2.6032166424124514,-0.08316987603588544,,0.0,0.058365758754863814,0.10116731517509728,0.13975256162270533,False,descriptor_joined,uptake_or_loading,other_descriptor,post_combustion_capture,CO2,uptake,,UC_volume_quantile_group,other_descriptor
ARC-MOF::post_comb_vsa_co2.csv__other_descriptor__clean_data.csv,v/v,ridge,random,0,20558,5140,23,0,5.380845469268745,2.1702903891542067,0.39326214339295307,0.7982642508170392,0.25,0.48249027237354086,0.6167315175097277,0.6778734313181124,False,descriptor_joined,uptake_or_loading,other_descriptor,post_combustion_capture,CO2,uptake,,UC_volume_quantile_group,other_descriptor
ARC-MOF::post_comb_vsa_co2.csv__other_descriptor__clean_data.csv,v/v,hgb,random,0,20558,5140,23,0,5.277719836066906,1.6938847546199765,0.41629593492609496,0.9079713327266957,0.38461538461538464,0.5758754863813229,0.6984435797665369,0.7291060681658992,False,descriptor_joined,uptake_or_loading,other_descriptor,post_combustion_capture,CO2,uptake,,UC_volume_quantile_group,other_descriptor
ARC-MOF::post_comb_vsa_co2.csv__other_descriptor__clean_data.csv,v/v,extratrees,random,0,20558,5140,23,0,5.132826198809434,1.5952543801317547,0.44790581708841337,0.9228794936647958,0.40384615384615385,0.5914396887159533,0.7023346303501945,0.7395043327479338,False,descriptor_joined,uptake_or_loading,other_descriptor,post_combustion_capture,CO2,uptake,,UC_volume_quantile_group,other_descriptor
ARC-MOF::post_comb_vsa_co2.csv__other_descriptor__clean_data.csv,v/v,dummy,random,1,20558,5140,23,0,7.7239280885926025,2.657908886381323,-0.07450868311543535,,0.0,0.03501945525291829,0.09533073929961089,0.12242797253462856,False,descriptor_joined,uptake_or_loading,other_descriptor,post_combustion_capture,CO2,uptake,,UC_volume_quantile_group,other_descriptor
ARC-MOF::post_comb_vsa_co2.csv__other_descriptor__clean_data.csv,v/v,ridge,random,1,20558,5140,23,0,6.0019497912124375,2.240068401373749,0.35118900351926374,0.7858030808564062,0.25,0.46303501945525294,0.585603112840467,0.6721584146363933,False,descriptor_joined,uptake_or_loading,other_descriptor,post_combustion_capture,CO2,uptake,,UC_volume_quantile_group,other_descriptor
ARC-MOF::post_comb_vsa_co2.csv__other_descriptor__clean_data.csv,v/v,hgb,random,1,20558,5140,23,0,5.428020248801756,1.8511605662677582,0.469339937229192,0.8866965205626891,0.38461538461538464,0.5447470817120622,0.6575875486381323,0.7574774193078819,False,descriptor_joined,uptake_or_loading,other_descriptor,post_combustion_capture,CO2,uptake,,UC_volume_quantile_group,other_descriptor
ARC-MOF::post_comb_vsa_co2.csv__other_descriptor__clean_data.csv,v/v,extratrees,random,1,20558,5140,23,0,5.0476913668077135,1.631903854587278,0.5410989288004261,0.9164387745037823,0.40384615384615385,0.5486381322957199,0.669260700389105,0.79542694812479,False,descriptor_joined,uptake_or_loading,other_descriptor,post_combustion_capture,CO2,uptake,,UC_volume_quantile_group,other_descriptor
ARC-MOF::post_comb_vsa_co2.csv__other_descriptor__clean_data.csv,v/v,dummy,random,2,20558,5140,23,0,6.805620950016084,2.4928547546692608,-0.08268910391270068,,0.019230769230769232,0.03501945525291829,0.10505836575875487,0.16033598594727777,False,descriptor_joined,uptake_or_loading,other_descriptor,post_combustion_capture,CO2,uptake,,UC_volume_quantile_group,other_descriptor
ARC-MOF::post_comb_vsa_co2.csv__other_descriptor__clean_data.csv,v/v,ridge,random,2,20558,5140,23,0,5.063421205793829,2.104547128440714,0.40068332013797614,0.8024832614872603,0.23076923076923078,0.45525291828793774,0.5933852140077821,0.7042057853702947,False,descriptor_joined,uptake_or_loading,other_descriptor,post_combustion_capture,CO2,uptake,,UC_volume_quantile_group,other_descriptor
ARC-MOF::post_comb_vsa_co2.csv__other_descriptor__clean_data.csv,v/v,hgb,random,2,20558,5140,23,0,4.233911822112887,1.5981574444343896,0.5809634837355191,0.9024901123350882,0.5384615384615384,0.5330739299610895,0.6673151750972762,0.803229886261153,False,descriptor_joined,uptake_or_loading,other_descriptor,post_combustion_capture,CO2,uptake,,UC_volume_quantile_group,other_descriptor
ARC-MOF::post_comb_vsa_co2.csv__other_descriptor__clean_data.csv,v/v,extratrees,random,2,20558,5140,23,0,4.0614084632330965,1.5088549694226543,0.6144137028890169,0.9224949913218334,0.5384615384615384,0.5486381322957199,0.6809338521400778,0.8303135277619192,False,descriptor_joined,uptake_or_loading,other_descriptor,post_combustion_capture,CO2,uptake,,UC_volume_quantile_group,other_descriptor
ARC-MOF::post_comb_vsa_co2.csv__other_descriptor__clean_data.csv,v/v,dummy,random,3,20558,5140,23,0,7.496100601071231,2.6359653546692607,-0.07802128972783096,,0.0,0.054474708171206226,0.11089494163424124,0.13936402737437176,False,descriptor_joined,uptake_or_loading,other_descriptor,post_combustion_capture,CO2,uptake,,UC_volume_quantile_group,other_descriptor
ARC-MOF::post_comb_vsa_co2.csv__other_descriptor__clean_data.csv,v/v,ridge,random,3,20558,5140,23,0,5.869282743410221,2.2520062470054762,0.33911394521937643,0.7905868141744146,0.1346153846153846,0.5019455252918288,0.5836575875486382,0.6571699586728312,False,descriptor_joined,uptake_or_loading,other_descriptor,post_combustion_capture,CO2,uptake,,UC_volume_quantile_group,other_descriptor
ARC-MOF::post_comb_vsa_co2.csv__other_descriptor__clean_data.csv,v/v,hgb,random,3,20558,5140,23,0,5.138121883913693,1.8230292644394857,0.4935164676529761,0.8934656377320176,0.3269230769230769,0.5486381322957199,0.6556420233463035,0.7885856592375948,False,descriptor_joined,uptake_or_loading,other_descriptor,post_combustion_capture,CO2,uptake,,UC_volume_quantile_group,other_descriptor
ARC-MOF::post_comb_vsa_co2.csv__other_descriptor__clean_data.csv,v/v,extratrees,random,3,20558,5140,23,0,4.889471572689274,1.6401040569823389,0.5413510790885054,0.918075028516039,0.40384615384615385,0.5953307392996109,0.6770428015564203,0.7967190843449792,False,descriptor_joined,uptake_or_loading,other_descriptor,post_combustion_capture,CO2,uptake,,UC_volume_quantile_group,other_descriptor
ARC-MOF::post_comb_vsa_co2.csv__other_descriptor__clean_data.csv,v/v,dummy,random,4,20558,5140,23,0,7.141574430613685,2.501654106614786,-0.0727637220964239,,0.0,0.06614785992217899,0.122568093385214,0.15187035243202285,False,descriptor_joined,uptake_or_loading,other_descriptor,post_combustion_capture,CO2,uptake,,UC_volume_quantile_group,other_descriptor
ARC-MOF::post_comb_vsa_co2.csv__other_descriptor__clean_data.csv,v/v,ridge,random,4,20558,5140,23,0,5.280150373801408,2.0635501935567016,0.4135800631958224,0.7907706807058517,0.28846153846153844,0.5097276264591439,0.6089494163424124,0.7289553322138516,False,descriptor_joined,uptake_or_loading,other_descriptor,post_combustion_capture,CO2,uptake,,UC_volume_quantile_group,other_descriptor
ARC-MOF::post_comb_vsa_co2.csv__other_descriptor__clean_data.csv,v/v,hgb,random,4,20558,5140,23,0,5.066810610313624,1.5932860179660226,0.4600102857667908,0.9062529747447798,0.38461538461538464,0.5953307392996109,0.6750972762645915,0.7273684107442528,False,descriptor_joined,uptake_or_loading,other_descriptor,post_combustion_capture,CO2,uptake,,UC_volume_quantile_group,other_descriptor
ARC-MOF::post_comb_vsa_co2.csv__other_descriptor__clean_data.csv,v/v,extratrees,random,4,20558,5140,23,0,4.840357213473422,1.5145680939503021,0.5071996910620481,0.9226626509452526,0.4230769230769231,0.5836575875486382,0.6828793774319066,0.7578458221833206,False,descriptor_joined,uptake_or_loading,other_descriptor,post_combustion_capture,CO2,uptake,,UC_volume_quantile_group,other_descriptor
ARC-MOF::post_comb_vsa_co2.csv__other_descriptor__clean_data.csv,v/v,dummy,descriptor_grouped,0,20558,5140,23,0,6.180266450391665,2.2440954638132298,-0.13272670937516517,,0.019230769230769232,0.054474708171206226,0.11478599221789883,0.17347200701212154,False,descriptor_joined,uptake_or_loading,other_descriptor,post_combustion_capture,CO2,uptake,,UC_volume_quantile_group,other_descriptor
ARC-MOF::post_comb_vsa_co2.csv__other_descriptor__clean_data.csv,v/v,ridge,descriptor_grouped,0,20558,5140,23,0,5.129676517829237,2.195327715409341,0.21964772549902867,0.6991729477384862,0.28846153846153844,0.3657587548638132,0.48249027237354086,0.6143824911926478,False,descriptor_joined,uptake_or_loading,other_descriptor,post_combustion_capture,CO2,uptake,,UC_volume_quantile_group,other_descriptor
ARC-MOF::post_comb_vsa_co2.csv__other_descriptor__clean_data.csv,v/v,hgb,descriptor_grouped,0,20558,5140,23,0,5.166167210744412,1.9095074820500595,0.20850593995384192,0.7245635078818042,0.17307692307692307,0.4085603112840467,0.5038910505836576,0.6089341962165318,False,descriptor_joined,uptake_or_loading,other_descriptor,post_combustion_capture,CO2,uptake,,UC_volume_quantile_group,other_descriptor
ARC-MOF::post_comb_vsa_co2.csv__other_descriptor__clean_data.csv,v/v,extratrees,descriptor_grouped,0,20558,5140,23,0,5.18427207826447,1.9199495004165041,0.20294862671908176,0.7585926657072809,0.25,0.3852140077821012,0.5116731517509727,0.6153923786802225,False,descriptor_joined,uptake_or_loading,other_descriptor,post_combustion_capture,CO2,uptake,,UC_volume_quantile_group,other_descriptor
ARC-MOF::post_comb_vsa_co2.csv__other_descriptor__clean_data.csv,v/v,dummy,descriptor_grouped,1,20558,5140,23,0,13.835195633708262,7.43556668463035,-0.4015122515316518,,0.0,0.023346303501945526,0.08365758754863813,0.1792198665304639,False,descriptor_joined,uptake_or_loading,other_descriptor,post_combustion_capture,CO2,uptake,,UC_volume_quantile_group,other_descriptor
ARC-MOF::post_comb_vsa_co2.csv__other_descriptor__clean_data.csv,v/v,ridge,descriptor_grouped,1,20558,5140,23,0,10.991190003727366,5.095693418266834,0.11546357754991121,0.6503542185408592,0.11538461538461539,0.2178988326848249,0.36770428015564205,0.4892970403587457,False,descriptor_joined,uptake_or_loading,other_descriptor,post_combustion_capture,CO2,uptake,,UC_volume_quantile_group,other_descriptor
ARC-MOF::post_comb_vsa_co2.csv__other_descriptor__clean_data.csv,v/v,hgb,descriptor_grouped,1,20558,5140,23,0,10.516387416361761,4.882060535545438,0.1902341767833725,0.6579596654660229,0.17307692307692307,0.2490272373540856,0.39883268482490275,0.548908976053292,False,descriptor_joined,uptake_or_loading,other_descriptor,post_combustion_capture,CO2,uptake,,UC_volume_quantile_group,other_descriptor
ARC-MOF::post_comb_vsa_co2.csv__other_descriptor__clean_data.csv,v/v,extratrees,descriptor_grouped,1,20558,5140,23,0,9.898941528700975,4.8588179364480215,0.282529899279351,0.6930394931091716,0.19230769230769232,0.33073929961089493,0.4143968871595331,0.5647997751401098,False,descriptor_joined,uptake_or_loading,other_descriptor,post_combustion_capture,CO2,uptake,,UC_volume_quantile_group,other_descriptor
ARC-MOF::post_comb_vsa_co2.csv__other_descriptor__clean_data.csv,v/v,dummy,descriptor_grouped,2,20558,5140,23,0,12.386927057162783,5.662569834046693,-0.2540622060261297,,0.0,0.03501945525291829,0.07976653696498054,0.14398722650594828,False,descriptor_joined,uptake_or_loading,other_descriptor,post_combustion_capture,CO2,uptake,,UC_volume_quantile_group,other_descriptor
ARC-MOF::post_comb_vsa_co2.csv__other_descriptor__clean_data.csv,v/v,ridge,descriptor_grouped,2,20558,5140,23,0,9.51238909344185,3.9498180320031113,0.2604438858853688,0.8134746066671359,0.07692307692307693,0.311284046692607,0.5,0.5758517084786551,False,descriptor_joined,uptake_or_loading,other_descriptor,post_combustion_capture,CO2,uptake,,UC_volume_quantile_group,other_descriptor
ARC-MOF::post_comb_vsa_co2.csv__other_descriptor__clean_data.csv,v/v,hgb,descriptor_grouped,2,20558,5140,23,0,9.371007407748424,3.910208649141115,0.2822644104585311,0.8060553135199339,0.25,0.3229571984435798,0.46303501945525294,0.5780929773654245,False,descriptor_joined,uptake_or_loading,other_descriptor,post_combustion_capture,CO2,uptake,,UC_volume_quantile_group,other_descriptor
ARC-MOF::post_comb_vsa_co2.csv__other_descriptor__clean_data.csv,v/v,extratrees,descriptor_grouped,2,20558,5140,23,0,9.024533103628924,3.8016810076651537,0.334356946820878,0.8329211124537539,0.17307692307692307,0.32684824902723736,0.47470817120622566,0.6042165509405475,False,descriptor_joined,uptake_or_loading,other_descriptor,post_combustion_capture,CO2,uptake,,UC_volume_quantile_group,other_descriptor
ARC-MOF::post_comb_vsa_co2.csv__other_descriptor__clean_data.csv,v/v,dummy,descriptor_grouped,3,20558,5140,23,0,2.1745070219724307,1.2053474741245136,-0.1772888511724282,,0.0,0.04669260700389105,0.09533073929961089,0.13178647784364692,False,descriptor_joined,uptake_or_loading,other_descriptor,post_combustion_capture,CO2,uptake,,UC_volume_quantile_group,other_descriptor
ARC-MOF::post_comb_vsa_co2.csv__other_descriptor__clean_data.csv,v/v,ridge,descriptor_grouped,3,20558,5140,23,0,5.827174640693481,2.8315629620814238,-7.454296417877078,0.540946513025976,0.3076923076923077,0.26459143968871596,0.245136186770428,0.4352167792907565,False,descriptor_joined,uptake_or_loading,other_descriptor,post_combustion_capture,CO2,uptake,,UC_volume_quantile_group,other_descriptor
ARC-MOF::post_comb_vsa_co2.csv__other_descriptor__clean_data.csv,v/v,hgb,descriptor_grouped,3,20558,5140,23,0,1.7087606220643938,0.6520945365108126,0.2730176668044775,0.6913806689390383,0.4423076923076923,0.5291828793774319,0.6400778210116731,0.6809803018805275,False,descriptor_joined,uptake_or_loading,other_descriptor,post_combustion_capture,CO2,uptake,,UC_volume_quantile_group,other_descriptor
ARC-MOF::post_comb_vsa_co2.csv__other_descriptor__clean_data.csv,v/v,extratrees,descriptor_grouped,3,20558,5140,23,0,1.7014617593696404,0.39739198574351486,0.27921492080687826,0.8370308676331061,0.40384615384615385,0.4785992217898833,0.6653696498054474,0.6891705381344254,False,descriptor_joined,uptake_or_loading,other_descriptor,post_combustion_capture,CO2,uptake,,UC_volume_quantile_group,other_descriptor
ARC-MOF::post_comb_vsa_co2.csv__other_descriptor__clean_data.csv,v/v,dummy,descriptor_grouped,4,20558,5140,23,0,3.3914529710627312,1.1804267303501945,-0.0012162159453623644,,0.019230769230769232,0.0311284046692607,0.06614785992217899,0.11699699477013452,False,descriptor_joined,uptake_or_loading,other_descriptor,post_combustion_capture,CO2,uptake,,UC_volume_quantile_group,other_descriptor
ARC-MOF::post_comb_vsa_co2.csv__other_descriptor__clean_data.csv,v/v,ridge,descriptor_grouped,4,20558,5140,23,0,6.129386015698256,2.9222007136322063,-2.2703197940513253,0.7422046843752126,0.46153846153846156,0.5097276264591439,0.48443579766536965,0.6283326804318012,False,descriptor_joined,uptake_or_loading,other_descriptor,post_combustion_capture,CO2,uptake,,UC_volume_quantile_group,other_descriptor
ARC-MOF::post_comb_vsa_co2.csv__other_descriptor__clean_data.csv,v/v,hgb,descriptor_grouped,4,20558,5140,23,0,3.023839003235677,0.7123025109487177,0.20407232497647199,0.9032307629265542,0.46153846153846156,0.5214007782101168,0.5719844357976653,0.6373731115426351,False,descriptor_joined,uptake_or_loading,other_descriptor,post_combustion_capture,CO2,uptake,,UC_volume_quantile_group,other_descriptor
ARC-MOF::post_comb_vsa_co2.csv__other_descriptor__clean_data.csv,v/v,extratrees,descriptor_grouped,4,20558,5140,23,0,3.1310253540784756,0.7222599446884457,0.1466455736555704,0.9096637761103692,0.4230769230769231,0.5058365758754864,0.5700389105058365,0.6276811283740805,False,descriptor_joined,uptake_or_loading,other_descriptor,post_combustion_capture,CO2,uptake,,UC_volume_quantile_group,other_descriptor
ARC-MOF::post_comb_vsa_co2.csv__other_descriptor__clean_data.csv,mmol/g,dummy,random,0,20558,5140,23,0,0.2514149254247123,0.10302617276264592,-0.08895189346177657,,0.0,0.07003891050583658,0.10505836575875487,0.18495454308567938,False,descriptor_joined,uptake_or_loading,other_descriptor,post_combustion_capture,CO2,uptake,,UC_volume_quantile_group,other_descriptor
ARC-MOF::post_comb_vsa_co2.csv__other_descriptor__clean_data.csv,mmol/g,ridge,random,0,20558,5140,23,0,0.19519119491688802,0.08797854684797485,0.3436325629122432,0.7317582790586116,0.1346153846153846,0.42023346303501946,0.5700389105058365,0.6595811739188829,False,descriptor_joined,uptake_or_loading,other_descriptor,post_combustion_capture,CO2,uptake,,UC_volume_quantile_group,other_descriptor
ARC-MOF::post_comb_vsa_co2.csv__other_descriptor__clean_data.csv,mmol/g,hgb,random,0,20558,5140,23,0,0.18458338120577972,0.07432319764820489,0.4130355805115711,0.7908940159194476,0.36538461538461536,0.5019455252918288,0.6614785992217899,0.7145312879618942,False,descriptor_joined,uptake_or_loading,other_descriptor,post_combustion_capture,CO2,uptake,,UC_volume_quantile_group,other_descriptor
ARC-MOF::post_comb_vsa_co2.csv__other_descriptor__clean_data.csv,mmol/g,extratrees,random,0,20558,5140,23,0,0.18065481926409843,0.07165094251086251,0.437754892629721,0.8234287247723721,0.34615384615384615,0.5175097276264592,0.6712062256809338,0.7324492945591856,False,descriptor_joined,uptake_or_loading,other_descriptor,post_combustion_capture,CO2,uptake,,UC_volume_quantile_group,other_descriptor
ARC-MOF::post_comb_vsa_co2.csv__other_descriptor__clean_data.csv,mmol/g,dummy,random,1,20558,5140,23,0,0.26947116721380027,0.10622326070038911,-0.08249402466646161,,0.0,0.03501945525291829,0.09727626459143969,0.1646733838608436,False,descriptor_joined,uptake_or_loading,other_descriptor,post_combustion_capture,CO2,uptake,,UC_volume_quantile_group,other_descriptor
ARC-MOF::post_comb_vsa_co2.csv__other_descriptor__clean_data.csv,mmol/g,ridge,random,1,20558,5140,23,0,0.21587818391808009,0.09099526469952832,0.3052662256982388,0.713784387583219,0.15384615384615385,0.39299610894941633,0.5330739299610895,0.6176151423287038,False,descriptor_joined,uptake_or_loading,other_descriptor,post_combustion_capture,CO2,uptake,,UC_volume_quantile_group,other_descriptor
ARC-MOF::post_comb_vsa_co2.csv__other_descriptor__clean_data.csv,mmol/g,hgb,random,1,20558,5140,23,0,0.19840416532003732,0.08049082426099988,0.41318329050527103,0.7485896329064292,0.34615384615384615,0.48638132295719844,0.5972762645914397,0.7211908864619807,False,descriptor_joined,uptake_or_loading,other_descriptor,post_combustion_capture,CO2,uptake,,UC_volume_quantile_group,other_descriptor
ARC-MOF::post_comb_vsa_co2.csv__other_descriptor__clean_data.csv,mmol/g,extratrees,random,1,20558,5140,23,0,0.18439718434309021,0.07322551293082578,0.49311496292668056,0.8096333812022695,0.38461538461538464,0.47470817120622566,0.6108949416342413,0.752530669656711,False,descriptor_joined,uptake_or_loading,other_descriptor,post_combustion_capture,CO2,uptake,,UC_volume_quantile_group,other_descriptor
ARC-MOF::post_comb_vsa_co2.csv__other_descriptor__clean_data.csv,mmol/g,dummy,random,2,20558,5140,23,0,0.23625509923325008,0.09990995758754864,-0.09129059842753451,,0.019230769230769232,0.038910505836575876,0.10311284046692606,0.2021387258289531,False,descriptor_joined,uptake_or_loading,other_descriptor,post_combustion_capture,CO2,uptake,,UC_volume_quantile_group,other_descriptor
ARC-MOF::post_comb_vsa_co2.csv__other_descriptor__clean_data.csv,mmol/g,ridge,random,2,20558,5140,23,0,0.18285322672857535,0.0857537340949469,0.3462927689593862,0.7401150570897217,0.15384615384615385,0.40077821011673154,0.5272373540856031,0.6438339604888231,False,descriptor_joined,uptake_or_loading,other_descriptor,post_combustion_capture,CO2,uptake,,UC_volume_quantile_group,other_descriptor
ARC-MOF::post_comb_vsa_co2.csv__other_descriptor__clean_data.csv,mmol/g,hgb,random,2,20558,5140,23,0,0.15940331757948797,0.07285455801627899,0.5032101161523523,0.7821368700238563,0.5192307692307693,0.47470817120622566,0.6108949416342413,0.7644169085561721,False,descriptor_joined,uptake_or_loading,other_descriptor,post_combustion_capture,CO2,uptake,,UC_volume_quantile_group,other_descriptor
ARC-MOF::post_comb_vsa_co2.csv__other_descriptor__clean_data.csv,mmol/g,extratrees,random,2,20558,5140,23,0,0.15373617347603655,0.06865949175517727,0.5379061736822324,0.8265775840829618,0.5,0.5214007782101168,0.6186770428015564,0.7875911404086433,False,descriptor_joined,uptake_or_loading,other_descriptor,post_combustion_capture,CO2,uptake,,UC_volume_quantile_group,other_descriptor
ARC-MOF::post_comb_vsa_co2.csv__other_descriptor__clean_data.csv,mmol/g,dummy,random,3,20558,5140,23,0,0.25999841641662425,0.1045880780155642,-0.08516485208211932,,0.0,0.058365758754863814,0.10116731517509728,0.18202656643110635,False,descriptor_joined,uptake_or_loading,other_descriptor,post_combustion_capture,CO2,uptake,,UC_volume_quantile_group,other_descriptor
ARC-MOF::post_comb_vsa_co2.csv__other_descriptor__clean_data.csv,mmol/g,ridge,random,3,20558,5140,23,0,0.2082400045672421,0.09127572260813713,0.30388235481365433,0.7240551763712099,0.057692307692307696,0.42023346303501946,0.5369649805447471,0.6106139727666318,False,descriptor_joined,uptake_or_loading,other_descriptor,post_combustion_capture,CO2,uptake,,UC_volume_quantile_group,other_descriptor
ARC-MOF::post_comb_vsa_co2.csv__other_descriptor__clean_data.csv,mmol/g,hgb,random,3,20558,5140,23,0,0.1814748670202909,0.07687928924111656,0.4713268103265693,0.7734650086368883,0.3269230769230769,0.5136186770428015,0.6089494163424124,0.7579523458473126,False,descriptor_joined,uptake_or_loading,other_descriptor,post_combustion_capture,CO2,uptake,,UC_volume_quantile_group,other_descriptor
ARC-MOF::post_comb_vsa_co2.csv__other_descriptor__clean_data.csv,mmol/g,extratrees,random,3,20558,5140,23,0,0.17663042671922652,0.07332015674471466,0.4991757498845044,0.8152308175423805,0.38461538461538464,0.5175097276264592,0.6128404669260701,0.7504648604618529,False,descriptor_joined,uptake_or_loading,other_descriptor,post_combustion_capture,CO2,uptake,,UC_volume_quantile_group,other_descriptor
ARC-MOF::post_comb_vsa_co2.csv__other_descriptor__clean_data.csv,mmol/g,dummy,random,4,20558,5140,23,0,0.24524349050026487,0.09967788949416341,-0.08131843396273353,,0.0,0.07003891050583658,0.122568093385214,0.1987864581559362,False,descriptor_joined,uptake_or_loading,other_descriptor,post_combustion_capture,CO2,uptake,,UC_volume_quantile_group,other_descriptor
ARC-MOF::post_comb_vsa_co2.csv__other_descriptor__clean_data.csv,mmol/g,ridge,random,4,20558,5140,23,0,0.1892999230188509,0.08396813950276741,0.3557424688268074,0.7254404328019558,0.17307692307692307,0.42023346303501946,0.5486381322957199,0.6696329903097635,False,descriptor_joined,uptake_or_loading,other_descriptor,post_combustion_capture,CO2,uptake,,UC_volume_quantile_group,other_descriptor
ARC-MOF::post_comb_vsa_co2.csv__other_descriptor__clean_data.csv,mmol/g,hgb,random,4,20558,5140,23,0,0.17653204792471525,0.07108980776513511,0.43971918956140243,0.7770501738342791,0.40384615384615385,0.5330739299610895,0.632295719844358,0.7065176905408718,False,descriptor_joined,uptake_or_loading,other_descriptor,post_combustion_capture,CO2,uptake,,UC_volume_quantile_group,other_descriptor
ARC-MOF::post_comb_vsa_co2.csv__other_descriptor__clean_data.csv,mmol/g,extratrees,random,4,20558,5140,23,0,0.17285808938357797,0.06817838477786425,0.46279747401205584,0.8170179608696369,0.38461538461538464,0.5252918287937743,0.632295719844358,0.7321493310778657,False,descriptor_joined,uptake_or_loading,other_descriptor,post_combustion_capture,CO2,uptake,,UC_volume_quantile_group,other_descriptor
ARC-MOF::post_comb_vsa_co2.csv__other_descriptor__clean_data.csv,mmol/g,dummy,descriptor_grouped,0,20558,5140,23,0,0.22642056426776105,0.09504860291828794,-0.15424310291030552,,0.019230769230769232,0.05058365758754864,0.122568093385214,0.2265415682224991,False,descriptor_joined,uptake_or_loading,other_descriptor,post_combustion_capture,CO2,uptake,,UC_volume_quantile_group,other_descriptor
ARC-MOF::post_comb_vsa_co2.csv__other_descriptor__clean_data.csv,mmol/g,ridge,descriptor_grouped,0,20558,5140,23,0,0.19310825081500152,0.09539170168292777,0.16041008863643746,0.5388300286708176,0.21153846153846154,0.3035019455252918,0.4085603112840467,0.5528350042634538,False,descriptor_joined,uptake_or_loading,other_descriptor,post_combustion_capture,CO2,uptake,,UC_volume_quantile_group,other_descriptor
ARC-MOF::post_comb_vsa_co2.csv__other_descriptor__clean_data.csv,mmol/g,hgb,descriptor_grouped,0,20558,5140,23,0,0.1937796936999729,0.08703489858870256,0.15456138218165194,0.5855873840161415,0.1346153846153846,0.3035019455252918,0.4455252918287938,0.5551631115276744,False,descriptor_joined,uptake_or_loading,other_descriptor,post_combustion_capture,CO2,uptake,,UC_volume_quantile_group,other_descriptor
ARC-MOF::post_comb_vsa_co2.csv__other_descriptor__clean_data.csv,mmol/g,extratrees,descriptor_grouped,0,20558,5140,23,0,0.1943369600010233,0.08834957704663857,0.14969181220719663,0.6127163448152685,0.07692307692307693,0.33073929961089493,0.4494163424124514,0.5982883120402572,False,descriptor_joined,uptake_or_loading,other_descriptor,post_combustion_capture,CO2,uptake,,UC_volume_quantile_group,other_descriptor
ARC-MOF::post_comb_vsa_co2.csv__other_descriptor__clean_data.csv,mmol/g,dummy,descriptor_grouped,1,20558,5140,23,0,0.4642024092849384,0.26450251459143975,-0.45597770775784485,,0.0,0.0311284046692607,0.08949416342412451,0.21631330886881492,False,descriptor_joined,uptake_or_loading,other_descriptor,post_combustion_capture,CO2,uptake,,UC_volume_quantile_group,other_descriptor
ARC-MOF::post_comb_vsa_co2.csv__other_descriptor__clean_data.csv,mmol/g,ridge,descriptor_grouped,1,20558,5140,23,0,0.371023476546304,0.19354012114367003,0.06987198294891617,0.5383206782204815,0.07692307692307693,0.14785992217898833,0.3229571984435798,0.43802406664389126,False,descriptor_joined,uptake_or_loading,other_descriptor,post_combustion_capture,CO2,uptake,,UC_volume_quantile_group,other_descriptor
ARC-MOF::post_comb_vsa_co2.csv__other_descriptor__clean_data.csv,mmol/g,hgb,descriptor_grouped,1,20558,5140,23,0,0.34769801869958944,0.18656715640860333,0.18314611838553785,0.5785245042889127,0.057692307692307696,0.1556420233463035,0.33073929961089493,0.48798462615565497,False,descriptor_joined,uptake_or_loading,other_descriptor,post_combustion_capture,CO2,uptake,,UC_volume_quantile_group,other_descriptor
ARC-MOF::post_comb_vsa_co2.csv__other_descriptor__clean_data.csv,mmol/g,extratrees,descriptor_grouped,1,20558,5140,23,0,0.3395156303222711,0.19098554024222872,0.2211398378164463,0.5963574619336536,0.21153846153846154,0.22568093385214008,0.3443579766536965,0.5096676947974689,False,descriptor_joined,uptake_or_loading,other_descriptor,post_combustion_capture,CO2,uptake,,UC_volume_quantile_group,other_descriptor
ARC-MOF::post_comb_vsa_co2.csv__other_descriptor__clean_data.csv,mmol/g,dummy,descriptor_grouped,2,20558,5140,23,0,0.4181028354121793,0.2021296766536965,-0.27319225065763986,,0.0,0.027237354085603113,0.08171206225680934,0.17773821520586272,False,descriptor_joined,uptake_or_loading,other_descriptor,post_combustion_capture,CO2,uptake,,UC_volume_quantile_group,other_descriptor
ARC-MOF::post_comb_vsa_co2.csv__other_descriptor__clean_data.csv,mmol/g,ridge,descriptor_grouped,2,20558,5140,23,0,0.32714064108831303,0.15239963064585235,0.2205347435736631,0.6860889227420294,0.09615384615384616,0.2607003891050584,0.4396887159533074,0.5321711162624788,False,descriptor_joined,uptake_or_loading,other_descriptor,post_combustion_capture,CO2,uptake,,UC_volume_quantile_group,other_descriptor
ARC-MOF::post_comb_vsa_co2.csv__other_descriptor__clean_data.csv,mmol/g,hgb,descriptor_grouped,2,20558,5140,23,0,0.3235281920230774,0.14940576249708787,0.23765418135857752,0.6885683503536805,0.15384615384615385,0.22957198443579765,0.39299610894941633,0.5254427906731016,False,descriptor_joined,uptake_or_loading,other_descriptor,post_combustion_capture,CO2,uptake,,UC_volume_quantile_group,other_descriptor
ARC-MOF::post_comb_vsa_co2.csv__other_descriptor__clean_data.csv,mmol/g,extratrees,descriptor_grouped,2,20558,5140,23,0,0.31716643108815384,0.15040071850037828,0.2673404891050789,0.7115703963876818,0.17307692307692307,0.2140077821011673,0.35797665369649806,0.5302697970862175,False,descriptor_joined,uptake_or_loading,other_descriptor,post_combustion_capture,CO2,uptake,,UC_volume_quantile_group,other_descriptor
ARC-MOF::post_comb_vsa_co2.csv__other_descriptor__clean_data.csv,mmol/g,dummy,descriptor_grouped,3,20558,5140,23,0,0.09872870471840364,0.05502279357976655,-0.13711673175736605,,0.0,0.05058365758754864,0.08754863813229571,0.18889501046276427,False,descriptor_joined,uptake_or_loading,other_descriptor,post_combustion_capture,CO2,uptake,,UC_volume_quantile_group,other_descriptor
ARC-MOF::post_comb_vsa_co2.csv__other_descriptor__clean_data.csv,mmol/g,ridge,descriptor_grouped,3,20558,5140,23,0,0.2409949810609035,0.11873152293229172,-5.77538795152119,0.40648480795000286,0.17307692307692307,0.2607003891050584,0.29571984435797666,0.4265845084978951,False,descriptor_joined,uptake_or_loading,other_descriptor,post_combustion_capture,CO2,uptake,,UC_volume_quantile_group,other_descriptor
ARC-MOF::post_comb_vsa_co2.csv__other_descriptor__clean_data.csv,mmol/g,hgb,descriptor_grouped,3,20558,5140,23,0,0.08487157130999148,0.029010835008867353,0.15968395344190822,0.43022751345371246,0.2692307692307692,0.377431906614786,0.42996108949416345,0.5555064132888353,False,descriptor_joined,uptake_or_loading,other_descriptor,post_combustion_capture,CO2,uptake,,UC_volume_quantile_group,other_descriptor
ARC-MOF::post_comb_vsa_co2.csv__other_descriptor__clean_data.csv,mmol/g,extratrees,descriptor_grouped,3,20558,5140,23,0,0.08466758503588799,0.031494709254107224,0.1637184480043833,0.44894464406666185,0.3269230769230769,0.38132295719844356,0.4396887159533074,0.5967581956253041,False,descriptor_joined,uptake_or_loading,other_descriptor,post_combustion_capture,CO2,uptake,,UC_volume_quantile_group,other_descriptor
ARC-MOF::post_comb_vsa_co2.csv__other_descriptor__clean_data.csv,mmol/g,dummy,descriptor_grouped,4,20558,5140,23,0,0.13628105961996861,0.05347507548638133,-0.0010826918666311247,,0.019230769230769232,0.027237354085603113,0.07003891050583658,0.16458463138923768,False,descriptor_joined,uptake_or_loading,other_descriptor,post_combustion_capture,CO2,uptake,,UC_volume_quantile_group,other_descriptor
ARC-MOF::post_comb_vsa_co2.csv__other_descriptor__clean_data.csv,mmol/g,ridge,descriptor_grouped,4,20558,5140,23,0,0.24548482648067177,0.12307550035552033,-2.2482410923329144,0.6296115086854787,0.34615384615384615,0.42023346303501946,0.42996108949416345,0.5736051529917302,False,descriptor_joined,uptake_or_loading,other_descriptor,post_combustion_capture,CO2,uptake,,UC_volume_quantile_group,other_descriptor
ARC-MOF::post_comb_vsa_co2.csv__other_descriptor__clean_data.csv,mmol/g,hgb,descriptor_grouped,4,20558,5140,23,0,0.11830924381517821,0.03840914775843705,0.24553984848522004,0.6983434942443103,0.34615384615384615,0.4046692607003891,0.4688715953307393,0.6036789111037386,False,descriptor_joined,uptake_or_loading,other_descriptor,post_combustion_capture,CO2,uptake,,UC_volume_quantile_group,other_descriptor
ARC-MOF::post_comb_vsa_co2.csv__other_descriptor__clean_data.csv,mmol/g,extratrees,descriptor_grouped,4,20558,5140,23,0,0.12357722065309111,0.04125898316309987,0.1768560393129781,0.6957045167563197,0.28846153846153844,0.3657587548638132,0.46108949416342415,0.5634792356278131,False,descriptor_joined,uptake_or_loading,other_descriptor,post_combustion_capture,CO2,uptake,,UC_volume_quantile_group,other_descriptor
ARC-MOF::post_comb_vsa_co2.csv__other_descriptor__clean_data.csv,S(g1),dummy,random,0,20558,5140,23,0,42.05535565014583,10.16082850680934,-0.04876765079670364,,0.0,0.0622568093385214,0.09922178988326848,0.09503011901533054,False,descriptor_joined,selectivity,other_descriptor,post_combustion_capture,CO2,selectivity,,UC_volume_quantile_group,other_descriptor
ARC-MOF::post_comb_vsa_co2.csv__other_descriptor__clean_data.csv,S(g1),ridge,random,0,20558,5140,23,0,35.16434364921941,11.502968440209612,0.26676752067695075,0.6665612824421957,0.21153846153846154,0.4669260700389105,0.6011673151750972,0.667085585510329,False,descriptor_joined,selectivity,other_descriptor,post_combustion_capture,CO2,selectivity,,UC_volume_quantile_group,other_descriptor
ARC-MOF::post_comb_vsa_co2.csv__other_descriptor__clean_data.csv,S(g1),hgb,random,0,20558,5140,23,0,33.12193611500189,8.570045637272871,0.34946885562361674,0.8691615571611179,0.34615384615384615,0.5525291828793775,0.6614785992217899,0.7060598673153982,False,descriptor_joined,selectivity,other_descriptor,post_combustion_capture,CO2,selectivity,,UC_volume_quantile_group,other_descriptor
ARC-MOF::post_comb_vsa_co2.csv__other_descriptor__clean_data.csv,S(g1),extratrees,random,0,20558,5140,23,0,36.12847795283652,8.633409568522753,0.2260088509042213,0.8835332988063511,0.36538461538461536,0.5486381322957199,0.6653696498054474,0.7082377416500653,False,descriptor_joined,selectivity,other_descriptor,post_combustion_capture,CO2,selectivity,,UC_volume_quantile_group,other_descriptor
ARC-MOF::post_comb_vsa_co2.csv__other_descriptor__clean_data.csv,S(g1),dummy,random,1,20558,5140,23,0,41.656826335459556,10.029350819066147,-0.04803470644251839,,0.019230769230769232,0.038910505836575876,0.09922178988326848,0.08233726804531012,False,descriptor_joined,selectivity,other_descriptor,post_combustion_capture,CO2,selectivity,,UC_volume_quantile_group,other_descriptor
ARC-MOF::post_comb_vsa_co2.csv__other_descriptor__clean_data.csv,S(g1),ridge,random,1,20558,5140,23,0,35.11493041201628,11.630021360469796,0.25529043899695236,0.6415265720474471,0.15384615384615385,0.4474708171206226,0.5680933852140078,0.626461838576078,False,descriptor_joined,selectivity,other_descriptor,post_combustion_capture,CO2,selectivity,,UC_volume_quantile_group,other_descriptor
ARC-MOF::post_comb_vsa_co2.csv__other_descriptor__clean_data.csv,S(g1),hgb,random,1,20558,5140,23,0,31.813552657962916,9.47409633882753,0.3887376518869661,0.8095668720386742,0.36538461538461536,0.5408560311284046,0.6050583657587548,0.7522168637077645,False,descriptor_joined,selectivity,other_descriptor,post_combustion_capture,CO2,selectivity,,UC_volume_quantile_group,other_descriptor
ARC-MOF::post_comb_vsa_co2.csv__other_descriptor__clean_data.csv,S(g1),extratrees,random,1,20558,5140,23,0,29.53552872831637,8.335406919267188,0.47314293898151416,0.8703936976839814,0.38461538461538464,0.5175097276264592,0.6206225680933852,0.7784635727076205,False,descriptor_joined,selectivity,other_descriptor,post_combustion_capture,CO2,selectivity,,UC_volume_quantile_group,other_descriptor
ARC-MOF::post_comb_vsa_co2.csv__other_descriptor__clean_data.csv,S(g1),dummy,random,2,20558,5140,23,0,36.303062741214276,9.197319476653696,-0.05255106640300089,,0.019230769230769232,0.0311284046692607,0.08949416342412451,0.13463890257015595,False,descriptor_joined,selectivity,other_descriptor,post_combustion_capture,CO2,selectivity,,UC_volume_quantile_group,other_descriptor
ARC-MOF::post_comb_vsa_co2.csv__other_descriptor__clean_data.csv,S(g1),ridge,random,2,20558,5140,23,0,29.40771616452219,11.083213729380088,0.3093162485907396,0.6638227327262644,0.2692307692307692,0.45136186770428016,0.5894941634241245,0.6898137327569752,False,descriptor_joined,selectivity,other_descriptor,post_combustion_capture,CO2,selectivity,,UC_volume_quantile_group,other_descriptor
ARC-MOF::post_comb_vsa_co2.csv__other_descriptor__clean_data.csv,S(g1),hgb,random,2,20558,5140,23,0,26.01817718230993,8.06316504459652,0.45935725821445283,0.8565537427455436,0.5,0.5252918287937743,0.6147859922178989,0.7595594139342569,False,descriptor_joined,selectivity,other_descriptor,post_combustion_capture,CO2,selectivity,,UC_volume_quantile_group,other_descriptor
ARC-MOF::post_comb_vsa_co2.csv__other_descriptor__clean_data.csv,S(g1),extratrees,random,2,20558,5140,23,0,25.54714869236869,7.79587082574146,0.4787554650544632,0.8859169408873632,0.4807692307692308,0.5330739299610895,0.632295719844358,0.7958495983526612,False,descriptor_joined,selectivity,other_descriptor,post_combustion_capture,CO2,selectivity,,UC_volume_quantile_group,other_descriptor
ARC-MOF::post_comb_vsa_co2.csv__other_descriptor__clean_data.csv,S(g1),dummy,random,3,20558,5140,23,0,46.41656636926364,10.432480662451361,-0.04207415515027324,,0.0,0.05058365758754864,0.11089494163424124,0.09581187434617638,False,descriptor_joined,selectivity,other_descriptor,post_combustion_capture,CO2,selectivity,,UC_volume_quantile_group,other_descriptor
ARC-MOF::post_comb_vsa_co2.csv__other_descriptor__clean_data.csv,S(g1),ridge,random,3,20558,5140,23,0,40.136875623535445,12.06386792971654,0.2208165331436498,0.654481747026258,0.21153846153846154,0.4708171206225681,0.5758754863813229,0.6030469364162194,False,descriptor_joined,selectivity,other_descriptor,post_combustion_capture,CO2,selectivity,,UC_volume_quantile_group,other_descriptor
ARC-MOF::post_comb_vsa_co2.csv__other_descriptor__clean_data.csv,S(g1),hgb,random,3,20558,5140,23,0,35.981022302435335,9.459077493701528,0.37381941140760255,0.8427853319792528,0.3269230769230769,0.556420233463035,0.6167315175097277,0.7495322618850894,False,descriptor_joined,selectivity,other_descriptor,post_combustion_capture,CO2,selectivity,,UC_volume_quantile_group,other_descriptor
ARC-MOF::post_comb_vsa_co2.csv__other_descriptor__clean_data.csv,S(g1),extratrees,random,3,20558,5140,23,0,33.14759938998724,8.687715557043559,0.46855690766440683,0.8764039344585962,0.2692307692307692,0.5719844357976653,0.642023346303502,0.7859561454305658,False,descriptor_joined,selectivity,other_descriptor,post_combustion_capture,CO2,selectivity,,UC_volume_quantile_group,other_descriptor
ARC-MOF::post_comb_vsa_co2.csv__other_descriptor__clean_data.csv,S(g1),dummy,random,4,20558,5140,23,0,37.24534877794089,9.251577326848249,-0.04979845072370748,,0.019230769230769232,0.06614785992217899,0.11673151750972763,0.11320493465942252,False,descriptor_joined,selectivity,other_descriptor,post_combustion_capture,CO2,selectivity,,UC_volume_quantile_group,other_descriptor
ARC-MOF::post_comb_vsa_co2.csv__other_descriptor__clean_data.csv,S(g1),ridge,random,4,20558,5140,23,0,28.954898872669347,10.612083090767516,0.3655375244444017,0.64978435214049,0.28846153846153844,0.4980544747081712,0.5992217898832685,0.7276398045392838,False,descriptor_joined,selectivity,other_descriptor,post_combustion_capture,CO2,selectivity,,UC_volume_quantile_group,other_descriptor
ARC-MOF::post_comb_vsa_co2.csv__other_descriptor__clean_data.csv,S(g1),hgb,random,4,20558,5140,23,0,28.492964312974372,7.849430460336064,0.3856199502519555,0.85974734255257,0.40384615384615385,0.5603112840466926,0.6400778210116731,0.7167742626852596,False,descriptor_joined,selectivity,other_descriptor,post_combustion_capture,CO2,selectivity,,UC_volume_quantile_group,other_descriptor
ARC-MOF::post_comb_vsa_co2.csv__other_descriptor__clean_data.csv,S(g1),extratrees,random,4,20558,5140,23,0,30.74771490704009,7.678002630485086,0.2845364258408024,0.8802440523015029,0.4230769230769231,0.5642023346303502,0.6595330739299611,0.7486829104358971,False,descriptor_joined,selectivity,other_descriptor,post_combustion_capture,CO2,selectivity,,UC_volume_quantile_group,other_descriptor
ARC-MOF::post_comb_vsa_co2.csv__other_descriptor__clean_data.csv,S(g1),dummy,descriptor_grouped,0,20558,5140,23,0,33.03222849753219,8.177839796692608,-0.05943542893069398,,0.0,0.04669260700389105,0.10894941634241245,0.10657587037216817,False,descriptor_joined,selectivity,other_descriptor,post_combustion_capture,CO2,selectivity,,UC_volume_quantile_group,other_descriptor
ARC-MOF::post_comb_vsa_co2.csv__other_descriptor__clean_data.csv,S(g1),ridge,descriptor_grouped,0,20558,5140,23,0,29.09793908657288,11.397390767977763,0.1779027321564708,0.6412701480523687,0.2692307692307692,0.3735408560311284,0.4883268482490272,0.6021200780395026,False,descriptor_joined,selectivity,other_descriptor,post_combustion_capture,CO2,selectivity,,UC_volume_quantile_group,other_descriptor
ARC-MOF::post_comb_vsa_co2.csv__other_descriptor__clean_data.csv,S(g1),hgb,descriptor_grouped,0,20558,5140,23,0,29.465213143852004,9.27473516813319,0.15701874382725534,0.7028209848063353,0.11538461538461539,0.4280155642023346,0.5116731517509727,0.5764576103532152,False,descriptor_joined,selectivity,other_descriptor,post_combustion_capture,CO2,selectivity,,UC_volume_quantile_group,other_descriptor
ARC-MOF::post_comb_vsa_co2.csv__other_descriptor__clean_data.csv,S(g1),extratrees,descriptor_grouped,0,20558,5140,23,0,29.01356949959771,9.464799585947363,0.18266316910226643,0.7323389816258143,0.23076923076923078,0.39299610894941633,0.4961089494163424,0.5679443488193524,False,descriptor_joined,selectivity,other_descriptor,post_combustion_capture,CO2,selectivity,,UC_volume_quantile_group,other_descriptor
ARC-MOF::post_comb_vsa_co2.csv__other_descriptor__clean_data.csv,S(g1),dummy,descriptor_grouped,1,20558,5140,23,0,73.9450595974137,28.87692947762646,-0.17875072800725422,,0.0,0.038910505836575876,0.08365758754863813,0.10704906172805455,False,descriptor_joined,selectivity,other_descriptor,post_combustion_capture,CO2,selectivity,,UC_volume_quantile_group,other_descriptor
ARC-MOF::post_comb_vsa_co2.csv__other_descriptor__clean_data.csv,S(g1),ridge,descriptor_grouped,1,20558,5140,23,0,64.81880513904106,24.97904888782558,0.09425553352947569,0.6549696931940847,0.11538461538461539,0.22178988326848248,0.3715953307392996,0.4324269891584852,False,descriptor_joined,selectivity,other_descriptor,post_combustion_capture,CO2,selectivity,,UC_volume_quantile_group,other_descriptor
ARC-MOF::post_comb_vsa_co2.csv__other_descriptor__clean_data.csv,S(g1),hgb,descriptor_grouped,1,20558,5140,23,0,62.10919766713396,24.29808044519452,0.16839807608668445,0.6726602669841594,0.09615384615384616,0.26459143968871596,0.4163424124513619,0.44885038907768965,False,descriptor_joined,selectivity,other_descriptor,post_combustion_capture,CO2,selectivity,,UC_volume_quantile_group,other_descriptor
ARC-MOF::post_comb_vsa_co2.csv__other_descriptor__clean_data.csv,S(g1),extratrees,descriptor_grouped,1,20558,5140,23,0,59.807260672141396,25.70578523747817,0.22889863934731358,0.7086180656726696,0.17307692307692307,0.36186770428015563,0.4688715953307393,0.5058685239360635,False,descriptor_joined,selectivity,other_descriptor,post_combustion_capture,CO2,selectivity,,UC_volume_quantile_group,other_descriptor
ARC-MOF::post_comb_vsa_co2.csv__other_descriptor__clean_data.csv,S(g1),dummy,descriptor_grouped,2,20558,5140,23,0,62.56097745724159,22.43026135311284,-0.14402072465121818,,0.019230769230769232,0.027237354085603113,0.07976653696498054,0.09418648866565953,False,descriptor_joined,selectivity,other_descriptor,post_combustion_capture,CO2,selectivity,,UC_volume_quantile_group,other_descriptor
ARC-MOF::post_comb_vsa_co2.csv__other_descriptor__clean_data.csv,S(g1),ridge,descriptor_grouped,2,20558,5140,23,0,52.394004952836006,19.830906026106238,0.1976016359409115,0.7788480737059907,0.07692307692307693,0.33073929961089493,0.490272373540856,0.5341748046680564,False,descriptor_joined,selectivity,other_descriptor,post_combustion_capture,CO2,selectivity,,UC_volume_quantile_group,other_descriptor
ARC-MOF::post_comb_vsa_co2.csv__other_descriptor__clean_data.csv,S(g1),hgb,descriptor_grouped,2,20558,5140,23,0,53.208091461183514,19.418776543663142,0.17247294076277664,0.6823849217965621,0.17307692307692307,0.35019455252918286,0.4474708171206226,0.5110155217678162,False,descriptor_joined,selectivity,other_descriptor,post_combustion_capture,CO2,selectivity,,UC_volume_quantile_group,other_descriptor
ARC-MOF::post_comb_vsa_co2.csv__other_descriptor__clean_data.csv,S(g1),extratrees,descriptor_grouped,2,20558,5140,23,0,49.566691489809294,19.08091012942526,0.2818639914432127,0.812202029978841,0.15384615384615385,0.4357976653696498,0.4980544747081712,0.5720069555721016,False,descriptor_joined,selectivity,other_descriptor,post_combustion_capture,CO2,selectivity,,UC_volume_quantile_group,other_descriptor
ARC-MOF::post_comb_vsa_co2.csv__other_descriptor__clean_data.csv,S(g1),dummy,descriptor_grouped,3,20558,5140,23,0,18.151198998521274,2.8884978180933856,-0.00108480066473704,,0.0,0.038910505836575876,0.08754863813229571,0.0893789651284725,False,descriptor_joined,selectivity,other_descriptor,post_combustion_capture,CO2,selectivity,,UC_volume_quantile_group,other_descriptor
ARC-MOF::post_comb_vsa_co2.csv__other_descriptor__clean_data.csv,S(g1),ridge,descriptor_grouped,3,20558,5140,23,0,29.19937392164441,12.206722276095864,-1.5906414537713496,0.4139202387879026,0.28846153846153844,0.2178988326848249,0.17315175097276264,0.33005187925578916,False,descriptor_joined,selectivity,other_descriptor,post_combustion_capture,CO2,selectivity,,UC_volume_quantile_group,other_descriptor
ARC-MOF::post_comb_vsa_co2.csv__other_descriptor__clean_data.csv,S(g1),hgb,descriptor_grouped,3,20558,5140,23,0,16.229617382089067,3.3664401572490745,0.1996558148354165,0.27517567720663033,0.4807692307692308,0.5252918287937743,0.5953307392996109,0.5905210885623047,False,descriptor_joined,selectivity,other_descriptor,post_combustion_capture,CO2,selectivity,,UC_volume_quantile_group,other_descriptor
ARC-MOF::post_comb_vsa_co2.csv__other_descriptor__clean_data.csv,S(g1),extratrees,descriptor_grouped,3,20558,5140,23,0,15.331538144135992,2.0078034420091333,0.28578052690767863,0.6593377304917344,0.46153846153846156,0.4591439688715953,0.4961089494163424,0.6059977520824292,False,descriptor_joined,selectivity,other_descriptor,post_combustion_capture,CO2,selectivity,,UC_volume_quantile_group,other_descriptor
ARC-MOF::post_comb_vsa_co2.csv__other_descriptor__clean_data.csv,S(g1),dummy,descriptor_grouped,4,20558,5140,23,0,18.22971457410403,3.4626732908560305,-0.0037772096487302953,,0.0,0.0311284046692607,0.06614785992217899,0.05591050020021468,False,descriptor_joined,selectivity,other_descriptor,post_combustion_capture,CO2,selectivity,,UC_volume_quantile_group,other_descriptor
ARC-MOF::post_comb_vsa_co2.csv__other_descriptor__clean_data.csv,S(g1),ridge,descriptor_grouped,4,20558,5140,23,0,25.41021675841507,11.47379493897171,-0.950268169814861,0.4787076559494565,0.36538461538461536,0.48249027237354086,0.45136186770428016,0.5769240557629194,False,descriptor_joined,selectivity,other_descriptor,post_combustion_capture,CO2,selectivity,,UC_volume_quantile_group,other_descriptor
ARC-MOF::post_comb_vsa_co2.csv__other_descriptor__clean_data.csv,S(g1),hgb,descriptor_grouped,4,20558,5140,23,0,17.321423910856826,3.3732748376192965,0.09375677252064363,0.7741627138182072,0.3076923076923077,0.5369649805447471,0.5544747081712063,0.5769862947407054,False,descriptor_joined,selectivity,other_descriptor,post_combustion_capture,CO2,selectivity,,UC_volume_quantile_group,other_descriptor
ARC-MOF::post_comb_vsa_co2.csv__other_descriptor__clean_data.csv,S(g1),extratrees,descriptor_grouped,4,20558,5140,23,0,16.96236666540998,3.4458066300178336,0.13093854778564418,0.80076919001947,0.34615384615384615,0.49416342412451364,0.5486381322957199,0.5840120871117237,False,descriptor_joined,selectivity,other_descriptor,post_combustion_capture,CO2,selectivity,,UC_volume_quantile_group,other_descriptor
ARC-MOF::post_comb_vsa_co2.csv__other_descriptor__clean_data.csv,molc/uc,dummy,random,0,20558,5140,23,0,0.49569979290131405,0.1345491739299611,-0.03323406744690027,,0.0,0.054474708171206226,0.09533073929961089,0.13075531772954951,False,descriptor_joined,uptake_or_loading,other_descriptor,post_combustion_capture,CO2,loading,,UC_volume_quantile_group,other_descriptor
ARC-MOF::post_comb_vsa_co2.csv__other_descriptor__clean_data.csv,molc/uc,ridge,random,0,20558,5140,23,0,0.46457973699820027,0.1185448973929545,0.09242657677845956,0.7401158221963349,0.3269230769230769,0.38910505836575876,0.4961089494163424,0.5747535008877906,False,descriptor_joined,uptake_or_loading,other_descriptor,post_combustion_capture,CO2,loading,,UC_volume_quantile_group,other_descriptor
ARC-MOF::post_comb_vsa_co2.csv__other_descriptor__clean_data.csv,molc/uc,hgb,random,0,20558,5140,23,0,0.41849074481192733,0.10603640866285206,0.26356748083073156,0.7795820102303028,0.38461538461538464,0.5019455252918288,0.5583657587548638,0.6373270421236785,False,descriptor_joined,uptake_or_loading,other_descriptor,post_combustion_capture,CO2,loading,,UC_volume_quantile_group,other_descriptor
ARC-MOF::post_comb_vsa_co2.csv__other_descriptor__clean_data.csv,molc/uc,extratrees,random,0,20558,5140,23,0,0.39170052308991465,0.10073390430706876,0.35483686250159063,0.8210947875947081,0.4230769230769231,0.48249027237354086,0.5622568093385214,0.7397612706340688,False,descriptor_joined,uptake_or_loading,other_descriptor,post_combustion_capture,CO2,loading,,UC_volume_quantile_group,other_descriptor
ARC-MOF::post_comb_vsa_co2.csv__other_descriptor__clean_data.csv,molc/uc,dummy,random,1,20558,5140,23,0,0.4636125587148885,0.13894629961089494,-0.040866433897177146,,0.0,0.0311284046692607,0.07782101167315175,0.13104403225010416,False,descriptor_joined,uptake_or_loading,other_descriptor,post_combustion_capture,CO2,loading,,UC_volume_quantile_group,other_descriptor
ARC-MOF::post_comb_vsa_co2.csv__other_descriptor__clean_data.csv,molc/uc,ridge,random,1,20558,5140,23,0,0.3939763076672866,0.1190569809303375,0.2483341304179908,0.7204483932413528,0.2692307692307692,0.38910505836575876,0.48638132295719844,0.6155888064319603,False,descriptor_joined,uptake_or_loading,other_descriptor,post_combustion_capture,CO2,loading,,UC_volume_quantile_group,other_descriptor
ARC-MOF::post_comb_vsa_co2.csv__other_descriptor__clean_data.csv,molc/uc,hgb,random,1,20558,5140,23,0,0.3789465416112363,0.1137385263653697,0.3045906663536655,0.7453995436160501,0.3076923076923077,0.43190661478599224,0.5,0.637321654434741,False,descriptor_joined,uptake_or_loading,other_descriptor,post_combustion_capture,CO2,loading,,UC_volume_quantile_group,other_descriptor
ARC-MOF::post_comb_vsa_co2.csv__other_descriptor__clean_data.csv,molc/uc,extratrees,random,1,20558,5140,23,0,0.3383680621970145,0.10238793499167748,0.4455487741264901,0.8135387439944397,0.34615384615384615,0.48249027237354086,0.5447470817120622,0.7631967682118017,False,descriptor_joined,uptake_or_loading,other_descriptor,post_combustion_capture,CO2,loading,,UC_volume_quantile_group,other_descriptor
ARC-MOF::post_comb_vsa_co2.csv__other_descriptor__clean_data.csv,molc/uc,dummy,random,2,20558,5140,23,0,0.3370843323771966,0.12907833365758756,-0.06423357978379829,,0.019230769230769232,0.027237354085603113,0.09922178988326848,0.2130158498812107,False,descriptor_joined,uptake_or_loading,other_descriptor,post_combustion_capture,CO2,loading,,UC_volume_quantile_group,other_descriptor
ARC-MOF::post_comb_vsa_co2.csv__other_descriptor__clean_data.csv,molc/uc,ridge,random,2,20558,5140,23,0,0.26400553271298044,0.11084529668543056,0.3471913794593269,0.7250157692347732,0.38461538461538464,0.40077821011673154,0.5155642023346303,0.689048168954718,False,descriptor_joined,uptake_or_loading,other_descriptor,post_combustion_capture,CO2,loading,,UC_volume_quantile_group,other_descriptor
ARC-MOF::post_comb_vsa_co2.csv__other_descriptor__clean_data.csv,molc/uc,hgb,random,2,20558,5140,23,0,0.24312954701768094,0.09879787519578638,0.4463499979369213,0.7675084457092552,0.46153846153846156,0.4708171206225681,0.5272373540856031,0.7228977307480002,False,descriptor_joined,uptake_or_loading,other_descriptor,post_combustion_capture,CO2,loading,,UC_volume_quantile_group,other_descriptor
ARC-MOF::post_comb_vsa_co2.csv__other_descriptor__clean_data.csv,molc/uc,extratrees,random,2,20558,5140,23,0,0.25142561904764826,0.09372075914395807,0.4079220599726884,0.8237240913004776,0.4230769230769231,0.5330739299610895,0.5719844357976653,0.7503237192193656,False,descriptor_joined,uptake_or_loading,other_descriptor,post_combustion_capture,CO2,loading,,UC_volume_quantile_group,other_descriptor
ARC-MOF::post_comb_vsa_co2.csv__other_descriptor__clean_data.csv,molc/uc,dummy,random,3,20558,5140,23,0,0.3489688587359388,0.13196277607003892,-0.0633973420397409,,0.0,0.058365758754863814,0.11478599221789883,0.18743667976081058,False,descriptor_joined,uptake_or_loading,other_descriptor,post_combustion_capture,CO2,loading,,UC_volume_quantile_group,other_descriptor
ARC-MOF::post_comb_vsa_co2.csv__other_descriptor__clean_data.csv,molc/uc,ridge,random,3,20558,5140,23,0,0.28805073421519506,0.11669485837249148,0.2754636193918074,0.7079658690859829,0.2692307692307692,0.4163424124513619,0.48443579766536965,0.649891189911242,False,descriptor_joined,uptake_or_loading,other_descriptor,post_combustion_capture,CO2,loading,,UC_volume_quantile_group,other_descriptor
ARC-MOF::post_comb_vsa_co2.csv__other_descriptor__clean_data.csv,molc/uc,hgb,random,3,20558,5140,23,0,0.2685563840231002,0.10925161651550978,0.3702137339239513,0.7325103863414948,0.38461538461538464,0.46303501945525294,0.5350194552529183,0.6997421770371277,False,descriptor_joined,uptake_or_loading,other_descriptor,post_combustion_capture,CO2,loading,,UC_volume_quantile_group,other_descriptor
ARC-MOF::post_comb_vsa_co2.csv__other_descriptor__clean_data.csv,molc/uc,extratrees,random,3,20558,5140,23,0,0.26084362519150095,0.09774425136140293,0.40586836281074323,0.8050653488768633,0.38461538461538464,0.4669260700389105,0.5603112840466926,0.7197459402639076,False,descriptor_joined,uptake_or_loading,other_descriptor,post_combustion_capture,CO2,loading,,UC_volume_quantile_group,other_descriptor
ARC-MOF::post_comb_vsa_co2.csv__other_descriptor__clean_data.csv,molc/uc,dummy,random,4,20558,5140,23,0,0.38166549333853395,0.13127957684824904,-0.05218386898855365,,0.038461538461538464,0.07392996108949416,0.11673151750972763,0.17898891758908583,False,descriptor_joined,uptake_or_loading,other_descriptor,post_combustion_capture,CO2,loading,,UC_volume_quantile_group,other_descriptor
ARC-MOF::post_comb_vsa_co2.csv__other_descriptor__clean_data.csv,molc/uc,ridge,random,4,20558,5140,23,0,0.30511960605772,0.11024667462377202,0.3275405893548561,0.7303003482655971,0.2692307692307692,0.4280155642023346,0.5233463035019456,0.6750179720870142,False,descriptor_joined,uptake_or_loading,other_descriptor,post_combustion_capture,CO2,loading,,UC_volume_quantile_group,other_descriptor
ARC-MOF::post_comb_vsa_co2.csv__other_descriptor__clean_data.csv,molc/uc,hgb,random,4,20558,5140,23,0,0.296420008568631,0.10143040261794221,0.36534036639458856,0.772843030621416,0.4230769230769231,0.49416342412451364,0.5544747081712063,0.6964653377560003,False,descriptor_joined,uptake_or_loading,other_descriptor,post_combustion_capture,CO2,loading,,UC_volume_quantile_group,other_descriptor
ARC-MOF::post_comb_vsa_co2.csv__other_descriptor__clean_data.csv,molc/uc,extratrees,random,4,20558,5140,23,0,0.2741467266514439,0.09332880707488111,0.45713483410976197,0.8212414233749996,0.4807692307692308,0.5214007782101168,0.546692607003891,0.7707816549015616,False,descriptor_joined,uptake_or_loading,other_descriptor,post_combustion_capture,CO2,loading,,UC_volume_quantile_group,other_descriptor
ARC-MOF::post_comb_vsa_co2.csv__other_descriptor__clean_data.csv,molc/uc,dummy,descriptor_grouped,0,20558,5140,23,0,0.34594516816037524,0.11660949961089495,-0.02786979419464175,,0.019230769230769232,0.04669260700389105,0.11284046692607004,0.17440424539297442,False,descriptor_joined,uptake_or_loading,other_descriptor,post_combustion_capture,CO2,loading,,UC_volume_quantile_group,other_descriptor
ARC-MOF::post_comb_vsa_co2.csv__other_descriptor__clean_data.csv,molc/uc,ridge,descriptor_grouped,0,20558,5140,23,0,0.29471706847036006,0.10946371200128985,0.25400804715395997,0.6624100376409088,0.28846153846153844,0.40077821011673154,0.48638132295719844,0.6117093689427747,False,descriptor_joined,uptake_or_loading,other_descriptor,post_combustion_capture,CO2,loading,,UC_volume_quantile_group,other_descriptor
ARC-MOF::post_comb_vsa_co2.csv__other_descriptor__clean_data.csv,molc/uc,hgb,descriptor_grouped,0,20558,5140,23,0,0.2959579035389081,0.10990591221364461,0.24771318544163246,0.6617778997215462,0.2692307692307692,0.4280155642023346,0.49416342412451364,0.6027724026835384,False,descriptor_joined,uptake_or_loading,other_descriptor,post_combustion_capture,CO2,loading,,UC_volume_quantile_group,other_descriptor
ARC-MOF::post_comb_vsa_co2.csv__other_descriptor__clean_data.csv,molc/uc,extratrees,descriptor_grouped,0,20558,5140,23,0,0.31903541373565475,0.11712658660149157,0.12581902132899148,0.7007890476370326,0.23076923076923078,0.39299610894941633,0.4805447470817121,0.5636056572729514,False,descriptor_joined,uptake_or_loading,other_descriptor,post_combustion_capture,CO2,loading,,UC_volume_quantile_group,other_descriptor
ARC-MOF::post_comb_vsa_co2.csv__other_descriptor__clean_data.csv,molc/uc,dummy,descriptor_grouped,1,20558,5140,23,0,0.3768455566999052,0.18187928249027238,-0.17971064438006046,,0.0,0.027237354085603113,0.07976653696498054,0.19219174127252828,False,descriptor_joined,uptake_or_loading,other_descriptor,post_combustion_capture,CO2,loading,,UC_volume_quantile_group,other_descriptor
ARC-MOF::post_comb_vsa_co2.csv__other_descriptor__clean_data.csv,molc/uc,ridge,descriptor_grouped,1,20558,5140,23,0,0.32746582111669104,0.17048024508551188,0.10919908295788072,0.5959080244439057,0.09615384615384616,0.2140077821011673,0.33852140077821014,0.45593130786646385,False,descriptor_joined,uptake_or_loading,other_descriptor,post_combustion_capture,CO2,loading,,UC_volume_quantile_group,other_descriptor
ARC-MOF::post_comb_vsa_co2.csv__other_descriptor__clean_data.csv,molc/uc,hgb,descriptor_grouped,1,20558,5140,23,0,0.31291339447110306,0.1702673875196608,0.18661341069148296,0.5940996808102181,0.057692307692307696,0.2723735408560311,0.35797665369649806,0.5482950654272574,False,descriptor_joined,uptake_or_loading,other_descriptor,post_combustion_capture,CO2,loading,,UC_volume_quantile_group,other_descriptor
ARC-MOF::post_comb_vsa_co2.csv__other_descriptor__clean_data.csv,molc/uc,extratrees,descriptor_grouped,1,20558,5140,23,0,0.3422239988291475,0.1982685698147752,0.02709681899058325,0.6348252047976217,0.15384615384615385,0.2918287937743191,0.377431906614786,0.568201823736129,False,descriptor_joined,uptake_or_loading,other_descriptor,post_combustion_capture,CO2,loading,,UC_volume_quantile_group,other_descriptor
ARC-MOF::post_comb_vsa_co2.csv__other_descriptor__clean_data.csv,molc/uc,dummy,descriptor_grouped,2,20558,5140,23,0,0.3664232670078974,0.15269169805447472,-0.09378933909956766,,0.019230769230769232,0.023346303501945526,0.08365758754863813,0.16433055565689378,False,descriptor_joined,uptake_or_loading,other_descriptor,post_combustion_capture,CO2,loading,,UC_volume_quantile_group,other_descriptor
ARC-MOF::post_comb_vsa_co2.csv__other_descriptor__clean_data.csv,molc/uc,ridge,descriptor_grouped,2,20558,5140,23,0,0.30508220910259937,0.13615250052857805,0.24176929766661925,0.6517113717598507,0.21153846153846154,0.31906614785992216,0.45330739299610895,0.5623581501818435,False,descriptor_joined,uptake_or_loading,other_descriptor,post_combustion_capture,CO2,loading,,UC_volume_quantile_group,other_descriptor
ARC-MOF::post_comb_vsa_co2.csv__other_descriptor__clean_data.csv,molc/uc,hgb,descriptor_grouped,2,20558,5140,23,0,0.30521009036574764,0.1364473776100613,0.2411335095467858,0.6549400444663457,0.25,0.3229571984435798,0.40077821011673154,0.5330097636918649,False,descriptor_joined,uptake_or_loading,other_descriptor,post_combustion_capture,CO2,loading,,UC_volume_quantile_group,other_descriptor
ARC-MOF::post_comb_vsa_co2.csv__other_descriptor__clean_data.csv,molc/uc,extratrees,descriptor_grouped,2,20558,5140,23,0,0.31334276245667364,0.14253164849670344,0.20015296951099104,0.6663874772193675,0.2692307692307692,0.29571984435797666,0.4085603112840467,0.5214368144445265,False,descriptor_joined,uptake_or_loading,other_descriptor,post_combustion_capture,CO2,loading,,UC_volume_quantile_group,other_descriptor
ARC-MOF::post_comb_vsa_co2.csv__other_descriptor__clean_data.csv,molc/uc,dummy,descriptor_grouped,3,20558,5140,23,0,0.37145363106481594,0.13121645661478598,-0.08251831357688122,,0.0,0.04669260700389105,0.09922178988326848,0.1851286054249015,False,descriptor_joined,uptake_or_loading,other_descriptor,post_combustion_capture,CO2,loading,,UC_volume_quantile_group,other_descriptor
ARC-MOF::post_comb_vsa_co2.csv__other_descriptor__clean_data.csv,molc/uc,ridge,descriptor_grouped,3,20558,5140,23,0,0.33286472097871034,0.13487361997618588,0.1307162262796927,0.35898185156000045,0.40384615384615385,0.41245136186770426,0.4280155642023346,0.6109353840266566,False,descriptor_joined,uptake_or_loading,other_descriptor,post_combustion_capture,CO2,loading,,UC_volume_quantile_group,other_descriptor
ARC-MOF::post_comb_vsa_co2.csv__other_descriptor__clean_data.csv,molc/uc,hgb,descriptor_grouped,3,20558,5140,23,0,0.30740272384287,0.0985732396282322,0.25861898778481374,0.7411201112128127,0.3076923076923077,0.46303501945525294,0.45525291828793774,0.6132042360929766,False,descriptor_joined,uptake_or_loading,other_descriptor,post_combustion_capture,CO2,loading,,UC_volume_quantile_group,other_descriptor
ARC-MOF::post_comb_vsa_co2.csv__other_descriptor__clean_data.csv,molc/uc,extratrees,descriptor_grouped,3,20558,5140,23,0,0.3131354691458633,0.11965179256031129,0.23070915721625218,0.4582969311620941,0.34615384615384615,0.45136186770428016,0.38715953307393,0.6030797655279497,False,descriptor_joined,uptake_or_loading,other_descriptor,post_combustion_capture,CO2,loading,,UC_volume_quantile_group,other_descriptor
ARC-MOF::post_comb_vsa_co2.csv__other_descriptor__clean_data.csv,molc/uc,dummy,descriptor_grouped,4,20558,5140,23,0,0.29608088849135555,0.12438351108949415,-0.12784571092997998,,0.019230769230769232,0.042801556420233464,0.07782101167315175,0.19494779815401067,False,descriptor_joined,uptake_or_loading,other_descriptor,post_combustion_capture,CO2,loading,,UC_volume_quantile_group,other_descriptor
ARC-MOF::post_comb_vsa_co2.csv__other_descriptor__clean_data.csv,molc/uc,ridge,descriptor_grouped,4,20558,5140,23,0,0.2576875020834133,0.11448954739403,0.1456896793834932,0.4853108217171386,0.28846153846153844,0.4708171206225681,0.4396887159533074,0.611820264870659,False,descriptor_joined,uptake_or_loading,other_descriptor,post_combustion_capture,CO2,loading,,UC_volume_quantile_group,other_descriptor
ARC-MOF::post_comb_vsa_co2.csv__other_descriptor__clean_data.csv,molc/uc,hgb,descriptor_grouped,4,20558,5140,23,0,0.2565705689116333,0.10500644793941052,0.1530795570201322,0.6191916601833711,0.3076923076923077,0.48249027237354086,0.4260700389105058,0.5924546303008349,False,descriptor_joined,uptake_or_loading,other_descriptor,post_combustion_capture,CO2,loading,,UC_volume_quantile_group,other_descriptor
ARC-MOF::post_comb_vsa_co2.csv__other_descriptor__clean_data.csv,molc/uc,extratrees,descriptor_grouped,4,20558,5140,23,0,0.25911322227818484,0.11339755801632082,0.13621015917799117,0.38344518404326816,0.2692307692307692,0.4474708171206226,0.4085603112840467,0.5640126470976154,False,descriptor_joined,uptake_or_loading,other_descriptor,post_combustion_capture,CO2,loading,,UC_volume_quantile_group,other_descriptor
ARC-MOF::pre_comb_4040_co2.csv__RAC__racs.csv,wt%,dummy,random,0,11828,2957,156,1,5.967591185586344,3.953498559181603,-0.12650241193983724,,0.03333333333333333,0.04054054054054054,0.09121621621621621,0.310558842433199,True,descriptor_joined,uptake_or_loading,RAC,pre_combustion_capture,CO2,uptake,,func-chi-0-all,RAC
ARC-MOF::pre_comb_4040_co2.csv__RAC__racs.csv,wt%,ridge,random,0,11828,2957,156,1,3.8617608609068017,2.58218488189101,0.5282577744554857,0.7743167859666789,0.13333333333333333,0.43243243243243246,0.6047297297297297,0.7767121121173579,True,descriptor_joined,uptake_or_loading,RAC,pre_combustion_capture,CO2,uptake,,func-chi-0-all,RAC
ARC-MOF::pre_comb_4040_co2.csv__RAC__racs.csv,wt%,extratrees,random,0,11828,2957,156,1,3.2226981704485107,2.0753606186692592,0.6714713391938203,0.83508694555767,0.36666666666666664,0.5743243243243243,0.6554054054054054,0.8551503315883111,True,descriptor_joined,uptake_or_loading,RAC,pre_combustion_capture,CO2,uptake,,func-chi-0-all,RAC
ARC-MOF::pre_comb_4040_co2.csv__RAC__racs.csv,wt%,dummy,random,1,11828,2957,156,1,5.901045081672774,3.9192742135610423,-0.13275833011556815,,0.0,0.0472972972972973,0.12837837837837837,0.31428909981015835,True,descriptor_joined,uptake_or_loading,RAC,pre_combustion_capture,CO2,uptake,,func-chi-0-all,RAC
ARC-MOF::pre_comb_4040_co2.csv__RAC__racs.csv,wt%,ridge,random,1,11828,2957,156,1,3.6941497941862123,2.5276045351391656,0.5560762270099877,0.7811652375084083,0.23333333333333334,0.39864864864864863,0.6013513513513513,0.7831534326695943,True,descriptor_joined,uptake_or_loading,RAC,pre_combustion_capture,CO2,uptake,,func-chi-0-all,RAC
ARC-MOF::pre_comb_4040_co2.csv__RAC__racs.csv,wt%,extratrees,random,1,11828,2957,156,1,3.0954306214025316,1.9849361216826362,0.6883109475825369,0.8422863202406324,0.43333333333333335,0.4864864864864865,0.6554054054054054,0.8495129296130938,True,descriptor_joined,uptake_or_loading,RAC,pre_combustion_capture,CO2,uptake,,func-chi-0-all,RAC
ARC-MOF::pre_comb_4040_co2.csv__RAC__racs.csv,wt%,dummy,random,2,11828,2957,156,1,5.836228244391634,3.9028612517754477,-0.1255653766812832,,0.06666666666666667,0.06756756756756757,0.10810810810810811,0.31152868069986783,True,descriptor_joined,uptake_or_loading,RAC,pre_combustion_capture,CO2,uptake,,func-chi-0-all,RAC
ARC-MOF::pre_comb_4040_co2.csv__RAC__racs.csv,wt%,ridge,random,2,11828,2957,156,1,3.7607422385503293,2.597109502301277,0.5326380786157476,0.773682083879466,0.2,0.34459459459459457,0.5743243243243243,0.7557325601995818,True,descriptor_joined,uptake_or_loading,RAC,pre_combustion_capture,CO2,uptake,,func-chi-0-all,RAC
ARC-MOF::pre_comb_4040_co2.csv__RAC__racs.csv,wt%,extratrees,random,2,11828,2957,156,1,3.289824694983255,2.0988446063091346,0.6423553754546232,0.8264608080001896,0.36666666666666664,0.5067567567567568,0.6452702702702703,0.834109990784527,True,descriptor_joined,uptake_or_loading,RAC,pre_combustion_capture,CO2,uptake,,func-chi-0-all,RAC
ARC-MOF::pre_comb_4040_co2.csv__RAC__racs.csv,wt%,dummy,random,3,11828,2957,156,1,5.77138647501804,3.8296490485289145,-0.1340207881917701,,0.0,0.02702702702702703,0.10472972972972973,0.305169198217555,True,descriptor_joined,uptake_or_loading,RAC,pre_combustion_capture,CO2,uptake,,func-chi-0-all,RAC
ARC-MOF::pre_comb_4040_co2.csv__RAC__racs.csv,wt%,ridge,random,3,11828,2957,156,1,3.6468352868509775,2.534356852733688,0.5472139919128893,0.749960251496842,0.3,0.4527027027027027,0.6148648648648649,0.8178619529328135,True,descriptor_joined,uptake_or_loading,RAC,pre_combustion_capture,CO2,uptake,,func-chi-0-all,RAC
ARC-MOF::pre_comb_4040_co2.csv__RAC__racs.csv,wt%,extratrees,random,3,11828,2957,156,1,3.1196064789527598,2.0322493280982976,0.6686703296636145,0.8260282188535649,0.43333333333333335,0.5405405405405406,0.6418918918918919,0.8727528042777636,True,descriptor_joined,uptake_or_loading,RAC,pre_combustion_capture,CO2,uptake,,func-chi-0-all,RAC
ARC-MOF::pre_comb_4040_co2.csv__RAC__racs.csv,wt%,dummy,random,4,11828,2957,156,1,5.927299006011197,3.955814304193439,-0.12516075765837686,,0.0,0.060810810810810814,0.08445945945945946,0.30715696950105253,True,descriptor_joined,uptake_or_loading,RAC,pre_combustion_capture,CO2,uptake,,func-chi-0-all,RAC
ARC-MOF::pre_comb_4040_co2.csv__RAC__racs.csv,wt%,ridge,random,4,11828,2957,156,1,3.9243858403500296,2.617199463517693,0.5067758819707443,0.760210287207437,0.3333333333333333,0.4527027027027027,0.6013513513513513,0.8015534381832394,True,descriptor_joined,uptake_or_loading,RAC,pre_combustion_capture,CO2,uptake,,func-chi-0-all,RAC
ARC-MOF::pre_comb_4040_co2.csv__RAC__racs.csv,wt%,extratrees,random,4,11828,2957,156,1,3.1041023260834355,2.0252584275786267,0.6914163133376758,0.8353546786830908,0.43333333333333335,0.5405405405405406,0.6756756756756757,0.8741359671165053,True,descriptor_joined,uptake_or_loading,RAC,pre_combustion_capture,CO2,uptake,,func-chi-0-all,RAC
ARC-MOF::pre_comb_4040_co2.csv__RAC__racs.csv,wt%,dummy,descriptor_grouped,0,12813,1972,156,1,4.951178725594869,3.3145124878296146,-0.025643089697927834,,0.0,0.08080808080808081,0.10101010101010101,0.29352160391608956,True,descriptor_joined,uptake_or_loading,RAC,pre_combustion_capture,CO2,uptake,,func-chi-0-all,RAC
ARC-MOF::pre_comb_4040_co2.csv__RAC__racs.csv,wt%,ridge,descriptor_grouped,0,12813,1972,156,1,3.5744244616257532,2.321142993477576,0.4654463513683409,0.7370058855237891,0.2,0.43434343434343436,0.5757575757575758,0.7558856904096678,True,descriptor_joined,uptake_or_loading,RAC,pre_combustion_capture,CO2,uptake,,func-chi-0-all,RAC
ARC-MOF::pre_comb_4040_co2.csv__RAC__racs.csv,wt%,extratrees,descriptor_grouped,0,12813,1972,156,1,2.921949301273528,1.8462468133834797,0.6427893459386104,0.8348009468460714,0.25,0.5656565656565656,0.6262626262626263,0.8437940396019763,True,descriptor_joined,uptake_or_loading,RAC,pre_combustion_capture,CO2,uptake,,func-chi-0-all,RAC
ARC-MOF::pre_comb_4040_co2.csv__RAC__racs.csv,wt%,dummy,descriptor_grouped,1,12589,2196,156,1,6.458940204963214,4.416816095173043,-0.2883959593012497,,0.0,0.045454545454545456,0.10454545454545454,0.3621043796254366,True,descriptor_joined,uptake_or_loading,RAC,pre_combustion_capture,CO2,uptake,,func-chi-0-all,RAC
ARC-MOF::pre_comb_4040_co2.csv__RAC__racs.csv,wt%,ridge,descriptor_grouped,1,12589,2196,156,1,3.856082052159506,2.741352411585734,0.5407815174265909,0.7569827709436331,0.18181818181818182,0.44545454545454544,0.5363636363636364,0.7734440000287239,True,descriptor_joined,uptake_or_loading,RAC,pre_combustion_capture,CO2,uptake,,func-chi-0-all,RAC
ARC-MOF::pre_comb_4040_co2.csv__RAC__racs.csv,wt%,extratrees,descriptor_grouped,1,12589,2196,156,1,3.138433566192961,2.19264453379579,0.6958045553574372,0.8410367976132442,0.3181818181818182,0.5363636363636364,0.6272727272727273,0.8795002898118128,True,descriptor_joined,uptake_or_loading,RAC,pre_combustion_capture,CO2,uptake,,func-chi-0-all,RAC
ARC-MOF::pre_comb_4040_co2.csv__RAC__racs.csv,wt%,dummy,descriptor_grouped,2,12403,2382,156,1,7.138312107113797,4.94938454617968,-0.31717257547082855,,0.0,0.058333333333333334,0.100418410041841,0.3440351663931476,True,descriptor_joined,uptake_or_loading,RAC,pre_combustion_capture,CO2,uptake,,func-chi-0-all,RAC
ARC-MOF::pre_comb_4040_co2.csv__RAC__racs.csv,wt%,ridge,descriptor_grouped,2,12403,2382,156,1,3.9509049429586285,2.7963092191594985,0.5964988504732902,0.8196726081812182,0.25,0.39166666666666666,0.4769874476987448,0.7627449734396345,True,descriptor_joined,uptake_or_loading,RAC,pre_combustion_capture,CO2,uptake,,func-chi-0-all,RAC
ARC-MOF::pre_comb_4040_co2.csv__RAC__racs.csv,wt%,extratrees,descriptor_grouped,2,12403,2382,156,1,3.2450904427382086,2.244114808284122,0.7277892793479003,0.8745914553284235,0.4583333333333333,0.45,0.5774058577405857,0.8783118256029391,True,descriptor_joined,uptake_or_loading,RAC,pre_combustion_capture,CO2,uptake,,func-chi-0-all,RAC
ARC-MOF::pre_comb_4040_co2.csv__RAC__racs.csv,wt%,dummy,descriptor_grouped,3,9124,5661,156,1,5.74679258505916,3.9107525288818232,-0.07417736263398833,,0.017543859649122806,0.056338028169014086,0.09876543209876543,0.30316332329530826,True,descriptor_joined,uptake_or_loading,RAC,pre_combustion_capture,CO2,uptake,,func-chi-0-all,RAC
ARC-MOF::pre_comb_4040_co2.csv__RAC__racs.csv,wt%,ridge,descriptor_grouped,3,9124,5661,156,1,5.075900828987663,2.7356320143815016,0.16198612917679822,0.7393286195799841,0.24561403508771928,0.4295774647887324,0.562610229276896,0.7485447689854412,True,descriptor_joined,uptake_or_loading,RAC,pre_combustion_capture,CO2,uptake,,func-chi-0-all,RAC
ARC-MOF::pre_comb_4040_co2.csv__RAC__racs.csv,wt%,extratrees,descriptor_grouped,3,9124,5661,156,1,3.5937254351348775,2.324017051692574,0.5799367026117646,0.7923781451885454,0.2807017543859649,0.426056338028169,0.564373897707231,0.7966526060343098,True,descriptor_joined,uptake_or_loading,RAC,pre_combustion_capture,CO2,uptake,,func-chi-0-all,RAC
ARC-MOF::pre_comb_4040_co2.csv__RAC__racs.csv,wt%,dummy,descriptor_grouped,4,12204,2581,156,1,5.238560886789969,3.2924049186361874,-0.11585535802415836,,0.0,0.05384615384615385,0.07722007722007722,0.2880428625797823,True,descriptor_joined,uptake_or_loading,RAC,pre_combustion_capture,CO2,uptake,,func-chi-0-all,RAC
ARC-MOF::pre_comb_4040_co2.csv__RAC__racs.csv,wt%,ridge,descriptor_grouped,4,12204,2581,156,1,3.7546844968369952,2.5250427983697197,0.42676749360222044,0.7032312021573843,0.3076923076923077,0.46153846153846156,0.5212355212355212,0.7537274196750512,True,descriptor_joined,uptake_or_loading,RAC,pre_combustion_capture,CO2,uptake,,func-chi-0-all,RAC
ARC-MOF::pre_comb_4040_co2.csv__RAC__racs.csv,wt%,extratrees,descriptor_grouped,4,12204,2581,156,1,3.1761510434449427,2.0647022926184944,0.5898089258336733,0.7719326339055989,0.46153846153846156,0.5153846153846153,0.6332046332046332,0.835262985600244,True,descriptor_joined,uptake_or_loading,RAC,pre_combustion_capture,CO2,uptake,,func-chi-0-all,RAC
ARC-MOF::pre_comb_4040_co2.csv__RAC__racs.csv,v/v,dummy,random,0,11828,2957,156,1,35.0068330725725,21.77149148698005,-0.1704898046373744,,0.03333333333333333,0.04054054054054054,0.09121621621621621,0.25028133602585706,True,descriptor_joined,uptake_or_loading,RAC,pre_combustion_capture,CO2,uptake,,func-chi-0-all,RAC
ARC-MOF::pre_comb_4040_co2.csv__RAC__racs.csv,v/v,ridge,random,0,11828,2957,156,1,21.755343189996065,14.452139791248685,0.54794230611927,0.7798119640667119,0.23333333333333334,0.46621621621621623,0.5743243243243243,0.7884147464475865,True,descriptor_joined,uptake_or_loading,RAC,pre_combustion_capture,CO2,uptake,,func-chi-0-all,RAC
ARC-MOF::pre_comb_4040_co2.csv__RAC__racs.csv,v/v,extratrees,random,0,11828,2957,156,1,18.14787624902355,11.155785044271786,0.6854326772424331,0.8496020048228441,0.36666666666666664,0.5675675675675675,0.6452702702702703,0.8396545465735462,True,descriptor_joined,uptake_or_loading,RAC,pre_combustion_capture,CO2,uptake,,func-chi-0-all,RAC
ARC-MOF::pre_comb_4040_co2.csv__RAC__racs.csv,v/v,dummy,random,1,11828,2957,156,1,34.97311466666071,21.32479174771728,-0.16883835490401777,,0.0,0.060810810810810814,0.125,0.24720966712456385,True,descriptor_joined,uptake_or_loading,RAC,pre_combustion_capture,CO2,uptake,,func-chi-0-all,RAC
ARC-MOF::pre_comb_4040_co2.csv__RAC__racs.csv,v/v,ridge,random,1,11828,2957,156,1,21.193455364607107,14.253565722037546,0.5707706904277748,0.7807782369341066,0.26666666666666666,0.40540540540540543,0.597972972972973,0.7993566869651749,True,descriptor_joined,uptake_or_loading,RAC,pre_combustion_capture,CO2,uptake,,func-chi-0-all,RAC
ARC-MOF::pre_comb_4040_co2.csv__RAC__racs.csv,v/v,extratrees,random,1,11828,2957,156,1,17.646981335458193,10.739349772671064,0.7024042782940608,0.8568576214779607,0.4,0.5202702702702703,0.652027027027027,0.8379582563298703,True,descriptor_joined,uptake_or_loading,RAC,pre_combustion_capture,CO2,uptake,,func-chi-0-all,RAC
ARC-MOF::pre_comb_4040_co2.csv__RAC__racs.csv,v/v,dummy,random,2,11828,2957,156,1,33.92862862927322,21.020796393473113,-0.16404287135016538,,0.06666666666666667,0.05405405405405406,0.10472972972972973,0.2433035934871375,True,descriptor_joined,uptake_or_loading,RAC,pre_combustion_capture,CO2,uptake,,func-chi-0-all,RAC
ARC-MOF::pre_comb_4040_co2.csv__RAC__racs.csv,v/v,ridge,random,2,11828,2957,156,1,21.272476726345225,14.595888058500393,0.542414264416714,0.7726037238183842,0.16666666666666666,0.41216216216216217,0.543918918918919,0.7652198901997687,True,descriptor_joined,uptake_or_loading,RAC,pre_combustion_capture,CO2,uptake,,func-chi-0-all,RAC
ARC-MOF::pre_comb_4040_co2.csv__RAC__racs.csv,v/v,extratrees,random,2,11828,2957,156,1,18.537192660297876,11.224241437539922,0.6525244183314176,0.8386289981259205,0.26666666666666666,0.527027027027027,0.6148648648648649,0.8120614724972661,True,descriptor_joined,uptake_or_loading,RAC,pre_combustion_capture,CO2,uptake,,func-chi-0-all,RAC
ARC-MOF::pre_comb_4040_co2.csv__RAC__racs.csv,v/v,dummy,random,3,11828,2957,156,1,32.9182477780729,20.505260463307405,-0.17441196546722337,,0.0,0.060810810810810814,0.11486486486486487,0.2503055989709494,True,descriptor_joined,uptake_or_loading,RAC,pre_combustion_capture,CO2,uptake,,func-chi-0-all,RAC
ARC-MOF::pre_comb_4040_co2.csv__RAC__racs.csv,v/v,ridge,random,3,11828,2957,156,1,20.649773040444362,14.084737253603256,0.5378556870131586,0.7508261675037008,0.26666666666666666,0.4594594594594595,0.5608108108108109,0.7838314447706186,True,descriptor_joined,uptake_or_loading,RAC,pre_combustion_capture,CO2,uptake,,func-chi-0-all,RAC
ARC-MOF::pre_comb_4040_co2.csv__RAC__racs.csv,v/v,extratrees,random,3,11828,2957,156,1,17.405636131034385,10.685677624530117,0.6716576908524559,0.8415537535866179,0.3333333333333333,0.5472972972972973,0.625,0.8360622851222225,True,descriptor_joined,uptake_or_loading,RAC,pre_combustion_capture,CO2,uptake,,func-chi-0-all,RAC
ARC-MOF::pre_comb_4040_co2.csv__RAC__racs.csv,v/v,dummy,random,4,11828,2957,156,1,34.15391087238119,21.247273877409537,-0.1677245792262667,,0.0,0.04054054054054054,0.07094594594594594,0.23496040366090565,True,descriptor_joined,uptake_or_loading,RAC,pre_combustion_capture,CO2,uptake,,func-chi-0-all,RAC
ARC-MOF::pre_comb_4040_co2.csv__RAC__racs.csv,v/v,ridge,random,4,11828,2957,156,1,22.08430381389651,14.448264233720167,0.5117671843151979,0.7663416405029405,0.16666666666666666,0.46621621621621623,0.5574324324324325,0.7887525172643827,True,descriptor_joined,uptake_or_loading,RAC,pre_combustion_capture,CO2,uptake,,func-chi-0-all,RAC
ARC-MOF::pre_comb_4040_co2.csv__RAC__racs.csv,v/v,extratrees,random,4,11828,2957,156,1,17.48481567330961,10.74051009144741,0.6939575593398571,0.8494028691941777,0.3,0.5337837837837838,0.6351351351351351,0.8469922456011764,True,descriptor_joined,uptake_or_loading,RAC,pre_combustion_capture,CO2,uptake,,func-chi-0-all,RAC
ARC-MOF::pre_comb_4040_co2.csv__RAC__racs.csv,v/v,dummy,descriptor_grouped,0,12813,1972,156,1,29.57874471962578,17.98572505882353,-0.07128017192017366,,0.0,0.050505050505050504,0.09595959595959595,0.23288649989867216,True,descriptor_joined,uptake_or_loading,RAC,pre_combustion_capture,CO2,uptake,,func-chi-0-all,RAC
ARC-MOF::pre_comb_4040_co2.csv__RAC__racs.csv,v/v,ridge,descriptor_grouped,0,12813,1972,156,1,20.421854350696695,13.183827641334728,0.48933753502256905,0.7308043648266546,0.35,0.5050505050505051,0.5909090909090909,0.7581819228848108,True,descriptor_joined,uptake_or_loading,RAC,pre_combustion_capture,CO2,uptake,,func-chi-0-all,RAC
ARC-MOF::pre_comb_4040_co2.csv__RAC__racs.csv,v/v,extratrees,descriptor_grouped,0,12813,1972,156,1,16.45402300442299,9.976372370451319,0.6684967514271136,0.8474804889673222,0.4,0.5353535353535354,0.6818181818181818,0.8123376329784101,True,descriptor_joined,uptake_or_loading,RAC,pre_combustion_capture,CO2,uptake,,func-chi-0-all,RAC
ARC-MOF::pre_comb_4040_co2.csv__RAC__racs.csv,v/v,dummy,descriptor_grouped,1,12589,2196,156,1,37.31310431233282,24.056914660291437,-0.3320550230321393,,0.0,0.05454545454545454,0.09090909090909091,0.28974627587429264,True,descriptor_joined,uptake_or_loading,RAC,pre_combustion_capture,CO2,uptake,,func-chi-0-all,RAC
ARC-MOF::pre_comb_4040_co2.csv__RAC__racs.csv,v/v,ridge,descriptor_grouped,1,12589,2196,156,1,22.63137162270043,15.495862795896981,0.5099717110058939,0.7518099489151296,0.0,0.4090909090909091,0.5590909090909091,0.7674418223733779,True,descriptor_joined,uptake_or_loading,RAC,pre_combustion_capture,CO2,uptake,,func-chi-0-all,RAC
ARC-MOF::pre_comb_4040_co2.csv__RAC__racs.csv,v/v,extratrees,descriptor_grouped,1,12589,2196,156,1,18.0737083587241,12.043903066335506,0.6874683963878023,0.8534375209941996,0.13636363636363635,0.4909090909090909,0.6045454545454545,0.8360678761647268,True,descriptor_joined,uptake_or_loading,RAC,pre_combustion_capture,CO2,uptake,,func-chi-0-all,RAC
ARC-MOF::pre_comb_4040_co2.csv__RAC__racs.csv,v/v,dummy,descriptor_grouped,2,12403,2382,156,1,42.1830982282999,27.809925326616288,-0.35467562287054566,,0.0,0.05,0.09205020920502092,0.2751065710789807,True,descriptor_joined,uptake_or_loading,RAC,pre_combustion_capture,CO2,uptake,,func-chi-0-all,RAC
ARC-MOF::pre_comb_4040_co2.csv__RAC__racs.csv,v/v,ridge,descriptor_grouped,2,12403,2382,156,1,23.85954370071894,16.199819916495176,0.56660625913356,0.8240704263439195,0.16666666666666666,0.2916666666666667,0.4560669456066946,0.7359097911852955,True,descriptor_joined,uptake_or_loading,RAC,pre_combustion_capture,CO2,uptake,,func-chi-0-all,RAC
ARC-MOF::pre_comb_4040_co2.csv__RAC__racs.csv,v/v,extratrees,descriptor_grouped,2,12403,2382,156,1,19.200187798685544,12.67733170600289,0.7193472380839296,0.8885053714496037,0.3333333333333333,0.44166666666666665,0.5606694560669456,0.8411974694509224,True,descriptor_joined,uptake_or_loading,RAC,pre_combustion_capture,CO2,uptake,,func-chi-0-all,RAC
ARC-MOF::pre_comb_4040_co2.csv__RAC__racs.csv,v/v,dummy,descriptor_grouped,3,9124,5661,156,1,33.52744221816685,21.232356428634517,-0.10963333057913549,,0.0,0.056338028169014086,0.10052910052910052,0.23953880143244327,True,descriptor_joined,uptake_or_loading,RAC,pre_combustion_capture,CO2,uptake,,func-chi-0-all,RAC
ARC-MOF::pre_comb_4040_co2.csv__RAC__racs.csv,v/v,ridge,descriptor_grouped,3,9124,5661,156,1,29.625925647691602,15.483953490354663,0.13359189757725087,0.7433256168267687,0.21052631578947367,0.45422535211267606,0.5485008818342152,0.7488082360717683,True,descriptor_joined,uptake_or_loading,RAC,pre_combustion_capture,CO2,uptake,,func-chi-0-all,RAC
ARC-MOF::pre_comb_4040_co2.csv__RAC__racs.csv,v/v,extratrees,descriptor_grouped,3,9124,5661,156,1,20.440323042289002,12.780593818050699,0.5875662867097737,0.798738035661908,0.21052631578947367,0.43661971830985913,0.5414462081128748,0.7670687139901261,True,descriptor_joined,uptake_or_loading,RAC,pre_combustion_capture,CO2,uptake,,func-chi-0-all,RAC
ARC-MOF::pre_comb_4040_co2.csv__RAC__racs.csv,v/v,dummy,descriptor_grouped,4,12204,2581,156,1,29.000504425278628,17.2328567338241,-0.13791289942883256,,0.0,0.06153846153846154,0.10038610038610038,0.22226279214669054,True,descriptor_joined,uptake_or_loading,RAC,pre_combustion_capture,CO2,uptake,,func-chi-0-all,RAC
ARC-MOF::pre_comb_4040_co2.csv__RAC__racs.csv,v/v,ridge,descriptor_grouped,4,12204,2581,156,1,20.29734939358841,13.584723810406752,0.44258766886166057,0.7122139584731626,0.07692307692307693,0.49230769230769234,0.5752895752895753,0.724018693288887,True,descriptor_joined,uptake_or_loading,RAC,pre_combustion_capture,CO2,uptake,,func-chi-0-all,RAC
ARC-MOF::pre_comb_4040_co2.csv__RAC__racs.csv,v/v,extratrees,descriptor_grouped,4,12204,2581,156,1,16.336291871206328,10.318476576300315,0.638918793470207,0.7983458295173955,0.34615384615384615,0.6076923076923076,0.6795366795366795,0.8483764391496245,True,descriptor_joined,uptake_or_loading,RAC,pre_combustion_capture,CO2,uptake,,func-chi-0-all,RAC
ARC-MOF::pre_comb_4040_co2.csv__RAC__racs.csv,mmol/g,dummy,random,0,11828,2957,156,1,1.3559779196684378,0.8983284450456543,-0.1265023489450252,,0.03333333333333333,0.04054054054054054,0.09121621621621621,0.31055884371836096,True,descriptor_joined,uptake_or_loading,RAC,pre_combustion_capture,CO2,uptake,,func-chi-0-all,RAC
ARC-MOF::pre_comb_4040_co2.csv__RAC__racs.csv,mmol/g,ridge,random,0,11828,2957,156,1,0.8774834683024213,0.5867335249670736,0.5282577733570408,0.7743172846976903,0.13333333333333333,0.43243243243243246,0.6047297297297297,0.7767121118899107,True,descriptor_joined,uptake_or_loading,RAC,pre_combustion_capture,CO2,uptake,,func-chi-0-all,RAC
ARC-MOF::pre_comb_4040_co2.csv__RAC__racs.csv,mmol/g,extratrees,random,0,11828,2957,156,1,0.7351622718184213,0.4729144380802614,0.668873995619398,0.834726451218407,0.3,0.5743243243243243,0.6486486486486487,0.8489606417249314,True,descriptor_joined,uptake_or_loading,RAC,pre_combustion_capture,CO2,uptake,,func-chi-0-all,RAC
ARC-MOF::pre_comb_4040_co2.csv__RAC__racs.csv,mmol/g,dummy,random,1,11828,2957,156,1,1.3408570984920314,0.8905518583023334,-0.13275832421576927,,0.0,0.0472972972972973,0.12837837837837837,0.3142890947692493,True,descriptor_joined,uptake_or_loading,RAC,pre_combustion_capture,CO2,uptake,,func-chi-0-all,RAC
ARC-MOF::pre_comb_4040_co2.csv__RAC__racs.csv,mmol/g,ridge,random,1,11828,2957,156,1,0.8393982595475125,0.5743315667720776,0.5560762299243387,0.7811652375084083,0.23333333333333334,0.39864864864864863,0.6013513513513513,0.7831534362688549,True,descriptor_joined,uptake_or_loading,RAC,pre_combustion_capture,CO2,uptake,,func-chi-0-all,RAC
ARC-MOF::pre_comb_4040_co2.csv__RAC__racs.csv,mmol/g,extratrees,random,1,11828,2957,156,1,0.7004454346185871,0.45038229849791456,0.6908844239621589,0.843146124989163,0.4,0.4797297297297297,0.6486486486486487,0.852256672864931,True,descriptor_joined,uptake_or_loading,RAC,pre_combustion_capture,CO2,uptake,,func-chi-0-all,RAC
ARC-MOF::pre_comb_4040_co2.csv__RAC__racs.csv,mmol/g,dummy,random,2,11828,2957,156,1,1.3261291628306213,0.8868224496110924,-0.12556533348638688,,0.06666666666666667,0.06756756756756757,0.10810810810810811,0.3115286844569544,True,descriptor_joined,uptake_or_loading,RAC,pre_combustion_capture,CO2,uptake,,func-chi-0-all,RAC
ARC-MOF::pre_comb_4040_co2.csv__RAC__racs.csv,mmol/g,ridge,random,2,11828,2957,156,1,0.8545296476103489,0.5901247508615207,0.5326380761928065,0.7736821318630396,0.2,0.34459459459459457,0.5743243243243243,0.7557325615788563,True,descriptor_joined,uptake_or_loading,RAC,pre_combustion_capture,CO2,uptake,,func-chi-0-all,RAC
ARC-MOF::pre_comb_4040_co2.csv__RAC__racs.csv,mmol/g,extratrees,random,2,11828,2957,156,1,0.7448840611417146,0.4756335946296922,0.6448789466799345,0.8262353756424037,0.36666666666666664,0.5202702702702703,0.6486486486486487,0.8373960085954095,True,descriptor_joined,uptake_or_loading,RAC,pre_combustion_capture,CO2,uptake,,func-chi-0-all,RAC
ARC-MOF::pre_comb_4040_co2.csv__RAC__racs.csv,mmol/g,dummy,random,3,11828,2957,156,1,1.3113955434704294,0.8701868988840042,-0.1340206890653235,,0.0,0.02702702702702703,0.10472972972972973,0.3051692016414412,True,descriptor_joined,uptake_or_loading,RAC,pre_combustion_capture,CO2,uptake,,func-chi-0-all,RAC
ARC-MOF::pre_comb_4040_co2.csv__RAC__racs.csv,mmol/g,ridge,random,3,11828,2957,156,1,0.8286472874920658,0.5758658653068879,0.5472139927413586,0.7499602966902096,0.3,0.4527027027027027,0.6148648648648649,0.8178619577449778,True,descriptor_joined,uptake_or_loading,RAC,pre_combustion_capture,CO2,uptake,,func-chi-0-all,RAC
ARC-MOF::pre_comb_4040_co2.csv__RAC__racs.csv,mmol/g,extratrees,random,3,11828,2957,156,1,0.7081362846704451,0.46047156880340434,0.6693357319592386,0.8258165991726846,0.43333333333333335,0.5540540540540541,0.6452702702702703,0.8738668276910229,True,descriptor_joined,uptake_or_loading,RAC,pre_combustion_capture,CO2,uptake,,func-chi-0-all,RAC
ARC-MOF::pre_comb_4040_co2.csv__RAC__racs.csv,mmol/g,dummy,random,4,11828,2957,156,1,1.346822596400818,0.8988546359485966,-0.1251607128917056,,0.0,0.060810810810810814,0.08445945945945946,0.3071569658275357,True,descriptor_joined,uptake_or_loading,RAC,pre_combustion_capture,CO2,uptake,,func-chi-0-all,RAC
ARC-MOF::pre_comb_4040_co2.csv__RAC__racs.csv,mmol/g,ridge,random,4,11828,2957,156,1,0.8917133435116513,0.5946896662005815,0.506775885196014,0.760210287207437,0.3333333333333333,0.4527027027027027,0.6013513513513513,0.8015534409120613,True,descriptor_joined,uptake_or_loading,RAC,pre_combustion_capture,CO2,uptake,,func-chi-0-all,RAC
ARC-MOF::pre_comb_4040_co2.csv__RAC__racs.csv,mmol/g,extratrees,random,4,11828,2957,156,1,0.701956396337838,0.4589796467872844,0.6943572893235175,0.8363149090324445,0.4666666666666667,0.5472972972972973,0.6722972972972973,0.8736720363178446,True,descriptor_joined,uptake_or_loading,RAC,pre_combustion_capture,CO2,uptake,,func-chi-0-all,RAC
ARC-MOF::pre_comb_4040_co2.csv__RAC__racs.csv,mmol/g,dummy,descriptor_grouped,0,12813,1972,156,1,1.1250250304303073,0.7531356353955375,-0.02564317270727634,,0.0,0.08080808080808081,0.10101010101010101,0.2935216001081448,True,descriptor_joined,uptake_or_loading,RAC,pre_combustion_capture,CO2,uptake,,func-chi-0-all,RAC
ARC-MOF::pre_comb_4040_co2.csv__RAC__racs.csv,mmol/g,ridge,descriptor_grouped,0,12813,1972,156,1,0.812193816696839,0.5274186286507537,0.4654463725551845,0.7370058855237891,0.2,0.43434343434343436,0.5757575757575758,0.755885701195143,True,descriptor_joined,uptake_or_loading,RAC,pre_combustion_capture,CO2,uptake,,func-chi-0-all,RAC
ARC-MOF::pre_comb_4040_co2.csv__RAC__racs.csv,mmol/g,extratrees,descriptor_grouped,0,12813,1972,156,1,0.6618698332165632,0.41893635048146266,0.6450092001891479,0.835846388554903,0.25,0.5858585858585859,0.6262626262626263,0.8494089635010409,True,descriptor_joined,uptake_or_loading,RAC,pre_combustion_capture,CO2,uptake,,func-chi-0-all,RAC
ARC-MOF::pre_comb_4040_co2.csv__RAC__racs.csv,mmol/g,dummy,descriptor_grouped,1,12589,2196,156,1,1.4676241374801067,1.003605170765027,-0.28839606686281516,,0.0,0.045454545454545456,0.10454545454545454,0.3621043821920607,True,descriptor_joined,uptake_or_loading,RAC,pre_combustion_capture,CO2,uptake,,func-chi-0-all,RAC
ARC-MOF::pre_comb_4040_co2.csv__RAC__racs.csv,mmol/g,ridge,descriptor_grouped,1,12589,2196,156,1,0.8761931026036786,0.622900149219416,0.5407815177353761,0.7569827709436331,0.18181818181818182,0.44545454545454544,0.5363636363636364,0.7734440019489376,True,descriptor_joined,uptake_or_loading,RAC,pre_combustion_capture,CO2,uptake,,func-chi-0-all,RAC
ARC-MOF::pre_comb_4040_co2.csv__RAC__racs.csv,mmol/g,extratrees,descriptor_grouped,1,12589,2196,156,1,0.7129734464409365,0.4975697576393948,0.6959350160296505,0.8418183437663185,0.36363636363636365,0.5454545454545454,0.6454545454545455,0.8853727584946416,True,descriptor_joined,uptake_or_loading,RAC,pre_combustion_capture,CO2,uptake,,func-chi-0-all,RAC
ARC-MOF::pre_comb_4040_co2.csv__RAC__racs.csv,mmol/g,dummy,descriptor_grouped,2,12403,2382,156,1,1.6219932643322807,1.1246172350965575,-0.317172270355629,,0.0,0.058333333333333334,0.100418410041841,0.34403516460369055,True,descriptor_joined,uptake_or_loading,RAC,pre_combustion_capture,CO2,uptake,,func-chi-0-all,RAC
ARC-MOF::pre_comb_4040_co2.csv__RAC__racs.csv,mmol/g,ridge,descriptor_grouped,2,12403,2382,156,1,0.8977391143099552,0.635387640157949,0.5964988453120313,0.8196724711851401,0.25,0.39166666666666666,0.4769874476987448,0.762744975075253,True,descriptor_joined,uptake_or_loading,RAC,pre_combustion_capture,CO2,uptake,,func-chi-0-all,RAC
ARC-MOF::pre_comb_4040_co2.csv__RAC__racs.csv,mmol/g,extratrees,descriptor_grouped,2,12403,2382,156,1,0.7381585022870911,0.5103921868033399,0.7272003936569085,0.8748350592721672,0.4583333333333333,0.44166666666666665,0.5690376569037657,0.8783046682793789,True,descriptor_joined,uptake_or_loading,RAC,pre_combustion_capture,CO2,uptake,,func-chi-0-all,RAC
ARC-MOF::pre_comb_4040_co2.csv__RAC__racs.csv,mmol/g,dummy,descriptor_grouped,3,9124,5661,156,1,1.3058074079496997,0.8886154839251016,-0.07417755235721901,,0.017543859649122806,0.056338028169014086,0.09876543209876543,0.3031633225767359,True,descriptor_joined,uptake_or_loading,RAC,pre_combustion_capture,CO2,uptake,,func-chi-0-all,RAC
ARC-MOF::pre_comb_4040_co2.csv__RAC__racs.csv,mmol/g,ridge,descriptor_grouped,3,9124,5661,156,1,1.1533648268200765,0.6216003446337117,0.16198609997958557,0.7393286841454232,0.24561403508771928,0.4295774647887324,0.562610229276896,0.7485447683902972,True,descriptor_joined,uptake_or_loading,RAC,pre_combustion_capture,CO2,uptake,,func-chi-0-all,RAC
ARC-MOF::pre_comb_4040_co2.csv__RAC__racs.csv,mmol/g,extratrees,descriptor_grouped,3,9124,5661,156,1,0.8149640060120404,0.5272852307763646,0.5815971132592321,0.7921677310388973,0.2807017543859649,0.4154929577464789,0.5661375661375662,0.7962597180129527,True,descriptor_joined,uptake_or_loading,RAC,pre_combustion_capture,CO2,uptake,,func-chi-0-all,RAC
ARC-MOF::pre_comb_4040_co2.csv__RAC__racs.csv,mmol/g,dummy,descriptor_grouped,4,12204,2581,156,1,1.1903250685979796,0.7481123308795041,-0.11585545447690238,,0.0,0.05384615384615385,0.07722007722007722,0.28804279783446385,True,descriptor_joined,uptake_or_loading,RAC,pre_combustion_capture,CO2,uptake,,func-chi-0-all,RAC
ARC-MOF::pre_comb_4040_co2.csv__RAC__racs.csv,mmol/g,ridge,descriptor_grouped,4,12204,2581,156,1,0.8531531819042356,0.5737494815562572,0.4267674933297958,0.7032312215961054,0.3076923076923077,0.46153846153846156,0.5212355212355212,0.7537273983584574,True,descriptor_joined,uptake_or_loading,RAC,pre_combustion_capture,CO2,uptake,,func-chi-0-all,RAC
ARC-MOF::pre_comb_4040_co2.csv__RAC__racs.csv,mmol/g,extratrees,descriptor_grouped,4,12204,2581,156,1,0.7210926368010512,0.4692849958478626,0.5904952889169943,0.7713556442544832,0.46153846153846156,0.5230769230769231,0.637065637065637,0.8361746013073548,True,descriptor_joined,uptake_or_loading,RAC,pre_combustion_capture,CO2,uptake,,func-chi-0-all,RAC
ARC-MOF::pre_comb_4040_co2.csv__RAC__racs.csv,S(g1),dummy,random,0,11828,2957,156,1,129.7191214142706,56.845209384173145,-0.1304228688042366,,0.0,0.04054054054054054,0.08783783783783784,0.13016519105040184,True,descriptor_joined,selectivity,RAC,pre_combustion_capture,CO2,selectivity,,func-chi-0-all,RAC
ARC-MOF::pre_comb_4040_co2.csv__RAC__racs.csv,S(g1),ridge,random,0,11828,2957,156,1,97.56962612487189,48.33297777687683,0.36046808917319983,0.6972813982300119,0.3333333333333333,0.43243243243243246,0.5506756756756757,0.7008000503121915,True,descriptor_joined,selectivity,RAC,pre_combustion_capture,CO2,selectivity,,func-chi-0-all,RAC
ARC-MOF::pre_comb_4040_co2.csv__RAC__racs.csv,S(g1),extratrees,random,0,11828,2957,156,1,93.03131071771281,38.36451766458405,0.41857832584316157,0.8075095740410965,0.3333333333333333,0.5472972972972973,0.6148648648648649,0.7274092534218557,True,descriptor_joined,selectivity,RAC,pre_combustion_capture,CO2,selectivity,,func-chi-0-all,RAC
ARC-MOF::pre_comb_4040_co2.csv__RAC__racs.csv,S(g1),dummy,random,1,11828,2957,156,1,148.77845346466023,57.17081487301319,-0.09943744610546346,,0.03333333333333333,0.07432432432432433,0.13851351351351351,0.14045618365387613,True,descriptor_joined,selectivity,RAC,pre_combustion_capture,CO2,selectivity,,func-chi-0-all,RAC
ARC-MOF::pre_comb_4040_co2.csv__RAC__racs.csv,S(g1),ridge,random,1,11828,2957,156,1,100.39308806702935,48.03031138296295,0.4993916707725008,0.6983996593633051,0.36666666666666664,0.5337837837837838,0.5337837837837838,0.7603036954261937,True,descriptor_joined,selectivity,RAC,pre_combustion_capture,CO2,selectivity,,func-chi-0-all,RAC
ARC-MOF::pre_comb_4040_co2.csv__RAC__racs.csv,S(g1),extratrees,random,1,11828,2957,156,1,89.47953109840952,36.83617143636231,0.6023162513232289,0.8009731158571108,0.43333333333333335,0.5945945945945946,0.625,0.8108167168330641,True,descriptor_joined,selectivity,RAC,pre_combustion_capture,CO2,selectivity,,func-chi-0-all,RAC
ARC-MOF::pre_comb_4040_co2.csv__RAC__racs.csv,S(g1),dummy,random,2,11828,2957,156,1,131.91233735874215,54.42431001826175,-0.11094400150445516,,0.03333333333333333,0.060810810810810814,0.10135135135135136,0.13763912038047596,True,descriptor_joined,selectivity,RAC,pre_combustion_capture,CO2,selectivity,,func-chi-0-all,RAC
ARC-MOF::pre_comb_4040_co2.csv__RAC__racs.csv,S(g1),ridge,random,2,11828,2957,156,1,93.60953920806053,46.6141926466962,0.4405496474648882,0.7032041932799192,0.3333333333333333,0.5067567567567568,0.5641891891891891,0.7147715497616624,True,descriptor_joined,selectivity,RAC,pre_combustion_capture,CO2,selectivity,,func-chi-0-all,RAC
ARC-MOF::pre_comb_4040_co2.csv__RAC__racs.csv,S(g1),extratrees,random,2,11828,2957,156,1,92.86898298831024,37.63001416483204,0.4493663906261448,0.7850945966008492,0.36666666666666664,0.6081081081081081,0.6317567567567568,0.7075992761179771,True,descriptor_joined,selectivity,RAC,pre_combustion_capture,CO2,selectivity,,func-chi-0-all,RAC
ARC-MOF::pre_comb_4040_co2.csv__RAC__racs.csv,S(g1),dummy,random,3,11828,2957,156,1,127.31133423023552,53.08299034004058,-0.11695407226375343,,0.0,0.06756756756756757,0.10472972972972973,0.1391415352399286,True,descriptor_joined,selectivity,RAC,pre_combustion_capture,CO2,selectivity,,func-chi-0-all,RAC
ARC-MOF::pre_comb_4040_co2.csv__RAC__racs.csv,S(g1),ridge,random,3,11828,2957,156,1,90.0448868379584,45.6963236886138,0.44124774366978925,0.6734079609139959,0.3333333333333333,0.5337837837837838,0.5641891891891891,0.7338883957669007,True,descriptor_joined,selectivity,RAC,pre_combustion_capture,CO2,selectivity,,func-chi-0-all,RAC
ARC-MOF::pre_comb_4040_co2.csv__RAC__racs.csv,S(g1),extratrees,random,3,11828,2957,156,1,82.08484981690896,35.953299764612225,0.5356695204615516,0.7947247250589562,0.3333333333333333,0.6013513513513513,0.6081081081081081,0.7834655157734314,True,descriptor_joined,selectivity,RAC,pre_combustion_capture,CO2,selectivity,,func-chi-0-all,RAC
ARC-MOF::pre_comb_4040_co2.csv__RAC__racs.csv,S(g1),dummy,random,4,11828,2957,156,1,133.47534880169647,55.59068629404802,-0.1153267377165006,,0.0,0.0472972972972973,0.06756756756756757,0.11495351860258568,True,descriptor_joined,selectivity,RAC,pre_combustion_capture,CO2,selectivity,,func-chi-0-all,RAC
ARC-MOF::pre_comb_4040_co2.csv__RAC__racs.csv,S(g1),ridge,random,4,11828,2957,156,1,98.97930187694293,47.31547307657479,0.38667769751675984,0.7022210546692838,0.36666666666666664,0.5,0.5540540540540541,0.7110341062369038,True,descriptor_joined,selectivity,RAC,pre_combustion_capture,CO2,selectivity,,func-chi-0-all,RAC
ARC-MOF::pre_comb_4040_co2.csv__RAC__racs.csv,S(g1),extratrees,random,4,11828,2957,156,1,88.94618261932264,36.40782390316142,0.504715641935426,0.797511765683756,0.3,0.581081081081081,0.6317567567567568,0.7509934600901041,True,descriptor_joined,selectivity,RAC,pre_combustion_capture,CO2,selectivity,,func-chi-0-all,RAC
ARC-MOF::pre_comb_4040_co2.csv__RAC__racs.csv,S(g1),dummy,descriptor_grouped,0,12813,1972,156,1,133.65179970492682,47.34493403955375,-0.06019951150962877,,0.0,0.04040404040404041,0.08585858585858586,0.10054598615898777,True,descriptor_joined,selectivity,RAC,pre_combustion_capture,CO2,selectivity,,func-chi-0-all,RAC
ARC-MOF::pre_comb_4040_co2.csv__RAC__racs.csv,S(g1),ridge,descriptor_grouped,0,12813,1972,156,1,103.57381466348609,44.47870387106588,0.3632954975561318,0.6555227614374666,0.3,0.5353535353535354,0.5656565656565656,0.7042080772655177,True,descriptor_joined,selectivity,RAC,pre_combustion_capture,CO2,selectivity,,func-chi-0-all,RAC
ARC-MOF::pre_comb_4040_co2.csv__RAC__racs.csv,S(g1),extratrees,descriptor_grouped,0,12813,1972,156,1,91.80728855682868,36.169325216024355,0.4997440075823527,0.7830431280008883,0.3,0.6060606060606061,0.6363636363636364,0.7603123005752805,True,descriptor_joined,selectivity,RAC,pre_combustion_capture,CO2,selectivity,,func-chi-0-all,RAC
ARC-MOF::pre_comb_4040_co2.csv__RAC__racs.csv,S(g1),dummy,descriptor_grouped,1,12589,2196,156,1,134.99137603144175,62.03407311612022,-0.18729069073181548,,0.0,0.02727272727272727,0.07727272727272727,0.14969682885942276,True,descriptor_joined,selectivity,RAC,pre_combustion_capture,CO2,selectivity,,func-chi-0-all,RAC
ARC-MOF::pre_comb_4040_co2.csv__RAC__racs.csv,S(g1),ridge,descriptor_grouped,1,12589,2196,156,1,108.09264760533728,51.719564150721574,0.23873244097661717,0.6808924343733013,0.22727272727272727,0.42727272727272725,0.4772727272727273,0.5854080580256659,True,descriptor_joined,selectivity,RAC,pre_combustion_capture,CO2,selectivity,,func-chi-0-all,RAC
ARC-MOF::pre_comb_4040_co2.csv__RAC__racs.csv,S(g1),extratrees,descriptor_grouped,1,12589,2196,156,1,96.24083041132644,42.13991642909305,0.39651881113249976,0.8129276867522734,0.22727272727272727,0.4636363636363636,0.5318181818181819,0.6616883777493741,True,descriptor_joined,selectivity,RAC,pre_combustion_capture,CO2,selectivity,,func-chi-0-all,RAC
ARC-MOF::pre_comb_4040_co2.csv__RAC__racs.csv,S(g1),dummy,descriptor_grouped,2,12403,2382,156,1,156.49333897004553,72.21899497481108,-0.19605790218028418,,0.0,0.025,0.08368200836820083,0.15294494440128176,True,descriptor_joined,selectivity,RAC,pre_combustion_capture,CO2,selectivity,,func-chi-0-all,RAC
ARC-MOF::pre_comb_4040_co2.csv__RAC__racs.csv,S(g1),ridge,descriptor_grouped,2,12403,2382,156,1,123.33100172341891,55.037967606059745,0.2571433611372581,0.7722934326847893,0.3333333333333333,0.36666666666666664,0.4560669456066946,0.6312295970274623,True,descriptor_joined,selectivity,RAC,pre_combustion_capture,CO2,selectivity,,func-chi-0-all,RAC
ARC-MOF::pre_comb_4040_co2.csv__RAC__racs.csv,S(g1),extratrees,descriptor_grouped,2,12403,2382,156,1,99.03360092240017,44.63214598367665,0.5210108982897748,0.8524540799569312,0.25,0.5,0.5397489539748954,0.7126527395234398,True,descriptor_joined,selectivity,RAC,pre_combustion_capture,CO2,selectivity,,func-chi-0-all,RAC
ARC-MOF::pre_comb_4040_co2.csv__RAC__racs.csv,S(g1),dummy,descriptor_grouped,3,9124,5661,156,1,143.42387706074777,57.82074611676383,-0.09114324727807488,,0.05263157894736842,0.06338028169014084,0.10229276895943562,0.14648611342582354,True,descriptor_joined,selectivity,RAC,pre_combustion_capture,CO2,selectivity,,func-chi-0-all,RAC
ARC-MOF::pre_comb_4040_co2.csv__RAC__racs.csv,S(g1),ridge,descriptor_grouped,3,9124,5661,156,1,130.15448567939617,55.30897996647603,0.10141920265931115,0.643893325262827,0.2631578947368421,0.4507042253521127,0.5326278659611993,0.6341423672583453,True,descriptor_joined,selectivity,RAC,pre_combustion_capture,CO2,selectivity,,func-chi-0-all,RAC
ARC-MOF::pre_comb_4040_co2.csv__RAC__racs.csv,S(g1),extratrees,descriptor_grouped,3,9124,5661,156,1,109.668495080768,49.29526242717954,0.36202652763011056,0.7284299220700098,0.2807017543859649,0.4964788732394366,0.5590828924162258,0.6604739469202205,True,descriptor_joined,selectivity,RAC,pre_combustion_capture,CO2,selectivity,,func-chi-0-all,RAC
ARC-MOF::pre_comb_4040_co2.csv__RAC__racs.csv,S(g1),dummy,descriptor_grouped,4,12204,2581,156,1,117.58251125489738,44.18939053622627,-0.0850373560054769,,0.0,0.06153846153846154,0.09266409266409266,0.11470446218058221,True,descriptor_joined,selectivity,RAC,pre_combustion_capture,CO2,selectivity,,func-chi-0-all,RAC
ARC-MOF::pre_comb_4040_co2.csv__RAC__racs.csv,S(g1),ridge,descriptor_grouped,4,12204,2581,156,1,92.16882352530499,41.94385501627605,0.33330481917947097,0.6131575672589399,0.23076923076923078,0.5153846153846153,0.555984555984556,0.6426251893484499,True,descriptor_joined,selectivity,RAC,pre_combustion_capture,CO2,selectivity,,func-chi-0-all,RAC
ARC-MOF::pre_comb_4040_co2.csv__RAC__racs.csv,S(g1),extratrees,descriptor_grouped,4,12204,2581,156,1,81.2230856313659,31.452803595863145,0.4822522788395881,0.7465156573211037,0.4230769230769231,0.6,0.6486486486486487,0.7595932908575803,True,descriptor_joined,selectivity,RAC,pre_combustion_capture,CO2,selectivity,,func-chi-0-all,RAC
ARC-MOF::pre_comb_4040_co2.csv__RAC__racs.csv,molc/uc,dummy,random,0,11828,2957,156,1,2.218167401106266,1.1785415030436253,-0.06752025202548717,,0.0,0.05405405405405406,0.08108108108108109,0.2400351660697855,True,descriptor_joined,uptake_or_loading,RAC,pre_combustion_capture,CO2,loading,,func-chi-0-all,RAC
ARC-MOF::pre_comb_4040_co2.csv__RAC__racs.csv,molc/uc,ridge,random,0,11828,2957,156,1,1.6515614676078956,0.903977357272948,0.40819726275026513,0.6610617281458051,0.36666666666666664,0.4864864864864865,0.5371621621621622,0.7445278646678488,True,descriptor_joined,uptake_or_loading,RAC,pre_combustion_capture,CO2,loading,,func-chi-0-all,RAC
ARC-MOF::pre_comb_4040_co2.csv__RAC__racs.csv,molc/uc,extratrees,random,0,11828,2957,156,1,1.4891742228036642,0.7504268624202457,0.51885219812949,0.763217245417595,0.4,0.5945945945945946,0.6013513513513513,0.7862658487622158,True,descriptor_joined,uptake_or_loading,RAC,pre_combustion_capture,CO2,loading,,func-chi-0-all,RAC
ARC-MOF::pre_comb_4040_co2.csv__RAC__racs.csv,molc/uc,dummy,random,1,11828,2957,156,1,2.2799901887518423,1.1396316721339197,-0.05471594800452739,,0.0,0.04054054054054054,0.10135135135135136,0.24167710485180224,True,descriptor_joined,uptake_or_loading,RAC,pre_combustion_capture,CO2,loading,,func-chi-0-all,RAC
ARC-MOF::pre_comb_4040_co2.csv__RAC__racs.csv,molc/uc,ridge,random,1,11828,2957,156,1,1.7899940942558648,0.8892682225250196,0.3499110968580561,0.6698624621828725,0.36666666666666664,0.44594594594594594,0.47635135135135137,0.6823355364232795,True,descriptor_joined,uptake_or_loading,RAC,pre_combustion_capture,CO2,loading,,func-chi-0-all,RAC
ARC-MOF::pre_comb_4040_co2.csv__RAC__racs.csv,molc/uc,extratrees,random,1,11828,2957,156,1,1.5256371939587583,0.6973337554713861,0.5277498630880291,0.7788931226260907,0.6,0.5878378378378378,0.5675675675675675,0.7906110150602115,True,descriptor_joined,uptake_or_loading,RAC,pre_combustion_capture,CO2,loading,,func-chi-0-all,RAC
ARC-MOF::pre_comb_4040_co2.csv__RAC__racs.csv,molc/uc,dummy,random,2,11828,2957,156,1,1.9538124066726354,1.0801787253973623,-0.053738607829738605,,0.03333333333333333,0.06756756756756757,0.10135135135135136,0.2639116372152679,True,descriptor_joined,uptake_or_loading,RAC,pre_combustion_capture,CO2,loading,,func-chi-0-all,RAC
ARC-MOF::pre_comb_4040_co2.csv__RAC__racs.csv,molc/uc,ridge,random,2,11828,2957,156,1,1.5415519250781335,0.8821206886859017,0.3440307487138363,0.6438867777187406,0.26666666666666666,0.41216216216216217,0.44932432432432434,0.6942092850681241,True,descriptor_joined,uptake_or_loading,RAC,pre_combustion_capture,CO2,loading,,func-chi-0-all,RAC
ARC-MOF::pre_comb_4040_co2.csv__RAC__racs.csv,molc/uc,extratrees,random,2,11828,2957,156,1,1.4309129957134579,0.7252566065958366,0.43481110207779883,0.7549076596282958,0.4,0.4864864864864865,0.5101351351351351,0.7606747732905699,True,descriptor_joined,uptake_or_loading,RAC,pre_combustion_capture,CO2,loading,,func-chi-0-all,RAC
ARC-MOF::pre_comb_4040_co2.csv__RAC__racs.csv,molc/uc,dummy,random,3,11828,2957,156,1,2.179652629810461,1.1332566624957727,-0.057064023118385654,,0.0,0.05405405405405406,0.09797297297297297,0.24308596224463186,True,descriptor_joined,uptake_or_loading,RAC,pre_combustion_capture,CO2,loading,,func-chi-0-all,RAC
ARC-MOF::pre_comb_4040_co2.csv__RAC__racs.csv,molc/uc,ridge,random,3,11828,2957,156,1,1.6407841150210436,0.8878774158879384,0.4009961606783904,0.6399639338984335,0.4,0.5,0.5033783783783784,0.7276534193152969,True,descriptor_joined,uptake_or_loading,RAC,pre_combustion_capture,CO2,loading,,func-chi-0-all,RAC
ARC-MOF::pre_comb_4040_co2.csv__RAC__racs.csv,molc/uc,extratrees,random,3,11828,2957,156,1,1.4471802629704504,0.7293568800518542,0.5340149516520809,0.769524684961759,0.43333333333333335,0.5067567567567568,0.5506756756756757,0.7850448265335778,True,descriptor_joined,uptake_or_loading,RAC,pre_combustion_capture,CO2,loading,,func-chi-0-all,RAC
ARC-MOF::pre_comb_4040_co2.csv__RAC__racs.csv,molc/uc,dummy,random,4,11828,2957,156,1,2.2160938302095237,1.1621647762935408,-0.06099861286069541,,0.03333333333333333,0.060810810810810814,0.08783783783783784,0.24565894410909422,True,descriptor_joined,uptake_or_loading,RAC,pre_combustion_capture,CO2,loading,,func-chi-0-all,RAC
ARC-MOF::pre_comb_4040_co2.csv__RAC__racs.csv,molc/uc,ridge,random,4,11828,2957,156,1,1.790753846573364,0.9124748212262237,0.3071961183956411,0.6605347213887166,0.43333333333333335,0.43243243243243246,0.47297297297297297,0.7098515410330841,True,descriptor_joined,uptake_or_loading,RAC,pre_combustion_capture,CO2,loading,,func-chi-0-all,RAC
ARC-MOF::pre_comb_4040_co2.csv__RAC__racs.csv,molc/uc,extratrees,random,4,11828,2957,156,1,1.4574996427456424,0.7203765665280124,0.541060497198436,0.779513301764171,0.6,0.5337837837837838,0.6047297297297297,0.8072620050836775,True,descriptor_joined,uptake_or_loading,RAC,pre_combustion_capture,CO2,loading,,func-chi-0-all,RAC
ARC-MOF::pre_comb_4040_co2.csv__RAC__racs.csv,molc/uc,dummy,descriptor_grouped,0,12813,1972,156,1,2.160426597900964,1.0955576511156186,-0.0371252460135616,,0.0,0.04040404040404041,0.08585858585858586,0.212584415748766,True,descriptor_joined,uptake_or_loading,RAC,pre_combustion_capture,CO2,loading,,func-chi-0-all,RAC
ARC-MOF::pre_comb_4040_co2.csv__RAC__racs.csv,molc/uc,ridge,descriptor_grouped,0,12813,1972,156,1,1.697146146733771,0.8608869404469501,0.3599842521153861,0.6601124592278533,0.35,0.48484848484848486,0.4393939393939394,0.6563457716653563,True,descriptor_joined,uptake_or_loading,RAC,pre_combustion_capture,CO2,loading,,func-chi-0-all,RAC
ARC-MOF::pre_comb_4040_co2.csv__RAC__racs.csv,molc/uc,extratrees,descriptor_grouped,0,12813,1972,156,1,1.549720289066568,0.7250023555966869,0.46634717466615117,0.7771087873364202,0.5,0.5252525252525253,0.5303030303030303,0.7456062993394502,True,descriptor_joined,uptake_or_loading,RAC,pre_combustion_capture,CO2,loading,,func-chi-0-all,RAC
ARC-MOF::pre_comb_4040_co2.csv__RAC__racs.csv,molc/uc,dummy,descriptor_grouped,1,12589,2196,156,1,1.9008200230346861,1.126262393442623,-0.11861802997525639,,0.0,0.07272727272727272,0.09545454545454546,0.3177504074395541,True,descriptor_joined,uptake_or_loading,RAC,pre_combustion_capture,CO2,loading,,func-chi-0-all,RAC
ARC-MOF::pre_comb_4040_co2.csv__RAC__racs.csv,molc/uc,ridge,descriptor_grouped,1,12589,2196,156,1,1.5083251872642365,0.883920114726998,0.29564794601174926,0.646684339402042,0.18181818181818182,0.38181818181818183,0.45,0.6614671210183105,True,descriptor_joined,uptake_or_loading,RAC,pre_combustion_capture,CO2,loading,,func-chi-0-all,RAC
ARC-MOF::pre_comb_4040_co2.csv__RAC__racs.csv,molc/uc,extratrees,descriptor_grouped,1,12589,2196,156,1,1.2605577528352574,0.7132435578395062,0.5080450730895822,0.7752520056911898,0.36363636363636365,0.5272727272727272,0.5363636363636364,0.7962769229293712,True,descriptor_joined,uptake_or_loading,RAC,pre_combustion_capture,CO2,loading,,func-chi-0-all,RAC
ARC-MOF::pre_comb_4040_co2.csv__RAC__racs.csv,molc/uc,dummy,descriptor_grouped,2,12403,2382,156,1,1.8739780678896176,1.1619932556675063,-0.19555873735388718,,0.0,0.041666666666666664,0.08786610878661087,0.3166761298066276,True,descriptor_joined,uptake_or_loading,RAC,pre_combustion_capture,CO2,loading,,func-chi-0-all,RAC
ARC-MOF::pre_comb_4040_co2.csv__RAC__racs.csv,molc/uc,ridge,descriptor_grouped,2,12403,2382,156,1,1.4609498289397236,0.8522836780259303,0.2733713560619885,0.6680810676647995,0.375,0.4666666666666667,0.4811715481171548,0.6946646559211382,True,descriptor_joined,uptake_or_loading,RAC,pre_combustion_capture,CO2,loading,,func-chi-0-all,RAC
ARC-MOF::pre_comb_4040_co2.csv__RAC__racs.csv,molc/uc,extratrees,descriptor_grouped,2,12403,2382,156,1,1.2219449491808319,0.7047578503162607,0.4916706435836451,0.7911989058538936,0.4583333333333333,0.5,0.5271966527196653,0.8062436594838346,True,descriptor_joined,uptake_or_loading,RAC,pre_combustion_capture,CO2,loading,,func-chi-0-all,RAC
ARC-MOF::pre_comb_4040_co2.csv__RAC__racs.csv,molc/uc,dummy,descriptor_grouped,3,9124,5661,156,1,2.0936701853408355,1.1591286928987812,-0.03820999026046379,,0.017543859649122806,0.04929577464788732,0.07936507936507936,0.2427739532179285,True,descriptor_joined,uptake_or_loading,RAC,pre_combustion_capture,CO2,loading,,func-chi-0-all,RAC
ARC-MOF::pre_comb_4040_co2.csv__RAC__racs.csv,molc/uc,ridge,descriptor_grouped,3,9124,5661,156,1,1.8949454978334412,0.9613432856601427,0.14952390084853917,0.6174677426247703,0.3333333333333333,0.4507042253521127,0.49029982363315694,0.7017283224280153,True,descriptor_joined,uptake_or_loading,RAC,pre_combustion_capture,CO2,loading,,func-chi-0-all,RAC
ARC-MOF::pre_comb_4040_co2.csv__RAC__racs.csv,molc/uc,extratrees,descriptor_grouped,3,9124,5661,156,1,1.7685234667518062,0.9380216668868868,0.25921817191733343,0.6664909316578385,0.22807017543859648,0.4612676056338028,0.48148148148148145,0.6686003598881248,True,descriptor_joined,uptake_or_loading,RAC,pre_combustion_capture,CO2,loading,,func-chi-0-all,RAC
ARC-MOF::pre_comb_4040_co2.csv__RAC__racs.csv,molc/uc,dummy,descriptor_grouped,4,12204,2581,156,1,2.1437847296586905,1.0605015860131732,-0.055726467041271155,,0.0,0.038461538461538464,0.08494208494208494,0.2299192566345802,True,descriptor_joined,uptake_or_loading,RAC,pre_combustion_capture,CO2,loading,,func-chi-0-all,RAC
ARC-MOF::pre_comb_4040_co2.csv__RAC__racs.csv,molc/uc,ridge,descriptor_grouped,4,12204,2581,156,1,1.6697356438182887,0.8835252408371693,0.3595510771526047,0.6090872106850336,0.4230769230769231,0.47692307692307695,0.47104247104247104,0.7048208952166926,True,descriptor_joined,uptake_or_loading,RAC,pre_combustion_capture,CO2,loading,,func-chi-0-all,RAC
ARC-MOF::pre_comb_4040_co2.csv__RAC__racs.csv,molc/uc,extratrees,descriptor_grouped,4,12204,2581,156,1,1.4720607866816107,0.7221159259074864,0.5022164378736714,0.7317761739718481,0.5769230769230769,0.5692307692307692,0.5637065637065637,0.7836199516827359,True,descriptor_joined,uptake_or_loading,RAC,pre_combustion_capture,CO2,loading,,func-chi-0-all,RAC
ARC-MOF::pre_comb_4040_co2.csv__geometry__geometric_properties.csv,wt%,dummy,random,0,10986,2747,25,1,5.825329402666581,3.923046411175828,-0.12563046219346452,,0.0,0.07246376811594203,0.08363636363636363,0.3048790731203516,True,descriptor_joined,uptake_or_loading,geometry,pre_combustion_capture,CO2,uptake,,UC_volume_quantile_group,geometry
ARC-MOF::pre_comb_4040_co2.csv__geometry__geometric_properties.csv,wt%,ridge,random,0,10986,2747,25,1,3.6389156879458695,2.4639865141803523,0.5607630697801402,0.8145833528709867,0.07142857142857142,0.34057971014492755,0.49818181818181817,0.7274367991862717,True,descriptor_joined,uptake_or_loading,geometry,pre_combustion_capture,CO2,uptake,,UC_volume_quantile_group,geometry
ARC-MOF::pre_comb_4040_co2.csv__geometry__geometric_properties.csv,wt%,extratrees,random,0,10986,2747,25,1,3.1199513660910094,1.9190275615859722,0.6771130373975222,0.8686110421309944,0.21428571428571427,0.427536231884058,0.6181818181818182,0.7989276671364319,True,descriptor_joined,uptake_or_loading,geometry,pre_combustion_capture,CO2,uptake,,UC_volume_quantile_group,geometry
ARC-MOF::pre_comb_4040_co2.csv__geometry__geometric_properties.csv,wt%,dummy,random,1,10986,2747,25,1,5.724022975218664,3.8736111858390965,-0.14077820815802466,,0.0,0.057971014492753624,0.08727272727272728,0.3181481521565253,True,descriptor_joined,uptake_or_loading,geometry,pre_combustion_capture,CO2,uptake,,UC_volume_quantile_group,geometry
ARC-MOF::pre_comb_4040_co2.csv__geometry__geometric_properties.csv,wt%,ridge,random,1,10986,2747,25,1,3.526531168228213,2.4082450987047634,0.5669939812534981,0.8296052572782272,0.0,0.3115942028985507,0.509090909090909,0.728750834101761,True,descriptor_joined,uptake_or_loading,geometry,pre_combustion_capture,CO2,uptake,,UC_volume_quantile_group,geometry
ARC-MOF::pre_comb_4040_co2.csv__geometry__geometric_properties.csv,wt%,extratrees,random,1,10986,2747,25,1,2.9977398717087627,1.8711403781998543,0.6871138290025034,0.879303933443947,0.21428571428571427,0.5144927536231884,0.610909090909091,0.8035109617319771,True,descriptor_joined,uptake_or_loading,geometry,pre_combustion_capture,CO2,uptake,,UC_volume_quantile_group,geometry
ARC-MOF::pre_comb_4040_co2.csv__geometry__geometric_properties.csv,wt%,dummy,random,2,10986,2747,25,1,5.79620590732836,3.9095243866035676,-0.13969538926547487,,0.0,0.043478260869565216,0.09090909090909091,0.3043569321574501,True,descriptor_joined,uptake_or_loading,geometry,pre_combustion_capture,CO2,uptake,,UC_volume_quantile_group,geometry
ARC-MOF::pre_comb_4040_co2.csv__geometry__geometric_properties.csv,wt%,ridge,random,2,10986,2747,25,1,3.5704092567124066,2.4407017350208657,0.5675487263200389,0.8248636555540919,0.07142857142857142,0.30434782608695654,0.5309090909090909,0.7344536415420438,True,descriptor_joined,uptake_or_loading,geometry,pre_combustion_capture,CO2,uptake,,UC_volume_quantile_group,geometry
ARC-MOF::pre_comb_4040_co2.csv__geometry__geometric_properties.csv,wt%,extratrees,random,2,10986,2747,25,1,2.953612049036483,1.8602079504210653,0.7040569924810112,0.8771792124000645,0.17857142857142858,0.5362318840579711,0.6509090909090909,0.8293589794600479,True,descriptor_joined,uptake_or_loading,geometry,pre_combustion_capture,CO2,uptake,,UC_volume_quantile_group,geometry
ARC-MOF::pre_comb_4040_co2.csv__geometry__geometric_properties.csv,wt%,dummy,random,3,10986,2747,25,1,6.022476793478257,3.9859255087368033,-0.12837224945284387,,0.0,0.06521739130434782,0.10909090909090909,0.3066870076602348,True,descriptor_joined,uptake_or_loading,geometry,pre_combustion_capture,CO2,uptake,,UC_volume_quantile_group,geometry
ARC-MOF::pre_comb_4040_co2.csv__geometry__geometric_properties.csv,wt%,ridge,random,3,10986,2747,25,1,3.776902503699914,2.4173164834346466,0.5562139210844467,0.8323005844393365,0.03571428571428571,0.3188405797101449,0.5054545454545455,0.7166207936788509,True,descriptor_joined,uptake_or_loading,geometry,pre_combustion_capture,CO2,uptake,,UC_volume_quantile_group,geometry
ARC-MOF::pre_comb_4040_co2.csv__geometry__geometric_properties.csv,wt%,extratrees,random,3,10986,2747,25,1,3.1876913239675333,1.8770687703191358,0.6838780536284337,0.8833804492900403,0.21428571428571427,0.5362318840579711,0.6181818181818182,0.8104111597869025,True,descriptor_joined,uptake_or_loading,geometry,pre_combustion_capture,CO2,uptake,,UC_volume_quantile_group,geometry
ARC-MOF::pre_comb_4040_co2.csv__geometry__geometric_properties.csv,wt%,dummy,random,4,10986,2747,25,1,5.883017842055214,3.9321519253731347,-0.13221098830001954,,0.03571428571428571,0.06521739130434782,0.13090909090909092,0.34857856929993447,True,descriptor_joined,uptake_or_loading,geometry,pre_combustion_capture,CO2,uptake,,UC_volume_quantile_group,geometry
ARC-MOF::pre_comb_4040_co2.csv__geometry__geometric_properties.csv,wt%,ridge,random,4,10986,2747,25,1,3.69654916049764,2.4844840295647797,0.552987150766892,0.8249647521689617,0.07142857142857142,0.3188405797101449,0.4763636363636364,0.7094897176258304,True,descriptor_joined,uptake_or_loading,geometry,pre_combustion_capture,CO2,uptake,,UC_volume_quantile_group,geometry
ARC-MOF::pre_comb_4040_co2.csv__geometry__geometric_properties.csv,wt%,extratrees,random,4,10986,2747,25,1,2.9725141511397664,1.8884116108724665,0.710948720540626,0.8771036644833599,0.39285714285714285,0.5362318840579711,0.6327272727272727,0.8498684256896802,True,descriptor_joined,uptake_or_loading,geometry,pre_combustion_capture,CO2,uptake,,UC_volume_quantile_group,geometry
ARC-MOF::pre_comb_4040_co2.csv__geometry__geometric_properties.csv,wt%,dummy,descriptor_grouped,0,10987,2746,25,1,3.858081000580845,2.871697035324108,-0.13525541814079411,,0.03571428571428571,0.021739130434782608,0.06909090909090909,0.24229472144094608,True,descriptor_joined,uptake_or_loading,geometry,pre_combustion_capture,CO2,uptake,,UC_volume_quantile_group,geometry
ARC-MOF::pre_comb_4040_co2.csv__geometry__geometric_properties.csv,wt%,ridge,descriptor_grouped,0,10987,2746,25,1,3.048996833649252,1.8299183825849543,0.2909696147185057,0.6363060701858851,0.14285714285714285,0.42028985507246375,0.49818181818181817,0.6402597955817776,True,descriptor_joined,uptake_or_loading,geometry,pre_combustion_capture,CO2,uptake,,UC_volume_quantile_group,geometry
ARC-MOF::pre_comb_4040_co2.csv__geometry__geometric_properties.csv,wt%,extratrees,descriptor_grouped,0,10987,2746,25,1,3.0758557902839487,1.6298312838941489,0.27842273653097205,0.7127766495432136,0.14285714285714285,0.463768115942029,0.5345454545454545,0.6454840352348374,True,descriptor_joined,uptake_or_loading,geometry,pre_combustion_capture,CO2,uptake,,UC_volume_quantile_group,geometry
ARC-MOF::pre_comb_4040_co2.csv__geometry__geometric_properties.csv,wt%,dummy,descriptor_grouped,1,10986,2747,25,1,8.504357226430315,5.995828004732436,-0.5937293630085607,,0.0,0.043478260869565216,0.08727272727272728,0.35331705649275263,True,descriptor_joined,uptake_or_loading,geometry,pre_combustion_capture,CO2,uptake,,UC_volume_quantile_group,geometry
ARC-MOF::pre_comb_4040_co2.csv__geometry__geometric_properties.csv,wt%,ridge,descriptor_grouped,1,10986,2747,25,1,4.946887280671933,3.389360371773608,0.46074321943489904,0.7781733525072666,0.03571428571428571,0.08695652173913043,0.20727272727272728,0.6400688815464418,True,descriptor_joined,uptake_or_loading,geometry,pre_combustion_capture,CO2,uptake,,UC_volume_quantile_group,geometry
ARC-MOF::pre_comb_4040_co2.csv__geometry__geometric_properties.csv,wt%,extratrees,descriptor_grouped,1,10986,2747,25,1,4.690464588701513,3.1566518292949888,0.5151992217672956,0.7997988883913268,0.21428571428571427,0.1956521739130435,0.3236363636363636,0.6590370503019107,True,descriptor_joined,uptake_or_loading,geometry,pre_combustion_capture,CO2,uptake,,UC_volume_quantile_group,geometry
ARC-MOF::pre_comb_4040_co2.csv__geometry__geometric_properties.csv,wt%,dummy,descriptor_grouped,2,10986,2747,25,1,8.243996056883832,5.920488188023298,-0.3249906988715814,,0.0,0.043478260869565216,0.08363636363636363,0.3316690339973118,True,descriptor_joined,uptake_or_loading,geometry,pre_combustion_capture,CO2,uptake,,UC_volume_quantile_group,geometry
ARC-MOF::pre_comb_4040_co2.csv__geometry__geometric_properties.csv,wt%,ridge,descriptor_grouped,2,10986,2747,25,1,4.930280257241169,3.2641534397248706,0.5261067825277278,0.8088713953495696,0.03571428571428571,0.09420289855072464,0.20363636363636364,0.6485287999235836,True,descriptor_joined,uptake_or_loading,geometry,pre_combustion_capture,CO2,uptake,,UC_volume_quantile_group,geometry
ARC-MOF::pre_comb_4040_co2.csv__geometry__geometric_properties.csv,wt%,extratrees,descriptor_grouped,2,10986,2747,25,1,4.595880234469421,3.090381738647009,0.5882110539498984,0.8254280441588371,0.14285714285714285,0.18840579710144928,0.3054545454545455,0.6587862749634239,True,descriptor_joined,uptake_or_loading,geometry,pre_combustion_capture,CO2,uptake,,UC_volume_quantile_group,geometry
ARC-MOF::pre_comb_4040_co2.csv__geometry__geometric_properties.csv,wt%,dummy,descriptor_grouped,3,10986,2747,25,1,5.758214836198949,3.9690514967236985,-0.48654119417271247,,0.03571428571428571,0.057971014492753624,0.10909090909090909,0.3779974179206945,True,descriptor_joined,uptake_or_loading,geometry,pre_combustion_capture,CO2,uptake,,UC_volume_quantile_group,geometry
ARC-MOF::pre_comb_4040_co2.csv__geometry__geometric_properties.csv,wt%,ridge,descriptor_grouped,3,10986,2747,25,1,3.815407142704076,2.8256251406272015,0.3473460104756745,0.6489511787154556,0.17857142857142858,0.32608695652173914,0.4072727272727273,0.6896724210781315,True,descriptor_joined,uptake_or_loading,geometry,pre_combustion_capture,CO2,uptake,,UC_volume_quantile_group,geometry
ARC-MOF::pre_comb_4040_co2.csv__geometry__geometric_properties.csv,wt%,extratrees,descriptor_grouped,3,10986,2747,25,1,3.3804359869304372,2.3641335589236743,0.48767369718453646,0.717771439904807,0.35714285714285715,0.41304347826086957,0.4763636363636364,0.7499983436268653,True,descriptor_joined,uptake_or_loading,geometry,pre_combustion_capture,CO2,uptake,,UC_volume_quantile_group,geometry
ARC-MOF::pre_comb_4040_co2.csv__geometry__geometric_properties.csv,wt%,dummy,descriptor_grouped,4,10986,2747,25,1,3.814913344503106,2.6584257979614123,-0.001498376548342062,,0.0,0.021739130434782608,0.06545454545454546,0.27195861773164687,True,descriptor_joined,uptake_or_loading,geometry,pre_combustion_capture,CO2,uptake,,UC_volume_quantile_group,geometry
ARC-MOF::pre_comb_4040_co2.csv__geometry__geometric_properties.csv,wt%,ridge,descriptor_grouped,4,10986,2747,25,1,3.0784914742799794,1.865953018410627,0.34783602493155197,0.7460257364003255,0.17857142857142858,0.38405797101449274,0.45454545454545453,0.6216188165014194,True,descriptor_joined,uptake_or_loading,geometry,pre_combustion_capture,CO2,uptake,,UC_volume_quantile_group,geometry
ARC-MOF::pre_comb_4040_co2.csv__geometry__geometric_properties.csv,wt%,extratrees,descriptor_grouped,4,10986,2747,25,1,2.7388777305844307,1.627348268181046,0.48379027216508685,0.7723780662676104,0.25,0.4420289855072464,0.52,0.7118625457222982,True,descriptor_joined,uptake_or_loading,geometry,pre_combustion_capture,CO2,uptake,,UC_volume_quantile_group,geometry
ARC-MOF::pre_comb_4040_co2.csv__geometry__geometric_properties.csv,v/v,dummy,random,0,10986,2747,25,1,33.877803736247394,21.237386439752456,-0.15863430355785146,,0.0,0.057971014492753624,0.09454545454545454,0.23648372323057631,True,descriptor_joined,uptake_or_loading,geometry,pre_combustion_capture,CO2,uptake,,UC_volume_quantile_group,geometry
ARC-MOF::pre_comb_4040_co2.csv__geometry__geometric_properties.csv,v/v,ridge,random,0,10986,2747,25,1,18.378273724868677,11.901581887844543,0.659022817193997,0.8778686903293418,0.17857142857142858,0.4492753623188406,0.5890909090909091,0.774395317723673,True,descriptor_joined,uptake_or_loading,geometry,pre_combustion_capture,CO2,uptake,,UC_volume_quantile_group,geometry
ARC-MOF::pre_comb_4040_co2.csv__geometry__geometric_properties.csv,v/v,extratrees,random,0,10986,2747,25,1,14.902631411226004,8.26907574562007,0.7757967997829067,0.9388401968254618,0.2857142857142857,0.5434782608695652,0.7163636363636363,0.8629082597921428,True,descriptor_joined,uptake_or_loading,geometry,pre_combustion_capture,CO2,uptake,,UC_volume_quantile_group,geometry
ARC-MOF::pre_comb_4040_co2.csv__geometry__geometric_properties.csv,v/v,dummy,random,1,10986,2747,25,1,33.42010386364372,20.965373181106663,-0.17498735558868295,,0.0,0.043478260869565216,0.08,0.25217439177401624,True,descriptor_joined,uptake_or_loading,geometry,pre_combustion_capture,CO2,uptake,,UC_volume_quantile_group,geometry
ARC-MOF::pre_comb_4040_co2.csv__geometry__geometric_properties.csv,v/v,ridge,random,1,10986,2747,25,1,17.997400647113352,11.6037767422103,0.6592489740993817,0.8926344867105834,0.10714285714285714,0.45652173913043476,0.5781818181818181,0.7676398858336462,True,descriptor_joined,uptake_or_loading,geometry,pre_combustion_capture,CO2,uptake,,UC_volume_quantile_group,geometry
ARC-MOF::pre_comb_4040_co2.csv__geometry__geometric_properties.csv,v/v,extratrees,random,1,10986,2747,25,1,14.721598257241407,8.109736923414028,0.7720038432013107,0.9422238985279369,0.25,0.6014492753623188,0.6727272727272727,0.8461335426963158,True,descriptor_joined,uptake_or_loading,geometry,pre_combustion_capture,CO2,uptake,,UC_volume_quantile_group,geometry
ARC-MOF::pre_comb_4040_co2.csv__geometry__geometric_properties.csv,v/v,dummy,random,2,10986,2747,25,1,34.039826927804256,21.350056707863125,-0.17131053098718962,,0.0,0.050724637681159424,0.09818181818181818,0.23708042146028568,True,descriptor_joined,uptake_or_loading,geometry,pre_combustion_capture,CO2,uptake,,UC_volume_quantile_group,geometry
ARC-MOF::pre_comb_4040_co2.csv__geometry__geometric_properties.csv,v/v,ridge,random,2,10986,2747,25,1,18.12911946507287,11.745692213207406,0.6677608683305556,0.8866833865865813,0.03571428571428571,0.391304347826087,0.5854545454545454,0.7665693869098413,True,descriptor_joined,uptake_or_loading,geometry,pre_combustion_capture,CO2,uptake,,UC_volume_quantile_group,geometry
ARC-MOF::pre_comb_4040_co2.csv__geometry__geometric_properties.csv,v/v,extratrees,random,2,10986,2747,25,1,14.327943467501235,8.01728556185111,0.792477552909689,0.9420674843184814,0.35714285714285715,0.6376811594202898,0.7090909090909091,0.8625321911279893,True,descriptor_joined,uptake_or_loading,geometry,pre_combustion_capture,CO2,uptake,,UC_volume_quantile_group,geometry
ARC-MOF::pre_comb_4040_co2.csv__geometry__geometric_properties.csv,v/v,dummy,random,3,10986,2747,25,1,34.64627028920461,21.433814714233712,-0.15527066045819216,,0.0,0.050724637681159424,0.10181818181818182,0.24493311192997466,True,descriptor_joined,uptake_or_loading,geometry,pre_combustion_capture,CO2,uptake,,UC_volume_quantile_group,geometry
ARC-MOF::pre_comb_4040_co2.csv__geometry__geometric_properties.csv,v/v,ridge,random,3,10986,2747,25,1,18.858927443300065,11.622884939385449,0.6577016978518879,0.888666293338705,0.14285714285714285,0.4057971014492754,0.6145454545454545,0.7722797364236252,True,descriptor_joined,uptake_or_loading,geometry,pre_combustion_capture,CO2,uptake,,UC_volume_quantile_group,geometry
ARC-MOF::pre_comb_4040_co2.csv__geometry__geometric_properties.csv,v/v,extratrees,random,3,10986,2747,25,1,15.129443452880809,8.054669486635119,0.7796988974504695,0.9441547932179907,0.42857142857142855,0.6086956521739131,0.6945454545454546,0.8536598632602284,True,descriptor_joined,uptake_or_loading,geometry,pre_combustion_capture,CO2,uptake,,UC_volume_quantile_group,geometry
ARC-MOF::pre_comb_4040_co2.csv__geometry__geometric_properties.csv,v/v,dummy,random,4,10986,2747,25,1,33.67032535176203,21.18363240717146,-0.16774998682576125,,0.03571428571428571,0.08695652173913043,0.13454545454545455,0.28732485748025416,True,descriptor_joined,uptake_or_loading,geometry,pre_combustion_capture,CO2,uptake,,UC_volume_quantile_group,geometry
ARC-MOF::pre_comb_4040_co2.csv__geometry__geometric_properties.csv,v/v,ridge,random,4,10986,2747,25,1,18.56111039001624,11.978783572410356,0.6451350121691719,0.8874495823942469,0.10714285714285714,0.43478260869565216,0.5309090909090909,0.7337994525675385,True,descriptor_joined,uptake_or_loading,geometry,pre_combustion_capture,CO2,uptake,,UC_volume_quantile_group,geometry
ARC-MOF::pre_comb_4040_co2.csv__geometry__geometric_properties.csv,v/v,extratrees,random,4,10986,2747,25,1,14.102680117358991,8.181351322124742,0.7951393456640578,0.9428613678685582,0.5,0.6231884057971014,0.6727272727272727,0.8799641187305591,True,descriptor_joined,uptake_or_loading,geometry,pre_combustion_capture,CO2,uptake,,UC_volume_quantile_group,geometry
ARC-MOF::pre_comb_4040_co2.csv__geometry__geometric_properties.csv,v/v,dummy,descriptor_grouped,0,10987,2746,25,1,17.896956603766608,13.53009492862345,-0.14980489943749986,,0.03571428571428571,0.028985507246376812,0.07272727272727272,0.18873195795626885,True,descriptor_joined,uptake_or_loading,geometry,pre_combustion_capture,CO2,uptake,,UC_volume_quantile_group,geometry
ARC-MOF::pre_comb_4040_co2.csv__geometry__geometric_properties.csv,v/v,ridge,descriptor_grouped,0,10987,2746,25,1,12.94794777791864,8.112266692585685,0.3981785494950787,0.7548687589061225,0.32142857142857145,0.5144927536231884,0.5854545454545454,0.7395692379135242,True,descriptor_joined,uptake_or_loading,geometry,pre_combustion_capture,CO2,uptake,,UC_volume_quantile_group,geometry
ARC-MOF::pre_comb_4040_co2.csv__geometry__geometric_properties.csv,v/v,extratrees,descriptor_grouped,0,10987,2746,25,1,11.390310914233986,5.472388760316825,0.5342670737426143,0.8665331197694526,0.35714285714285715,0.5579710144927537,0.6218181818181818,0.7725498738210772,True,descriptor_joined,uptake_or_loading,geometry,pre_combustion_capture,CO2,uptake,,UC_volume_quantile_group,geometry
ARC-MOF::pre_comb_4040_co2.csv__geometry__geometric_properties.csv,v/v,dummy,descriptor_grouped,1,10986,2747,25,1,53.50756014476782,37.05768880724426,-0.663022137740088,,0.0,0.043478260869565216,0.08727272727272728,0.3157766370717544,True,descriptor_joined,uptake_or_loading,geometry,pre_combustion_capture,CO2,uptake,,UC_volume_quantile_group,geometry
ARC-MOF::pre_comb_4040_co2.csv__geometry__geometric_properties.csv,v/v,ridge,descriptor_grouped,1,10986,2747,25,1,27.670477327557315,18.485349612732676,0.5552652799388857,0.8450305900897078,0.03571428571428571,0.13043478260869565,0.27636363636363637,0.6893842500539723,True,descriptor_joined,uptake_or_loading,geometry,pre_combustion_capture,CO2,uptake,,UC_volume_quantile_group,geometry
ARC-MOF::pre_comb_4040_co2.csv__geometry__geometric_properties.csv,v/v,extratrees,descriptor_grouped,1,10986,2747,25,1,25.67400316935656,16.47368647157222,0.6171268469737613,0.8679473138662989,0.10714285714285714,0.13043478260869565,0.28,0.6698938769030234,True,descriptor_joined,uptake_or_loading,geometry,pre_combustion_capture,CO2,uptake,,UC_volume_quantile_group,geometry
ARC-MOF::pre_comb_4040_co2.csv__geometry__geometric_properties.csv,v/v,dummy,descriptor_grouped,2,10986,2747,25,1,51.83664283983426,36.45151888733163,-0.4497049991855182,,0.0,0.043478260869565216,0.09090909090909091,0.30878542583520247,True,descriptor_joined,uptake_or_loading,geometry,pre_combustion_capture,CO2,uptake,,UC_volume_quantile_group,geometry
ARC-MOF::pre_comb_4040_co2.csv__geometry__geometric_properties.csv,v/v,ridge,descriptor_grouped,2,10986,2747,25,1,27.550438274753922,17.80709969045043,0.5904914944396856,0.8555763306312462,0.0,0.13768115942028986,0.2872727272727273,0.6964695541539497,True,descriptor_joined,uptake_or_loading,geometry,pre_combustion_capture,CO2,uptake,,UC_volume_quantile_group,geometry
ARC-MOF::pre_comb_4040_co2.csv__geometry__geometric_properties.csv,v/v,extratrees,descriptor_grouped,2,10986,2747,25,1,24.98927766896865,15.954720337779797,0.663090460577828,0.8828737081930437,0.14285714285714285,0.12318840579710146,0.26545454545454544,0.6704581133026869,True,descriptor_joined,uptake_or_loading,geometry,pre_combustion_capture,CO2,uptake,,UC_volume_quantile_group,geometry
ARC-MOF::pre_comb_4040_co2.csv__geometry__geometric_properties.csv,v/v,dummy,descriptor_grouped,3,10986,2747,25,1,31.166357274456765,20.194298177102297,-0.526399961041452,,0.03571428571428571,0.043478260869565216,0.10909090909090909,0.3028885709232246,True,descriptor_joined,uptake_or_loading,geometry,pre_combustion_capture,CO2,uptake,,UC_volume_quantile_group,geometry
ARC-MOF::pre_comb_4040_co2.csv__geometry__geometric_properties.csv,v/v,ridge,descriptor_grouped,3,10986,2747,25,1,18.935504176566305,13.458450506912312,0.4365569805037164,0.7569753633394851,0.35714285714285715,0.34057971014492755,0.4581818181818182,0.6706510147171411,True,descriptor_joined,uptake_or_loading,geometry,pre_combustion_capture,CO2,uptake,,UC_volume_quantile_group,geometry
ARC-MOF::pre_comb_4040_co2.csv__geometry__geometric_properties.csv,v/v,extratrees,descriptor_grouped,3,10986,2747,25,1,16.425131121895248,10.390909826405776,0.5760506761463281,0.8165907795058838,0.25,0.4057971014492754,0.5163636363636364,0.7586172743369771,True,descriptor_joined,uptake_or_loading,geometry,pre_combustion_capture,CO2,uptake,,UC_volume_quantile_group,geometry
ARC-MOF::pre_comb_4040_co2.csv__geometry__geometric_properties.csv,v/v,dummy,descriptor_grouped,4,10986,2747,25,1,18.581452106517823,12.214710563705863,-0.0006864057581688066,,0.03571428571428571,0.021739130434782608,0.06545454545454546,0.19404286249643335,True,descriptor_joined,uptake_or_loading,geometry,pre_combustion_capture,CO2,uptake,,UC_volume_quantile_group,geometry
ARC-MOF::pre_comb_4040_co2.csv__geometry__geometric_properties.csv,v/v,ridge,descriptor_grouped,4,10986,2747,25,1,13.723732429946411,8.235996235185263,0.4541375960063826,0.8227650440621668,0.35714285714285715,0.4855072463768116,0.5454545454545454,0.7574352181098157,True,descriptor_joined,uptake_or_loading,geometry,pre_combustion_capture,CO2,uptake,,UC_volume_quantile_group,geometry
ARC-MOF::pre_comb_4040_co2.csv__geometry__geometric_properties.csv,v/v,extratrees,descriptor_grouped,4,10986,2747,25,1,11.323443580115521,5.9789809169032875,0.6283828567605473,0.8833243952640999,0.42857142857142855,0.5942028985507246,0.6436363636363637,0.8233936794583148,True,descriptor_joined,uptake_or_loading,geometry,pre_combustion_capture,CO2,uptake,,UC_volume_quantile_group,geometry
ARC-MOF::pre_comb_4040_co2.csv__geometry__geometric_properties.csv,mmol/g,dummy,random,0,10986,2747,25,1,1.3236528555904483,0.8914089994539497,-0.1256306940434364,,0.0,0.07246376811594203,0.08363636363636363,0.30487901653545796,True,descriptor_joined,uptake_or_loading,geometry,pre_combustion_capture,CO2,uptake,,UC_volume_quantile_group,geometry
ARC-MOF::pre_comb_4040_co2.csv__geometry__geometric_properties.csv,mmol/g,ridge,random,0,10986,2747,25,1,0.8268477704765911,0.5598760553828946,0.5607630728193221,0.8145835648671441,0.07142857142857142,0.34057971014492755,0.49818181818181817,0.7274367739871804,True,descriptor_joined,uptake_or_loading,geometry,pre_combustion_capture,CO2,uptake,,UC_volume_quantile_group,geometry
ARC-MOF::pre_comb_4040_co2.csv__geometry__geometric_properties.csv,mmol/g,extratrees,random,0,10986,2747,25,1,0.7062143218835526,0.4356231608797476,0.6795791510957847,0.8683646544623889,0.25,0.45652173913043476,0.6290909090909091,0.8168217774964897,True,descriptor_joined,uptake_or_loading,geometry,pre_combustion_capture,CO2,uptake,,UC_volume_quantile_group,geometry
ARC-MOF::pre_comb_4040_co2.csv__geometry__geometric_properties.csv,mmol/g,dummy,random,1,10986,2747,25,1,1.3006335108021962,0.880176143793229,-0.14077823214816654,,0.0,0.057971014492753624,0.08727272727272728,0.3181481700562846,True,descriptor_joined,uptake_or_loading,geometry,pre_combustion_capture,CO2,uptake,,UC_volume_quantile_group,geometry
ARC-MOF::pre_comb_4040_co2.csv__geometry__geometric_properties.csv,mmol/g,ridge,random,1,10986,2747,25,1,0.8013113463310586,0.5472102870994923,0.5669939830198185,0.8296052572782272,0.0,0.3115942028985507,0.509090909090909,0.7287508484195737,True,descriptor_joined,uptake_or_loading,geometry,pre_combustion_capture,CO2,uptake,,UC_volume_quantile_group,geometry
ARC-MOF::pre_comb_4040_co2.csv__geometry__geometric_properties.csv,mmol/g,extratrees,random,1,10986,2747,25,1,0.6808032735385188,0.42587175753913364,0.6874391225654541,0.87930358205021,0.21428571428571427,0.5072463768115942,0.6072727272727273,0.8075291121269386,True,descriptor_joined,uptake_or_loading,geometry,pre_combustion_capture,CO2,uptake,,UC_volume_quantile_group,geometry
ARC-MOF::pre_comb_4040_co2.csv__geometry__geometric_properties.csv,mmol/g,dummy,random,2,10986,2747,25,1,1.3170350670856663,0.8883364666909357,-0.13969521537645613,,0.0,0.043478260869565216,0.09090909090909091,0.3043568445741725,True,descriptor_joined,uptake_or_loading,geometry,pre_combustion_capture,CO2,uptake,,UC_volume_quantile_group,geometry
ARC-MOF::pre_comb_4040_co2.csv__geometry__geometric_properties.csv,mmol/g,ridge,random,2,10986,2747,25,1,0.8112814848411125,0.554585203080952,0.5675487297643437,0.8248636555540919,0.07142857142857142,0.30434782608695654,0.5309090909090909,0.7344536142281723,True,descriptor_joined,uptake_or_loading,geometry,pre_combustion_capture,CO2,uptake,,UC_volume_quantile_group,geometry
ARC-MOF::pre_comb_4040_co2.csv__geometry__geometric_properties.csv,mmol/g,extratrees,random,2,10986,2747,25,1,0.674368635111684,0.4241824338393399,0.701194371384041,0.876238492580195,0.14285714285714285,0.5362318840579711,0.64,0.8281336270827802,True,descriptor_joined,uptake_or_loading,geometry,pre_combustion_capture,CO2,uptake,,UC_volume_quantile_group,geometry
ARC-MOF::pre_comb_4040_co2.csv__geometry__geometric_properties.csv,mmol/g,dummy,random,3,10986,2747,25,1,1.3684491678598187,0.9056966106661812,-0.12837208604999018,,0.0,0.06521739130434782,0.10909090909090909,0.306686944525723,True,descriptor_joined,uptake_or_loading,geometry,pre_combustion_capture,CO2,uptake,,UC_volume_quantile_group,geometry
ARC-MOF::pre_comb_4040_co2.csv__geometry__geometric_properties.csv,mmol/g,ridge,random,3,10986,2747,25,1,0.8582016444837409,0.5492715172374882,0.5562139167020204,0.8323008138051292,0.03571428571428571,0.3188405797101449,0.5054545454545455,0.7166207709807308,True,descriptor_joined,uptake_or_loading,geometry,pre_combustion_capture,CO2,uptake,,UC_volume_quantile_group,geometry
ARC-MOF::pre_comb_4040_co2.csv__geometry__geometric_properties.csv,mmol/g,extratrees,random,3,10986,2747,25,1,0.7231447474034564,0.42470340699470144,0.6849021308004735,0.8841416802695131,0.21428571428571427,0.5289855072463768,0.6181818181818182,0.8101981679711125,True,descriptor_joined,uptake_or_loading,geometry,pre_combustion_capture,CO2,uptake,,UC_volume_quantile_group,geometry
ARC-MOF::pre_comb_4040_co2.csv__geometry__geometric_properties.csv,mmol/g,dummy,random,4,10986,2747,25,1,1.3367607286389789,0.8934779728795048,-0.13221071838330523,,0.03571428571428571,0.06521739130434782,0.13090909090909092,0.3485785905176051,True,descriptor_joined,uptake_or_loading,geometry,pre_combustion_capture,CO2,uptake,,UC_volume_quantile_group,geometry
ARC-MOF::pre_comb_4040_co2.csv__geometry__geometric_properties.csv,mmol/g,ridge,random,4,10986,2747,25,1,0.8399434570460163,0.5645335714173433,0.5529871497043833,0.8249647521689617,0.07142857142857142,0.3188405797101449,0.4763636363636364,0.7094897288485799,True,descriptor_joined,uptake_or_loading,geometry,pre_combustion_capture,CO2,uptake,,UC_volume_quantile_group,geometry
ARC-MOF::pre_comb_4040_co2.csv__geometry__geometric_properties.csv,mmol/g,extratrees,random,4,10986,2747,25,1,0.6778655368137662,0.4311228935197995,0.7088565564215392,0.8766493893756935,0.35714285714285715,0.5434782608695652,0.6254545454545455,0.8492823571160595,True,descriptor_joined,uptake_or_loading,geometry,pre_combustion_capture,CO2,uptake,,UC_volume_quantile_group,geometry
ARC-MOF::pre_comb_4040_co2.csv__geometry__geometric_properties.csv,mmol/g,dummy,descriptor_grouped,0,10987,2746,25,1,0.8766471834161274,0.652517286598689,-0.13525507468511222,,0.03571428571428571,0.021739130434782608,0.06909090909090909,0.24229467401041982,True,descriptor_joined,uptake_or_loading,geometry,pre_combustion_capture,CO2,uptake,,UC_volume_quantile_group,geometry
ARC-MOF::pre_comb_4040_co2.csv__geometry__geometric_properties.csv,mmol/g,ridge,descriptor_grouped,0,10987,2746,25,1,0.692804245109386,0.4158007665216045,0.290969612388711,0.6363060701858851,0.14285714285714285,0.42028985507246375,0.49818181818181817,0.6402597771144928,True,descriptor_joined,uptake_or_loading,geometry,pre_combustion_capture,CO2,uptake,,UC_volume_quantile_group,geometry
ARC-MOF::pre_comb_4040_co2.csv__geometry__geometric_properties.csv,mmol/g,extratrees,descriptor_grouped,0,10987,2746,25,1,0.6987068628817138,0.36986624510560817,0.2788364193586169,0.7140383773170572,0.14285714285714285,0.4492753623188406,0.5418181818181819,0.6462390646261619,True,descriptor_joined,uptake_or_loading,geometry,pre_combustion_capture,CO2,uptake,,UC_volume_quantile_group,geometry
ARC-MOF::pre_comb_4040_co2.csv__geometry__geometric_properties.csv,mmol/g,dummy,descriptor_grouped,1,10986,2747,25,1,1.9323911864912007,1.3623939898070623,-0.5937292870062016,,0.0,0.043478260869565216,0.08727272727272728,0.3533170520648778,True,descriptor_joined,uptake_or_loading,geometry,pre_combustion_capture,CO2,uptake,,UC_volume_quantile_group,geometry
ARC-MOF::pre_comb_4040_co2.csv__geometry__geometric_properties.csv,mmol/g,ridge,descriptor_grouped,1,10986,2747,25,1,1.1240498674384076,0.7701428926840548,0.4607432190571955,0.7781733525072666,0.03571428571428571,0.08695652173913043,0.20727272727272728,0.6400688769860328,True,descriptor_joined,uptake_or_loading,geometry,pre_combustion_capture,CO2,uptake,,UC_volume_quantile_group,geometry
ARC-MOF::pre_comb_4040_co2.csv__geometry__geometric_properties.csv,mmol/g,extratrees,descriptor_grouped,1,10986,2747,25,1,1.0585263899926265,0.7116691535618654,0.521779887716593,0.8018016711784803,0.21428571428571427,0.2028985507246377,0.32,0.6599725227375111,True,descriptor_joined,uptake_or_loading,geometry,pre_combustion_capture,CO2,uptake,,UC_volume_quantile_group,geometry
ARC-MOF::pre_comb_4040_co2.csv__geometry__geometric_properties.csv,mmol/g,dummy,descriptor_grouped,2,10986,2747,25,1,1.873230836721837,1.3452749978157992,-0.3249904503251928,,0.0,0.043478260869565216,0.08363636363636363,0.33166902748944654,True,descriptor_joined,uptake_or_loading,geometry,pre_combustion_capture,CO2,uptake,,UC_volume_quantile_group,geometry
ARC-MOF::pre_comb_4040_co2.csv__geometry__geometric_properties.csv,mmol/g,ridge,descriptor_grouped,2,10986,2747,25,1,1.1202763598026821,0.7416929178729031,0.526106780981223,0.8088713953495696,0.03571428571428571,0.09420289855072464,0.20363636363636364,0.6485287932170885,True,descriptor_joined,uptake_or_loading,geometry,pre_combustion_capture,CO2,uptake,,UC_volume_quantile_group,geometry
ARC-MOF::pre_comb_4040_co2.csv__geometry__geometric_properties.csv,mmol/g,extratrees,descriptor_grouped,2,10986,2747,25,1,1.0443500102912022,0.699538647108765,0.5881659014035034,0.8265392212024252,0.17857142857142858,0.1956521739130435,0.3054545454545455,0.6577960015856416,True,descriptor_joined,uptake_or_loading,geometry,pre_combustion_capture,CO2,uptake,,UC_volume_quantile_group,geometry
ARC-MOF::pre_comb_4040_co2.csv__geometry__geometric_properties.csv,mmol/g,dummy,descriptor_grouped,3,10986,2747,25,1,1.3084025519870788,0.9018623196214051,-0.48654087057821793,,0.03571428571428571,0.057971014492753624,0.10909090909090909,0.37799741665120073,True,descriptor_joined,uptake_or_loading,geometry,pre_combustion_capture,CO2,uptake,,UC_volume_quantile_group,geometry
ARC-MOF::pre_comb_4040_co2.csv__geometry__geometric_properties.csv,mmol/g,ridge,descriptor_grouped,3,10986,2747,25,1,0.8669508020485687,0.6420489168883756,0.34734601442896007,0.6489511094350113,0.17857142857142858,0.32608695652173914,0.4072727272727273,0.6896724245811251,True,descriptor_joined,uptake_or_loading,geometry,pre_combustion_capture,CO2,uptake,,UC_volume_quantile_group,geometry
ARC-MOF::pre_comb_4040_co2.csv__geometry__geometric_properties.csv,mmol/g,extratrees,descriptor_grouped,3,10986,2747,25,1,0.7686490269232071,0.5385138853646402,0.48696115111990457,0.7178111359229438,0.35714285714285715,0.391304347826087,0.4727272727272727,0.7516615434189969,True,descriptor_joined,uptake_or_loading,geometry,pre_combustion_capture,CO2,uptake,,UC_volume_quantile_group,geometry
ARC-MOF::pre_comb_4040_co2.csv__geometry__geometric_properties.csv,mmol/g,dummy,descriptor_grouped,4,10986,2747,25,1,0.8668386080855778,0.6040572957772115,-0.0014983865653970252,,0.0,0.021739130434782608,0.06545454545454546,0.27195850228747215,True,descriptor_joined,uptake_or_loading,geometry,pre_combustion_capture,CO2,uptake,,UC_volume_quantile_group,geometry
ARC-MOF::pre_comb_4040_co2.csv__geometry__geometric_properties.csv,mmol/g,ridge,descriptor_grouped,4,10986,2747,25,1,0.6995061275229617,0.42398869726272426,0.34783602042190265,0.7460257364003255,0.17857142857142858,0.38405797101449274,0.45454545454545453,0.6216187656760024,True,descriptor_joined,uptake_or_loading,geometry,pre_combustion_capture,CO2,uptake,,UC_volume_quantile_group,geometry
ARC-MOF::pre_comb_4040_co2.csv__geometry__geometric_properties.csv,mmol/g,extratrees,descriptor_grouped,4,10986,2747,25,1,0.6250711494155662,0.37143507308093676,0.4792459332536967,0.7707256294041744,0.25,0.4492753623188406,0.5272727272727272,0.7131173615952349,True,descriptor_joined,uptake_or_loading,geometry,pre_combustion_capture,CO2,uptake,,UC_volume_quantile_group,geometry
ARC-MOF::pre_comb_4040_co2.csv__geometry__geometric_properties.csv,S(g1),dummy,random,0,10986,2747,25,1,159.23071436225507,57.30612236457954,-0.08455711245039943,,0.0,0.050724637681159424,0.09818181818181818,0.1214962858229507,True,descriptor_joined,selectivity,geometry,pre_combustion_capture,CO2,selectivity,,UC_volume_quantile_group,geometry
ARC-MOF::pre_comb_4040_co2.csv__geometry__geometric_properties.csv,S(g1),ridge,random,0,10986,2747,25,1,114.6917223058712,40.29094022612108,0.43731817316024224,0.7868396727428333,0.42857142857142855,0.5072463768115942,0.6618181818181819,0.6897540592621954,True,descriptor_joined,selectivity,geometry,pre_combustion_capture,CO2,selectivity,,UC_volume_quantile_group,geometry
ARC-MOF::pre_comb_4040_co2.csv__geometry__geometric_properties.csv,S(g1),extratrees,random,0,10986,2747,25,1,98.94190459734865,28.784563282365006,0.5812457073454775,0.9260063776817002,0.42857142857142855,0.644927536231884,0.7563636363636363,0.8215317999980097,True,descriptor_joined,selectivity,geometry,pre_combustion_capture,CO2,selectivity,,UC_volume_quantile_group,geometry
ARC-MOF::pre_comb_4040_co2.csv__geometry__geometric_properties.csv,S(g1),dummy,random,1,10986,2747,25,1,127.00788570508172,53.69456353658536,-0.1215501496159388,,0.0,0.036231884057971016,0.09090909090909091,0.13494834292673538,True,descriptor_joined,selectivity,geometry,pre_combustion_capture,CO2,selectivity,,UC_volume_quantile_group,geometry
ARC-MOF::pre_comb_4040_co2.csv__geometry__geometric_properties.csv,S(g1),ridge,random,1,10986,2747,25,1,88.38952266995274,38.511147113925034,0.4568010747477783,0.8140624124066446,0.21428571428571427,0.5144927536231884,0.6472727272727272,0.6753919084500143,True,descriptor_joined,selectivity,geometry,pre_combustion_capture,CO2,selectivity,,UC_volume_quantile_group,geometry
ARC-MOF::pre_comb_4040_co2.csv__geometry__geometric_properties.csv,S(g1),extratrees,random,1,10986,2747,25,1,76.05697658490053,27.385283511514988,0.5978061369575786,0.9340739164934192,0.32142857142857145,0.6376811594202898,0.7054545454545454,0.8240629803131397,True,descriptor_joined,selectivity,geometry,pre_combustion_capture,CO2,selectivity,,UC_volume_quantile_group,geometry
ARC-MOF::pre_comb_4040_co2.csv__geometry__geometric_properties.csv,S(g1),dummy,random,2,10986,2747,25,1,155.57565038273202,56.80543301128503,-0.08954601170962984,,0.0,0.07246376811594203,0.08727272727272728,0.11774366297182175,True,descriptor_joined,selectivity,geometry,pre_combustion_capture,CO2,selectivity,,UC_volume_quantile_group,geometry
ARC-MOF::pre_comb_4040_co2.csv__geometry__geometric_properties.csv,S(g1),ridge,random,2,10986,2747,25,1,114.62203467748235,38.28103314728498,0.4085765345243316,0.804361982213065,0.35714285714285715,0.5434782608695652,0.6581818181818182,0.7149947142196144,True,descriptor_joined,selectivity,geometry,pre_combustion_capture,CO2,selectivity,,UC_volume_quantile_group,geometry
ARC-MOF::pre_comb_4040_co2.csv__geometry__geometric_properties.csv,S(g1),extratrees,random,2,10986,2747,25,1,107.45603270741952,28.923437393137363,0.48021477614804187,0.9349607526598662,0.2857142857142857,0.6231884057971014,0.76,0.7747832033732425,True,descriptor_joined,selectivity,geometry,pre_combustion_capture,CO2,selectivity,,UC_volume_quantile_group,geometry
ARC-MOF::pre_comb_4040_co2.csv__geometry__geometric_properties.csv,S(g1),dummy,random,3,10986,2747,25,1,167.02781503054288,58.49361066144886,-0.0814017855071707,,0.0,0.043478260869565216,0.09818181818181818,0.10842232585782748,True,descriptor_joined,selectivity,geometry,pre_combustion_capture,CO2,selectivity,,UC_volume_quantile_group,geometry
ARC-MOF::pre_comb_4040_co2.csv__geometry__geometric_properties.csv,S(g1),ridge,random,3,10986,2747,25,1,120.62252011821055,38.86944379049757,0.43601665636232656,0.8028193318688871,0.39285714285714285,0.5362318840579711,0.7127272727272728,0.7267563446140316,True,descriptor_joined,selectivity,geometry,pre_combustion_capture,CO2,selectivity,,UC_volume_quantile_group,geometry
ARC-MOF::pre_comb_4040_co2.csv__geometry__geometric_properties.csv,S(g1),extratrees,random,3,10986,2747,25,1,101.94709620507433,28.935986507243047,0.59713531152029,0.9364837967386769,0.42857142857142855,0.644927536231884,0.7745454545454545,0.8363353422689802,True,descriptor_joined,selectivity,geometry,pre_combustion_capture,CO2,selectivity,,UC_volume_quantile_group,geometry
ARC-MOF::pre_comb_4040_co2.csv__geometry__geometric_properties.csv,S(g1),dummy,random,4,10986,2747,25,1,125.0990993729198,54.0240548880597,-0.1259081450593591,,0.03571428571428571,0.07971014492753623,0.14545454545454545,0.1681774224380611,True,descriptor_joined,selectivity,geometry,pre_combustion_capture,CO2,selectivity,,UC_volume_quantile_group,geometry
ARC-MOF::pre_comb_4040_co2.csv__geometry__geometric_properties.csv,S(g1),ridge,random,4,10986,2747,25,1,87.14801014328184,38.259890457417704,0.4536014410060807,0.8147472052790652,0.21428571428571427,0.4057971014492754,0.6581818181818182,0.7190647770766475,True,descriptor_joined,selectivity,geometry,pre_combustion_capture,CO2,selectivity,,UC_volume_quantile_group,geometry
ARC-MOF::pre_comb_4040_co2.csv__geometry__geometric_properties.csv,S(g1),extratrees,random,4,10986,2747,25,1,77.66862463279543,27.95662021468148,0.5660039027462325,0.9347114500922035,0.35714285714285715,0.5289855072463768,0.7345454545454545,0.805489810300216,True,descriptor_joined,selectivity,geometry,pre_combustion_capture,CO2,selectivity,,UC_volume_quantile_group,geometry
ARC-MOF::pre_comb_4040_co2.csv__geometry__geometric_properties.csv,S(g1),dummy,descriptor_grouped,0,10987,2746,25,1,74.52954273314641,27.1808751565914,-0.0013232596515686534,,0.0,0.021739130434782608,0.06181818181818182,0.08494488685545756,True,descriptor_joined,selectivity,geometry,pre_combustion_capture,CO2,selectivity,,UC_volume_quantile_group,geometry
ARC-MOF::pre_comb_4040_co2.csv__geometry__geometric_properties.csv,S(g1),ridge,descriptor_grouped,0,10987,2746,25,1,79.40680472925732,27.03000287546491,-0.13666590298452963,0.36779686944929707,0.5714285714285714,0.5797101449275363,0.56,0.6439524959667833,True,descriptor_joined,selectivity,geometry,pre_combustion_capture,CO2,selectivity,,UC_volume_quantile_group,geometry
ARC-MOF::pre_comb_4040_co2.csv__geometry__geometric_properties.csv,S(g1),extratrees,descriptor_grouped,0,10987,2746,25,1,67.11946658590377,16.09683102426439,0.1878908870079401,0.8425236070439437,0.6071428571428571,0.6376811594202898,0.6654545454545454,0.6903947816079186,True,descriptor_joined,selectivity,geometry,pre_combustion_capture,CO2,selectivity,,UC_volume_quantile_group,geometry
ARC-MOF::pre_comb_4040_co2.csv__geometry__geometric_properties.csv,S(g1),dummy,descriptor_grouped,1,10986,2747,25,1,260.46145856653783,116.68318942974153,-0.22268191899322165,,0.0,0.050724637681159424,0.07636363636363637,0.12936387174625194,True,descriptor_joined,selectivity,geometry,pre_combustion_capture,CO2,selectivity,,UC_volume_quantile_group,geometry
ARC-MOF::pre_comb_4040_co2.csv__geometry__geometric_properties.csv,S(g1),ridge,descriptor_grouped,1,10986,2747,25,1,194.5909337727967,66.74379665547471,0.3175485550838144,0.8665346305761201,0.2857142857142857,0.35507246376811596,0.48,0.577980421799436,True,descriptor_joined,selectivity,geometry,pre_combustion_capture,CO2,selectivity,,UC_volume_quantile_group,geometry
ARC-MOF::pre_comb_4040_co2.csv__geometry__geometric_properties.csv,S(g1),extratrees,descriptor_grouped,1,10986,2747,25,1,196.9061216280006,67.09866489722849,0.3012127219363875,0.8950105358407322,0.2857142857142857,0.32608695652173914,0.4581818181818182,0.5297929187846456,True,descriptor_joined,selectivity,geometry,pre_combustion_capture,CO2,selectivity,,UC_volume_quantile_group,geometry
ARC-MOF::pre_comb_4040_co2.csv__geometry__geometric_properties.csv,S(g1),dummy,descriptor_grouped,2,10986,2747,25,1,221.94188523624703,108.50855323006918,-0.25713598199216214,,0.0,0.050724637681159424,0.08363636363636363,0.1493737292749437,True,descriptor_joined,selectivity,geometry,pre_combustion_capture,CO2,selectivity,,UC_volume_quantile_group,geometry
ARC-MOF::pre_comb_4040_co2.csv__geometry__geometric_properties.csv,S(g1),ridge,descriptor_grouped,2,10986,2747,25,1,174.32003520385885,66.99152369642046,0.22447049452767665,0.8140252416747077,0.2857142857142857,0.34782608695652173,0.4909090909090909,0.6003147950316119,True,descriptor_joined,selectivity,geometry,pre_combustion_capture,CO2,selectivity,,UC_volume_quantile_group,geometry
ARC-MOF::pre_comb_4040_co2.csv__geometry__geometric_properties.csv,S(g1),extratrees,descriptor_grouped,2,10986,2747,25,1,158.97660670721018,61.44817340901227,0.35498448466578736,0.9002572459332606,0.14285714285714285,0.34782608695652173,0.44363636363636366,0.5462520110354742,True,descriptor_joined,selectivity,geometry,pre_combustion_capture,CO2,selectivity,,UC_volume_quantile_group,geometry
ARC-MOF::pre_comb_4040_co2.csv__geometry__geometric_properties.csv,S(g1),dummy,descriptor_grouped,3,10986,2747,25,1,118.6802681092275,51.01769083745904,-0.18676762062005503,,0.03571428571428571,0.036231884057971016,0.08,0.14681235982493554,True,descriptor_joined,selectivity,geometry,pre_combustion_capture,CO2,selectivity,,UC_volume_quantile_group,geometry
ARC-MOF::pre_comb_4040_co2.csv__geometry__geometric_properties.csv,S(g1),ridge,descriptor_grouped,3,10986,2747,25,1,86.01064431771252,37.966014580485705,0.3766771420885292,0.7779941452874054,0.35714285714285715,0.5,0.6254545454545455,0.7355352046833336,True,descriptor_joined,selectivity,geometry,pre_combustion_capture,CO2,selectivity,,UC_volume_quantile_group,geometry
ARC-MOF::pre_comb_4040_co2.csv__geometry__geometric_properties.csv,S(g1),extratrees,descriptor_grouped,3,10986,2747,25,1,98.95856323147434,33.506632780165035,0.17488323084650514,0.8418217479933338,0.25,0.5797101449275363,0.6836363636363636,0.7068299197187762,True,descriptor_joined,selectivity,geometry,pre_combustion_capture,CO2,selectivity,,UC_volume_quantile_group,geometry
ARC-MOF::pre_comb_4040_co2.csv__geometry__geometric_properties.csv,S(g1),dummy,descriptor_grouped,4,10986,2747,25,1,71.40965991307395,27.30545077575537,-0.01653135297609687,,0.03571428571428571,0.021739130434782608,0.05090909090909091,0.10221004443552882,True,descriptor_joined,selectivity,geometry,pre_combustion_capture,CO2,selectivity,,UC_volume_quantile_group,geometry
ARC-MOF::pre_comb_4040_co2.csv__geometry__geometric_properties.csv,S(g1),ridge,descriptor_grouped,4,10986,2747,25,1,75.48141553548436,28.30698069800667,-0.13576091918371813,0.5585301051316932,0.4642857142857143,0.6521739130434783,0.610909090909091,0.7309034607576327,True,descriptor_joined,selectivity,geometry,pre_combustion_capture,CO2,selectivity,,UC_volume_quantile_group,geometry
ARC-MOF::pre_comb_4040_co2.csv__geometry__geometric_properties.csv,S(g1),extratrees,descriptor_grouped,4,10986,2747,25,1,66.53063726803194,17.73381969061886,0.11763105354228443,0.8535347166440729,0.4642857142857143,0.7028985507246377,0.7236363636363636,0.7282596331991571,True,descriptor_joined,selectivity,geometry,pre_combustion_capture,CO2,selectivity,,UC_volume_quantile_group,geometry
ARC-MOF::pre_comb_4040_co2.csv__geometry__geometric_properties.csv,molc/uc,dummy,random,0,10986,2747,25,1,1.9698185525546614,1.1181257451765563,-0.06900480579336254,,0.0,0.08695652173913043,0.11272727272727273,0.2650774966500968,True,descriptor_joined,uptake_or_loading,geometry,pre_combustion_capture,CO2,loading,,UC_volume_quantile_group,geometry
ARC-MOF::pre_comb_4040_co2.csv__geometry__geometric_properties.csv,molc/uc,ridge,random,0,10986,2747,25,1,1.2740853487036075,0.7506953393301202,0.552776873090014,0.76436879758432,0.5357142857142857,0.5434782608695652,0.5418181818181819,0.8009457492109822,True,descriptor_joined,uptake_or_loading,geometry,pre_combustion_capture,CO2,loading,,UC_volume_quantile_group,geometry
ARC-MOF::pre_comb_4040_co2.csv__geometry__geometric_properties.csv,molc/uc,extratrees,random,0,10986,2747,25,1,1.2171476675611814,0.6284550204659628,0.5918556837337741,0.8411172032313371,0.42857142857142855,0.5652173913043478,0.6145454545454545,0.8059641826107301,True,descriptor_joined,uptake_or_loading,geometry,pre_combustion_capture,CO2,loading,,UC_volume_quantile_group,geometry
ARC-MOF::pre_comb_4040_co2.csv__geometry__geometric_properties.csv,molc/uc,dummy,random,1,10986,2747,25,1,2.1190880663895193,1.1192564443028759,-0.05697268928736077,,0.03571428571428571,0.028985507246376812,0.09454545454545454,0.2788278394290951,True,descriptor_joined,uptake_or_loading,geometry,pre_combustion_capture,CO2,loading,,UC_volume_quantile_group,geometry
ARC-MOF::pre_comb_4040_co2.csv__geometry__geometric_properties.csv,molc/uc,ridge,random,1,10986,2747,25,1,1.4201495599044835,0.7609191983982555,0.5252839433029048,0.7877493394853883,0.5,0.5289855072463768,0.5272727272727272,0.7819169790082238,True,descriptor_joined,uptake_or_loading,geometry,pre_combustion_capture,CO2,loading,,UC_volume_quantile_group,geometry
ARC-MOF::pre_comb_4040_co2.csv__geometry__geometric_properties.csv,molc/uc,extratrees,random,1,10986,2747,25,1,1.1978158574506512,0.6032439891766773,0.6622884836288914,0.8592886652846722,0.6785714285714286,0.5507246376811594,0.6,0.8444132228019263,True,descriptor_joined,uptake_or_loading,geometry,pre_combustion_capture,CO2,loading,,UC_volume_quantile_group,geometry
ARC-MOF::pre_comb_4040_co2.csv__geometry__geometric_properties.csv,molc/uc,dummy,random,2,10986,2747,25,1,1.961425015099209,1.1188844914452127,-0.06500236753203437,,0.0,0.08695652173913043,0.09818181818181818,0.2682712585733264,True,descriptor_joined,uptake_or_loading,geometry,pre_combustion_capture,CO2,loading,,UC_volume_quantile_group,geometry
ARC-MOF::pre_comb_4040_co2.csv__geometry__geometric_properties.csv,molc/uc,ridge,random,2,10986,2747,25,1,1.2692040942229892,0.7558394434441758,0.5540665172428789,0.7805673443265743,0.5357142857142857,0.5652173913043478,0.56,0.7822114882209978,True,descriptor_joined,uptake_or_loading,geometry,pre_combustion_capture,CO2,loading,,UC_volume_quantile_group,geometry
ARC-MOF::pre_comb_4040_co2.csv__geometry__geometric_properties.csv,molc/uc,extratrees,random,2,10986,2747,25,1,1.1050619511482145,0.5900966364015289,0.6619504164674919,0.8594787410951544,0.5714285714285714,0.5797101449275363,0.6254545454545455,0.8297008438993003,True,descriptor_joined,uptake_or_loading,geometry,pre_combustion_capture,CO2,loading,,UC_volume_quantile_group,geometry
ARC-MOF::pre_comb_4040_co2.csv__geometry__geometric_properties.csv,molc/uc,dummy,random,3,10986,2747,25,1,2.2302755784810504,1.153612644521296,-0.053674441633043246,,0.0,0.028985507246376812,0.07272727272727272,0.21743759632435092,True,descriptor_joined,uptake_or_loading,geometry,pre_combustion_capture,CO2,loading,,UC_volume_quantile_group,geometry
ARC-MOF::pre_comb_4040_co2.csv__geometry__geometric_properties.csv,molc/uc,ridge,random,3,10986,2747,25,1,1.5071952485237203,0.7732611411780788,0.5187968954068893,0.7903917626713237,0.4642857142857143,0.572463768115942,0.5345454545454545,0.7744630832226028,True,descriptor_joined,uptake_or_loading,geometry,pre_combustion_capture,CO2,loading,,UC_volume_quantile_group,geometry
ARC-MOF::pre_comb_4040_co2.csv__geometry__geometric_properties.csv,molc/uc,extratrees,random,3,10986,2747,25,1,1.332984565090006,0.6077423831978318,0.6236086542348073,0.8595755040469044,0.5714285714285714,0.6376811594202898,0.6363636363636364,0.8282847951245971,True,descriptor_joined,uptake_or_loading,geometry,pre_combustion_capture,CO2,loading,,UC_volume_quantile_group,geometry
ARC-MOF::pre_comb_4040_co2.csv__geometry__geometric_properties.csv,molc/uc,dummy,random,4,10986,2747,25,1,2.1581265194879737,1.1147463389151802,-0.05420330651831473,,0.0,0.06521739130434782,0.12727272727272726,0.2708825447502239,True,descriptor_joined,uptake_or_loading,geometry,pre_combustion_capture,CO2,loading,,UC_volume_quantile_group,geometry
ARC-MOF::pre_comb_4040_co2.csv__geometry__geometric_properties.csv,molc/uc,ridge,random,4,10986,2747,25,1,1.457184779285378,0.7727482775940356,0.5193822304519669,0.7790721008761363,0.6428571428571429,0.45652173913043476,0.48363636363636364,0.768866719141261,True,descriptor_joined,uptake_or_loading,geometry,pre_combustion_capture,CO2,loading,,UC_volume_quantile_group,geometry
ARC-MOF::pre_comb_4040_co2.csv__geometry__geometric_properties.csv,molc/uc,extratrees,random,4,10986,2747,25,1,1.262229939339287,0.6107707405242082,0.6393818962034679,0.8586780427064126,0.5714285714285714,0.5362318840579711,0.5927272727272728,0.8442449640664919,True,descriptor_joined,uptake_or_loading,geometry,pre_combustion_capture,CO2,loading,,UC_volume_quantile_group,geometry
ARC-MOF::pre_comb_4040_co2.csv__geometry__geometric_properties.csv,molc/uc,dummy,descriptor_grouped,0,10987,2746,25,1,3.120409181831505,1.5247391292789512,-0.05339280874237384,,0.0,0.043478260869565216,0.08,0.16856134215733556,True,descriptor_joined,uptake_or_loading,geometry,pre_combustion_capture,CO2,loading,,UC_volume_quantile_group,geometry
ARC-MOF::pre_comb_4040_co2.csv__geometry__geometric_properties.csv,molc/uc,ridge,descriptor_grouped,0,10987,2746,25,1,2.1119749444487095,0.9344716428707004,0.5174472686768732,0.8782421202987006,0.32142857142857145,0.5289855072463768,0.6545454545454545,0.7635205056285406,True,descriptor_joined,uptake_or_loading,geometry,pre_combustion_capture,CO2,loading,,UC_volume_quantile_group,geometry
ARC-MOF::pre_comb_4040_co2.csv__geometry__geometric_properties.csv,molc/uc,extratrees,descriptor_grouped,0,10987,2746,25,1,2.0863863058979337,0.9376827482613094,0.5290696264332735,0.859087508726972,0.39285714285714285,0.4855072463768116,0.6218181818181818,0.7447420698960933,True,descriptor_joined,uptake_or_loading,geometry,pre_combustion_capture,CO2,loading,,UC_volume_quantile_group,geometry
ARC-MOF::pre_comb_4040_co2.csv__geometry__geometric_properties.csv,molc/uc,dummy,descriptor_grouped,1,10986,2747,25,1,1.5178283723670658,1.013145155260284,-0.05386320832824798,,0.0,0.014492753623188406,0.06909090909090909,0.28854872772131906,True,descriptor_joined,uptake_or_loading,geometry,pre_combustion_capture,CO2,loading,,UC_volume_quantile_group,geometry
ARC-MOF::pre_comb_4040_co2.csv__geometry__geometric_properties.csv,molc/uc,ridge,descriptor_grouped,1,10986,2747,25,1,1.1258587460791938,0.7137032024686691,0.42016193624027054,0.6970509712483236,0.35714285714285715,0.47101449275362317,0.36363636363636365,0.7174838091578883,True,descriptor_joined,uptake_or_loading,geometry,pre_combustion_capture,CO2,loading,,UC_volume_quantile_group,geometry
ARC-MOF::pre_comb_4040_co2.csv__geometry__geometric_properties.csv,molc/uc,extratrees,descriptor_grouped,1,10986,2747,25,1,1.102795720277931,0.6771069898717793,0.4436743889205351,0.7278383665132278,0.4642857142857143,0.39855072463768115,0.38181818181818183,0.7045849444525,True,descriptor_joined,uptake_or_loading,geometry,pre_combustion_capture,CO2,loading,,UC_volume_quantile_group,geometry
ARC-MOF::pre_comb_4040_co2.csv__geometry__geometric_properties.csv,molc/uc,dummy,descriptor_grouped,2,10986,2747,25,1,3.0189120340552873,1.5172191243174373,-0.17320692348981548,,0.0,0.050724637681159424,0.08363636363636363,0.21800777345202643,True,descriptor_joined,uptake_or_loading,geometry,pre_combustion_capture,CO2,loading,,UC_volume_quantile_group,geometry
ARC-MOF::pre_comb_4040_co2.csv__geometry__geometric_properties.csv,molc/uc,ridge,descriptor_grouped,2,10986,2747,25,1,2.156795723471752,1.0206677842789909,0.40118630046969883,0.6815467790077346,0.42857142857142855,0.5869565217391305,0.6654545454545454,0.7866004890475918,True,descriptor_joined,uptake_or_loading,geometry,pre_combustion_capture,CO2,loading,,UC_volume_quantile_group,geometry
ARC-MOF::pre_comb_4040_co2.csv__geometry__geometric_properties.csv,molc/uc,extratrees,descriptor_grouped,2,10986,2747,25,1,2.001876651446216,1.0097340536880637,0.4841204307020349,0.676423842711928,0.5,0.6086956521739131,0.6218181818181818,0.7818148576722799,True,descriptor_joined,uptake_or_loading,geometry,pre_combustion_capture,CO2,loading,,UC_volume_quantile_group,geometry
ARC-MOF::pre_comb_4040_co2.csv__geometry__geometric_properties.csv,molc/uc,dummy,descriptor_grouped,3,10986,2747,25,1,1.4668816084871026,0.9806334717874045,-0.042427042488540234,,0.07142857142857142,0.043478260869565216,0.09454545454545454,0.3057888455460408,True,descriptor_joined,uptake_or_loading,geometry,pre_combustion_capture,CO2,loading,,UC_volume_quantile_group,geometry
ARC-MOF::pre_comb_4040_co2.csv__geometry__geometric_properties.csv,molc/uc,ridge,descriptor_grouped,3,10986,2747,25,1,1.0818774300427285,0.7088571181167335,0.43296265335816353,0.7423197292810085,0.42857142857142855,0.34782608695652173,0.43636363636363634,0.6953375638713627,True,descriptor_joined,uptake_or_loading,geometry,pre_combustion_capture,CO2,loading,,UC_volume_quantile_group,geometry
ARC-MOF::pre_comb_4040_co2.csv__geometry__geometric_properties.csv,molc/uc,extratrees,descriptor_grouped,3,10986,2747,25,1,0.9912696217874476,0.6249425564543138,0.5239647243426198,0.7831161523813933,0.5,0.38405797101449274,0.5236363636363637,0.7598356169581655,True,descriptor_joined,uptake_or_loading,geometry,pre_combustion_capture,CO2,loading,,UC_volume_quantile_group,geometry
ARC-MOF::pre_comb_4040_co2.csv__geometry__geometric_properties.csv,molc/uc,dummy,descriptor_grouped,4,10986,2747,25,1,3.0187418120359597,1.4208065010921003,-0.07175704932102733,,0.0,0.050724637681159424,0.07272727272727272,0.16642949911407004,True,descriptor_joined,uptake_or_loading,geometry,pre_combustion_capture,CO2,loading,,UC_volume_quantile_group,geometry
ARC-MOF::pre_comb_4040_co2.csv__geometry__geometric_properties.csv,molc/uc,ridge,descriptor_grouped,4,10986,2747,25,1,2.062728283956464,0.882417855741895,0.4995871472465502,0.832716176108286,0.35714285714285715,0.5434782608695652,0.6581818181818182,0.7704281111584221,True,descriptor_joined,uptake_or_loading,geometry,pre_combustion_capture,CO2,loading,,UC_volume_quantile_group,geometry
ARC-MOF::pre_comb_4040_co2.csv__geometry__geometric_properties.csv,molc/uc,extratrees,descriptor_grouped,4,10986,2747,25,1,1.9683051783190448,0.8639912605521176,0.5443521991441762,0.8304075030459113,0.42857142857142855,0.572463768115942,0.64,0.7750449688253656,True,descriptor_joined,uptake_or_loading,geometry,pre_combustion_capture,CO2,loading,,UC_volume_quantile_group,geometry
