full_path,relative_path,immediate_subfolders,direct_files,direct_file_size,empty_folder,oldest_modified,newest_modified,resource,role
<DATA_ROOT>,.,1,3,28.14 KB (28819 bytes),NO,2026-06-04 11:06:22 | make_file_inventory.py,2026-06-04 11:25:05 | make_folder_format_inventory_live.py,Other/unknown,general_metadata
<DATA_ROOT>\data_raw,data_raw,6,0,0.00 B (0 bytes),NO,[no direct files],[no direct files],Other/unknown,general_metadata
<DATA_ROOT>\data_raw\arc_mof,data_raw\arc_mof,8,1,801.00 B (801 bytes),NO,2026-05-30 14:40:52 | README.txt,2026-05-30 14:40:52 | README.txt,ARC-MOF,general_metadata
<DATA_ROOT>\data_raw\arc_mof\adsorption,data_raw\arc_mof\adsorption,0,10,952.12 MB (998374612 bytes),NO,2026-05-29 09:45:00 | landfill_ch4.csv,2026-05-30 14:45:38 | README.txt,ARC-MOF,adsorption_targets
<DATA_ROOT>\data_raw\arc_mof\clusters,data_raw\arc_mof\clusters,0,5,81.87 MB (85846113 bytes),NO,2026-05-29 09:44:02 | flig_clusters.csv,2026-05-30 14:45:38 | README.txt,ARC-MOF,topology_or_cluster
<DATA_ROOT>\data_raw\arc_mof\descriptors,data_raw\arc_mof\descriptors,0,5,2.88 GB (3092230691 bytes),NO,2026-05-29 09:43:56 | arc_mof_dim.csv,2026-05-30 14:45:38 | README.txt,ARC-MOF,descriptor_matrix
<DATA_ROOT>\data_raw\arc_mof\diversity_sets,data_raw\arc_mof\diversity_sets,0,3,6.42 MB (6736447 bytes),NO,2026-05-29 09:44:02 | func_diverse_set.csv,2026-05-30 14:45:38 | README.txt,ARC-MOF,duplicate_or_diversity
<DATA_ROOT>\data_raw\arc_mof\process,data_raw\arc_mof\process,0,2,218.06 MB (228657432 bytes),NO,2026-05-29 09:48:10 | overall_process.csv,2026-05-30 14:45:38 | README.txt,ARC-MOF,process_targets
<DATA_ROOT>\data_raw\arc_mof\structures,data_raw\arc_mof\structures,2,0,0.00 B (0 bytes),NO,[no direct files],[no direct files],ARC-MOF,structure_or_cif_metadata
<DATA_ROOT>\data_raw\arc_mof\structures\archives,data_raw\arc_mof\structures\archives,0,4,2.64 GB (2834989179 bytes),NO,2026-05-29 09:55:08 | arcmof_20241004.tar.gz,2026-05-30 14:45:38 | README.txt,ARC-MOF,structure_or_cif_metadata
<DATA_ROOT>\data_raw\arc_mof\structures\extracted,data_raw\arc_mof\structures\extracted,3,3,2.64 GB (2834988253 bytes),NO,2026-05-29 09:55:08 | arcmof_20241004.tar.gz,2026-05-29 09:57:58 | all_structures_2.tar.gz,ARC-MOF,structure_or_cif_metadata
<DATA_ROOT>\data_raw\arc_mof\structures\extracted\all_structures_1,data_raw\arc_mof\structures\extracted\all_structures_1,1,0,0.00 B (0 bytes),NO,[no direct files],[no direct files],ARC-MOF,structure_or_cif_metadata
<DATA_ROOT>\data_raw\arc_mof\structures\extracted\all_structures_1\all_structures_1,data_raw\arc_mof\structures\extracted\all_structures_1\all_structures_1,0,260691,3.58 GB (3846569790 bytes),NO,2021-09-27 20:08:56 | DB10-bcs_sym_16_mc_14__L_2.cif,2022-03-17 18:36:01 | DB12-ABEXIQ_freeONLY.cif,ARC-MOF,structure_or_cif_metadata
<DATA_ROOT>\data_raw\arc_mof\structures\extracted\all_structures_2,data_raw\arc_mof\structures\extracted\all_structures_2,1,0,0.00 B (0 bytes),NO,[no direct files],[no direct files],ARC-MOF,structure_or_cif_metadata
<DATA_ROOT>\data_raw\arc_mof\structures\extracted\all_structures_2\all_structures_2,data_raw\arc_mof\structures\extracted\all_structures_2\all_structures_2,0,260690,3.88 GB (4162715860 bytes),NO,2021-09-27 20:08:58 | DB0-m18_o19_o50_f0_fsc.cif,2021-12-23 16:20:50 | DB0-m15_o9_o31_jea.cif,ARC-MOF,structure_or_cif_metadata
<DATA_ROOT>\data_raw\arc_mof\structures\extracted\arcmof_20241004,data_raw\arc_mof\structures\extracted\arcmof_20241004,1,0,0.00 B (0 bytes),NO,[no direct files],[no direct files],ARC-MOF,structure_or_cif_metadata
<DATA_ROOT>\data_raw\arc_mof\structures\extracted\arcmof_20241004\ARCMOF_20241004,data_raw\arc_mof\structures\extracted\arcmof_20241004\ARCMOF_20241004,0,242517,2.07 GB (2218648692 bytes),NO,2022-05-25 03:38:50 | DB0-m2_o29_frl_repeat.cif,2024-03-07 18:20:24 | DB3-ssb_sym_5_mc_2_sym_5_on_9_L_12___repeat.cif,ARC-MOF,structure_or_cif_metadata
<DATA_ROOT>\data_raw\arc_mof\test_sets,data_raw\arc_mof\test_sets,1,0,0.00 B (0 bytes),NO,[no direct files],[no direct files],ARC-MOF,general_metadata
<DATA_ROOT>\data_raw\arc_mof\test_sets\archives,data_raw\arc_mof\test_sets\archives,0,2,21.26 MB (22293996 bytes),NO,2026-05-29 09:46:26 | ml_test_set.tar.gz,2026-05-30 14:45:38 | README.txt,ARC-MOF,general_metadata
<DATA_ROOT>\data_raw\arc_mof\topology,data_raw\arc_mof\topology,0,2,11.14 MB (11684582 bytes),NO,2026-05-29 09:43:52 | all_topology_lists.csv,2026-05-30 14:45:38 | README.txt,ARC-MOF,topology_or_cluster
<DATA_ROOT>\data_raw\core_mof_2024,data_raw\core_mof_2024,7,1,695.00 B (695 bytes),NO,2026-05-30 14:40:52 | README.txt,2026-05-30 14:40:52 | README.txt,CoRE MOF 2024,general_metadata
<DATA_ROOT>\data_raw\core_mof_2024\diagnostics,data_raw\core_mof_2024\diagnostics,0,5,525.45 KB (538065 bytes),NO,2026-05-30 08:31:40 | ncr_asr_si.xlsx,2026-05-30 14:45:38 | README.txt,CoRE MOF 2024,general_metadata
<DATA_ROOT>\data_raw\core_mof_2024\duplicate_checks,data_raw\core_mof_2024\duplicate_checks,0,2,213.15 KB (218261 bytes),NO,2026-05-30 08:31:32 | asr_fsr_check.csv,2026-05-30 14:45:38 | README.txt,CoRE MOF 2024,curation_or_validation
<DATA_ROOT>\data_raw\core_mof_2024\metadata,data_raw\core_mof_2024\metadata,0,5,2.02 MB (2118220 bytes),NO,2026-05-30 08:31:30 | 12089_recommended_screening_list.csv,2026-05-30 14:45:38 | README.txt,CoRE MOF 2024,general_metadata
<DATA_ROOT>\data_raw\core_mof_2024\mofid,data_raw\core_mof_2024\mofid,2,1,866.00 B (866 bytes),NO,2026-05-30 14:45:38 | README.txt,2026-05-30 14:45:38 | README.txt,CoRE MOF 2024,topology_or_cluster
<DATA_ROOT>\data_raw\core_mof_2024\mofid\archives,data_raw\core_mof_2024\mofid\archives,0,2,4.27 MB (4474727 bytes),NO,2026-05-30 08:32:28 | mofid_v2.zip,2026-05-30 14:45:38 | README.txt,CoRE MOF 2024,topology_or_cluster
<DATA_ROOT>\data_raw\core_mof_2024\mofid\extracted,data_raw\core_mof_2024\mofid\extracted,1,1,896.00 B (896 bytes),NO,2026-05-30 14:45:38 | README.txt,2026-05-30 14:45:38 | README.txt,CoRE MOF 2024,topology_or_cluster
<DATA_ROOT>\data_raw\core_mof_2024\mofid\extracted\mofid_v2,data_raw\core_mof_2024\mofid\extracted\mofid_v2,1,1,923.00 B (923 bytes),NO,2026-05-30 14:45:38 | README.txt,2026-05-30 14:45:38 | README.txt,CoRE MOF 2024,topology_or_cluster
<DATA_ROOT>\data_raw\core_mof_2024\mofid\extracted\mofid_v2\mofid-v2,data_raw\core_mof_2024\mofid\extracted\mofid_v2\mofid-v2,2,5,3.47 MB (3640605 bytes),NO,2024-07-16 03:52:00 | nodes.zip,2024-10-20 04:54:12 | linkers.zip,CoRE MOF 2024,topology_or_cluster
<DATA_ROOT>\data_raw\core_mof_2024\mofid\extracted\mofid_v2\mofid-v2\errors,data_raw\core_mof_2024\mofid\extracted\mofid_v2\mofid-v2\errors,0,6,1.71 MB (1789203 bytes),NO,2024-06-03 17:35:44 | Ion_mofid.csv,2026-05-30 14:45:38 | README.txt,CoRE MOF 2024,topology_or_cluster
<DATA_ROOT>\data_raw\core_mof_2024\mofid\extracted\mofid_v2\mofid-v2\unique,data_raw\core_mof_2024\mofid\extracted\mofid_v2\mofid-v2\unique,0,4,5.56 MB (5834483 bytes),NO,2024-10-16 00:42:42 | same_ASR_MOFs_check.xlsx,2026-05-30 14:45:38 | README.txt,CoRE MOF 2024,topology_or_cluster
<DATA_ROOT>\data_raw\core_mof_2024\structures_archive,data_raw\core_mof_2024\structures_archive,2,1,905.00 B (905 bytes),NO,2026-05-30 14:45:38 | README.txt,2026-05-30 14:45:38 | README.txt,CoRE MOF 2024,structure_or_cif_metadata
<DATA_ROOT>\data_raw\core_mof_2024\structures_archive\archives,data_raw\core_mof_2024\structures_archive\archives,0,2,41.98 MB (44023700 bytes),NO,2026-05-30 08:32:08 | coremof2024db_si_20250204.zip,2026-05-30 14:45:38 | README.txt,CoRE MOF 2024,structure_or_cif_metadata
<DATA_ROOT>\data_raw\core_mof_2024\structures_archive\extracted,data_raw\core_mof_2024\structures_archive\extracted,1,1,935.00 B (935 bytes),NO,2026-05-30 14:45:38 | README.txt,2026-05-30 14:45:38 | README.txt,CoRE MOF 2024,structure_or_cif_metadata
<DATA_ROOT>\data_raw\core_mof_2024\structures_archive\extracted\coremof2024db_si_20250204,data_raw\core_mof_2024\structures_archive\extracted\coremof2024db_si_20250204,1,1,1013.00 B (1013 bytes),NO,2026-05-30 14:45:38 | README.txt,2026-05-30 14:45:38 | README.txt,CoRE MOF 2024,structure_or_cif_metadata
<DATA_ROOT>\data_raw\core_mof_2024\structures_archive\extracted\coremof2024db_si_20250204\SI,data_raw\core_mof_2024\structures_archive\extracted\coremof2024db_si_20250204\SI,2,1,1022.00 B (1022 bytes),NO,2026-05-30 14:45:38 | README.txt,2026-05-30 14:45:38 | README.txt,CoRE MOF 2024,structure_or_cif_metadata
<DATA_ROOT>\data_raw\core_mof_2024\structures_archive\extracted\coremof2024db_si_20250204\SI\CR,data_raw\core_mof_2024\structures_archive\extracted\coremof2024db_si_20250204\SI\CR,3,1,1.01 KB (1031 bytes),NO,2026-05-30 14:45:38 | README.txt,2026-05-30 14:45:38 | README.txt,CoRE MOF 2024,structure_or_cif_metadata
<DATA_ROOT>\data_raw\core_mof_2024\structures_archive\extracted\coremof2024db_si_20250204\SI\CR\ASR,data_raw\core_mof_2024\structures_archive\extracted\coremof2024db_si_20250204\SI\CR\ASR,0,1373,24.33 MB (25513939 bytes),NO,2025-01-27 02:49:48 | 0000[Er][lcy]3[ASR]1.cif,2026-05-30 14:45:38 | README.txt,CoRE MOF 2024,structure_or_cif_metadata
<DATA_ROOT>\data_raw\core_mof_2024\structures_archive\extracted\coremof2024db_si_20250204\SI\CR\FSR,data_raw\core_mof_2024\structures_archive\extracted\coremof2024db_si_20250204\SI\CR\FSR,0,1193,20.10 MB (21078859 bytes),NO,2025-01-27 02:49:58 | 2014[Zn][unj]3[FSR]1.cif,2026-05-30 14:45:38 | README.txt,CoRE MOF 2024,structure_or_cif_metadata
<DATA_ROOT>\data_raw\core_mof_2024\structures_archive\extracted\coremof2024db_si_20250204\SI\CR\Ion,data_raw\core_mof_2024\structures_archive\extracted\coremof2024db_si_20250204\SI\CR\Ion,0,101,1.89 MB (1976990 bytes),NO,2025-01-27 02:50:16 | 2009[Zn][sql]2[ION]1.cif,2026-05-30 14:45:38 | README.txt,CoRE MOF 2024,structure_or_cif_metadata
<DATA_ROOT>\data_raw\core_mof_2024\structures_archive\extracted\coremof2024db_si_20250204\SI\NCR,data_raw\core_mof_2024\structures_archive\extracted\coremof2024db_si_20250204\SI\NCR,4,1,1.01 KB (1034 bytes),NO,2026-05-30 14:45:38 | README.txt,2026-05-30 14:45:38 | README.txt,CoRE MOF 2024,structure_or_cif_metadata
<DATA_ROOT>\data_raw\core_mof_2024\structures_archive\extracted\coremof2024db_si_20250204\SI\NCR\both,data_raw\core_mof_2024\structures_archive\extracted\coremof2024db_si_20250204\SI\NCR\both,0,3693,153.60 MB (161065810 bytes),NO,2025-01-26 23:54:52 | 10853_2020_5211_MOESM2_ESM_ASR_pacman.cif,2026-05-30 14:45:38 | README.txt,CoRE MOF 2024,structure_or_cif_metadata
<DATA_ROOT>\data_raw\core_mof_2024\structures_archive\extracted\coremof2024db_si_20250204\SI\NCR\Chen_Manz,data_raw\core_mof_2024\structures_archive\extracted\coremof2024db_si_20250204\SI\NCR\Chen_Manz,0,563,20.88 MB (21895829 bytes),NO,2025-01-26 23:56:08 | 41467_2016_BFncomms11831_MOESM1567_ESM_ASR_pacman.cif,2026-05-30 14:45:38 | README.txt,CoRE MOF 2024,structure_or_cif_metadata
<DATA_ROOT>\data_raw\core_mof_2024\structures_archive\extracted\coremof2024db_si_20250204\SI\NCR\mofchecker,data_raw\core_mof_2024\structures_archive\extracted\coremof2024db_si_20250204\SI\NCR\mofchecker,0,1074,25.28 MB (26505200 bytes),NO,2025-01-26 23:56:20 | 10876_2019_1615_MOESM1_ESM_ASR_pacman.cif,2026-05-30 14:45:38 | README.txt,CoRE MOF 2024,structure_or_cif_metadata
<DATA_ROOT>\data_raw\core_mof_2024\structures_archive\extracted\coremof2024db_si_20250204\SI\NCR\occupancy,data_raw\core_mof_2024\structures_archive\extracted\coremof2024db_si_20250204\SI\NCR\occupancy,0,310,8.06 MB (8447379 bytes),NO,2024-05-03 20:06:10 | am0c02121_si_002_1_ion_pacman.cif,2026-05-30 14:45:38 | README.txt,CoRE MOF 2024,structure_or_cif_metadata
<DATA_ROOT>\data_raw\core_mof_2024\tsa,data_raw\core_mof_2024\tsa,2,1,860.00 B (860 bytes),NO,2026-05-30 14:45:38 | README.txt,2026-05-30 14:45:38 | README.txt,CoRE MOF 2024,general_metadata
<DATA_ROOT>\data_raw\core_mof_2024\tsa\archives,data_raw\core_mof_2024\tsa\archives,0,2,259.07 MB (271658023 bytes),NO,2026-05-30 08:32:40 | tsa.zip,2026-05-30 14:45:38 | README.txt,CoRE MOF 2024,general_metadata
<DATA_ROOT>\data_raw\core_mof_2024\tsa\extracted,data_raw\core_mof_2024\tsa\extracted,1,1,890.00 B (890 bytes),NO,2026-05-30 14:45:38 | README.txt,2026-05-30 14:45:38 | README.txt,CoRE MOF 2024,general_metadata
<DATA_ROOT>\data_raw\core_mof_2024\tsa\extracted\tsa,data_raw\core_mof_2024\tsa\extracted\tsa,1,1,902.00 B (902 bytes),NO,2026-05-30 14:45:38 | README.txt,2026-05-30 14:45:38 | README.txt,CoRE MOF 2024,general_metadata
<DATA_ROOT>\data_raw\core_mof_2024\tsa\extracted\tsa\TSA,data_raw\core_mof_2024\tsa\extracted\tsa\TSA,4,5,182.29 KB (186669 bytes),NO,2024-10-21 20:01:32 | data_298_423_1bar_CO2_N2_891.csv,2024-11-26 17:41:36 | README.txt,CoRE MOF 2024,general_metadata
<DATA_ROOT>\data_raw\core_mof_2024\tsa\extracted\tsa\TSA\AIMD,data_raw\core_mof_2024\tsa\extracted\tsa\TSA\AIMD,2,4,31.93 KB (32693 bytes),NO,2024-11-13 11:55:34 | top4dac_co2.cif,2026-05-30 14:45:38 | README.txt,CoRE MOF 2024,general_metadata
<DATA_ROOT>\data_raw\core_mof_2024\tsa\extracted\tsa\TSA\AIMD\with_co2,data_raw\core_mof_2024\tsa\extracted\tsa\TSA\AIMD\with_co2,0,8,496.86 MB (520994422 bytes),NO,2024-11-21 15:21:18 | OUTCAR1,2026-05-30 14:45:38 | README.txt,CoRE MOF 2024,general_metadata
<DATA_ROOT>\data_raw\core_mof_2024\tsa\extracted\tsa\TSA\AIMD\with_h2o,data_raw\core_mof_2024\tsa\extracted\tsa\TSA\AIMD\with_h2o,0,7,455.80 MB (477943877 bytes),NO,2024-11-21 15:23:54 | OUTCAR1,2026-05-30 14:45:38 | README.txt,CoRE MOF 2024,general_metadata
<DATA_ROOT>\data_raw\core_mof_2024\tsa\extracted\tsa\TSA\DFT-optimized,data_raw\core_mof_2024\tsa\extracted\tsa\TSA\DFT-optimized,3,2,12.43 KB (12733 bytes),NO,2024-10-05 23:57:14 | 2019[Zn][nan]3[ASR]6.cif,2026-05-30 14:45:38 | README.txt,CoRE MOF 2024,quantum_properties
<DATA_ROOT>\data_raw\core_mof_2024\tsa\extracted\tsa\TSA\DFT-optimized\mix_isotherms,data_raw\core_mof_2024\tsa\extracted\tsa\TSA\DFT-optimized\mix_isotherms,0,3,2.30 KB (2354 bytes),NO,2024-10-16 03:55:30 | H2O_CO2_N2_298_relaxed_top1_without_adsorbate.csv,2026-05-30 14:45:38 | README.txt,CoRE MOF 2024,general_metadata
<DATA_ROOT>\data_raw\core_mof_2024\tsa\extracted\tsa\TSA\DFT-optimized\without_H2O,data_raw\core_mof_2024\tsa\extracted\tsa\TSA\DFT-optimized\without_H2O,0,8,17.27 KB (17680 bytes),NO,2024-09-30 21:42:32 | 2019[Zn][nan]3[ASR]6_relaxed.cif,2026-05-30 14:45:38 | README.txt,CoRE MOF 2024,general_metadata
<DATA_ROOT>\data_raw\core_mof_2024\tsa\extracted\tsa\TSA\DFT-optimized\with_H2O,data_raw\core_mof_2024\tsa\extracted\tsa\TSA\DFT-optimized\with_H2O,0,8,20.35 KB (20842 bytes),NO,2024-11-06 12:15:24 | 2019[Zn][nan]3[ASR]6_relaxed_with_h2o.cif,2026-05-30 14:45:38 | README.txt,CoRE MOF 2024,general_metadata
<DATA_ROOT>\data_raw\core_mof_2024\tsa\extracted\tsa\TSA\single_isotherms,data_raw\core_mof_2024\tsa\extracted\tsa\TSA\single_isotherms,0,211,215.47 KB (220639 bytes),NO,2024-10-04 22:11:26 | 2003[Ce][nia]3[ASR]1_CO2_298.csv,2026-05-30 14:45:38 | README.txt,CoRE MOF 2024,adsorption_targets
<DATA_ROOT>\data_raw\core_mof_2024\tsa\extracted\tsa\TSA\TSA-optimization,data_raw\core_mof_2024\tsa\extracted\tsa\TSA\TSA-optimization,0,145,757.04 KB (775209 bytes),NO,2024-10-24 13:49:22 | ASUJIJ_ASR_pacman_10_90_TSEMO_automation.csv,2026-05-30 14:45:38 | README.txt,CoRE MOF 2024,curation_or_validation
<DATA_ROOT>\data_raw\core_mof_2024\water_gemc,data_raw\core_mof_2024\water_gemc,2,1,881.00 B (881 bytes),NO,2026-05-30 14:45:38 | README.txt,2026-05-30 14:45:38 | README.txt,CoRE MOF 2024,general_metadata
<DATA_ROOT>\data_raw\core_mof_2024\water_gemc\archives,data_raw\core_mof_2024\water_gemc\archives,0,2,11.94 MB (12522469 bytes),NO,2026-05-30 08:33:24 | water.zip,2026-05-30 14:45:38 | README.txt,CoRE MOF 2024,general_metadata
<DATA_ROOT>\data_raw\core_mof_2024\water_gemc\extracted,data_raw\core_mof_2024\water_gemc\extracted,1,1,911.00 B (911 bytes),NO,2026-05-30 14:45:38 | README.txt,2026-05-30 14:45:38 | README.txt,CoRE MOF 2024,general_metadata
<DATA_ROOT>\data_raw\core_mof_2024\water_gemc\extracted\water,data_raw\core_mof_2024\water_gemc\extracted\water,1,3,2.88 MB (3023944 bytes),NO,2024-10-16 22:19:40 | README.txt,2025-01-29 11:31:44 | widom.xlsx,CoRE MOF 2024,general_metadata
<DATA_ROOT>\data_raw\core_mof_2024\water_gemc\extracted\water\water_data,data_raw\core_mof_2024\water_gemc\extracted\water\water_data,3,1,962.00 B (962 bytes),NO,2026-05-30 14:45:38 | README.txt,2026-05-30 14:45:38 | README.txt,CoRE MOF 2024,general_metadata
<DATA_ROOT>\data_raw\core_mof_2024\water_gemc\extracted\water\water_data\ASR,data_raw\core_mof_2024\water_gemc\extracted\water\water_data\ASR,0,8449,5.17 MB (5417157 bytes),NO,2024-11-19 16:19:06 | 0000[Cd][deh]3[ASR]1.aif,2026-05-30 14:45:38 | README.txt,CoRE MOF 2024,curation_or_validation
<DATA_ROOT>\data_raw\core_mof_2024\water_gemc\extracted\water\water_data\FSR,data_raw\core_mof_2024\water_gemc\extracted\water\water_data\FSR,0,6642,4.05 MB (4248466 bytes),NO,2024-11-19 16:20:32 | 0000[Fe][pcu]3[FSR]1.aif,2026-05-30 14:45:38 | README.txt,CoRE MOF 2024,curation_or_validation
<DATA_ROOT>\data_raw\core_mof_2024\water_gemc\extracted\water\water_data\Ion,data_raw\core_mof_2024\water_gemc\extracted\water\water_data\Ion,0,659,406.95 KB (416720 bytes),NO,2024-11-19 16:21:12 | 1983[In][qtz]3[ION]1.aif,2026-05-30 14:45:38 | README.txt,CoRE MOF 2024,curation_or_validation
<DATA_ROOT>\data_raw\core_mof_2025,data_raw\core_mof_2025,3,1,672.00 B (672 bytes),NO,2026-05-30 14:40:52 | README.txt,2026-05-30 14:40:52 | README.txt,CoRE MOF 2025 metadata,general_metadata
<DATA_ROOT>\data_raw\core_mof_2025\diagnostics,data_raw\core_mof_2025\diagnostics,0,2,35.66 KB (36513 bytes),NO,2026-05-30 08:45:32 | error_flag_by_chen_manz_mofchecker_mosaec.txt,2026-05-30 14:45:38 | README.txt,CoRE MOF 2025 metadata,general_metadata
<DATA_ROOT>\data_raw\core_mof_2025\metadata,data_raw\core_mof_2025\metadata,0,4,23.99 MB (25152203 bytes),NO,2026-05-30 08:45:24 | 8806_recommended_screening_list.txt,2026-05-30 08:45:34 | ncr_meta_data_si.json,CoRE MOF 2025 metadata,general_metadata
<DATA_ROOT>\data_raw\core_mof_2025\structures_archive,data_raw\core_mof_2025\structures_archive,2,1,905.00 B (905 bytes),NO,2026-05-30 14:45:38 | README.txt,2026-05-30 14:45:38 | README.txt,CoRE MOF 2025 metadata,structure_or_cif_metadata
<DATA_ROOT>\data_raw\core_mof_2025\structures_archive\archives,data_raw\core_mof_2025\structures_archive\archives,0,2,46.11 MB (48354589 bytes),NO,2026-05-30 08:45:52 | coremofdbsi_0613.zip,2026-05-30 14:45:38 | README.txt,CoRE MOF 2025 metadata,structure_or_cif_metadata
<DATA_ROOT>\data_raw\core_mof_2025\structures_archive\extracted,data_raw\core_mof_2025\structures_archive\extracted,1,1,935.00 B (935 bytes),NO,2026-05-30 14:45:38 | README.txt,2026-05-30 14:45:38 | README.txt,CoRE MOF 2025 metadata,structure_or_cif_metadata
<DATA_ROOT>\data_raw\core_mof_2025\structures_archive\extracted\coremofdbsi_0613,data_raw\core_mof_2025\structures_archive\extracted\coremofdbsi_0613,1,1,986.00 B (986 bytes),NO,2026-05-30 14:45:38 | README.txt,2026-05-30 14:45:38 | README.txt,CoRE MOF 2025 metadata,structure_or_cif_metadata
<DATA_ROOT>\data_raw\core_mof_2025\structures_archive\extracted\coremofdbsi_0613\SI,data_raw\core_mof_2025\structures_archive\extracted\coremofdbsi_0613\SI,2,1,995.00 B (995 bytes),NO,2026-05-30 14:45:38 | README.txt,2026-05-30 14:45:38 | README.txt,CoRE MOF 2025 metadata,structure_or_cif_metadata
<DATA_ROOT>\data_raw\core_mof_2025\structures_archive\extracted\coremofdbsi_0613\SI\CR,data_raw\core_mof_2025\structures_archive\extracted\coremofdbsi_0613\SI\CR,0,2738,47.66 MB (49975609 bytes),NO,2025-06-13 14:44:30 | ja0c07257_si_003_ASR_pacman.cif,2026-05-30 14:45:38 | README.txt,CoRE MOF 2025 metadata,structure_or_cif_metadata
<DATA_ROOT>\data_raw\core_mof_2025\structures_archive\extracted\coremofdbsi_0613\SI\NCR,data_raw\core_mof_2025\structures_archive\extracted\coremofdbsi_0613\SI\NCR,0,6520,229.95 MB (241123842 bytes),NO,2025-06-13 14:51:14 | 10876_2019_1615_MOESM1_ESM_ASR_pacman.cif,2026-05-30 14:45:38 | README.txt,CoRE MOF 2025 metadata,structure_or_cif_metadata
<DATA_ROOT>\data_raw\csd_mof_collection,data_raw\csd_mof_collection,6,1,761.00 B (761 bytes),NO,2026-05-30 14:40:52 | README.txt,2026-05-30 14:40:52 | README.txt,CSD-derived context,curation_or_validation
<DATA_ROOT>\data_raw\csd_mof_collection\astex_related,data_raw\csd_mof_collection\astex_related,2,1,905.00 B (905 bytes),NO,2026-05-30 14:45:38 | README.txt,2026-05-30 14:45:38 | README.txt,CSD-derived context,curation_or_validation
<DATA_ROOT>\data_raw\csd_mof_collection\astex_related\archives,data_raw\csd_mof_collection\astex_related\archives,0,4,266.78 MB (279738497 bytes),NO,2026-05-30 08:58:12 | ccdc_astex_set.tar.gz,2026-05-30 14:45:38 | README.txt,CSD-derived context,curation_or_validation
<DATA_ROOT>\data_raw\csd_mof_collection\astex_related\extracted,data_raw\csd_mof_collection\astex_related\extracted,3,1,935.00 B (935 bytes),NO,2026-05-30 14:45:38 | README.txt,2026-05-30 14:45:38 | README.txt,CSD-derived context,curation_or_validation
<DATA_ROOT>\data_raw\csd_mof_collection\astex_related\extracted\astex_diverse_set,data_raw\csd_mof_collection\astex_related\extracted\astex_diverse_set,1,1,989.00 B (989 bytes),NO,2026-05-30 14:45:38 | README.txt,2026-05-30 14:45:38 | README.txt,CSD-derived context,curation_or_validation
<DATA_ROOT>\data_raw\csd_mof_collection\astex_related\extracted\astex_diverse_set\astex_diverse_set,data_raw\csd_mof_collection\astex_related\extracted\astex_diverse_set\astex_diverse_set,85,1,910.00 B (910 bytes),NO,2007-02-01 15:54:22 | README.txt,2007-02-01 15:54:22 | README.txt,CSD-derived context,curation_or_validation
<DATA_ROOT>\data_raw\csd_mof_collection\astex_related\extracted\astex_diverse_set\astex_diverse_set\1g9v,data_raw\csd_mof_collection\astex_related\extracted\astex_diverse_set\astex_diverse_set\1g9v,0,5,2.73 MB (2859114 bytes),NO,2007-01-29 14:24:08 | ligand.mol,2026-05-30 14:45:38 | README.txt,CSD-derived context,curation_or_validation
<DATA_ROOT>\data_raw\csd_mof_collection\astex_related\extracted\astex_diverse_set\astex_diverse_set\1gkc,data_raw\csd_mof_collection\astex_related\extracted\astex_diverse_set\astex_diverse_set\1gkc,0,5,1.47 MB (1536925 bytes),NO,2007-01-29 14:24:08 | ligand.mol,2026-05-30 14:45:38 | README.txt,CSD-derived context,curation_or_validation
<DATA_ROOT>\data_raw\csd_mof_collection\astex_related\extracted\astex_diverse_set\astex_diverse_set\1gm8,data_raw\csd_mof_collection\astex_related\extracted\astex_diverse_set\astex_diverse_set\1gm8,0,5,3.57 MB (3742171 bytes),NO,2007-01-29 14:24:08 | ligand.mol,2026-05-30 14:45:38 | README.txt,CSD-derived context,curation_or_validation
<DATA_ROOT>\data_raw\csd_mof_collection\astex_related\extracted\astex_diverse_set\astex_diverse_set\1gpk,data_raw\csd_mof_collection\astex_related\extracted\astex_diverse_set\astex_diverse_set\1gpk,0,5,2.48 MB (2597213 bytes),NO,2007-01-29 14:24:08 | ligand.mol,2026-05-30 14:45:38 | README.txt,CSD-derived context,curation_or_validation
<DATA_ROOT>\data_raw\csd_mof_collection\astex_related\extracted\astex_diverse_set\astex_diverse_set\1hnn,data_raw\csd_mof_collection\astex_related\extracted\astex_diverse_set\astex_diverse_set\1hnn,0,5,2.44 MB (2562887 bytes),NO,2007-01-29 14:24:10 | ligand.mol,2026-05-30 14:45:38 | README.txt,CSD-derived context,curation_or_validation
<DATA_ROOT>\data_raw\csd_mof_collection\astex_related\extracted\astex_diverse_set\astex_diverse_set\1hp0,data_raw\csd_mof_collection\astex_related\extracted\astex_diverse_set\astex_diverse_set\1hp0,0,5,2.91 MB (3055644 bytes),NO,2007-01-29 14:24:12 | ligand.mol,2026-05-30 14:45:38 | README.txt,CSD-derived context,curation_or_validation
<DATA_ROOT>\data_raw\csd_mof_collection\astex_related\extracted\astex_diverse_set\astex_diverse_set\1hq2,data_raw\csd_mof_collection\astex_related\extracted\astex_diverse_set\astex_diverse_set\1hq2,0,5,794.42 KB (813486 bytes),NO,2007-01-29 14:24:12 | ligand.mol,2026-05-30 14:45:38 | README.txt,CSD-derived context,curation_or_validation
<DATA_ROOT>\data_raw\csd_mof_collection\astex_related\extracted\astex_diverse_set\astex_diverse_set\1hvy,data_raw\csd_mof_collection\astex_related\extracted\astex_diverse_set\astex_diverse_set\1hvy,0,5,5.67 MB (5943401 bytes),NO,2007-01-29 14:24:12 | ligand.mol,2026-05-30 14:45:38 | README.txt,CSD-derived context,curation_or_validation
<DATA_ROOT>\data_raw\csd_mof_collection\astex_related\extracted\astex_diverse_set\astex_diverse_set\1hwi,data_raw\csd_mof_collection\astex_related\extracted\astex_diverse_set\astex_diverse_set\1hwi,0,5,7.00 MB (7338923 bytes),NO,2007-01-29 14:24:14 | ligand.mol,2026-05-30 14:45:38 | README.txt,CSD-derived context,curation_or_validation
<DATA_ROOT>\data_raw\csd_mof_collection\astex_related\extracted\astex_diverse_set\astex_diverse_set\1hww,data_raw\csd_mof_collection\astex_related\extracted\astex_diverse_set\astex_diverse_set\1hww,0,5,4.87 MB (5102188 bytes),NO,2007-01-29 14:24:16 | ligand.mol,2026-05-30 14:45:38 | README.txt,CSD-derived context,curation_or_validation
<DATA_ROOT>\data_raw\csd_mof_collection\astex_related\extracted\astex_diverse_set\astex_diverse_set\1ia1,data_raw\csd_mof_collection\astex_related\extracted\astex_diverse_set\astex_diverse_set\1ia1,0,5,1.93 MB (2019754 bytes),NO,2007-01-29 14:24:16 | ligand.mol,2026-05-30 14:45:38 | README.txt,CSD-derived context,curation_or_validation
<DATA_ROOT>\data_raw\csd_mof_collection\astex_related\extracted\astex_diverse_set\astex_diverse_set\1ig3,data_raw\csd_mof_collection\astex_related\extracted\astex_diverse_set\astex_diverse_set\1ig3,0,5,2.35 MB (2464587 bytes),NO,2007-01-29 14:24:16 | ligand.mol,2026-05-30 14:45:38 | README.txt,CSD-derived context,curation_or_validation
<DATA_ROOT>\data_raw\csd_mof_collection\astex_related\extracted\astex_diverse_set\astex_diverse_set\1j3j,data_raw\csd_mof_collection\astex_related\extracted\astex_diverse_set\astex_diverse_set\1j3j,0,5,5.49 MB (5753929 bytes),NO,2007-01-29 14:24:18 | ligand.mol,2026-05-30 14:45:38 | README.txt,CSD-derived context,curation_or_validation
<DATA_ROOT>\data_raw\csd_mof_collection\astex_related\extracted\astex_diverse_set\astex_diverse_set\1jd0,data_raw\csd_mof_collection\astex_related\extracted\astex_diverse_set\astex_diverse_set\1jd0,0,5,2.43 MB (2546791 bytes),NO,2007-01-29 14:24:18 | ligand.mol,2026-05-30 14:45:38 | README.txt,CSD-derived context,curation_or_validation
<DATA_ROOT>\data_raw\csd_mof_collection\astex_related\extracted\astex_diverse_set\astex_diverse_set\1jje,data_raw\csd_mof_collection\astex_related\extracted\astex_diverse_set\astex_diverse_set\1jje,0,5,2.08 MB (2178307 bytes),NO,2007-01-29 14:24:20 | ligand.mol,2026-05-30 14:45:38 | README.txt,CSD-derived context,curation_or_validation
<DATA_ROOT>\data_raw\csd_mof_collection\astex_related\extracted\astex_diverse_set\astex_diverse_set\1jla,data_raw\csd_mof_collection\astex_related\extracted\astex_diverse_set\astex_diverse_set\1jla,0,5,4.72 MB (4950156 bytes),NO,2007-01-29 14:24:10 | ligand.mol,2026-05-30 14:45:38 | README.txt,CSD-derived context,curation_or_validation
<DATA_ROOT>\data_raw\csd_mof_collection\astex_related\extracted\astex_diverse_set\astex_diverse_set\1k3u,data_raw\csd_mof_collection\astex_related\extracted\astex_diverse_set\astex_diverse_set\1k3u,0,5,2.98 MB (3125912 bytes),NO,2007-01-29 14:24:20 | ligand.mol,2026-05-30 14:45:38 | README.txt,CSD-derived context,curation_or_validation
<DATA_ROOT>\data_raw\csd_mof_collection\astex_related\extracted\astex_diverse_set\astex_diverse_set\1ke5,data_raw\csd_mof_collection\astex_related\extracted\astex_diverse_set\astex_diverse_set\1ke5,0,5,1.36 MB (1425871 bytes),NO,2007-01-29 14:24:20 | ligand.mol,2026-05-30 14:45:38 | README.txt,CSD-derived context,curation_or_validation
<DATA_ROOT>\data_raw\csd_mof_collection\astex_related\extracted\astex_diverse_set\astex_diverse_set\1kzk,data_raw\csd_mof_collection\astex_related\extracted\astex_diverse_set\astex_diverse_set\1kzk,0,5,969.38 KB (992647 bytes),NO,2007-01-29 14:24:20 | ligand.mol,2026-05-30 14:45:38 | README.txt,CSD-derived context,curation_or_validation
<DATA_ROOT>\data_raw\csd_mof_collection\astex_related\extracted\astex_diverse_set\astex_diverse_set\1l2s,data_raw\csd_mof_collection\astex_related\extracted\astex_diverse_set\astex_diverse_set\1l2s,0,5,3.28 MB (3439506 bytes),NO,2007-01-29 14:24:22 | ligand.mol,2026-05-30 14:45:38 | README.txt,CSD-derived context,curation_or_validation
<DATA_ROOT>\data_raw\csd_mof_collection\astex_related\extracted\astex_diverse_set\astex_diverse_set\1l7f,data_raw\csd_mof_collection\astex_related\extracted\astex_diverse_set\astex_diverse_set\1l7f,0,5,1.87 MB (1958287 bytes),NO,2007-01-29 14:24:22 | ligand.mol,2026-05-30 14:45:38 | README.txt,CSD-derived context,curation_or_validation
<DATA_ROOT>\data_raw\csd_mof_collection\astex_related\extracted\astex_diverse_set\astex_diverse_set\1lpz,data_raw\csd_mof_collection\astex_related\extracted\astex_diverse_set\astex_diverse_set\1lpz,0,5,1.32 MB (1386471 bytes),NO,2007-01-29 14:24:22 | ligand.mol,2026-05-30 14:45:38 | README.txt,CSD-derived context,curation_or_validation
<DATA_ROOT>\data_raw\csd_mof_collection\astex_related\extracted\astex_diverse_set\astex_diverse_set\1lrh,data_raw\csd_mof_collection\astex_related\extracted\astex_diverse_set\astex_diverse_set\1lrh,0,5,3.17 MB (3321885 bytes),NO,2007-01-29 14:24:22 | ligand.mol,2026-05-30 14:45:38 | README.txt,CSD-derived context,curation_or_validation
<DATA_ROOT>\data_raw\csd_mof_collection\astex_related\extracted\astex_diverse_set\astex_diverse_set\1m2z,data_raw\csd_mof_collection\astex_related\extracted\astex_diverse_set\astex_diverse_set\1m2z,0,5,2.73 MB (2860954 bytes),NO,2007-01-29 14:24:24 | ligand.mol,2026-05-30 14:45:38 | README.txt,CSD-derived context,curation_or_validation
<DATA_ROOT>\data_raw\csd_mof_collection\astex_related\extracted\astex_diverse_set\astex_diverse_set\1meh,data_raw\csd_mof_collection\astex_related\extracted\astex_diverse_set\astex_diverse_set\1meh,0,5,1.63 MB (1706399 bytes),NO,2007-01-29 14:24:24 | ligand.mol,2026-05-30 14:45:38 | README.txt,CSD-derived context,curation_or_validation
<DATA_ROOT>\data_raw\csd_mof_collection\astex_related\extracted\astex_diverse_set\astex_diverse_set\1mmv,data_raw\csd_mof_collection\astex_related\extracted\astex_diverse_set\astex_diverse_set\1mmv,0,5,4.01 MB (4206447 bytes),NO,2007-01-29 14:24:26 | ligand.mol,2026-05-30 14:45:38 | README.txt,CSD-derived context,curation_or_validation
<DATA_ROOT>\data_raw\csd_mof_collection\astex_related\extracted\astex_diverse_set\astex_diverse_set\1mzc,data_raw\csd_mof_collection\astex_related\extracted\astex_diverse_set\astex_diverse_set\1mzc,0,5,3.50 MB (3668389 bytes),NO,2007-01-29 14:24:26 | ligand.mol,2026-05-30 14:45:38 | README.txt,CSD-derived context,curation_or_validation
<DATA_ROOT>\data_raw\csd_mof_collection\astex_related\extracted\astex_diverse_set\astex_diverse_set\1n1m,data_raw\csd_mof_collection\astex_related\extracted\astex_diverse_set\astex_diverse_set\1n1m,0,5,7.26 MB (7608336 bytes),NO,2007-01-29 14:24:26 | ligand.mol,2026-05-30 14:45:38 | README.txt,CSD-derived context,curation_or_validation
<DATA_ROOT>\data_raw\csd_mof_collection\astex_related\extracted\astex_diverse_set\astex_diverse_set\1n2j,data_raw\csd_mof_collection\astex_related\extracted\astex_diverse_set\astex_diverse_set\1n2j,0,5,2.59 MB (2719779 bytes),NO,2007-01-29 14:24:28 | ligand.mol,2026-05-30 14:45:38 | README.txt,CSD-derived context,curation_or_validation
<DATA_ROOT>\data_raw\csd_mof_collection\astex_related\extracted\astex_diverse_set\astex_diverse_set\1n2v,data_raw\csd_mof_collection\astex_related\extracted\astex_diverse_set\astex_diverse_set\1n2v,0,5,1.72 MB (1799996 bytes),NO,2007-01-29 14:24:28 | ligand.mol,2026-05-30 14:45:38 | README.txt,CSD-derived context,curation_or_validation
<DATA_ROOT>\data_raw\csd_mof_collection\astex_related\extracted\astex_diverse_set\astex_diverse_set\1n46,data_raw\csd_mof_collection\astex_related\extracted\astex_diverse_set\astex_diverse_set\1n46,0,5,2.33 MB (2441239 bytes),NO,2007-01-29 14:24:30 | ligand.mol,2026-05-30 14:45:38 | README.txt,CSD-derived context,curation_or_validation
<DATA_ROOT>\data_raw\csd_mof_collection\astex_related\extracted\astex_diverse_set\astex_diverse_set\1nav,data_raw\csd_mof_collection\astex_related\extracted\astex_diverse_set\astex_diverse_set\1nav,0,5,1.19 MB (1245795 bytes),NO,2007-01-29 14:24:30 | ligand.mol,2026-05-30 14:45:38 | README.txt,CSD-derived context,curation_or_validation
<DATA_ROOT>\data_raw\csd_mof_collection\astex_related\extracted\astex_diverse_set\astex_diverse_set\1of1,data_raw\csd_mof_collection\astex_related\extracted\astex_diverse_set\astex_diverse_set\1of1,0,5,2.86 MB (2994032 bytes),NO,2007-01-29 14:24:30 | ligand.mol,2026-05-30 14:45:38 | README.txt,CSD-derived context,curation_or_validation
<DATA_ROOT>\data_raw\csd_mof_collection\astex_related\extracted\astex_diverse_set\astex_diverse_set\1of6,data_raw\csd_mof_collection\astex_related\extracted\astex_diverse_set\astex_diverse_set\1of6,0,5,12.64 MB (13253728 bytes),NO,2007-01-29 14:24:32 | ligand.mol,2026-05-30 14:45:38 | README.txt,CSD-derived context,curation_or_validation
<DATA_ROOT>\data_raw\csd_mof_collection\astex_related\extracted\astex_diverse_set\astex_diverse_set\1opk,data_raw\csd_mof_collection\astex_related\extracted\astex_diverse_set\astex_diverse_set\1opk,0,5,2.14 MB (2248279 bytes),NO,2007-01-29 14:24:34 | ligand.mol,2026-05-30 14:45:38 | README.txt,CSD-derived context,curation_or_validation
<DATA_ROOT>\data_raw\csd_mof_collection\astex_related\extracted\astex_diverse_set\astex_diverse_set\1oq5,data_raw\csd_mof_collection\astex_related\extracted\astex_diverse_set\astex_diverse_set\1oq5,0,5,1.20 MB (1259886 bytes),NO,2007-01-29 14:24:34 | ligand.mol,2026-05-30 14:45:38 | README.txt,CSD-derived context,curation_or_validation
<DATA_ROOT>\data_raw\csd_mof_collection\astex_related\extracted\astex_diverse_set\astex_diverse_set\1owe,data_raw\csd_mof_collection\astex_related\extracted\astex_diverse_set\astex_diverse_set\1owe,0,5,1.15 MB (1202350 bytes),NO,2007-01-29 14:24:34 | ligand.mol,2026-05-30 14:45:38 | README.txt,CSD-derived context,curation_or_validation
<DATA_ROOT>\data_raw\csd_mof_collection\astex_related\extracted\astex_diverse_set\astex_diverse_set\1oyt,data_raw\csd_mof_collection\astex_related\extracted\astex_diverse_set\astex_diverse_set\1oyt,0,5,1.36 MB (1429148 bytes),NO,2007-01-29 14:24:36 | ligand.mol,2026-05-30 14:45:38 | README.txt,CSD-derived context,curation_or_validation
<DATA_ROOT>\data_raw\csd_mof_collection\astex_related\extracted\astex_diverse_set\astex_diverse_set\1p2y,data_raw\csd_mof_collection\astex_related\extracted\astex_diverse_set\astex_diverse_set\1p2y,0,5,1.93 MB (2026136 bytes),NO,2007-01-29 14:24:36 | ligand.mol,2026-05-30 14:45:38 | README.txt,CSD-derived context,curation_or_validation
<DATA_ROOT>\data_raw\csd_mof_collection\astex_related\extracted\astex_diverse_set\astex_diverse_set\1p62,data_raw\csd_mof_collection\astex_related\extracted\astex_diverse_set\astex_diverse_set\1p62,0,5,1.12 MB (1179480 bytes),NO,2007-01-29 14:24:38 | ligand.mol,2026-05-30 14:45:38 | README.txt,CSD-derived context,curation_or_validation
<DATA_ROOT>\data_raw\csd_mof_collection\astex_related\extracted\astex_diverse_set\astex_diverse_set\1pmn,data_raw\csd_mof_collection\astex_related\extracted\astex_diverse_set\astex_diverse_set\1pmn,0,5,1.66 MB (1744747 bytes),NO,2007-01-29 14:24:38 | ligand.mol,2026-05-30 14:45:38 | README.txt,CSD-derived context,curation_or_validation
<DATA_ROOT>\data_raw\csd_mof_collection\astex_related\extracted\astex_diverse_set\astex_diverse_set\1q1g,data_raw\csd_mof_collection\astex_related\extracted\astex_diverse_set\astex_diverse_set\1q1g,0,5,6.91 MB (7243985 bytes),NO,2007-01-29 14:24:38 | ligand.mol,2026-05-30 14:45:38 | README.txt,CSD-derived context,curation_or_validation
<DATA_ROOT>\data_raw\csd_mof_collection\astex_related\extracted\astex_diverse_set\astex_diverse_set\1q41,data_raw\csd_mof_collection\astex_related\extracted\astex_diverse_set\astex_diverse_set\1q41,0,5,3.27 MB (3430310 bytes),NO,2007-01-29 14:24:40 | ligand.mol,2026-05-30 14:45:38 | README.txt,CSD-derived context,curation_or_validation
<DATA_ROOT>\data_raw\csd_mof_collection\astex_related\extracted\astex_diverse_set\astex_diverse_set\1q4g,data_raw\csd_mof_collection\astex_related\extracted\astex_diverse_set\astex_diverse_set\1q4g,0,5,5.70 MB (5974787 bytes),NO,2007-01-29 14:24:40 | ligand.mol,2026-05-30 14:45:38 | README.txt,CSD-derived context,curation_or_validation
<DATA_ROOT>\data_raw\csd_mof_collection\astex_related\extracted\astex_diverse_set\astex_diverse_set\1r1h,data_raw\csd_mof_collection\astex_related\extracted\astex_diverse_set\astex_diverse_set\1r1h,0,5,3.32 MB (3486400 bytes),NO,2007-01-29 14:24:42 | ligand.mol,2026-05-30 14:45:38 | README.txt,CSD-derived context,curation_or_validation
<DATA_ROOT>\data_raw\csd_mof_collection\astex_related\extracted\astex_diverse_set\astex_diverse_set\1r55,data_raw\csd_mof_collection\astex_related\extracted\astex_diverse_set\astex_diverse_set\1r55,0,5,967.93 KB (991164 bytes),NO,2007-01-29 14:24:42 | ligand.mol,2026-05-30 14:45:38 | README.txt,CSD-derived context,curation_or_validation
<DATA_ROOT>\data_raw\csd_mof_collection\astex_related\extracted\astex_diverse_set\astex_diverse_set\1r58,data_raw\csd_mof_collection\astex_related\extracted\astex_diverse_set\astex_diverse_set\1r58,0,5,1.71 MB (1797049 bytes),NO,2007-01-29 14:24:42 | ligand.mol,2026-05-30 14:45:38 | README.txt,CSD-derived context,curation_or_validation
<DATA_ROOT>\data_raw\csd_mof_collection\astex_related\extracted\astex_diverse_set\astex_diverse_set\1r9o,data_raw\csd_mof_collection\astex_related\extracted\astex_diverse_set\astex_diverse_set\1r9o,0,5,2.21 MB (2320496 bytes),NO,2007-01-29 14:24:44 | ligand.mol,2026-05-30 14:45:38 | README.txt,CSD-derived context,curation_or_validation
<DATA_ROOT>\data_raw\csd_mof_collection\astex_related\extracted\astex_diverse_set\astex_diverse_set\1s19,data_raw\csd_mof_collection\astex_related\extracted\astex_diverse_set\astex_diverse_set\1s19,0,5,1.21 MB (1271655 bytes),NO,2007-01-29 14:24:44 | ligand.mol,2026-05-30 14:45:38 | README.txt,CSD-derived context,curation_or_validation
<DATA_ROOT>\data_raw\csd_mof_collection\astex_related\extracted\astex_diverse_set\astex_diverse_set\1s3v,data_raw\csd_mof_collection\astex_related\extracted\astex_diverse_set\astex_diverse_set\1s3v,0,5,922.95 KB (945101 bytes),NO,2007-01-29 14:24:44 | ligand.mol,2026-05-30 14:45:38 | README.txt,CSD-derived context,curation_or_validation
<DATA_ROOT>\data_raw\csd_mof_collection\astex_related\extracted\astex_diverse_set\astex_diverse_set\1sg0,data_raw\csd_mof_collection\astex_related\extracted\astex_diverse_set\astex_diverse_set\1sg0,0,5,2.21 MB (2317278 bytes),NO,2007-01-29 14:24:44 | ligand.mol,2026-05-30 14:45:38 | README.txt,CSD-derived context,curation_or_validation
<DATA_ROOT>\data_raw\csd_mof_collection\astex_related\extracted\astex_diverse_set\astex_diverse_set\1sj0,data_raw\csd_mof_collection\astex_related\extracted\astex_diverse_set\astex_diverse_set\1sj0,0,5,1.17 MB (1228811 bytes),NO,2007-01-29 14:24:46 | ligand.mol,2026-05-30 14:45:38 | README.txt,CSD-derived context,curation_or_validation
<DATA_ROOT>\data_raw\csd_mof_collection\astex_related\extracted\astex_diverse_set\astex_diverse_set\1sq5,data_raw\csd_mof_collection\astex_related\extracted\astex_diverse_set\astex_diverse_set\1sq5,0,5,5.89 MB (6174746 bytes),NO,2007-01-29 14:24:46 | ligand.mol,2026-05-30 14:45:38 | README.txt,CSD-derived context,curation_or_validation
<DATA_ROOT>\data_raw\csd_mof_collection\astex_related\extracted\astex_diverse_set\astex_diverse_set\1sqn,data_raw\csd_mof_collection\astex_related\extracted\astex_diverse_set\astex_diverse_set\1sqn,0,5,2.41 MB (2527864 bytes),NO,2007-01-29 14:24:46 | ligand.mol,2026-05-30 14:45:38 | README.txt,CSD-derived context,curation_or_validation
<DATA_ROOT>\data_raw\csd_mof_collection\astex_related\extracted\astex_diverse_set\astex_diverse_set\1t40,data_raw\csd_mof_collection\astex_related\extracted\astex_diverse_set\astex_diverse_set\1t40,0,5,1.53 MB (1607915 bytes),NO,2007-01-29 14:24:48 | ligand.mol,2026-05-30 14:45:38 | README.txt,CSD-derived context,curation_or_validation
<DATA_ROOT>\data_raw\csd_mof_collection\astex_related\extracted\astex_diverse_set\astex_diverse_set\1t46,data_raw\csd_mof_collection\astex_related\extracted\astex_diverse_set\astex_diverse_set\1t46,0,5,1.42 MB (1485227 bytes),NO,2007-01-29 14:24:48 | ligand.mol,2026-05-30 14:45:38 | README.txt,CSD-derived context,curation_or_validation
<DATA_ROOT>\data_raw\csd_mof_collection\astex_related\extracted\astex_diverse_set\astex_diverse_set\1t9b,data_raw\csd_mof_collection\astex_related\extracted\astex_diverse_set\astex_diverse_set\1t9b,0,5,5.46 MB (5724703 bytes),NO,2007-01-29 14:24:48 | ligand.mol,2026-05-30 14:45:38 | README.txt,CSD-derived context,curation_or_validation
<DATA_ROOT>\data_raw\csd_mof_collection\astex_related\extracted\astex_diverse_set\astex_diverse_set\1tow,data_raw\csd_mof_collection\astex_related\extracted\astex_diverse_set\astex_diverse_set\1tow,0,5,630.28 KB (645411 bytes),NO,2007-01-29 14:24:50 | ligand.mol,2026-05-30 14:45:38 | README.txt,CSD-derived context,curation_or_validation
<DATA_ROOT>\data_raw\csd_mof_collection\astex_related\extracted\astex_diverse_set\astex_diverse_set\1tt1,data_raw\csd_mof_collection\astex_related\extracted\astex_diverse_set\astex_diverse_set\1tt1,0,5,2.41 MB (2532179 bytes),NO,2007-01-29 14:24:50 | ligand.mol,2026-05-30 14:45:38 | README.txt,CSD-derived context,curation_or_validation
<DATA_ROOT>\data_raw\csd_mof_collection\astex_related\extracted\astex_diverse_set\astex_diverse_set\1tz8,data_raw\csd_mof_collection\astex_related\extracted\astex_diverse_set\astex_diverse_set\1tz8,0,5,2.06 MB (2162431 bytes),NO,2007-01-29 14:24:52 | ligand.mol,2026-05-30 14:45:38 | README.txt,CSD-derived context,curation_or_validation
<DATA_ROOT>\data_raw\csd_mof_collection\astex_related\extracted\astex_diverse_set\astex_diverse_set\1u1c,data_raw\csd_mof_collection\astex_related\extracted\astex_diverse_set\astex_diverse_set\1u1c,0,5,6.82 MB (7147325 bytes),NO,2007-01-29 14:24:52 | ligand.mol,2026-05-30 14:45:38 | README.txt,CSD-derived context,curation_or_validation
<DATA_ROOT>\data_raw\csd_mof_collection\astex_related\extracted\astex_diverse_set\astex_diverse_set\1u4d,data_raw\csd_mof_collection\astex_related\extracted\astex_diverse_set\astex_diverse_set\1u4d,0,5,2.50 MB (2621323 bytes),NO,2007-01-29 14:24:54 | ligand.mol,2026-05-30 14:45:38 | README.txt,CSD-derived context,curation_or_validation
<DATA_ROOT>\data_raw\csd_mof_collection\astex_related\extracted\astex_diverse_set\astex_diverse_set\1uml,data_raw\csd_mof_collection\astex_related\extracted\astex_diverse_set\astex_diverse_set\1uml,0,5,1.65 MB (1734004 bytes),NO,2007-01-29 14:24:54 | ligand.mol,2026-05-30 14:45:38 | README.txt,CSD-derived context,curation_or_validation
<DATA_ROOT>\data_raw\csd_mof_collection\astex_related\extracted\astex_diverse_set\astex_diverse_set\1unl,data_raw\csd_mof_collection\astex_related\extracted\astex_diverse_set\astex_diverse_set\1unl,0,5,4.26 MB (4465544 bytes),NO,2007-01-29 14:24:54 | ligand.mol,2026-05-30 14:45:38 | README.txt,CSD-derived context,curation_or_validation
<DATA_ROOT>\data_raw\csd_mof_collection\astex_related\extracted\astex_diverse_set\astex_diverse_set\1uou,data_raw\csd_mof_collection\astex_related\extracted\astex_diverse_set\astex_diverse_set\1uou,0,5,1.94 MB (2029301 bytes),NO,2007-01-29 14:24:56 | ligand.mol,2026-05-30 14:45:38 | README.txt,CSD-derived context,curation_or_validation
<DATA_ROOT>\data_raw\csd_mof_collection\astex_related\extracted\astex_diverse_set\astex_diverse_set\1v0p,data_raw\csd_mof_collection\astex_related\extracted\astex_diverse_set\astex_diverse_set\1v0p,0,5,2.61 MB (2735151 bytes),NO,2007-01-29 14:24:56 | ligand.mol,2026-05-30 14:45:38 | README.txt,CSD-derived context,curation_or_validation
<DATA_ROOT>\data_raw\csd_mof_collection\astex_related\extracted\astex_diverse_set\astex_diverse_set\1v48,data_raw\csd_mof_collection\astex_related\extracted\astex_diverse_set\astex_diverse_set\1v48,0,5,1.21 MB (1264303 bytes),NO,2007-01-29 14:24:56 | ligand.mol,2026-05-30 14:45:38 | README.txt,CSD-derived context,curation_or_validation
<DATA_ROOT>\data_raw\csd_mof_collection\astex_related\extracted\astex_diverse_set\astex_diverse_set\1v4s,data_raw\csd_mof_collection\astex_related\extracted\astex_diverse_set\astex_diverse_set\1v4s,0,5,2.08 MB (2180128 bytes),NO,2007-01-29 14:24:56 | ligand.mol,2026-05-30 14:45:38 | README.txt,CSD-derived context,curation_or_validation
<DATA_ROOT>\data_raw\csd_mof_collection\astex_related\extracted\astex_diverse_set\astex_diverse_set\1vcj,data_raw\csd_mof_collection\astex_related\extracted\astex_diverse_set\astex_diverse_set\1vcj,0,5,1.78 MB (1868263 bytes),NO,2007-01-29 14:24:58 | ligand.mol,2026-05-30 14:45:38 | README.txt,CSD-derived context,curation_or_validation
<DATA_ROOT>\data_raw\csd_mof_collection\astex_related\extracted\astex_diverse_set\astex_diverse_set\1w1p,data_raw\csd_mof_collection\astex_related\extracted\astex_diverse_set\astex_diverse_set\1w1p,0,5,4.69 MB (4916015 bytes),NO,2007-01-29 14:24:58 | ligand.mol,2026-05-30 14:45:38 | README.txt,CSD-derived context,curation_or_validation
<DATA_ROOT>\data_raw\csd_mof_collection\astex_related\extracted\astex_diverse_set\astex_diverse_set\1w2g,data_raw\csd_mof_collection\astex_related\extracted\astex_diverse_set\astex_diverse_set\1w2g,0,5,1.74 MB (1827835 bytes),NO,2007-01-29 14:24:58 | ligand.mol,2026-05-30 14:45:38 | README.txt,CSD-derived context,curation_or_validation
<DATA_ROOT>\data_raw\csd_mof_collection\astex_related\extracted\astex_diverse_set\astex_diverse_set\1x8x,data_raw\csd_mof_collection\astex_related\extracted\astex_diverse_set\astex_diverse_set\1x8x,0,5,1.51 MB (1581058 bytes),NO,2007-01-29 14:25:00 | ligand.mol,2026-05-30 14:45:38 | README.txt,CSD-derived context,curation_or_validation
<DATA_ROOT>\data_raw\csd_mof_collection\astex_related\extracted\astex_diverse_set\astex_diverse_set\1xm6,data_raw\csd_mof_collection\astex_related\extracted\astex_diverse_set\astex_diverse_set\1xm6,0,5,3.24 MB (3395160 bytes),NO,2007-01-29 14:25:00 | ligand.mol,2026-05-30 14:45:38 | README.txt,CSD-derived context,curation_or_validation
<DATA_ROOT>\data_raw\csd_mof_collection\astex_related\extracted\astex_diverse_set\astex_diverse_set\1xoq,data_raw\csd_mof_collection\astex_related\extracted\astex_diverse_set\astex_diverse_set\1xoq,0,5,3.19 MB (3346619 bytes),NO,2007-01-29 14:25:00 | ligand.mol,2026-05-30 14:45:38 | README.txt,CSD-derived context,curation_or_validation
<DATA_ROOT>\data_raw\csd_mof_collection\astex_related\extracted\astex_diverse_set\astex_diverse_set\1xoz,data_raw\csd_mof_collection\astex_related\extracted\astex_diverse_set\astex_diverse_set\1xoz,0,5,1.58 MB (1653207 bytes),NO,2007-01-29 14:25:02 | ligand.mol,2026-05-30 14:45:38 | README.txt,CSD-derived context,curation_or_validation
<DATA_ROOT>\data_raw\csd_mof_collection\astex_related\extracted\astex_diverse_set\astex_diverse_set\1y6b,data_raw\csd_mof_collection\astex_related\extracted\astex_diverse_set\astex_diverse_set\1y6b,0,5,1.28 MB (1347198 bytes),NO,2007-01-29 14:25:02 | ligand.mol,2026-05-30 14:45:38 | README.txt,CSD-derived context,curation_or_validation
<DATA_ROOT>\data_raw\csd_mof_collection\astex_related\extracted\astex_diverse_set\astex_diverse_set\1ygc,data_raw\csd_mof_collection\astex_related\extracted\astex_diverse_set\astex_diverse_set\1ygc,0,5,1.42 MB (1485014 bytes),NO,2007-01-29 14:25:02 | ligand.mol,2026-05-30 14:45:38 | README.txt,CSD-derived context,curation_or_validation
<DATA_ROOT>\data_raw\csd_mof_collection\astex_related\extracted\astex_diverse_set\astex_diverse_set\1yqy,data_raw\csd_mof_collection\astex_related\extracted\astex_diverse_set\astex_diverse_set\1yqy,0,5,2.48 MB (2603313 bytes),NO,2007-01-29 14:25:02 | ligand.mol,2026-05-30 14:45:38 | README.txt,CSD-derived context,curation_or_validation
<DATA_ROOT>\data_raw\csd_mof_collection\astex_related\extracted\astex_diverse_set\astex_diverse_set\1yv3,data_raw\csd_mof_collection\astex_related\extracted\astex_diverse_set\astex_diverse_set\1yv3,0,5,3.25 MB (3406727 bytes),NO,2007-01-29 14:25:04 | ligand.mol,2026-05-30 14:45:38 | README.txt,CSD-derived context,curation_or_validation
<DATA_ROOT>\data_raw\csd_mof_collection\astex_related\extracted\astex_diverse_set\astex_diverse_set\1yvf,data_raw\csd_mof_collection\astex_related\extracted\astex_diverse_set\astex_diverse_set\1yvf,0,5,2.64 MB (2772005 bytes),NO,2007-01-29 14:25:04 | ligand.mol,2026-05-30 14:45:38 | README.txt,CSD-derived context,curation_or_validation
<DATA_ROOT>\data_raw\csd_mof_collection\astex_related\extracted\astex_diverse_set\astex_diverse_set\1ywr,data_raw\csd_mof_collection\astex_related\extracted\astex_diverse_set\astex_diverse_set\1ywr,0,5,1.63 MB (1709745 bytes),NO,2007-01-29 14:25:04 | ligand.mol,2026-05-30 14:45:38 | README.txt,CSD-derived context,curation_or_validation
<DATA_ROOT>\data_raw\csd_mof_collection\astex_related\extracted\astex_diverse_set\astex_diverse_set\1z95,data_raw\csd_mof_collection\astex_related\extracted\astex_diverse_set\astex_diverse_set\1z95,0,5,1.17 MB (1229716 bytes),NO,2007-01-29 14:25:06 | ligand.mol,2026-05-30 14:45:38 | README.txt,CSD-derived context,curation_or_validation
<DATA_ROOT>\data_raw\csd_mof_collection\astex_related\extracted\astex_diverse_set\astex_diverse_set\2bm2,data_raw\csd_mof_collection\astex_related\extracted\astex_diverse_set\astex_diverse_set\2bm2,0,5,4.57 MB (4792855 bytes),NO,2007-01-29 14:25:06 | ligand.mol,2026-05-30 14:45:38 | README.txt,CSD-derived context,curation_or_validation
<DATA_ROOT>\data_raw\csd_mof_collection\astex_related\extracted\astex_diverse_set\astex_diverse_set\2br1,data_raw\csd_mof_collection\astex_related\extracted\astex_diverse_set\astex_diverse_set\2br1,0,5,1.33 MB (1391216 bytes),NO,2007-01-29 14:25:06 | ligand.mol,2026-05-30 14:45:38 | README.txt,CSD-derived context,curation_or_validation
<DATA_ROOT>\data_raw\csd_mof_collection\astex_related\extracted\astex_diverse_set\astex_diverse_set\2bsm,data_raw\csd_mof_collection\astex_related\extracted\astex_diverse_set\astex_diverse_set\2bsm,0,5,997.69 KB (1021635 bytes),NO,2007-01-29 14:25:08 | ligand.mol,2026-05-30 14:45:38 | README.txt,CSD-derived context,curation_or_validation
<DATA_ROOT>\data_raw\csd_mof_collection\astex_related\extracted\astex_non_native_set,data_raw\csd_mof_collection\astex_related\extracted\astex_non_native_set,1,1,998.00 B (998 bytes),NO,2026-05-30 14:45:38 | README.txt,2026-05-30 14:45:38 | README.txt,CSD-derived context,curation_or_validation
<DATA_ROOT>\data_raw\csd_mof_collection\astex_related\extracted\astex_non_native_set\astex_non_native_set,data_raw\csd_mof_collection\astex_related\extracted\astex_non_native_set\astex_non_native_set,66,1,1.04 KB (1061 bytes),NO,2026-05-30 14:45:40 | README.txt,2026-05-30 14:45:40 | README.txt,CSD-derived context,curation_or_validation
<DATA_ROOT>\data_raw\csd_mof_collection\astex_related\extracted\astex_non_native_set\astex_non_native_set\1g9v,data_raw\csd_mof_collection\astex_related\extracted\astex_non_native_set\astex_non_native_set\1g9v,69,1,1.05 KB (1076 bytes),NO,2026-05-30 14:45:40 | README.txt,2026-05-30 14:45:40 | README.txt,CSD-derived context,curation_or_validation
<DATA_ROOT>\data_raw\csd_mof_collection\astex_related\extracted\astex_non_native_set\astex_non_native_set\1g9v\1a0u,data_raw\csd_mof_collection\astex_related\extracted\astex_non_native_set\astex_non_native_set\1g9v\1a0u,0,3,833.39 KB (853393 bytes),NO,2008-09-09 11:33:38 | protein.mol2,2026-05-30 14:45:40 | README.txt,CSD-derived context,curation_or_validation
<DATA_ROOT>\data_raw\csd_mof_collection\astex_related\extracted\astex_non_native_set\astex_non_native_set\1g9v\1a0z,data_raw\csd_mof_collection\astex_related\extracted\astex_non_native_set\astex_non_native_set\1g9v\1a0z,0,3,835.32 KB (855368 bytes),NO,2008-09-09 11:33:40 | protein.mol2,2026-05-30 14:45:40 | README.txt,CSD-derived context,curation_or_validation
<DATA_ROOT>\data_raw\csd_mof_collection\astex_related\extracted\astex_non_native_set\astex_non_native_set\1g9v\1a3n,data_raw\csd_mof_collection\astex_related\extracted\astex_non_native_set\astex_non_native_set\1g9v\1a3n,0,3,850.00 KB (870398 bytes),NO,2008-09-09 11:33:42 | protein.mol2,2026-05-30 14:45:40 | README.txt,CSD-derived context,curation_or_validation
<DATA_ROOT>\data_raw\csd_mof_collection\astex_related\extracted\astex_non_native_set\astex_non_native_set\1g9v\1a3o,data_raw\csd_mof_collection\astex_related\extracted\astex_non_native_set\astex_non_native_set\1g9v\1a3o,0,4,846.74 KB (867058 bytes),NO,2008-09-09 11:33:44 | other.pdb,2026-05-30 14:45:40 | README.txt,CSD-derived context,curation_or_validation
<DATA_ROOT>\data_raw\csd_mof_collection\astex_related\extracted\astex_non_native_set\astex_non_native_set\1g9v\1b86,data_raw\csd_mof_collection\astex_related\extracted\astex_non_native_set\astex_non_native_set\1g9v\1b86,0,4,835.60 KB (855650 bytes),NO,2008-09-09 11:33:48 | other.pdb,2026-05-30 14:45:40 | README.txt,CSD-derived context,curation_or_validation
<DATA_ROOT>\data_raw\csd_mof_collection\astex_related\extracted\astex_non_native_set\astex_non_native_set\1g9v\1bij,data_raw\csd_mof_collection\astex_related\extracted\astex_non_native_set\astex_non_native_set\1g9v\1bij,0,3,833.03 KB (853020 bytes),NO,2008-09-09 11:33:50 | protein.mol2,2026-05-30 14:45:40 | README.txt,CSD-derived context,curation_or_validation
<DATA_ROOT>\data_raw\csd_mof_collection\astex_related\extracted\astex_non_native_set\astex_non_native_set\1g9v\1bz0,data_raw\csd_mof_collection\astex_related\extracted\astex_non_native_set\astex_non_native_set\1g9v\1bz0,0,3,833.60 KB (853610 bytes),NO,2008-09-09 11:33:52 | protein.mol2,2026-05-30 14:45:40 | README.txt,CSD-derived context,curation_or_validation
<DATA_ROOT>\data_raw\csd_mof_collection\astex_related\extracted\astex_non_native_set\astex_non_native_set\1g9v\1bzz,data_raw\csd_mof_collection\astex_related\extracted\astex_non_native_set\astex_non_native_set\1g9v\1bzz,0,3,833.78 KB (853788 bytes),NO,2008-09-09 11:33:54 | protein.mol2,2026-05-30 14:45:40 | README.txt,CSD-derived context,curation_or_validation
<DATA_ROOT>\data_raw\csd_mof_collection\astex_related\extracted\astex_non_native_set\astex_non_native_set\1g9v\1cls,data_raw\csd_mof_collection\astex_related\extracted\astex_non_native_set\astex_non_native_set\1g9v\1cls,0,3,858.30 KB (878895 bytes),NO,2008-09-09 11:33:56 | water.pdb,2026-05-30 14:45:40 | README.txt,CSD-derived context,curation_or_validation
<DATA_ROOT>\data_raw\csd_mof_collection\astex_related\extracted\astex_non_native_set\astex_non_native_set\1g9v\1dxt,data_raw\csd_mof_collection\astex_related\extracted\astex_non_native_set\astex_non_native_set\1g9v\1dxt,0,3,839.34 KB (859483 bytes),NO,2008-09-09 11:34:00 | protein.mol2,2026-05-30 14:45:40 | README.txt,CSD-derived context,curation_or_validation
<DATA_ROOT>\data_raw\csd_mof_collection\astex_related\extracted\astex_non_native_set\astex_non_native_set\1g9v\1dxu,data_raw\csd_mof_collection\astex_related\extracted\astex_non_native_set\astex_non_native_set\1g9v\1dxu,0,4,838.00 KB (858107 bytes),NO,2008-09-09 11:34:02 | other.pdb,2026-05-30 14:45:40 | README.txt,CSD-derived context,curation_or_validation
<DATA_ROOT>\data_raw\csd_mof_collection\astex_related\extracted\astex_non_native_set\astex_non_native_set\1g9v\1dxv,data_raw\csd_mof_collection\astex_related\extracted\astex_non_native_set\astex_non_native_set\1g9v\1dxv,0,4,836.54 KB (856618 bytes),NO,2008-09-09 11:34:04 | other.pdb,2026-05-30 14:45:40 | README.txt,CSD-derived context,curation_or_validation
<DATA_ROOT>\data_raw\csd_mof_collection\astex_related\extracted\astex_non_native_set\astex_non_native_set\1g9v\1fn3,data_raw\csd_mof_collection\astex_related\extracted\astex_non_native_set\astex_non_native_set\1g9v\1fn3,0,3,821.23 KB (840943 bytes),NO,2008-09-09 11:34:06 | protein.mol2,2026-05-30 14:45:40 | README.txt,CSD-derived context,curation_or_validation
<DATA_ROOT>\data_raw\csd_mof_collection\astex_related\extracted\astex_non_native_set\astex_non_native_set\1g9v\1gbu,data_raw\csd_mof_collection\astex_related\extracted\astex_non_native_set\astex_non_native_set\1g9v\1gbu,0,3,853.18 KB (873658 bytes),NO,2008-09-09 11:34:10 | protein.mol2,2026-05-30 14:45:40 | README.txt,CSD-derived context,curation_or_validation
<DATA_ROOT>\data_raw\csd_mof_collection\astex_related\extracted\astex_non_native_set\astex_non_native_set\1g9v\1gbv,data_raw\csd_mof_collection\astex_related\extracted\astex_non_native_set\astex_non_native_set\1g9v\1gbv,0,3,846.34 KB (866653 bytes),NO,2008-09-09 11:34:12 | protein.mol2,2026-05-30 14:45:40 | README.txt,CSD-derived context,curation_or_validation
<DATA_ROOT>\data_raw\csd_mof_collection\astex_related\extracted\astex_non_native_set\astex_non_native_set\1g9v\1gzx,data_raw\csd_mof_collection\astex_related\extracted\astex_non_native_set\astex_non_native_set\1g9v\1gzx,0,3,839.33 KB (859473 bytes),NO,2008-09-09 11:34:14 | protein.mol2,2026-05-30 14:45:40 | README.txt,CSD-derived context,curation_or_validation
<DATA_ROOT>\data_raw\csd_mof_collection\astex_related\extracted\astex_non_native_set\astex_non_native_set\1g9v\1hab,data_raw\csd_mof_collection\astex_related\extracted\astex_non_native_set\astex_non_native_set\1g9v\1hab,0,3,831.25 KB (851201 bytes),NO,2008-09-09 11:34:16 | protein.mol2,2026-05-30 14:45:40 | README.txt,CSD-derived context,curation_or_validation
<DATA_ROOT>\data_raw\csd_mof_collection\astex_related\extracted\astex_non_native_set\astex_non_native_set\1g9v\1hbb,data_raw\csd_mof_collection\astex_related\extracted\astex_non_native_set\astex_non_native_set\1g9v\1hbb,0,3,833.52 KB (853520 bytes),NO,2008-09-09 11:34:18 | protein.mol2,2026-05-30 14:45:40 | README.txt,CSD-derived context,curation_or_validation
<DATA_ROOT>\data_raw\csd_mof_collection\astex_related\extracted\astex_non_native_set\astex_non_native_set\1g9v\1hdb,data_raw\csd_mof_collection\astex_related\extracted\astex_non_native_set\astex_non_native_set\1g9v\1hdb,0,3,853.18 KB (873652 bytes),NO,2008-09-09 11:34:22 | protein.mol2,2026-05-30 14:45:40 | README.txt,CSD-derived context,curation_or_validation
<DATA_ROOT>\data_raw\csd_mof_collection\astex_related\extracted\astex_non_native_set\astex_non_native_set\1g9v\1j7s,data_raw\csd_mof_collection\astex_related\extracted\astex_non_native_set\astex_non_native_set\1g9v\1j7s,0,3,838.62 KB (858750 bytes),NO,2008-09-09 11:34:24 | protein.mol2,2026-05-30 14:45:40 | README.txt,CSD-derived context,curation_or_validation
<DATA_ROOT>\data_raw\csd_mof_collection\astex_related\extracted\astex_non_native_set\astex_non_native_set\1g9v\1j7w,data_raw\csd_mof_collection\astex_related\extracted\astex_non_native_set\astex_non_native_set\1g9v\1j7w,0,3,836.90 KB (856984 bytes),NO,2008-09-09 11:34:26 | protein.mol2,2026-05-30 14:45:40 | README.txt,CSD-derived context,curation_or_validation
<DATA_ROOT>\data_raw\csd_mof_collection\astex_related\extracted\astex_non_native_set\astex_non_native_set\1g9v\1j7y,data_raw\csd_mof_collection\astex_related\extracted\astex_non_native_set\astex_non_native_set\1g9v\1j7y,0,4,856.12 KB (876663 bytes),NO,2008-09-09 11:34:30 | other.pdb,2026-05-30 14:45:40 | README.txt,CSD-derived context,curation_or_validation
<DATA_ROOT>\data_raw\csd_mof_collection\astex_related\extracted\astex_non_native_set\astex_non_native_set\1g9v\1k0y,data_raw\csd_mof_collection\astex_related\extracted\astex_non_native_set\astex_non_native_set\1g9v\1k0y,0,4,853.65 KB (874138 bytes),NO,2008-09-09 11:34:32 | ligand001.pdb,2026-05-30 14:45:40 | README.txt,CSD-derived context,curation_or_validation
<DATA_ROOT>\data_raw\csd_mof_collection\astex_related\extracted\astex_non_native_set\astex_non_native_set\1g9v\1kd2,data_raw\csd_mof_collection\astex_related\extracted\astex_non_native_set\astex_non_native_set\1g9v\1kd2,0,3,830.75 KB (850687 bytes),NO,2008-09-09 11:34:34 | protein.mol2,2026-05-30 14:45:40 | README.txt,CSD-derived context,curation_or_validation
<DATA_ROOT>\data_raw\csd_mof_collection\astex_related\extracted\astex_non_native_set\astex_non_native_set\1g9v\1m9p,data_raw\csd_mof_collection\astex_related\extracted\astex_non_native_set\astex_non_native_set\1g9v\1m9p,0,3,854.08 KB (874577 bytes),NO,2008-09-09 11:34:38 | protein.mol2,2026-05-30 14:45:40 | README.txt,CSD-derived context,curation_or_validation
<DATA_ROOT>\data_raw\csd_mof_collection\astex_related\extracted\astex_non_native_set\astex_non_native_set\1g9v\1nej,data_raw\csd_mof_collection\astex_related\extracted\astex_non_native_set\astex_non_native_set\1g9v\1nej,0,3,837.31 KB (857405 bytes),NO,2008-09-09 11:34:40 | protein.mol2,2026-05-30 14:45:40 | README.txt,CSD-derived context,curation_or_validation
<DATA_ROOT>\data_raw\csd_mof_collection\astex_related\extracted\astex_non_native_set\astex_non_native_set\1g9v\1o1k,data_raw\csd_mof_collection\astex_related\extracted\astex_non_native_set\astex_non_native_set\1g9v\1o1k,0,3,832.39 KB (852365 bytes),NO,2008-09-09 11:34:42 | protein.mol2,2026-05-30 14:45:40 | README.txt,CSD-derived context,curation_or_validation
<DATA_ROOT>\data_raw\csd_mof_collection\astex_related\extracted\astex_non_native_set\astex_non_native_set\1g9v\1qi8,data_raw\csd_mof_collection\astex_related\extracted\astex_non_native_set\astex_non_native_set\1g9v\1qi8,0,3,842.06 KB (862270 bytes),NO,2008-09-09 11:34:44 | protein.mol2,2026-05-30 14:45:40 | README.txt,CSD-derived context,curation_or_validation
<DATA_ROOT>\data_raw\csd_mof_collection\astex_related\extracted\astex_non_native_set\astex_non_native_set\1g9v\1qsh,data_raw\csd_mof_collection\astex_related\extracted\astex_non_native_set\astex_non_native_set\1g9v\1qsh,0,3,849.13 KB (869514 bytes),NO,2008-09-09 11:34:46 | protein.mol2,2026-05-30 14:45:40 | README.txt,CSD-derived context,curation_or_validation
<DATA_ROOT>\data_raw\csd_mof_collection\astex_related\extracted\astex_non_native_set\astex_non_native_set\1g9v\1qsi,data_raw\csd_mof_collection\astex_related\extracted\astex_non_native_set\astex_non_native_set\1g9v\1qsi,0,3,849.93 KB (870329 bytes),NO,2008-09-09 11:34:50 | protein.mol2,2026-05-30 14:45:40 | README.txt,CSD-derived context,curation_or_validation
<DATA_ROOT>\data_raw\csd_mof_collection\astex_related\extracted\astex_non_native_set\astex_non_native_set\1g9v\1rps,data_raw\csd_mof_collection\astex_related\extracted\astex_non_native_set\astex_non_native_set\1g9v\1rps,0,3,832.72 KB (852704 bytes),NO,2008-09-09 11:34:52 | protein.mol2,2026-05-30 14:45:40 | README.txt,CSD-derived context,curation_or_validation
<DATA_ROOT>\data_raw\csd_mof_collection\astex_related\extracted\astex_non_native_set\astex_non_native_set\1g9v\1rq3,data_raw\csd_mof_collection\astex_related\extracted\astex_non_native_set\astex_non_native_set\1g9v\1rq3,0,3,831.83 KB (851793 bytes),NO,2008-09-09 11:34:54 | protein.mol2,2026-05-30 14:45:40 | README.txt,CSD-derived context,curation_or_validation
<DATA_ROOT>\data_raw\csd_mof_collection\astex_related\extracted\astex_non_native_set\astex_non_native_set\1g9v\1rq4,data_raw\csd_mof_collection\astex_related\extracted\astex_non_native_set\astex_non_native_set\1g9v\1rq4,0,3,831.81 KB (851774 bytes),NO,2008-09-09 11:34:56 | water.pdb,2026-05-30 14:45:40 | README.txt,CSD-derived context,curation_or_validation
<DATA_ROOT>\data_raw\csd_mof_collection\astex_related\extracted\astex_non_native_set\astex_non_native_set\1g9v\1sdk,data_raw\csd_mof_collection\astex_related\extracted\astex_non_native_set\astex_non_native_set\1g9v\1sdk,0,3,853.88 KB (874371 bytes),NO,2008-09-09 11:35:00 | protein.mol2,2026-05-30 14:45:40 | README.txt,CSD-derived context,curation_or_validation
<DATA_ROOT>\data_raw\csd_mof_collection\astex_related\extracted\astex_non_native_set\astex_non_native_set\1g9v\1sdl,data_raw\csd_mof_collection\astex_related\extracted\astex_non_native_set\astex_non_native_set\1g9v\1sdl,0,3,851.00 KB (871419 bytes),NO,2008-09-09 11:35:02 | protein.mol2,2026-05-30 14:45:40 | README.txt,CSD-derived context,curation_or_validation
<DATA_ROOT>\data_raw\csd_mof_collection\astex_related\extracted\astex_non_native_set\astex_non_native_set\1g9v\1xxt,data_raw\csd_mof_collection\astex_related\extracted\astex_non_native_set\astex_non_native_set\1g9v\1xxt,0,3,833.29 KB (853294 bytes),NO,2008-09-09 11:35:04 | protein.mol2,2026-05-30 14:45:40 | README.txt,CSD-derived context,curation_or_validation
<DATA_ROOT>\data_raw\csd_mof_collection\astex_related\extracted\astex_non_native_set\astex_non_native_set\1g9v\1xy0,data_raw\csd_mof_collection\astex_related\extracted\astex_non_native_set\astex_non_native_set\1g9v\1xy0,0,3,829.09 KB (848989 bytes),NO,2008-09-09 11:35:06 | water.pdb,2026-05-30 14:45:40 | README.txt,CSD-derived context,curation_or_validation
<DATA_ROOT>\data_raw\csd_mof_collection\astex_related\extracted\astex_non_native_set\astex_non_native_set\1g9v\1xye,data_raw\csd_mof_collection\astex_related\extracted\astex_non_native_set\astex_non_native_set\1g9v\1xye,0,3,827.97 KB (847838 bytes),NO,2008-09-09 11:35:10 | protein.mol2,2026-05-30 14:45:40 | README.txt,CSD-derived context,curation_or_validation
<DATA_ROOT>\data_raw\csd_mof_collection\astex_related\extracted\astex_non_native_set\astex_non_native_set\1g9v\1xz2,data_raw\csd_mof_collection\astex_related\extracted\astex_non_native_set\astex_non_native_set\1g9v\1xz2,0,3,832.91 KB (852899 bytes),NO,2008-09-09 11:35:12 | protein.mol2,2026-05-30 14:45:40 | README.txt,CSD-derived context,curation_or_validation
<DATA_ROOT>\data_raw\csd_mof_collection\astex_related\extracted\astex_non_native_set\astex_non_native_set\1g9v\1xz4,data_raw\csd_mof_collection\astex_related\extracted\astex_non_native_set\astex_non_native_set\1g9v\1xz4,0,3,828.82 KB (848707 bytes),NO,2008-09-09 11:35:14 | protein.mol2,2026-05-30 14:45:40 | README.txt,CSD-derived context,curation_or_validation
<DATA_ROOT>\data_raw\csd_mof_collection\astex_related\extracted\astex_non_native_set\astex_non_native_set\1g9v\1xz5,data_raw\csd_mof_collection\astex_related\extracted\astex_non_native_set\astex_non_native_set\1g9v\1xz5,0,3,830.15 KB (850070 bytes),NO,2008-09-09 11:35:16 | protein.mol2,2026-05-30 14:45:40 | README.txt,CSD-derived context,curation_or_validation
<DATA_ROOT>\data_raw\csd_mof_collection\astex_related\extracted\astex_non_native_set\astex_non_native_set\1g9v\1xz7,data_raw\csd_mof_collection\astex_related\extracted\astex_non_native_set\astex_non_native_set\1g9v\1xz7,0,3,828.34 KB (848222 bytes),NO,2008-09-09 11:35:18 | water.pdb,2026-05-30 14:45:40 | README.txt,CSD-derived context,curation_or_validation
<DATA_ROOT>\data_raw\csd_mof_collection\astex_related\extracted\astex_non_native_set\astex_non_native_set\1g9v\1y09,data_raw\csd_mof_collection\astex_related\extracted\astex_non_native_set\astex_non_native_set\1g9v\1y09,0,3,829.56 KB (849469 bytes),NO,2008-09-09 11:35:22 | protein.mol2,2026-05-30 14:45:40 | README.txt,CSD-derived context,curation_or_validation
<DATA_ROOT>\data_raw\csd_mof_collection\astex_related\extracted\astex_non_native_set\astex_non_native_set\1g9v\1y0t,data_raw\csd_mof_collection\astex_related\extracted\astex_non_native_set\astex_non_native_set\1g9v\1y0t,0,3,833.47 KB (853472 bytes),NO,2008-09-09 11:35:24 | protein.mol2,2026-05-30 14:45:40 | README.txt,CSD-derived context,curation_or_validation
<DATA_ROOT>\data_raw\csd_mof_collection\astex_related\extracted\astex_non_native_set\astex_non_native_set\1g9v\1y0w,data_raw\csd_mof_collection\astex_related\extracted\astex_non_native_set\astex_non_native_set\1g9v\1y0w,0,3,832.00 KB (851971 bytes),NO,2008-09-09 11:35:26 | protein.mol2,2026-05-30 14:45:40 | README.txt,CSD-derived context,curation_or_validation
<DATA_ROOT>\data_raw\csd_mof_collection\astex_related\extracted\astex_non_native_set\astex_non_native_set\1g9v\1y22,data_raw\csd_mof_collection\astex_related\extracted\astex_non_native_set\astex_non_native_set\1g9v\1y22,0,3,832.41 KB (852392 bytes),NO,2008-09-09 11:35:28 | protein.mol2,2026-05-30 14:45:40 | README.txt,CSD-derived context,curation_or_validation
<DATA_ROOT>\data_raw\csd_mof_collection\astex_related\extracted\astex_non_native_set\astex_non_native_set\1g9v\1y2z,data_raw\csd_mof_collection\astex_related\extracted\astex_non_native_set\astex_non_native_set\1g9v\1y2z,0,3,831.89 KB (851852 bytes),NO,2008-09-09 11:35:30 | protein.mol2,2026-05-30 14:45:40 | README.txt,CSD-derived context,curation_or_validation
<DATA_ROOT>\data_raw\csd_mof_collection\astex_related\extracted\astex_non_native_set\astex_non_native_set\1g9v\1y45,data_raw\csd_mof_collection\astex_related\extracted\astex_non_native_set\astex_non_native_set\1g9v\1y45,0,3,831.25 KB (851197 bytes),NO,2008-09-09 11:35:34 | protein.mol2,2026-05-30 14:45:40 | README.txt,CSD-derived context,curation_or_validation
<DATA_ROOT>\data_raw\csd_mof_collection\astex_related\extracted\astex_non_native_set\astex_non_native_set\1g9v\1y4q,data_raw\csd_mof_collection\astex_related\extracted\astex_non_native_set\astex_non_native_set\1g9v\1y4q,0,3,831.66 KB (851618 bytes),NO,2008-09-09 11:35:36 | protein.mol2,2026-05-30 14:45:40 | README.txt,CSD-derived context,curation_or_validation
<DATA_ROOT>\data_raw\csd_mof_collection\astex_related\extracted\astex_non_native_set\astex_non_native_set\1g9v\1y4r,data_raw\csd_mof_collection\astex_related\extracted\astex_non_native_set\astex_non_native_set\1g9v\1y4r,0,3,831.66 KB (851618 bytes),NO,2008-09-09 11:35:38 | protein.mol2,2026-05-30 14:45:40 | README.txt,CSD-derived context,curation_or_validation
<DATA_ROOT>\data_raw\csd_mof_collection\astex_related\extracted\astex_non_native_set\astex_non_native_set\1g9v\1y4v,data_raw\csd_mof_collection\astex_related\extracted\astex_non_native_set\astex_non_native_set\1g9v\1y4v,0,3,833.29 KB (853292 bytes),NO,2008-09-09 11:35:40 | protein.mol2,2026-05-30 14:45:40 | README.txt,CSD-derived context,curation_or_validation
<DATA_ROOT>\data_raw\csd_mof_collection\astex_related\extracted\astex_non_native_set\astex_non_native_set\1g9v\1y5f,data_raw\csd_mof_collection\astex_related\extracted\astex_non_native_set\astex_non_native_set\1g9v\1y5f,0,3,831.89 KB (851852 bytes),NO,2008-09-09 11:35:42 | protein.mol2,2026-05-30 14:45:40 | README.txt,CSD-derived context,curation_or_validation
<DATA_ROOT>\data_raw\csd_mof_collection\astex_related\extracted\astex_non_native_set\astex_non_native_set\1g9v\1y5j,data_raw\csd_mof_collection\astex_related\extracted\astex_non_native_set\astex_non_native_set\1g9v\1y5j,0,3,832.19 KB (852158 bytes),NO,2008-09-09 11:35:46 | protein.mol2,2026-05-30 14:45:40 | README.txt,CSD-derived context,curation_or_validation
<DATA_ROOT>\data_raw\csd_mof_collection\astex_related\extracted\astex_non_native_set\astex_non_native_set\1g9v\1y5k,data_raw\csd_mof_collection\astex_related\extracted\astex_non_native_set\astex_non_native_set\1g9v\1y5k,0,3,831.65 KB (851611 bytes),NO,2008-09-09 11:35:48 | protein.mol2,2026-05-30 14:45:40 | README.txt,CSD-derived context,curation_or_validation
<DATA_ROOT>\data_raw\csd_mof_collection\astex_related\extracted\astex_non_native_set\astex_non_native_set\1g9v\1y7c,data_raw\csd_mof_collection\astex_related\extracted\astex_non_native_set\astex_non_native_set\1g9v\1y7c,0,3,832.71 KB (852690 bytes),NO,2008-09-09 11:35:50 | protein.mol2,2026-05-30 14:45:40 | README.txt,CSD-derived context,curation_or_validation
<DATA_ROOT>\data_raw\csd_mof_collection\astex_related\extracted\astex_non_native_set\astex_non_native_set\1g9v\1y7d,data_raw\csd_mof_collection\astex_related\extracted\astex_non_native_set\astex_non_native_set\1g9v\1y7d,0,3,832.17 KB (852144 bytes),NO,2008-09-09 11:35:52 | protein.mol2,2026-05-30 14:45:40 | README.txt,CSD-derived context,curation_or_validation
<DATA_ROOT>\data_raw\csd_mof_collection\astex_related\extracted\astex_non_native_set\astex_non_native_set\1g9v\1y7g,data_raw\csd_mof_collection\astex_related\extracted\astex_non_native_set\astex_non_native_set\1g9v\1y7g,0,3,832.76 KB (852744 bytes),NO,2008-09-09 11:35:54 | protein.mol2,2026-05-30 14:45:40 | README.txt,CSD-derived context,curation_or_validation
<DATA_ROOT>\data_raw\csd_mof_collection\astex_related\extracted\astex_non_native_set\astex_non_native_set\1g9v\1y83,data_raw\csd_mof_collection\astex_related\extracted\astex_non_native_set\astex_non_native_set\1g9v\1y83,0,3,830.93 KB (850870 bytes),NO,2008-09-09 11:35:56 | water.pdb,2026-05-30 14:45:40 | README.txt,CSD-derived context,curation_or_validation
<DATA_ROOT>\data_raw\csd_mof_collection\astex_related\extracted\astex_non_native_set\astex_non_native_set\1g9v\1y85,data_raw\csd_mof_collection\astex_related\extracted\astex_non_native_set\astex_non_native_set\1g9v\1y85,0,3,830.17 KB (850090 bytes),NO,2008-09-09 11:36:00 | protein.mol2,2026-05-30 14:45:40 | README.txt,CSD-derived context,curation_or_validation
<DATA_ROOT>\data_raw\csd_mof_collection\astex_related\extracted\astex_non_native_set\astex_non_native_set\1g9v\1ye0,data_raw\csd_mof_collection\astex_related\extracted\astex_non_native_set\astex_non_native_set\1g9v\1ye0,0,3,828.40 KB (848279 bytes),NO,2008-09-09 11:36:02 | protein.mol2,2026-05-30 14:45:40 | README.txt,CSD-derived context,curation_or_validation
<DATA_ROOT>\data_raw\csd_mof_collection\astex_related\extracted\astex_non_native_set\astex_non_native_set\1g9v\1yh9,data_raw\csd_mof_collection\astex_related\extracted\astex_non_native_set\astex_non_native_set\1g9v\1yh9,0,3,830.07 KB (849993 bytes),NO,2008-09-09 11:36:04 | protein.mol2,2026-05-30 14:45:40 | README.txt,CSD-derived context,curation_or_validation
<DATA_ROOT>\data_raw\csd_mof_collection\astex_related\extracted\astex_non_native_set\astex_non_native_set\1g9v\1yhe,data_raw\csd_mof_collection\astex_related\extracted\astex_non_native_set\astex_non_native_set\1g9v\1yhe,0,3,832.39 KB (852363 bytes),NO,2008-09-09 11:36:06 | protein.mol2,2026-05-30 14:45:40 | README.txt,CSD-derived context,curation_or_validation
<DATA_ROOT>\data_raw\csd_mof_collection\astex_related\extracted\astex_non_native_set\astex_non_native_set\1g9v\1yih,data_raw\csd_mof_collection\astex_related\extracted\astex_non_native_set\astex_non_native_set\1g9v\1yih,0,3,833.26 KB (853260 bytes),NO,2008-09-09 11:36:08 | water.pdb,2026-05-30 14:45:40 | README.txt,CSD-derived context,curation_or_validation
<DATA_ROOT>\data_raw\csd_mof_collection\astex_related\extracted\astex_non_native_set\astex_non_native_set\1g9v\2d5z,data_raw\csd_mof_collection\astex_related\extracted\astex_non_native_set\astex_non_native_set\1g9v\2d5z,0,5,869.96 KB (890840 bytes),NO,2008-09-09 11:36:12 | ligand001.pdb,2026-05-30 14:45:40 | README.txt,CSD-derived context,curation_or_validation
<DATA_ROOT>\data_raw\csd_mof_collection\astex_related\extracted\astex_non_native_set\astex_non_native_set\1g9v\2d60,data_raw\csd_mof_collection\astex_related\extracted\astex_non_native_set\astex_non_native_set\1g9v\2d60,0,4,836.91 KB (856993 bytes),NO,2008-09-09 11:36:14 | ligand001.pdb,2026-05-30 14:45:40 | README.txt,CSD-derived context,curation_or_validation
<DATA_ROOT>\data_raw\csd_mof_collection\astex_related\extracted\astex_non_native_set\astex_non_native_set\1g9v\2dn2,data_raw\csd_mof_collection\astex_related\extracted\astex_non_native_set\astex_non_native_set\1g9v\2dn2,0,3,835.38 KB (855427 bytes),NO,2008-09-09 11:36:16 | protein.mol2,2026-05-30 14:45:40 | README.txt,CSD-derived context,curation_or_validation
<DATA_ROOT>\data_raw\csd_mof_collection\astex_related\extracted\astex_non_native_set\astex_non_native_set\1g9v\2hhd,data_raw\csd_mof_collection\astex_related\extracted\astex_non_native_set\astex_non_native_set\1g9v\2hhd,0,3,856.69 KB (877252 bytes),NO,2008-09-09 11:36:18 | water.pdb,2026-05-30 14:45:40 | README.txt,CSD-derived context,curation_or_validation
<DATA_ROOT>\data_raw\csd_mof_collection\astex_related\extracted\astex_non_native_set\astex_non_native_set\1g9v\2hhe,data_raw\csd_mof_collection\astex_related\extracted\astex_non_native_set\astex_non_native_set\1g9v\2hhe,0,3,849.77 KB (870168 bytes),NO,2008-09-09 11:36:22 | protein.mol2,2026-05-30 14:45:40 | README.txt,CSD-derived context,curation_or_validation
<DATA_ROOT>\data_raw\csd_mof_collection\astex_related\extracted\astex_non_native_set\astex_non_native_set\1g9v\6hbw,data_raw\csd_mof_collection\astex_related\extracted\astex_non_native_set\astex_non_native_set\1g9v\6hbw,0,3,848.61 KB (868977 bytes),NO,2008-09-09 11:36:24 | protein.mol2,2026-05-30 14:45:40 | README.txt,CSD-derived context,curation_or_validation
<DATA_ROOT>\data_raw\csd_mof_collection\astex_related\extracted\astex_non_native_set\astex_non_native_set\1gkc,data_raw\csd_mof_collection\astex_related\extracted\astex_non_native_set\astex_non_native_set\1gkc,0,1,1.05 KB (1076 bytes),NO,2026-05-30 14:45:40 | README.txt,2026-05-30 14:45:40 | README.txt,CSD-derived context,curation_or_validation
<DATA_ROOT>\data_raw\csd_mof_collection\astex_related\extracted\astex_non_native_set\astex_non_native_set\1gm8,data_raw\csd_mof_collection\astex_related\extracted\astex_non_native_set\astex_non_native_set\1gm8,4,1,1.05 KB (1076 bytes),NO,2026-05-30 14:45:40 | README.txt,2026-05-30 14:45:40 | README.txt,CSD-derived context,curation_or_validation
<DATA_ROOT>\data_raw\csd_mof_collection\astex_related\extracted\astex_non_native_set\astex_non_native_set\1gm8\1fxh,data_raw\csd_mof_collection\astex_related\extracted\astex_non_native_set\astex_non_native_set\1gm8\1fxh,0,4,1.11 MB (1160912 bytes),NO,2008-09-09 11:36:28 | ligand001.pdb,2026-05-30 14:45:40 | README.txt,CSD-derived context,curation_or_validation
<DATA_ROOT>\data_raw\csd_mof_collection\astex_related\extracted\astex_non_native_set\astex_non_native_set\1gm8\1fxv,data_raw\csd_mof_collection\astex_related\extracted\astex_non_native_set\astex_non_native_set\1gm8\1fxv,0,4,1.09 MB (1146649 bytes),NO,2008-09-09 11:36:30 | ligand001.pdb,2026-05-30 14:45:40 | README.txt,CSD-derived context,curation_or_validation
<DATA_ROOT>\data_raw\csd_mof_collection\astex_related\extracted\astex_non_native_set\astex_non_native_set\1gm8\1gkf,data_raw\csd_mof_collection\astex_related\extracted\astex_non_native_set\astex_non_native_set\1gm8\1gkf,0,4,1.16 MB (1212246 bytes),NO,2008-09-09 11:36:34 | other.pdb,2026-05-30 14:45:40 | README.txt,CSD-derived context,curation_or_validation
<DATA_ROOT>\data_raw\csd_mof_collection\astex_related\extracted\astex_non_native_set\astex_non_native_set\1gm8\1gm7,data_raw\csd_mof_collection\astex_related\extracted\astex_non_native_set\astex_non_native_set\1gm8\1gm7,0,6,1.17 MB (1222866 bytes),NO,2008-09-09 11:36:38 | ligand001.pdb,2026-05-30 14:45:40 | README.txt,CSD-derived context,curation_or_validation
<DATA_ROOT>\data_raw\csd_mof_collection\astex_related\extracted\astex_non_native_set\astex_non_native_set\1gpk,data_raw\csd_mof_collection\astex_related\extracted\astex_non_native_set\astex_non_native_set\1gpk,28,1,1.05 KB (1076 bytes),NO,2026-05-30 14:45:40 | README.txt,2026-05-30 14:45:40 | README.txt,CSD-derived context,curation_or_validation
<DATA_ROOT>\data_raw\csd_mof_collection\astex_related\extracted\astex_non_native_set\astex_non_native_set\1gpk\1dx6,data_raw\csd_mof_collection\astex_related\extracted\astex_non_native_set\astex_non_native_set\1gpk\1dx6,0,5,786.54 KB (805415 bytes),NO,2008-09-09 11:36:42 | ligand001.pdb,2026-05-30 14:45:40 | README.txt,CSD-derived context,curation_or_validation
<DATA_ROOT>\data_raw\csd_mof_collection\astex_related\extracted\astex_non_native_set\astex_non_native_set\1gpk\1e66,data_raw\csd_mof_collection\astex_related\extracted\astex_non_native_set\astex_non_native_set\1gpk\1e66,0,5,792.15 KB (811162 bytes),NO,2008-09-09 11:36:44 | ligand001.pdb,2026-05-30 14:45:40 | README.txt,CSD-derived context,curation_or_validation
<DATA_ROOT>\data_raw\csd_mof_collection\astex_related\extracted\astex_non_native_set\astex_non_native_set\1gpk\1ea5,data_raw\csd_mof_collection\astex_related\extracted\astex_non_native_set\astex_non_native_set\1gpk\1ea5,0,4,822.98 KB (842729 bytes),NO,2008-09-09 11:36:48 | other.pdb,2026-05-30 14:45:40 | README.txt,CSD-derived context,curation_or_validation
<DATA_ROOT>\data_raw\csd_mof_collection\astex_related\extracted\astex_non_native_set\astex_non_native_set\1gpk\1eve,data_raw\csd_mof_collection\astex_related\extracted\astex_non_native_set\astex_non_native_set\1gpk\1eve,0,4,805.41 KB (824743 bytes),NO,2008-09-09 11:36:50 | ligand001.pdb,2026-05-30 14:45:40 | README.txt,CSD-derived context,curation_or_validation
<DATA_ROOT>\data_raw\csd_mof_collection\astex_related\extracted\astex_non_native_set\astex_non_native_set\1gpk\1gpn,data_raw\csd_mof_collection\astex_related\extracted\astex_non_native_set\astex_non_native_set\1gpk\1gpn,0,5,767.96 KB (786386 bytes),NO,2008-09-09 11:36:52 | ligand001.pdb,2026-05-30 14:45:40 | README.txt,CSD-derived context,curation_or_validation
<DATA_ROOT>\data_raw\csd_mof_collection\astex_related\extracted\astex_non_native_set\astex_non_native_set\1gpk\1h22,data_raw\csd_mof_collection\astex_related\extracted\astex_non_native_set\astex_non_native_set\1gpk\1h22,0,6,768.52 KB (786963 bytes),NO,2008-09-09 11:36:54 | ligand001.pdb,2026-05-30 14:45:40 | README.txt,CSD-derived context,curation_or_validation
<DATA_ROOT>\data_raw\csd_mof_collection\astex_related\extracted\astex_non_native_set\astex_non_native_set\1gpk\1h23,data_raw\csd_mof_collection\astex_related\extracted\astex_non_native_set\astex_non_native_set\1gpk\1h23,0,4,774.50 KB (793084 bytes),NO,2008-09-09 11:36:56 | ligand001.pdb,2026-05-30 14:45:40 | README.txt,CSD-derived context,curation_or_validation
<DATA_ROOT>\data_raw\csd_mof_collection\astex_related\extracted\astex_non_native_set\astex_non_native_set\1gpk\1jjb,data_raw\csd_mof_collection\astex_related\extracted\astex_non_native_set\astex_non_native_set\1gpk\1jjb,0,4,802.97 KB (822238 bytes),NO,2008-09-09 11:37:00 | ligand001.pdb,2026-05-30 14:45:40 | README.txt,CSD-derived context,curation_or_validation
<DATA_ROOT>\data_raw\csd_mof_collection\astex_related\extracted\astex_non_native_set\astex_non_native_set\1gpk\1odc,data_raw\csd_mof_collection\astex_related\extracted\astex_non_native_set\astex_non_native_set\1gpk\1odc,0,4,764.35 KB (782693 bytes),NO,2008-09-09 11:37:02 | ligand001.pdb,2026-05-30 14:45:40 | README.txt,CSD-derived context,curation_or_validation
<DATA_ROOT>\data_raw\csd_mof_collection\astex_related\extracted\astex_non_native_set\astex_non_native_set\1gpk\1qid,data_raw\csd_mof_collection\astex_related\extracted\astex_non_native_set\astex_non_native_set\1gpk\1qid,0,3,782.69 KB (801472 bytes),NO,2008-09-09 11:37:04 | protein.mol2,2026-05-30 14:45:40 | README.txt,CSD-derived context,curation_or_validation
<DATA_ROOT>\data_raw\csd_mof_collection\astex_related\extracted\astex_non_native_set\astex_non_native_set\1gpk\1qie,data_raw\csd_mof_collection\astex_related\extracted\astex_non_native_set\astex_non_native_set\1gpk\1qie,0,3,781.68 KB (800445 bytes),NO,2008-09-09 11:37:06 | protein.mol2,2026-05-30 14:45:40 | README.txt,CSD-derived context,curation_or_validation
<DATA_ROOT>\data_raw\csd_mof_collection\astex_related\extracted\astex_non_native_set\astex_non_native_set\1gpk\1qif,data_raw\csd_mof_collection\astex_related\extracted\astex_non_native_set\astex_non_native_set\1gpk\1qif,0,3,781.22 KB (799971 bytes),NO,2008-09-09 11:37:08 | protein.mol2,2026-05-30 14:45:40 | README.txt,CSD-derived context,curation_or_validation
<DATA_ROOT>\data_raw\csd_mof_collection\astex_related\extracted\astex_non_native_set\astex_non_native_set\1gpk\1qig,data_raw\csd_mof_collection\astex_related\extracted\astex_non_native_set\astex_non_native_set\1gpk\1qig,0,3,782.84 KB (801630 bytes),NO,2008-09-09 11:37:10 | water.pdb,2026-05-30 14:45:40 | README.txt,CSD-derived context,curation_or_validation
<DATA_ROOT>\data_raw\csd_mof_collection\astex_related\extracted\astex_non_native_set\astex_non_native_set\1gpk\1qih,data_raw\csd_mof_collection\astex_related\extracted\astex_non_native_set\astex_non_native_set\1gpk\1qih,0,3,782.07 KB (800840 bytes),NO,2008-09-09 11:37:14 | protein.mol2,2026-05-30 14:45:40 | README.txt,CSD-derived context,curation_or_validation
<DATA_ROOT>\data_raw\csd_mof_collection\astex_related\extracted\astex_non_native_set\astex_non_native_set\1gpk\1qti,data_raw\csd_mof_collection\astex_related\extracted\astex_non_native_set\astex_non_native_set\1gpk\1qti,0,4,767.29 KB (785709 bytes),NO,2008-09-09 11:37:16 | ligand001.pdb,2026-05-30 14:45:40 | README.txt,CSD-derived context,curation_or_validation
<DATA_ROOT>\data_raw\csd_mof_collection\astex_related\extracted\astex_non_native_set\astex_non_native_set\1gpk\1ut6,data_raw\csd_mof_collection\astex_related\extracted\astex_non_native_set\astex_non_native_set\1gpk\1ut6,0,4,764.68 KB (783037 bytes),NO,2008-09-09 11:37:18 | ligand001.pdb,2026-05-30 14:45:40 | README.txt,CSD-derived context,curation_or_validation
<DATA_ROOT>\data_raw\csd_mof_collection\astex_related\extracted\astex_non_native_set\astex_non_native_set\1gpk\1vot,data_raw\csd_mof_collection\astex_related\extracted\astex_non_native_set\astex_non_native_set\1gpk\1vot,0,4,754.46 KB (772568 bytes),NO,2008-09-09 11:37:20 | ligand001.pdb,2026-05-30 14:45:40 | README.txt,CSD-derived context,curation_or_validation
<DATA_ROOT>\data_raw\csd_mof_collection\astex_related\extracted\astex_non_native_set\astex_non_native_set\1gpk\1vxr,data_raw\csd_mof_collection\astex_related\extracted\astex_non_native_set\astex_non_native_set\1gpk\1vxr,0,4,796.92 KB (816048 bytes),NO,2008-09-09 11:37:22 | ligand_other.pdb,2026-05-30 14:45:40 | README.txt,CSD-derived context,curation_or_validation
<DATA_ROOT>\data_raw\csd_mof_collection\astex_related\extracted\astex_non_native_set\astex_non_native_set\1gpk\1w4l,data_raw\csd_mof_collection\astex_related\extracted\astex_non_native_set\astex_non_native_set\1gpk\1w4l,0,4,788.78 KB (807711 bytes),NO,2008-09-09 11:37:24 | ligand001.pdb,2026-05-30 14:45:40 | README.txt,CSD-derived context,curation_or_validation
<DATA_ROOT>\data_raw\csd_mof_collection\astex_related\extracted\astex_non_native_set\astex_non_native_set\1gpk\1w6r,data_raw\csd_mof_collection\astex_related\extracted\astex_non_native_set\astex_non_native_set\1gpk\1w6r,0,4,770.95 KB (789454 bytes),NO,2008-09-09 11:37:26 | ligand001.pdb,2026-05-30 14:45:40 | README.txt,CSD-derived context,curation_or_validation
<DATA_ROOT>\data_raw\csd_mof_collection\astex_related\extracted\astex_non_native_set\astex_non_native_set\1gpk\1w75,data_raw\csd_mof_collection\astex_related\extracted\astex_non_native_set\astex_non_native_set\1gpk\1w75,0,3,1.48 MB (1557033 bytes),NO,2008-09-09 11:37:32 | protein.mol2,2026-05-30 14:45:40 | README.txt,CSD-derived context,curation_or_validation
<DATA_ROOT>\data_raw\csd_mof_collection\astex_related\extracted\astex_non_native_set\astex_non_native_set\1gpk\1zgb,data_raw\csd_mof_collection\astex_related\extracted\astex_non_native_set\astex_non_native_set\1gpk\1zgb,0,5,766.54 KB (784933 bytes),NO,2008-09-09 11:37:34 | ligand001.pdb,2026-05-30 14:45:40 | README.txt,CSD-derived context,curation_or_validation
<DATA_ROOT>\data_raw\csd_mof_collection\astex_related\extracted\astex_non_native_set\astex_non_native_set\1gpk\1zgc,data_raw\csd_mof_collection\astex_related\extracted\astex_non_native_set\astex_non_native_set\1gpk\1zgc,0,4,1.50 MB (1573304 bytes),NO,2008-09-09 11:37:38 | ligand001.pdb,2026-05-30 14:45:40 | README.txt,CSD-derived context,curation_or_validation
<DATA_ROOT>\data_raw\csd_mof_collection\astex_related\extracted\astex_non_native_set\astex_non_native_set\1gpk\2ack,data_raw\csd_mof_collection\astex_related\extracted\astex_non_native_set\astex_non_native_set\1gpk\2ack,0,4,759.71 KB (777944 bytes),NO,2008-09-09 11:37:42 | ligand001.pdb,2026-05-30 14:45:40 | README.txt,CSD-derived context,curation_or_validation
<DATA_ROOT>\data_raw\csd_mof_collection\astex_related\extracted\astex_non_native_set\astex_non_native_set\1gpk\2c5g,data_raw\csd_mof_collection\astex_related\extracted\astex_non_native_set\astex_non_native_set\1gpk\2c5g,0,5,900.10 KB (921706 bytes),NO,2008-09-09 11:37:44 | ligand001.pdb,2026-05-30 14:45:40 | README.txt,CSD-derived context,curation_or_validation
<DATA_ROOT>\data_raw\csd_mof_collection\astex_related\extracted\astex_non_native_set\astex_non_native_set\1gpk\2cek,data_raw\csd_mof_collection\astex_related\extracted\astex_non_native_set\astex_non_native_set\1gpk\2cek,0,5,843.66 KB (863909 bytes),NO,2008-09-09 11:37:46 | ligand001.pdb,2026-05-30 14:45:40 | README.txt,CSD-derived context,curation_or_validation
<DATA_ROOT>\data_raw\csd_mof_collection\astex_related\extracted\astex_non_native_set\astex_non_native_set\1gpk\2ckm,data_raw\csd_mof_collection\astex_related\extracted\astex_non_native_set\astex_non_native_set\1gpk\2ckm,0,4,761.00 KB (779267 bytes),NO,2008-09-09 11:37:50 | ligand001.pdb,2026-05-30 14:45:40 | README.txt,CSD-derived context,curation_or_validation
<DATA_ROOT>\data_raw\csd_mof_collection\astex_related\extracted\astex_non_native_set\astex_non_native_set\1gpk\2cmf,data_raw\csd_mof_collection\astex_related\extracted\astex_non_native_set\astex_non_native_set\1gpk\2cmf,0,4,765.95 KB (784335 bytes),NO,2008-09-09 11:37:52 | ligand001.pdb,2026-05-30 14:45:40 | README.txt,CSD-derived context,curation_or_validation
<DATA_ROOT>\data_raw\csd_mof_collection\astex_related\extracted\astex_non_native_set\astex_non_native_set\1hnn,data_raw\csd_mof_collection\astex_related\extracted\astex_non_native_set\astex_non_native_set\1hnn,6,1,1.05 KB (1076 bytes),NO,2026-05-30 14:45:40 | README.txt,2026-05-30 14:45:40 | README.txt,CSD-derived context,curation_or_validation
<DATA_ROOT>\data_raw\csd_mof_collection\astex_related\extracted\astex_non_native_set\astex_non_native_set\1hnn\1yz3,data_raw\csd_mof_collection\astex_related\extracted\astex_non_native_set\astex_non_native_set\1hnn\1yz3,0,4,767.19 KB (785598 bytes),NO,2008-09-09 11:37:54 | other.pdb,2026-05-30 14:45:40 | README.txt,CSD-derived context,curation_or_validation
<DATA_ROOT>\data_raw\csd_mof_collection\astex_related\extracted\astex_non_native_set\astex_non_native_set\1hnn\2an3,data_raw\csd_mof_collection\astex_related\extracted\astex_non_native_set\astex_non_native_set\1hnn\2an3,0,5,777.04 KB (795694 bytes),NO,2008-09-09 11:37:56 | ligand001.pdb,2026-05-30 14:45:40 | README.txt,CSD-derived context,curation_or_validation
<DATA_ROOT>\data_raw\csd_mof_collection\astex_related\extracted\astex_non_native_set\astex_non_native_set\1hnn\2an4,data_raw\csd_mof_collection\astex_related\extracted\astex_non_native_set\astex_non_native_set\1hnn\2an4,0,5,772.96 KB (791508 bytes),NO,2008-09-09 11:37:58 | ligand001.pdb,2026-05-30 14:45:40 | README.txt,CSD-derived context,curation_or_validation
<DATA_ROOT>\data_raw\csd_mof_collection\astex_related\extracted\astex_non_native_set\astex_non_native_set\1hnn\2an5,data_raw\csd_mof_collection\astex_related\extracted\astex_non_native_set\astex_non_native_set\1hnn\2an5,0,5,768.24 KB (786681 bytes),NO,2008-09-09 11:38:02 | ligand001.pdb,2026-05-30 14:45:40 | README.txt,CSD-derived context,curation_or_validation
<DATA_ROOT>\data_raw\csd_mof_collection\astex_related\extracted\astex_non_native_set\astex_non_native_set\1hnn\2g71,data_raw\csd_mof_collection\astex_related\extracted\astex_non_native_set\astex_non_native_set\1hnn\2g71,0,7,779.57 KB (798284 bytes),NO,2008-09-09 11:38:04 | ligand001.pdb,2026-05-30 14:45:40 | README.txt,CSD-derived context,curation_or_validation
<DATA_ROOT>\data_raw\csd_mof_collection\astex_related\extracted\astex_non_native_set\astex_non_native_set\1hnn\2g8n,data_raw\csd_mof_collection\astex_related\extracted\astex_non_native_set\astex_non_native_set\1hnn\2g8n,0,5,784.87 KB (803711 bytes),NO,2008-09-09 11:38:06 | ligand001.pdb,2026-05-30 14:45:40 | README.txt,CSD-derived context,curation_or_validation
<DATA_ROOT>\data_raw\csd_mof_collection\astex_related\extracted\astex_non_native_set\astex_non_native_set\1hp0,data_raw\csd_mof_collection\astex_related\extracted\astex_non_native_set\astex_non_native_set\1hp0,1,1,1.05 KB (1076 bytes),NO,2026-05-30 14:45:40 | README.txt,2026-05-30 14:45:40 | README.txt,CSD-derived context,curation_or_validation
<DATA_ROOT>\data_raw\csd_mof_collection\astex_related\extracted\astex_non_native_set\astex_non_native_set\1hp0\2ff1,data_raw\csd_mof_collection\astex_related\extracted\astex_non_native_set\astex_non_native_set\1hp0\2ff1,0,5,900.75 KB (922371 bytes),NO,2008-09-09 11:38:10 | ligand001.pdb,2026-05-30 14:45:40 | README.txt,CSD-derived context,curation_or_validation
<DATA_ROOT>\data_raw\csd_mof_collection\astex_related\extracted\astex_non_native_set\astex_non_native_set\1hq2,data_raw\csd_mof_collection\astex_related\extracted\astex_non_native_set\astex_non_native_set\1hq2,1,1,1.05 KB (1076 bytes),NO,2026-05-30 14:45:40 | README.txt,2026-05-30 14:45:40 | README.txt,CSD-derived context,curation_or_validation
<DATA_ROOT>\data_raw\csd_mof_collection\astex_related\extracted\astex_non_native_set\astex_non_native_set\1hq2\1q0n,data_raw\csd_mof_collection\astex_related\extracted\astex_non_native_set\astex_non_native_set\1hq2\1q0n,0,6,267.29 KB (273700 bytes),NO,2008-09-09 11:38:10 | ligand001.pdb,2026-05-30 14:45:40 | README.txt,CSD-derived context,curation_or_validation
<DATA_ROOT>\data_raw\csd_mof_collection\astex_related\extracted\astex_non_native_set\astex_non_native_set\1hww,data_raw\csd_mof_collection\astex_related\extracted\astex_non_native_set\astex_non_native_set\1hww,19,1,1.05 KB (1076 bytes),NO,2026-05-30 14:45:40 | README.txt,2026-05-30 14:45:40 | README.txt,CSD-derived context,curation_or_validation
<DATA_ROOT>\data_raw\csd_mof_collection\astex_related\extracted\astex_non_native_set\astex_non_native_set\1hww\1hty,data_raw\csd_mof_collection\astex_related\extracted\astex_non_native_set\astex_non_native_set\1hww\1hty,0,5,1.50 MB (1573939 bytes),NO,2008-09-09 11:38:16 | ligand001.pdb,2026-05-30 14:45:40 | README.txt,CSD-derived context,curation_or_validation
<DATA_ROOT>\data_raw\csd_mof_collection\astex_related\extracted\astex_non_native_set\astex_non_native_set\1hww\1hxk,data_raw\csd_mof_collection\astex_related\extracted\astex_non_native_set\astex_non_native_set\1hww\1hxk,0,5,1.52 MB (1589033 bytes),NO,2008-09-09 11:38:20 | ligand001.pdb,2026-05-30 14:45:40 | README.txt,CSD-derived context,curation_or_validation
<DATA_ROOT>\data_raw\csd_mof_collection\astex_related\extracted\astex_non_native_set\astex_non_native_set\1hww\1ps3,data_raw\csd_mof_collection\astex_related\extracted\astex_non_native_set\astex_non_native_set\1hww\1ps3,0,4,1.52 MB (1589906 bytes),NO,2008-09-09 11:38:26 | ligand001.pdb,2026-05-30 14:45:40 | README.txt,CSD-derived context,curation_or_validation
<DATA_ROOT>\data_raw\csd_mof_collection\astex_related\extracted\astex_non_native_set\astex_non_native_set\1hww\1r33,data_raw\csd_mof_collection\astex_related\extracted\astex_non_native_set\astex_non_native_set\1hww\1r33,0,4,1.53 MB (1602554 bytes),NO,2008-09-09 11:38:30 | ligand001.pdb,2026-05-30 14:45:40 | README.txt,CSD-derived context,curation_or_validation
<DATA_ROOT>\data_raw\csd_mof_collection\astex_related\extracted\astex_non_native_set\astex_non_native_set\1hww\1r34,data_raw\csd_mof_collection\astex_related\extracted\astex_non_native_set\astex_non_native_set\1hww\1r34,0,4,1.52 MB (1596026 bytes),NO,2008-09-09 11:38:36 | ligand001.pdb,2026-05-30 14:45:40 | README.txt,CSD-derived context,curation_or_validation
<DATA_ROOT>\data_raw\csd_mof_collection\astex_related\extracted\astex_non_native_set\astex_non_native_set\1hww\1tqs,data_raw\csd_mof_collection\astex_related\extracted\astex_non_native_set\astex_non_native_set\1hww\1tqs,0,5,1.53 MB (1606814 bytes),NO,2008-09-09 11:38:40 | ligand001.pdb,2026-05-30 14:45:40 | README.txt,CSD-derived context,curation_or_validation
<DATA_ROOT>\data_raw\csd_mof_collection\astex_related\extracted\astex_non_native_set\astex_non_native_set\1hww\1tqt,data_raw\csd_mof_collection\astex_related\extracted\astex_non_native_set\astex_non_native_set\1hww\1tqt,0,5,1.52 MB (1597729 bytes),NO,2008-09-09 11:38:46 | ligand001.pdb,2026-05-30 14:45:40 | README.txt,CSD-derived context,curation_or_validation
<DATA_ROOT>\data_raw\csd_mof_collection\astex_related\extracted\astex_non_native_set\astex_non_native_set\1hww\1tqu,data_raw\csd_mof_collection\astex_related\extracted\astex_non_native_set\astex_non_native_set\1hww\1tqu,0,5,1.54 MB (1614635 bytes),NO,2008-09-09 11:38:52 | ligand001.pdb,2026-05-30 14:45:40 | README.txt,CSD-derived context,curation_or_validation
<DATA_ROOT>\data_raw\csd_mof_collection\astex_related\extracted\astex_non_native_set\astex_non_native_set\1hww\1tqv,data_raw\csd_mof_collection\astex_related\extracted\astex_non_native_set\astex_non_native_set\1hww\1tqv,0,5,1.53 MB (1602864 bytes),NO,2008-09-09 11:38:58 | ligand001.pdb,2026-05-30 14:45:40 | README.txt,CSD-derived context,curation_or_validation
<DATA_ROOT>\data_raw\csd_mof_collection\astex_related\extracted\astex_non_native_set\astex_non_native_set\1hww\1tqw,data_raw\csd_mof_collection\astex_related\extracted\astex_non_native_set\astex_non_native_set\1hww\1tqw,0,5,1.53 MB (1609078 bytes),NO,2008-09-09 11:39:04 | ligand001.pdb,2026-05-30 14:45:40 | README.txt,CSD-derived context,curation_or_validation
<DATA_ROOT>\data_raw\csd_mof_collection\astex_related\extracted\astex_non_native_set\astex_non_native_set\1hww\2alw,data_raw\csd_mof_collection\astex_related\extracted\astex_non_native_set\astex_non_native_set\1hww\2alw,0,4,1.52 MB (1596131 bytes),NO,2008-09-09 11:39:10 | ligand001.pdb,2026-05-30 14:45:40 | README.txt,CSD-derived context,curation_or_validation
<DATA_ROOT>\data_raw\csd_mof_collection\astex_related\extracted\astex_non_native_set\astex_non_native_set\1hww\2f18,data_raw\csd_mof_collection\astex_related\extracted\astex_non_native_set\astex_non_native_set\1hww\2f18,0,7,1.54 MB (1616803 bytes),NO,2008-09-09 11:39:14 | other.pdb,2026-05-30 14:45:40 | README.txt,CSD-derived context,curation_or_validation
<DATA_ROOT>\data_raw\csd_mof_collection\astex_related\extracted\astex_non_native_set\astex_non_native_set\1hww\2f1a,data_raw\csd_mof_collection\astex_related\extracted\astex_non_native_set\astex_non_native_set\1hww\2f1a,0,7,1.54 MB (1610195 bytes),NO,2008-09-09 11:39:20 | ligand001.pdb,2026-05-30 14:45:40 | README.txt,CSD-derived context,curation_or_validation
<DATA_ROOT>\data_raw\csd_mof_collection\astex_related\extracted\astex_non_native_set\astex_non_native_set\1hww\2f1b,data_raw\csd_mof_collection\astex_related\extracted\astex_non_native_set\astex_non_native_set\1hww\2f1b,0,7,1.54 MB (1612650 bytes),NO,2008-09-09 11:39:26 | ligand001.pdb,2026-05-30 14:45:40 | README.txt,CSD-derived context,curation_or_validation
<DATA_ROOT>\data_raw\csd_mof_collection\astex_related\extracted\astex_non_native_set\astex_non_native_set\1hww\2f7o,data_raw\csd_mof_collection\astex_related\extracted\astex_non_native_set\astex_non_native_set\1hww\2f7o,0,6,1.52 MB (1597713 bytes),NO,2008-09-09 11:39:32 | ligand001.pdb,2026-05-30 14:45:40 | README.txt,CSD-derived context,curation_or_validation
<DATA_ROOT>\data_raw\csd_mof_collection\astex_related\extracted\astex_non_native_set\astex_non_native_set\1hww\2f7p,data_raw\csd_mof_collection\astex_related\extracted\astex_non_native_set\astex_non_native_set\1hww\2f7p,0,6,1.55 MB (1624554 bytes),NO,2008-09-09 11:39:38 | ligand001.pdb,2026-05-30 14:45:40 | README.txt,CSD-derived context,curation_or_validation
<DATA_ROOT>\data_raw\csd_mof_collection\astex_related\extracted\astex_non_native_set\astex_non_native_set\1hww\2f7q,data_raw\csd_mof_collection\astex_related\extracted\astex_non_native_set\astex_non_native_set\1hww\2f7q,0,5,1.53 MB (1607653 bytes),NO,2008-09-09 11:39:44 | ligand001.pdb,2026-05-30 14:45:40 | README.txt,CSD-derived context,curation_or_validation
<DATA_ROOT>\data_raw\csd_mof_collection\astex_related\extracted\astex_non_native_set\astex_non_native_set\1hww\2f7r,data_raw\csd_mof_collection\astex_related\extracted\astex_non_native_set\astex_non_native_set\1hww\2f7r,0,5,1.54 MB (1613944 bytes),NO,2008-09-09 11:39:48 | ligand001.pdb,2026-05-30 14:45:40 | README.txt,CSD-derived context,curation_or_validation
<DATA_ROOT>\data_raw\csd_mof_collection\astex_related\extracted\astex_non_native_set\astex_non_native_set\1hww\2fyv,data_raw\csd_mof_collection\astex_related\extracted\astex_non_native_set\astex_non_native_set\1hww\2fyv,0,5,1.52 MB (1598437 bytes),NO,2008-09-09 11:39:54 | ligand001.pdb,2026-05-30 14:45:40 | README.txt,CSD-derived context,curation_or_validation
<DATA_ROOT>\data_raw\csd_mof_collection\astex_related\extracted\astex_non_native_set\astex_non_native_set\1ia1,data_raw\csd_mof_collection\astex_related\extracted\astex_non_native_set\astex_non_native_set\1ia1,5,1,1.05 KB (1076 bytes),NO,2026-05-30 14:45:40 | README.txt,2026-05-30 14:45:40 | README.txt,CSD-derived context,curation_or_validation
<DATA_ROOT>\data_raw\csd_mof_collection\astex_related\extracted\astex_non_native_set\astex_non_native_set\1ia1\1ai9,data_raw\csd_mof_collection\astex_related\extracted\astex_non_native_set\astex_non_native_set\1ia1\1ai9,0,4,601.47 KB (615905 bytes),NO,2008-09-09 11:39:56 | other.pdb,2026-05-30 14:45:40 | README.txt,CSD-derived context,curation_or_validation
<DATA_ROOT>\data_raw\csd_mof_collection\astex_related\extracted\astex_non_native_set\astex_non_native_set\1ia1\1aoe,data_raw\csd_mof_collection\astex_related\extracted\astex_non_native_set\astex_non_native_set\1ia1\1aoe,0,5,616.64 KB (631441 bytes),NO,2008-09-09 11:39:58 | ligand001.pdb,2026-05-30 14:45:40 | README.txt,CSD-derived context,curation_or_validation
<DATA_ROOT>\data_raw\csd_mof_collection\astex_related\extracted\astex_non_native_set\astex_non_native_set\1ia1\1ia2,data_raw\csd_mof_collection\astex_related\extracted\astex_non_native_set\astex_non_native_set\1ia1\1ia2,0,5,619.75 KB (634629 bytes),NO,2008-09-09 11:40:00 | ligand001.pdb,2026-05-30 14:45:40 | README.txt,CSD-derived context,curation_or_validation
<DATA_ROOT>\data_raw\csd_mof_collection\astex_related\extracted\astex_non_native_set\astex_non_native_set\1ia1\1m78,data_raw\csd_mof_collection\astex_related\extracted\astex_non_native_set\astex_non_native_set\1ia1\1m78,0,5,614.87 KB (629623 bytes),NO,2008-09-09 11:40:02 | ligand001.pdb,2026-05-30 14:45:40 | README.txt,CSD-derived context,curation_or_validation
<DATA_ROOT>\data_raw\csd_mof_collection\astex_related\extracted\astex_non_native_set\astex_non_native_set\1ia1\1m7a,data_raw\csd_mof_collection\astex_related\extracted\astex_non_native_set\astex_non_native_set\1ia1\1m7a,0,5,617.87 KB (632697 bytes),NO,2008-09-09 11:40:04 | ligand001.pdb,2026-05-30 14:45:40 | README.txt,CSD-derived context,curation_or_validation
<DATA_ROOT>\data_raw\csd_mof_collection\astex_related\extracted\astex_non_native_set\astex_non_native_set\1ig3,data_raw\csd_mof_collection\astex_related\extracted\astex_non_native_set\astex_non_native_set\1ig3,1,1,1.05 KB (1076 bytes),NO,2026-05-30 14:45:40 | README.txt,2026-05-30 14:45:40 | README.txt,CSD-derived context,curation_or_validation
<DATA_ROOT>\data_raw\csd_mof_collection\astex_related\extracted\astex_non_native_set\astex_non_native_set\1ig3\2f17,data_raw\csd_mof_collection\astex_related\extracted\astex_non_native_set\astex_non_native_set\1ig3\2f17,0,6,728.67 KB (746163 bytes),NO,2008-09-09 11:40:06 | other.pdb,2026-05-30 14:45:40 | README.txt,CSD-derived context,curation_or_validation
<DATA_ROOT>\data_raw\csd_mof_collection\astex_related\extracted\astex_non_native_set\astex_non_native_set\1jd0,data_raw\csd_mof_collection\astex_related\extracted\astex_non_native_set\astex_non_native_set\1jd0,1,1,1.05 KB (1076 bytes),NO,2026-05-30 14:45:40 | README.txt,2026-05-30 14:45:40 | README.txt,CSD-derived context,curation_or_validation
<DATA_ROOT>\data_raw\csd_mof_collection\astex_related\extracted\astex_non_native_set\astex_non_native_set\1jd0\1jcz,data_raw\csd_mof_collection\astex_related\extracted\astex_non_native_set\astex_non_native_set\1jd0\1jcz,0,4,780.89 KB (799634 bytes),NO,2008-09-09 11:40:10 | ligand_other.pdb,2026-05-30 14:45:40 | README.txt,CSD-derived context,curation_or_validation
<DATA_ROOT>\data_raw\csd_mof_collection\astex_related\extracted\astex_non_native_set\astex_non_native_set\1jje,data_raw\csd_mof_collection\astex_related\extracted\astex_non_native_set\astex_non_native_set\1jje,2,1,1.05 KB (1076 bytes),NO,2026-05-30 14:45:40 | README.txt,2026-05-30 14:45:40 | README.txt,CSD-derived context,curation_or_validation
<DATA_ROOT>\data_raw\csd_mof_collection\astex_related\extracted\astex_non_native_set\astex_non_native_set\1jje\1dd6,data_raw\csd_mof_collection\astex_related\extracted\astex_non_native_set\astex_non_native_set\1jje\1dd6,0,5,650.87 KB (666489 bytes),NO,2008-09-09 11:40:12 | ligand001.pdb,2026-05-30 14:45:40 | README.txt,CSD-derived context,curation_or_validation
<DATA_ROOT>\data_raw\csd_mof_collection\astex_related\extracted\astex_non_native_set\astex_non_native_set\1jje\1jjt,data_raw\csd_mof_collection\astex_related\extracted\astex_non_native_set\astex_non_native_set\1jje\1jjt,0,4,669.28 KB (685339 bytes),NO,2008-09-09 11:40:14 | ligand001.pdb,2026-05-30 14:45:40 | README.txt,CSD-derived context,curation_or_validation
<DATA_ROOT>\data_raw\csd_mof_collection\astex_related\extracted\astex_non_native_set\astex_non_native_set\1jla,data_raw\csd_mof_collection\astex_related\extracted\astex_non_native_set\astex_non_native_set\1jla,1,1,1.05 KB (1076 bytes),NO,2026-05-30 14:45:40 | README.txt,2026-05-30 14:45:40 | README.txt,CSD-derived context,curation_or_validation
<DATA_ROOT>\data_raw\csd_mof_collection\astex_related\extracted\astex_non_native_set\astex_non_native_set\1jla\1jkh,data_raw\csd_mof_collection\astex_related\extracted\astex_non_native_set\astex_non_native_set\1jla\1jkh,0,4,1.40 MB (1465361 bytes),NO,2008-09-09 11:40:18 | ligand001.pdb,2026-05-30 14:45:40 | README.txt,CSD-derived context,curation_or_validation
<DATA_ROOT>\data_raw\csd_mof_collection\astex_related\extracted\astex_non_native_set\astex_non_native_set\1k3u,data_raw\csd_mof_collection\astex_related\extracted\astex_non_native_set\astex_non_native_set\1k3u,12,1,1.05 KB (1076 bytes),NO,2026-05-30 14:45:40 | README.txt,2026-05-30 14:45:40 | README.txt,CSD-derived context,curation_or_validation
<DATA_ROOT>\data_raw\csd_mof_collection\astex_related\extracted\astex_non_native_set\astex_non_native_set\1k3u\1a50,data_raw\csd_mof_collection\astex_related\extracted\astex_non_native_set\astex_non_native_set\1k3u\1a50,0,4,912.16 KB (934047 bytes),NO,2008-09-09 11:40:20 | ligand001.pdb,2026-05-30 14:45:40 | README.txt,CSD-derived context,curation_or_validation
<DATA_ROOT>\data_raw\csd_mof_collection\astex_related\extracted\astex_non_native_set\astex_non_native_set\1k3u\1c29,data_raw\csd_mof_collection\astex_related\extracted\astex_non_native_set\astex_non_native_set\1k3u\1c29,0,4,907.35 KB (929122 bytes),NO,2008-09-09 11:40:24 | ligand001.pdb,2026-05-30 14:45:40 | README.txt,CSD-derived context,curation_or_validation
<DATA_ROOT>\data_raw\csd_mof_collection\astex_related\extracted\astex_non_native_set\astex_non_native_set\1k3u\1c8v,data_raw\csd_mof_collection\astex_related\extracted\astex_non_native_set\astex_non_native_set\1k3u\1c8v,0,4,907.18 KB (928954 bytes),NO,2008-09-09 11:40:26 | ligand001.pdb,2026-05-30 14:45:40 | README.txt,CSD-derived context,curation_or_validation
<DATA_ROOT>\data_raw\csd_mof_collection\astex_related\extracted\astex_non_native_set\astex_non_native_set\1k3u\1c9d,data_raw\csd_mof_collection\astex_related\extracted\astex_non_native_set\astex_non_native_set\1k3u\1c9d,0,4,909.44 KB (931269 bytes),NO,2008-09-09 11:40:30 | ligand001.pdb,2026-05-30 14:45:40 | README.txt,CSD-derived context,curation_or_validation
<DATA_ROOT>\data_raw\csd_mof_collection\astex_related\extracted\astex_non_native_set\astex_non_native_set\1k3u\1cw2,data_raw\csd_mof_collection\astex_related\extracted\astex_non_native_set\astex_non_native_set\1k3u\1cw2,0,4,909.13 KB (930953 bytes),NO,2008-09-09 11:40:32 | ligand001.pdb,2026-05-30 14:45:40 | README.txt,CSD-derived context,curation_or_validation
<DATA_ROOT>\data_raw\csd_mof_collection\astex_related\extracted\astex_non_native_set\astex_non_native_set\1k3u\1cx9,data_raw\csd_mof_collection\astex_related\extracted\astex_non_native_set\astex_non_native_set\1k3u\1cx9,0,4,906.95 KB (928717 bytes),NO,2008-09-09 11:40:34 | ligand001.pdb,2026-05-30 14:45:40 | README.txt,CSD-derived context,curation_or_validation
<DATA_ROOT>\data_raw\csd_mof_collection\astex_related\extracted\astex_non_native_set\astex_non_native_set\1k3u\1fuy,data_raw\csd_mof_collection\astex_related\extracted\astex_non_native_set\astex_non_native_set\1k3u\1fuy,0,4,917.26 KB (939273 bytes),NO,2008-09-09 11:40:38 | ligand001.pdb,2026-05-30 14:45:40 | README.txt,CSD-derived context,curation_or_validation
<DATA_ROOT>\data_raw\csd_mof_collection\astex_related\extracted\astex_non_native_set\astex_non_native_set\1k3u\1qop,data_raw\csd_mof_collection\astex_related\extracted\astex_non_native_set\astex_non_native_set\1k3u\1qop,0,4,968.66 KB (991906 bytes),NO,2008-09-09 11:40:40 | other.pdb,2026-05-30 14:45:40 | README.txt,CSD-derived context,curation_or_validation
<DATA_ROOT>\data_raw\csd_mof_collection\astex_related\extracted\astex_non_native_set\astex_non_native_set\1k3u\1tjp,data_raw\csd_mof_collection\astex_related\extracted\astex_non_native_set\astex_non_native_set\1k3u\1tjp,0,5,975.21 KB (998614 bytes),NO,2008-09-09 11:40:44 | ligand001.pdb,2026-05-30 14:45:40 | README.txt,CSD-derived context,curation_or_validation
<DATA_ROOT>\data_raw\csd_mof_collection\astex_related\extracted\astex_non_native_set\astex_non_native_set\1k3u\1wbj,data_raw\csd_mof_collection\astex_related\extracted\astex_non_native_set\astex_non_native_set\1k3u\1wbj,0,5,946.42 KB (969135 bytes),NO,2008-09-09 11:40:48 | ligand001.pdb,2026-05-30 14:45:40 | README.txt,CSD-derived context,curation_or_validation
<DATA_ROOT>\data_raw\csd_mof_collection\astex_related\extracted\astex_non_native_set\astex_non_native_set\1k3u\2trs,data_raw\csd_mof_collection\astex_related\extracted\astex_non_native_set\astex_non_native_set\1k3u\2trs,0,4,910.53 KB (932378 bytes),NO,2008-09-09 11:40:50 | ligand001.pdb,2026-05-30 14:45:40 | README.txt,CSD-derived context,curation_or_validation
<DATA_ROOT>\data_raw\csd_mof_collection\astex_related\extracted\astex_non_native_set\astex_non_native_set\1k3u\2tsy,data_raw\csd_mof_collection\astex_related\extracted\astex_non_native_set\astex_non_native_set\1k3u\2tsy,0,4,904.85 KB (926568 bytes),NO,2008-09-09 11:40:52 | ligand001.pdb,2026-05-30 14:45:40 | README.txt,CSD-derived context,curation_or_validation
<DATA_ROOT>\data_raw\csd_mof_collection\astex_related\extracted\astex_non_native_set\astex_non_native_set\1ke5,data_raw\csd_mof_collection\astex_related\extracted\astex_non_native_set\astex_non_native_set\1ke5,80,1,1.05 KB (1076 bytes),NO,2026-05-30 14:45:40 | README.txt,2026-05-30 14:45:40 | README.txt,CSD-derived context,curation_or_validation
<DATA_ROOT>\data_raw\csd_mof_collection\astex_related\extracted\astex_non_native_set\astex_non_native_set\1ke5\1aq1,data_raw\csd_mof_collection\astex_related\extracted\astex_non_native_set\astex_non_native_set\1ke5\1aq1,0,5,422.45 KB (432587 bytes),NO,2008-09-09 11:40:56 | ligand001.pdb,2026-05-30 14:45:40 | README.txt,CSD-derived context,curation_or_validation
<DATA_ROOT>\data_raw\csd_mof_collection\astex_related\extracted\astex_non_native_set\astex_non_native_set\1ke5\1b38,data_raw\csd_mof_collection\astex_related\extracted\astex_non_native_set\astex_non_native_set\1ke5\1b38,0,5,448.65 KB (459422 bytes),NO,2008-09-09 11:40:56 | ligand001.pdb,2026-05-30 14:45:40 | README.txt,CSD-derived context,curation_or_validation
<DATA_ROOT>\data_raw\csd_mof_collection\astex_related\extracted\astex_non_native_set\astex_non_native_set\1ke5\1b39,data_raw\csd_mof_collection\astex_related\extracted\astex_non_native_set\astex_non_native_set\1ke5\1b39,0,5,443.95 KB (454603 bytes),NO,2008-09-09 11:40:58 | ligand001.pdb,2026-05-30 14:45:40 | README.txt,CSD-derived context,curation_or_validation
<DATA_ROOT>\data_raw\csd_mof_collection\astex_related\extracted\astex_non_native_set\astex_non_native_set\1ke5\1ckp,data_raw\csd_mof_collection\astex_related\extracted\astex_non_native_set\astex_non_native_set\1ke5\1ckp,0,6,423.97 KB (434150 bytes),NO,2008-09-09 11:41:00 | ligand001.pdb,2026-05-30 14:45:40 | README.txt,CSD-derived context,curation_or_validation
<DATA_ROOT>\data_raw\csd_mof_collection\astex_related\extracted\astex_non_native_set\astex_non_native_set\1ke5\1di8,data_raw\csd_mof_collection\astex_related\extracted\astex_non_native_set\astex_non_native_set\1ke5\1di8,0,4,426.01 KB (436238 bytes),NO,2008-09-09 11:41:02 | ligand001.pdb,2026-05-30 14:45:40 | README.txt,CSD-derived context,curation_or_validation
<DATA_ROOT>\data_raw\csd_mof_collection\astex_related\extracted\astex_non_native_set\astex_non_native_set\1ke5\1e1v,data_raw\csd_mof_collection\astex_related\extracted\astex_non_native_set\astex_non_native_set\1ke5\1e1v,0,4,444.66 KB (455331 bytes),NO,2008-09-09 11:41:02 | ligand001.pdb,2026-05-30 14:45:40 | README.txt,CSD-derived context,curation_or_validation
<DATA_ROOT>\data_raw\csd_mof_collection\astex_related\extracted\astex_non_native_set\astex_non_native_set\1ke5\1e1x,data_raw\csd_mof_collection\astex_related\extracted\astex_non_native_set\astex_non_native_set\1ke5\1e1x,0,4,442.33 KB (452951 bytes),NO,2008-09-09 11:41:04 | ligand001.pdb,2026-05-30 14:45:40 | README.txt,CSD-derived context,curation_or_validation
<DATA_ROOT>\data_raw\csd_mof_collection\astex_related\extracted\astex_non_native_set\astex_non_native_set\1ke5\1e9h,data_raw\csd_mof_collection\astex_related\extracted\astex_non_native_set\astex_non_native_set\1ke5\1e9h,0,4,1.63 MB (1708615 bytes),NO,2008-09-09 11:41:08 | ligand001.pdb,2026-05-30 14:45:40 | README.txt,CSD-derived context,curation_or_validation
<DATA_ROOT>\data_raw\csd_mof_collection\astex_related\extracted\astex_non_native_set\astex_non_native_set\1ke5\1fin,data_raw\csd_mof_collection\astex_related\extracted\astex_non_native_set\astex_non_native_set\1ke5\1fin,0,4,1.65 MB (1725914 bytes),NO,2008-09-09 11:41:14 | ligand001.pdb,2026-05-30 14:45:40 | README.txt,CSD-derived context,curation_or_validation
<DATA_ROOT>\data_raw\csd_mof_collection\astex_related\extracted\astex_non_native_set\astex_non_native_set\1ke5\1fvt,data_raw\csd_mof_collection\astex_related\extracted\astex_non_native_set\astex_non_native_set\1ke5\1fvt,0,4,423.49 KB (433654 bytes),NO,2008-09-09 11:41:16 | ligand001.pdb,2026-05-30 14:45:40 | README.txt,CSD-derived context,curation_or_validation
<DATA_ROOT>\data_raw\csd_mof_collection\astex_related\extracted\astex_non_native_set\astex_non_native_set\1ke5\1gz8,data_raw\csd_mof_collection\astex_related\extracted\astex_non_native_set\astex_non_native_set\1ke5\1gz8,0,5,460.29 KB (471339 bytes),NO,2008-09-09 11:41:18 | ligand001.pdb,2026-05-30 14:45:40 | README.txt,CSD-derived context,curation_or_validation
<DATA_ROOT>\data_raw\csd_mof_collection\astex_related\extracted\astex_non_native_set\astex_non_native_set\1ke5\1h00,data_raw\csd_mof_collection\astex_related\extracted\astex_non_native_set\astex_non_native_set\1ke5\1h00,0,6,422.07 KB (432200 bytes),NO,2008-09-09 11:41:20 | ligand001.pdb,2026-05-30 14:45:40 | README.txt,CSD-derived context,curation_or_validation
<DATA_ROOT>\data_raw\csd_mof_collection\astex_related\extracted\astex_non_native_set\astex_non_native_set\1ke5\1h08,data_raw\csd_mof_collection\astex_related\extracted\astex_non_native_set\astex_non_native_set\1ke5\1h08,0,6,429.98 KB (440298 bytes),NO,2008-09-09 11:41:20 | ligand001.pdb,2026-05-30 14:45:40 | README.txt,CSD-derived context,curation_or_validation
<DATA_ROOT>\data_raw\csd_mof_collection\astex_related\extracted\astex_non_native_set\astex_non_native_set\1ke5\1h0v,data_raw\csd_mof_collection\astex_related\extracted\astex_non_native_set\astex_non_native_set\1ke5\1h0v,0,5,450.96 KB (461781 bytes),NO,2008-09-09 11:41:22 | ligand001.pdb,2026-05-30 14:45:40 | README.txt,CSD-derived context,curation_or_validation
<DATA_ROOT>\data_raw\csd_mof_collection\astex_related\extracted\astex_non_native_set\astex_non_native_set\1ke5\1h0w,data_raw\csd_mof_collection\astex_related\extracted\astex_non_native_set\astex_non_native_set\1ke5\1h0w,0,5,431.38 KB (441730 bytes),NO,2008-09-09 11:41:24 | ligand001.pdb,2026-05-30 14:45:40 | README.txt,CSD-derived context,curation_or_validation
<DATA_ROOT>\data_raw\csd_mof_collection\astex_related\extracted\astex_non_native_set\astex_non_native_set\1ke5\1h1p,data_raw\csd_mof_collection\astex_related\extracted\astex_non_native_set\astex_non_native_set\1ke5\1h1p,0,4,1.63 MB (1711795 bytes),NO,2008-09-09 11:41:30 | ligand001.pdb,2026-05-30 14:45:40 | README.txt,CSD-derived context,curation_or_validation
<DATA_ROOT>\data_raw\csd_mof_collection\astex_related\extracted\astex_non_native_set\astex_non_native_set\1ke5\1h1q,data_raw\csd_mof_collection\astex_related\extracted\astex_non_native_set\astex_non_native_set\1ke5\1h1q,0,4,1.63 MB (1707530 bytes),NO,2008-09-09 11:41:36 | ligand001.pdb,2026-05-30 14:45:40 | README.txt,CSD-derived context,curation_or_validation
<DATA_ROOT>\data_raw\csd_mof_collection\astex_related\extracted\astex_non_native_set\astex_non_native_set\1ke5\1h1r,data_raw\csd_mof_collection\astex_related\extracted\astex_non_native_set\astex_non_native_set\1ke5\1h1r,0,6,1.66 MB (1738824 bytes),NO,2008-09-09 11:41:40 | ligand001.pdb,2026-05-30 14:45:40 | README.txt,CSD-derived context,curation_or_validation
<DATA_ROOT>\data_raw\csd_mof_collection\astex_related\extracted\astex_non_native_set\astex_non_native_set\1ke5\1h1s,data_raw\csd_mof_collection\astex_related\extracted\astex_non_native_set\astex_non_native_set\1ke5\1h1s,0,4,1.66 MB (1737478 bytes),NO,2008-09-09 11:41:46 | ligand001.pdb,2026-05-30 14:45:40 | README.txt,CSD-derived context,curation_or_validation
<DATA_ROOT>\data_raw\csd_mof_collection\astex_related\extracted\astex_non_native_set\astex_non_native_set\1ke5\1h24,data_raw\csd_mof_collection\astex_related\extracted\astex_non_native_set\astex_non_native_set\1ke5\1h24,0,3,1.62 MB (1697928 bytes),NO,2008-09-09 11:41:52 | protein.mol2,2026-05-30 14:45:40 | README.txt,CSD-derived context,curation_or_validation
<DATA_ROOT>\data_raw\csd_mof_collection\astex_related\extracted\astex_non_native_set\astex_non_native_set\1ke5\1h25,data_raw\csd_mof_collection\astex_related\extracted\astex_non_native_set\astex_non_native_set\1ke5\1h25,0,3,1.60 MB (1672566 bytes),NO,2008-09-09 11:41:56 | water.pdb,2026-05-30 14:45:40 | README.txt,CSD-derived context,curation_or_validation
<DATA_ROOT>\data_raw\csd_mof_collection\astex_related\extracted\astex_non_native_set\astex_non_native_set\1ke5\1h26,data_raw\csd_mof_collection\astex_related\extracted\astex_non_native_set\astex_non_native_set\1ke5\1h26,0,3,1.59 MB (1662124 bytes),NO,2008-09-09 11:42:02 | protein.mol2,2026-05-30 14:45:40 | README.txt,CSD-derived context,curation_or_validation
<DATA_ROOT>\data_raw\csd_mof_collection\astex_related\extracted\astex_non_native_set\astex_non_native_set\1ke5\1h27,data_raw\csd_mof_collection\astex_related\extracted\astex_non_native_set\astex_non_native_set\1ke5\1h27,0,3,1.61 MB (1693349 bytes),NO,2008-09-09 11:42:06 | water.pdb,2026-05-30 14:45:40 | README.txt,CSD-derived context,curation_or_validation
<DATA_ROOT>\data_raw\csd_mof_collection\astex_related\extracted\astex_non_native_set\astex_non_native_set\1ke5\1hck,data_raw\csd_mof_collection\astex_related\extracted\astex_non_native_set\astex_non_native_set\1ke5\1hck,0,6,446.42 KB (457136 bytes),NO,2008-09-09 11:42:08 | ligand001.pdb,2026-05-30 14:45:40 | README.txt,CSD-derived context,curation_or_validation
<DATA_ROOT>\data_raw\csd_mof_collection\astex_related\extracted\astex_non_native_set\astex_non_native_set\1ke5\1hcl,data_raw\csd_mof_collection\astex_related\extracted\astex_non_native_set\astex_non_native_set\1ke5\1hcl,0,4,448.76 KB (459528 bytes),NO,2008-09-09 11:42:10 | other.pdb,2026-05-30 14:45:40 | README.txt,CSD-derived context,curation_or_validation
<DATA_ROOT>\data_raw\csd_mof_collection\astex_related\extracted\astex_non_native_set\astex_non_native_set\1ke5\1jsv,data_raw\csd_mof_collection\astex_related\extracted\astex_non_native_set\astex_non_native_set\1ke5\1jsv,0,4,455.75 KB (466690 bytes),NO,2008-09-09 11:42:12 | ligand001.pdb,2026-05-30 14:45:40 | README.txt,CSD-derived context,curation_or_validation
<DATA_ROOT>\data_raw\csd_mof_collection\astex_related\extracted\astex_non_native_set\astex_non_native_set\1ke5\1ke6,data_raw\csd_mof_collection\astex_related\extracted\astex_non_native_set\astex_non_native_set\1ke5\1ke6,0,4,425.68 KB (435895 bytes),NO,2008-09-09 11:42:12 | ligand001.pdb,2026-05-30 14:45:40 | README.txt,CSD-derived context,curation_or_validation
<DATA_ROOT>\data_raw\csd_mof_collection\astex_related\extracted\astex_non_native_set\astex_non_native_set\1ke5\1ke7,data_raw\csd_mof_collection\astex_related\extracted\astex_non_native_set\astex_non_native_set\1ke5\1ke7,0,4,424.93 KB (435132 bytes),NO,2008-09-09 11:42:14 | ligand001.pdb,2026-05-30 14:45:40 | README.txt,CSD-derived context,curation_or_validation
<DATA_ROOT>\data_raw\csd_mof_collection\astex_related\extracted\astex_non_native_set\astex_non_native_set\1ke5\1ke8,data_raw\csd_mof_collection\astex_related\extracted\astex_non_native_set\astex_non_native_set\1ke5\1ke8,0,4,426.85 KB (437098 bytes),NO,2008-09-09 11:42:16 | ligand001.pdb,2026-05-30 14:45:40 | README.txt,CSD-derived context,curation_or_validation
<DATA_ROOT>\data_raw\csd_mof_collection\astex_related\extracted\astex_non_native_set\astex_non_native_set\1ke5\1ke9,data_raw\csd_mof_collection\astex_related\extracted\astex_non_native_set\astex_non_native_set\1ke5\1ke9,0,4,423.78 KB (433949 bytes),NO,2008-09-09 11:42:16 | water.pdb,2026-05-30 14:45:40 | README.txt,CSD-derived context,curation_or_validation
<DATA_ROOT>\data_raw\csd_mof_collection\astex_related\extracted\astex_non_native_set\astex_non_native_set\1ke5\1oi9,data_raw\csd_mof_collection\astex_related\extracted\astex_non_native_set\astex_non_native_set\1ke5\1oi9,0,5,1.62 MB (1701427 bytes),NO,2008-09-09 11:42:22 | ligand_other.pdb,2026-05-30 14:45:40 | README.txt,CSD-derived context,curation_or_validation
<DATA_ROOT>\data_raw\csd_mof_collection\astex_related\extracted\astex_non_native_set\astex_non_native_set\1ke5\1oiq,data_raw\csd_mof_collection\astex_related\extracted\astex_non_native_set\astex_non_native_set\1ke5\1oiq,0,4,391.78 KB (401179 bytes),NO,2008-09-09 11:42:24 | ligand001.pdb,2026-05-30 14:45:40 | README.txt,CSD-derived context,curation_or_validation
<DATA_ROOT>\data_raw\csd_mof_collection\astex_related\extracted\astex_non_native_set\astex_non_native_set\1ke5\1oit,data_raw\csd_mof_collection\astex_related\extracted\astex_non_native_set\astex_non_native_set\1ke5\1oit,0,4,421.08 KB (431191 bytes),NO,2008-09-09 11:42:24 | ligand001.pdb,2026-05-30 14:45:40 | README.txt,CSD-derived context,curation_or_validation
<DATA_ROOT>\data_raw\csd_mof_collection\astex_related\extracted\astex_non_native_set\astex_non_native_set\1ke5\1oiu,data_raw\csd_mof_collection\astex_related\extracted\astex_non_native_set\astex_non_native_set\1ke5\1oiu,0,4,1.60 MB (1682478 bytes),NO,2008-09-09 11:42:30 | other.pdb,2026-05-30 14:45:40 | README.txt,CSD-derived context,curation_or_validation
<DATA_ROOT>\data_raw\csd_mof_collection\astex_related\extracted\astex_non_native_set\astex_non_native_set\1ke5\1oiy,data_raw\csd_mof_collection\astex_related\extracted\astex_non_native_set\astex_non_native_set\1ke5\1oiy,0,6,1.62 MB (1700836 bytes),NO,2008-09-09 11:42:36 | ligand001.pdb,2026-05-30 14:45:40 | README.txt,CSD-derived context,curation_or_validation
<DATA_ROOT>\data_raw\csd_mof_collection\astex_related\extracted\astex_non_native_set\astex_non_native_set\1ke5\1okv,data_raw\csd_mof_collection\astex_related\extracted\astex_non_native_set\astex_non_native_set\1ke5\1okv,0,3,1.67 MB (1751345 bytes),NO,2008-09-09 11:42:40 | water.pdb,2026-05-30 14:45:40 | README.txt,CSD-derived context,curation_or_validation
<DATA_ROOT>\data_raw\csd_mof_collection\astex_related\extracted\astex_non_native_set\astex_non_native_set\1ke5\1okw,data_raw\csd_mof_collection\astex_related\extracted\astex_non_native_set\astex_non_native_set\1ke5\1okw,0,3,1.65 MB (1732710 bytes),NO,2008-09-09 11:42:46 | protein.mol2,2026-05-30 14:45:40 | README.txt,CSD-derived context,curation_or_validation
<DATA_ROOT>\data_raw\csd_mof_collection\astex_related\extracted\astex_non_native_set\astex_non_native_set\1ke5\1p2a,data_raw\csd_mof_collection\astex_related\extracted\astex_non_native_set\astex_non_native_set\1ke5\1p2a,0,4,410.60 KB (420454 bytes),NO,2008-09-09 11:42:48 | ligand001.pdb,2026-05-30 14:45:40 | README.txt,CSD-derived context,curation_or_validation
<DATA_ROOT>\data_raw\csd_mof_collection\astex_related\extracted\astex_non_native_set\astex_non_native_set\1ke5\1p5e,data_raw\csd_mof_collection\astex_related\extracted\astex_non_native_set\astex_non_native_set\1ke5\1p5e,0,4,1.62 MB (1696260 bytes),NO,2008-09-09 11:42:54 | ligand001.pdb,2026-05-30 14:45:40 | README.txt,CSD-derived context,curation_or_validation
<DATA_ROOT>\data_raw\csd_mof_collection\astex_related\extracted\astex_non_native_set\astex_non_native_set\1ke5\1pkd,data_raw\csd_mof_collection\astex_related\extracted\astex_non_native_set\astex_non_native_set\1ke5\1pkd,0,4,1.64 MB (1715710 bytes),NO,2008-09-09 11:42:58 | ligand001.pdb,2026-05-30 14:45:40 | README.txt,CSD-derived context,curation_or_validation
<DATA_ROOT>\data_raw\csd_mof_collection\astex_related\extracted\astex_non_native_set\astex_non_native_set\1ke5\1pw2,data_raw\csd_mof_collection\astex_related\extracted\astex_non_native_set\astex_non_native_set\1ke5\1pw2,0,3,452.36 KB (463217 bytes),NO,2008-09-09 11:43:00 | protein.mol2,2026-05-30 14:45:40 | README.txt,CSD-derived context,curation_or_validation
<DATA_ROOT>\data_raw\csd_mof_collection\astex_related\extracted\astex_non_native_set\astex_non_native_set\1ke5\1pxi,data_raw\csd_mof_collection\astex_related\extracted\astex_non_native_set\astex_non_native_set\1ke5\1pxi,0,4,455.14 KB (466068 bytes),NO,2008-09-09 11:43:02 | ligand001.pdb,2026-05-30 14:45:40 | README.txt,CSD-derived context,curation_or_validation
<DATA_ROOT>\data_raw\csd_mof_collection\astex_related\extracted\astex_non_native_set\astex_non_native_set\1ke5\1pxj,data_raw\csd_mof_collection\astex_related\extracted\astex_non_native_set\astex_non_native_set\1ke5\1pxj,0,4,444.86 KB (455532 bytes),NO,2008-09-09 11:43:04 | ligand001.pdb,2026-05-30 14:45:40 | README.txt,CSD-derived context,curation_or_validation
<DATA_ROOT>\data_raw\csd_mof_collection\astex_related\extracted\astex_non_native_set\astex_non_native_set\1ke5\1pxl,data_raw\csd_mof_collection\astex_related\extracted\astex_non_native_set\astex_non_native_set\1ke5\1pxl,0,5,434.52 KB (444945 bytes),NO,2008-09-09 11:43:04 | ligand001.pdb,2026-05-30 14:45:40 | README.txt,CSD-derived context,curation_or_validation
<DATA_ROOT>\data_raw\csd_mof_collection\astex_related\extracted\astex_non_native_set\astex_non_native_set\1ke5\1qmz,data_raw\csd_mof_collection\astex_related\extracted\astex_non_native_set\astex_non_native_set\1ke5\1qmz,0,4,1.68 MB (1763239 bytes),NO,2008-09-09 11:43:10 | ligand001.pdb,2026-05-30 14:45:40 | README.txt,CSD-derived context,curation_or_validation
<DATA_ROOT>\data_raw\csd_mof_collection\astex_related\extracted\astex_non_native_set\astex_non_native_set\1ke5\1urw,data_raw\csd_mof_collection\astex_related\extracted\astex_non_native_set\astex_non_native_set\1ke5\1urw,0,5,412.14 KB (422036 bytes),NO,2008-09-09 11:43:12 | ligand001.pdb,2026-05-30 14:45:40 | README.txt,CSD-derived context,curation_or_validation
<DATA_ROOT>\data_raw\csd_mof_collection\astex_related\extracted\astex_non_native_set\astex_non_native_set\1ke5\1v1k,data_raw\csd_mof_collection\astex_related\extracted\astex_non_native_set\astex_non_native_set\1ke5\1v1k,0,5,407.03 KB (416795 bytes),NO,2008-09-09 11:43:14 | ligand001.pdb,2026-05-30 14:45:40 | README.txt,CSD-derived context,curation_or_validation
<DATA_ROOT>\data_raw\csd_mof_collection\astex_related\extracted\astex_non_native_set\astex_non_native_set\1ke5\1vyz,data_raw\csd_mof_collection\astex_related\extracted\astex_non_native_set\astex_non_native_set\1ke5\1vyz,0,4,419.42 KB (429491 bytes),NO,2008-09-09 11:43:16 | ligand001.pdb,2026-05-30 14:45:40 | README.txt,CSD-derived context,curation_or_validation
<DATA_ROOT>\data_raw\csd_mof_collection\astex_related\extracted\astex_non_native_set\astex_non_native_set\1ke5\1w0x,data_raw\csd_mof_collection\astex_related\extracted\astex_non_native_set\astex_non_native_set\1ke5\1w0x,0,6,422.55 KB (432690 bytes),NO,2008-09-09 11:43:16 | ligand001.pdb,2026-05-30 14:45:40 | README.txt,CSD-derived context,curation_or_validation
<DATA_ROOT>\data_raw\csd_mof_collection\astex_related\extracted\astex_non_native_set\astex_non_native_set\1ke5\1w8c,data_raw\csd_mof_collection\astex_related\extracted\astex_non_native_set\astex_non_native_set\1ke5\1w8c,0,5,445.17 KB (455856 bytes),NO,2008-09-09 11:43:18 | ligand001.pdb,2026-05-30 14:45:40 | README.txt,CSD-derived context,curation_or_validation
<DATA_ROOT>\data_raw\csd_mof_collection\astex_related\extracted\astex_non_native_set\astex_non_native_set\1ke5\1w98,data_raw\csd_mof_collection\astex_related\extracted\astex_non_native_set\astex_non_native_set\1ke5\1w98,0,3,884.30 KB (905527 bytes),NO,2008-09-09 11:43:22 | protein.mol2,2026-05-30 14:45:40 | README.txt,CSD-derived context,curation_or_validation
<DATA_ROOT>\data_raw\csd_mof_collection\astex_related\extracted\astex_non_native_set\astex_non_native_set\1ke5\1wcc,data_raw\csd_mof_collection\astex_related\extracted\astex_non_native_set\astex_non_native_set\1ke5\1wcc,0,5,441.56 KB (452155 bytes),NO,2008-09-09 11:43:22 | ligand001.pdb,2026-05-30 14:45:40 | README.txt,CSD-derived context,curation_or_validation
<DATA_ROOT>\data_raw\csd_mof_collection\astex_related\extracted\astex_non_native_set\astex_non_native_set\1ke5\1y8y,data_raw\csd_mof_collection\astex_related\extracted\astex_non_native_set\astex_non_native_set\1ke5\1y8y,0,4,447.79 KB (458532 bytes),NO,2008-09-09 11:43:24 | ligand001.pdb,2026-05-30 14:45:40 | README.txt,CSD-derived context,curation_or_validation
<DATA_ROOT>\data_raw\csd_mof_collection\astex_related\extracted\astex_non_native_set\astex_non_native_set\1ke5\1y91,data_raw\csd_mof_collection\astex_related\extracted\astex_non_native_set\astex_non_native_set\1ke5\1y91,0,4,435.65 KB (446108 bytes),NO,2008-09-09 11:43:26 | ligand001.pdb,2026-05-30 14:45:40 | README.txt,CSD-derived context,curation_or_validation
<DATA_ROOT>\data_raw\csd_mof_collection\astex_related\extracted\astex_non_native_set\astex_non_native_set\1ke5\1ykr,data_raw\csd_mof_collection\astex_related\extracted\astex_non_native_set\astex_non_native_set\1ke5\1ykr,0,4,451.00 KB (461823 bytes),NO,2008-09-09 11:43:28 | ligand001.pdb,2026-05-30 14:45:40 | README.txt,CSD-derived context,curation_or_validation
<DATA_ROOT>\data_raw\csd_mof_collection\astex_related\extracted\astex_non_native_set\astex_non_native_set\1ke5\2a0c,data_raw\csd_mof_collection\astex_related\extracted\astex_non_native_set\astex_non_native_set\1ke5\2a0c,0,5,447.89 KB (458639 bytes),NO,2008-09-09 11:43:30 | ligand001.pdb,2026-05-30 14:45:40 | README.txt,CSD-derived context,curation_or_validation
<DATA_ROOT>\data_raw\csd_mof_collection\astex_related\extracted\astex_non_native_set\astex_non_native_set\1ke5\2a4l,data_raw\csd_mof_collection\astex_related\extracted\astex_non_native_set\astex_non_native_set\1ke5\2a4l,0,4,433.14 KB (443532 bytes),NO,2008-09-09 11:43:30 | water.pdb,2026-05-30 14:45:40 | README.txt,CSD-derived context,curation_or_validation
<DATA_ROOT>\data_raw\csd_mof_collection\astex_related\extracted\astex_non_native_set\astex_non_native_set\1ke5\2b52,data_raw\csd_mof_collection\astex_related\extracted\astex_non_native_set\astex_non_native_set\1ke5\2b52,0,4,425.83 KB (436054 bytes),NO,2008-09-09 11:43:32 | ligand001.pdb,2026-05-30 14:45:40 | README.txt,CSD-derived context,curation_or_validation
<DATA_ROOT>\data_raw\csd_mof_collection\astex_related\extracted\astex_non_native_set\astex_non_native_set\1ke5\2b53,data_raw\csd_mof_collection\astex_related\extracted\astex_non_native_set\astex_non_native_set\1ke5\2b53,0,4,442.91 KB (453540 bytes),NO,2008-09-09 11:43:34 | ligand001.pdb,2026-05-30 14:45:40 | README.txt,CSD-derived context,curation_or_validation
<DATA_ROOT>\data_raw\csd_mof_collection\astex_related\extracted\astex_non_native_set\astex_non_native_set\1ke5\2b54,data_raw\csd_mof_collection\astex_related\extracted\astex_non_native_set\astex_non_native_set\1ke5\2b54,0,5,507.21 KB (519384 bytes),NO,2008-09-09 11:43:36 | ligand001.pdb,2026-05-30 14:45:40 | README.txt,CSD-derived context,curation_or_validation
<DATA_ROOT>\data_raw\csd_mof_collection\astex_related\extracted\astex_non_native_set\astex_non_native_set\1ke5\2btr,data_raw\csd_mof_collection\astex_related\extracted\astex_non_native_set\astex_non_native_set\1ke5\2btr,0,4,414.27 KB (424210 bytes),NO,2008-09-09 11:43:38 | ligand001.pdb,2026-05-30 14:45:40 | README.txt,CSD-derived context,curation_or_validation
<DATA_ROOT>\data_raw\csd_mof_collection\astex_related\extracted\astex_non_native_set\astex_non_native_set\1ke5\2c5n,data_raw\csd_mof_collection\astex_related\extracted\astex_non_native_set\astex_non_native_set\1ke5\2c5n,0,5,1.67 MB (1752319 bytes),NO,2008-09-09 11:43:44 | ligand001.pdb,2026-05-30 14:45:40 | README.txt,CSD-derived context,curation_or_validation
<DATA_ROOT>\data_raw\csd_mof_collection\astex_related\extracted\astex_non_native_set\astex_non_native_set\1ke5\2c5o,data_raw\csd_mof_collection\astex_related\extracted\astex_non_native_set\astex_non_native_set\1ke5\2c5o,0,6,1.65 MB (1734748 bytes),NO,2008-09-09 11:43:48 | water.pdb,2026-05-30 14:45:40 | README.txt,CSD-derived context,curation_or_validation
<DATA_ROOT>\data_raw\csd_mof_collection\astex_related\extracted\astex_non_native_set\astex_non_native_set\1ke5\2c5p,data_raw\csd_mof_collection\astex_related\extracted\astex_non_native_set\astex_non_native_set\1ke5\2c5p,0,5,1.65 MB (1732535 bytes),NO,2008-09-09 11:43:54 | ligand001.pdb,2026-05-30 14:45:40 | README.txt,CSD-derived context,curation_or_validation
<DATA_ROOT>\data_raw\csd_mof_collection\astex_related\extracted\astex_non_native_set\astex_non_native_set\1ke5\2c5y,data_raw\csd_mof_collection\astex_related\extracted\astex_non_native_set\astex_non_native_set\1ke5\2c5y,0,5,452.09 KB (462945 bytes),NO,2008-09-09 11:43:56 | ligand001.pdb,2026-05-30 14:45:40 | README.txt,CSD-derived context,curation_or_validation
<DATA_ROOT>\data_raw\csd_mof_collection\astex_related\extracted\astex_non_native_set\astex_non_native_set\1ke5\2c68,data_raw\csd_mof_collection\astex_related\extracted\astex_non_native_set\astex_non_native_set\1ke5\2c68,0,4,448.25 KB (459006 bytes),NO,2008-09-09 11:43:58 | ligand001.pdb,2026-05-30 14:45:40 | README.txt,CSD-derived context,curation_or_validation
<DATA_ROOT>\data_raw\csd_mof_collection\astex_related\extracted\astex_non_native_set\astex_non_native_set\1ke5\2c69,data_raw\csd_mof_collection\astex_related\extracted\astex_non_native_set\astex_non_native_set\1ke5\2c69,0,4,447.48 KB (458217 bytes),NO,2008-09-09 11:44:00 | ligand001.pdb,2026-05-30 14:45:40 | README.txt,CSD-derived context,curation_or_validation
<DATA_ROOT>\data_raw\csd_mof_collection\astex_related\extracted\astex_non_native_set\astex_non_native_set\1ke5\2c6i,data_raw\csd_mof_collection\astex_related\extracted\astex_non_native_set\astex_non_native_set\1ke5\2c6i,0,4,451.28 KB (462107 bytes),NO,2008-09-09 11:44:02 | ligand001.pdb,2026-05-30 14:45:40 | README.txt,CSD-derived context,curation_or_validation
<DATA_ROOT>\data_raw\csd_mof_collection\astex_related\extracted\astex_non_native_set\astex_non_native_set\1ke5\2c6k,data_raw\csd_mof_collection\astex_related\extracted\astex_non_native_set\astex_non_native_set\1ke5\2c6k,0,4,456.70 KB (467665 bytes),NO,2008-09-09 11:44:04 | ligand001.pdb,2026-05-30 14:45:40 | README.txt,CSD-derived context,curation_or_validation
<DATA_ROOT>\data_raw\csd_mof_collection\astex_related\extracted\astex_non_native_set\astex_non_native_set\1ke5\2c6l,data_raw\csd_mof_collection\astex_related\extracted\astex_non_native_set\astex_non_native_set\1ke5\2c6l,0,4,451.25 KB (462082 bytes),NO,2008-09-09 11:44:04 | ligand001.pdb,2026-05-30 14:45:40 | README.txt,CSD-derived context,curation_or_validation
<DATA_ROOT>\data_raw\csd_mof_collection\astex_related\extracted\astex_non_native_set\astex_non_native_set\1ke5\2c6m,data_raw\csd_mof_collection\astex_related\extracted\astex_non_native_set\astex_non_native_set\1ke5\2c6m,0,4,447.03 KB (457762 bytes),NO,2008-09-09 11:44:06 | ligand001.pdb,2026-05-30 14:45:40 | README.txt,CSD-derived context,curation_or_validation
<DATA_ROOT>\data_raw\csd_mof_collection\astex_related\extracted\astex_non_native_set\astex_non_native_set\1ke5\2c6o,data_raw\csd_mof_collection\astex_related\extracted\astex_non_native_set\astex_non_native_set\1ke5\2c6o,0,4,432.63 KB (443013 bytes),NO,2008-09-09 11:44:08 | ligand001.pdb,2026-05-30 14:45:40 | README.txt,CSD-derived context,curation_or_validation
<DATA_ROOT>\data_raw\csd_mof_collection\astex_related\extracted\astex_non_native_set\astex_non_native_set\1ke5\2cch,data_raw\csd_mof_collection\astex_related\extracted\astex_non_native_set\astex_non_native_set\1ke5\2cch,0,6,1.74 MB (1825659 bytes),NO,2008-09-09 11:44:14 | ligand001.pdb,2026-05-30 14:45:40 | README.txt,CSD-derived context,curation_or_validation
<DATA_ROOT>\data_raw\csd_mof_collection\astex_related\extracted\astex_non_native_set\astex_non_native_set\1ke5\2cjm,data_raw\csd_mof_collection\astex_related\extracted\astex_non_native_set\astex_non_native_set\1ke5\2cjm,0,4,1.63 MB (1712321 bytes),NO,2008-09-09 11:44:18 | ligand001.pdb,2026-05-30 14:45:40 | README.txt,CSD-derived context,curation_or_validation
<DATA_ROOT>\data_raw\csd_mof_collection\astex_related\extracted\astex_non_native_set\astex_non_native_set\1ke5\2clx,data_raw\csd_mof_collection\astex_related\extracted\astex_non_native_set\astex_non_native_set\1ke5\2clx,0,5,455.59 KB (466526 bytes),NO,2008-09-09 11:44:20 | ligand001.pdb,2026-05-30 14:45:40 | README.txt,CSD-derived context,curation_or_validation
<DATA_ROOT>\data_raw\csd_mof_collection\astex_related\extracted\astex_non_native_set\astex_non_native_set\1ke5\2duv,data_raw\csd_mof_collection\astex_related\extracted\astex_non_native_set\astex_non_native_set\1ke5\2duv,0,4,413.16 KB (423078 bytes),NO,2008-09-09 11:44:22 | ligand001.pdb,2026-05-30 14:45:40 | README.txt,CSD-derived context,curation_or_validation
<DATA_ROOT>\data_raw\csd_mof_collection\astex_related\extracted\astex_non_native_set\astex_non_native_set\1ke5\2exm,data_raw\csd_mof_collection\astex_related\extracted\astex_non_native_set\astex_non_native_set\1ke5\2exm,0,4,449.15 KB (459929 bytes),NO,2008-09-09 11:44:24 | ligand001.pdb,2026-05-30 14:45:40 | README.txt,CSD-derived context,curation_or_validation
<DATA_ROOT>\data_raw\csd_mof_collection\astex_related\extracted\astex_non_native_set\astex_non_native_set\1ke5\2fvd,data_raw\csd_mof_collection\astex_related\extracted\astex_non_native_set\astex_non_native_set\1ke5\2fvd,0,4,437.60 KB (448101 bytes),NO,2008-09-09 11:44:26 | ligand001.pdb,2026-05-30 14:45:40 | README.txt,CSD-derived context,curation_or_validation
<DATA_ROOT>\data_raw\csd_mof_collection\astex_related\extracted\astex_non_native_set\astex_non_native_set\1ke5\2g9x,data_raw\csd_mof_collection\astex_related\extracted\astex_non_native_set\astex_non_native_set\1ke5\2g9x,0,4,1.60 MB (1674883 bytes),NO,2008-09-09 11:44:30 | ligand001.pdb,2026-05-30 14:45:40 | README.txt,CSD-derived context,curation_or_validation
<DATA_ROOT>\data_raw\csd_mof_collection\astex_related\extracted\astex_non_native_set\astex_non_native_set\1ke5\2uue,data_raw\csd_mof_collection\astex_related\extracted\astex_non_native_set\astex_non_native_set\1ke5\2uue,0,4,1.63 MB (1712803 bytes),NO,2008-09-09 11:44:36 | ligand001.pdb,2026-05-30 14:45:40 | README.txt,CSD-derived context,curation_or_validation
<DATA_ROOT>\data_raw\csd_mof_collection\astex_related\extracted\astex_non_native_set\astex_non_native_set\1kzk,data_raw\csd_mof_collection\astex_related\extracted\astex_non_native_set\astex_non_native_set\1kzk,134,1,1.05 KB (1076 bytes),NO,2026-05-30 14:45:40 | README.txt,2026-05-30 14:45:40 | README.txt,CSD-derived context,curation_or_validation
<DATA_ROOT>\data_raw\csd_mof_collection\astex_related\extracted\astex_non_native_set\astex_non_native_set\1kzk\1a8g,data_raw\csd_mof_collection\astex_related\extracted\astex_non_native_set\astex_non_native_set\1kzk\1a8g,0,4,293.83 KB (300879 bytes),NO,2008-09-09 11:44:40 | ligand001.pdb,2026-05-30 14:45:40 | README.txt,CSD-derived context,curation_or_validation
<DATA_ROOT>\data_raw\csd_mof_collection\astex_related\extracted\astex_non_native_set\astex_non_native_set\1kzk\1a8k,data_raw\csd_mof_collection\astex_related\extracted\astex_non_native_set\astex_non_native_set\1kzk\1a8k,0,6,670.84 KB (686945 bytes),NO,2008-09-09 11:44:42 | water.pdb,2026-05-30 14:45:40 | README.txt,CSD-derived context,curation_or_validation
<DATA_ROOT>\data_raw\csd_mof_collection\astex_related\extracted\astex_non_native_set\astex_non_native_set\1kzk\1a94,data_raw\csd_mof_collection\astex_related\extracted\astex_non_native_set\astex_non_native_set\1kzk\1a94,0,6,671.85 KB (687970 bytes),NO,2008-09-09 11:44:46 | ligand001.pdb,2026-05-30 14:45:40 | README.txt,CSD-derived context,curation_or_validation
<DATA_ROOT>\data_raw\csd_mof_collection\astex_related\extracted\astex_non_native_set\astex_non_native_set\1kzk\1aaq,data_raw\csd_mof_collection\astex_related\extracted\astex_non_native_set\astex_non_native_set\1kzk\1aaq,0,4,286.04 KB (292901 bytes),NO,2008-09-09 11:44:46 | ligand001.pdb,2026-05-30 14:45:40 | README.txt,CSD-derived context,curation_or_validation
<DATA_ROOT>\data_raw\csd_mof_collection\astex_related\extracted\astex_non_native_set\astex_non_native_set\1kzk\1aid,data_raw\csd_mof_collection\astex_related\extracted\astex_non_native_set\astex_non_native_set\1kzk\1aid,0,5,293.15 KB (300185 bytes),NO,2008-09-09 11:44:48 | ligand001.pdb,2026-05-30 14:45:40 | README.txt,CSD-derived context,curation_or_validation
<DATA_ROOT>\data_raw\csd_mof_collection\astex_related\extracted\astex_non_native_set\astex_non_native_set\1kzk\1ajv,data_raw\csd_mof_collection\astex_related\extracted\astex_non_native_set\astex_non_native_set\1kzk\1ajv,0,4,291.85 KB (298857 bytes),NO,2008-09-09 11:44:50 | ligand001.pdb,2026-05-30 14:45:40 | README.txt,CSD-derived context,curation_or_validation
<DATA_ROOT>\data_raw\csd_mof_collection\astex_related\extracted\astex_non_native_set\astex_non_native_set\1kzk\1ajx,data_raw\csd_mof_collection\astex_related\extracted\astex_non_native_set\astex_non_native_set\1kzk\1ajx,0,4,294.51 KB (301576 bytes),NO,2008-09-09 11:44:50 | ligand001.pdb,2026-05-30 14:45:40 | README.txt,CSD-derived context,curation_or_validation
<DATA_ROOT>\data_raw\csd_mof_collection\astex_related\extracted\astex_non_native_set\astex_non_native_set\1kzk\1b6j,data_raw\csd_mof_collection\astex_related\extracted\astex_non_native_set\astex_non_native_set\1kzk\1b6j,0,5,293.71 KB (300754 bytes),NO,2008-09-09 11:44:52 | ligand001.pdb,2026-05-30 14:45:40 | README.txt,CSD-derived context,curation_or_validation
<DATA_ROOT>\data_raw\csd_mof_collection\astex_related\extracted\astex_non_native_set\astex_non_native_set\1kzk\1b6k,data_raw\csd_mof_collection\astex_related\extracted\astex_non_native_set\astex_non_native_set\1kzk\1b6k,0,5,288.83 KB (295765 bytes),NO,2008-09-09 11:44:52 | ligand001.pdb,2026-05-30 14:45:40 | README.txt,CSD-derived context,curation_or_validation
<DATA_ROOT>\data_raw\csd_mof_collection\astex_related\extracted\astex_non_native_set\astex_non_native_set\1kzk\1b6l,data_raw\csd_mof_collection\astex_related\extracted\astex_non_native_set\astex_non_native_set\1kzk\1b6l,0,5,294.27 KB (301330 bytes),NO,2008-09-09 11:44:54 | ligand001.pdb,2026-05-30 14:45:40 | README.txt,CSD-derived context,curation_or_validation
<DATA_ROOT>\data_raw\csd_mof_collection\astex_related\extracted\astex_non_native_set\astex_non_native_set\1kzk\1b6m,data_raw\csd_mof_collection\astex_related\extracted\astex_non_native_set\astex_non_native_set\1kzk\1b6m,0,5,295.15 KB (302229 bytes),NO,2008-09-09 11:44:56 | ligand001.pdb,2026-05-30 14:45:40 | README.txt,CSD-derived context,curation_or_validation
<DATA_ROOT>\data_raw\csd_mof_collection\astex_related\extracted\astex_non_native_set\astex_non_native_set\1kzk\1b6p,data_raw\csd_mof_collection\astex_related\extracted\astex_non_native_set\astex_non_native_set\1kzk\1b6p,0,6,291.31 KB (298305 bytes),NO,2008-09-09 11:44:56 | ligand001.pdb,2026-05-30 14:45:40 | README.txt,CSD-derived context,curation_or_validation
<DATA_ROOT>\data_raw\csd_mof_collection\astex_related\extracted\astex_non_native_set\astex_non_native_set\1kzk\1c70,data_raw\csd_mof_collection\astex_related\extracted\astex_non_native_set\astex_non_native_set\1kzk\1c70,0,4,296.37 KB (303479 bytes),NO,2008-09-09 11:44:58 | ligand001.pdb,2026-05-30 14:45:40 | README.txt,CSD-derived context,curation_or_validation
<DATA_ROOT>\data_raw\csd_mof_collection\astex_related\extracted\astex_non_native_set\astex_non_native_set\1kzk\1cpi,data_raw\csd_mof_collection\astex_related\extracted\astex_non_native_set\astex_non_native_set\1kzk\1cpi,0,4,287.43 KB (294332 bytes),NO,2008-09-09 11:44:58 | ligand001.pdb,2026-05-30 14:45:40 | README.txt,CSD-derived context,curation_or_validation
<DATA_ROOT>\data_raw\csd_mof_collection\astex_related\extracted\astex_non_native_set\astex_non_native_set\1kzk\1d4h,data_raw\csd_mof_collection\astex_related\extracted\astex_non_native_set\astex_non_native_set\1kzk\1d4h,0,4,298.03 KB (305178 bytes),NO,2008-09-09 11:45:00 | ligand001.pdb,2026-05-30 14:45:40 | README.txt,CSD-derived context,curation_or_validation
<DATA_ROOT>\data_raw\csd_mof_collection\astex_related\extracted\astex_non_native_set\astex_non_native_set\1kzk\1d4i,data_raw\csd_mof_collection\astex_related\extracted\astex_non_native_set\astex_non_native_set\1kzk\1d4i,0,4,298.54 KB (305710 bytes),NO,2008-09-09 11:45:00 | water.pdb,2026-05-30 14:45:40 | README.txt,CSD-derived context,curation_or_validation
<DATA_ROOT>\data_raw\csd_mof_collection\astex_related\extracted\astex_non_native_set\astex_non_native_set\1kzk\1d4j,data_raw\csd_mof_collection\astex_related\extracted\astex_non_native_set\astex_non_native_set\1kzk\1d4j,0,4,295.37 KB (302461 bytes),NO,2008-09-09 11:45:02 | ligand001.pdb,2026-05-30 14:45:40 | README.txt,CSD-derived context,curation_or_validation
<DATA_ROOT>\data_raw\csd_mof_collection\astex_related\extracted\astex_non_native_set\astex_non_native_set\1kzk\1d4k,data_raw\csd_mof_collection\astex_related\extracted\astex_non_native_set\astex_non_native_set\1kzk\1d4k,0,6,289.22 KB (296160 bytes),NO,2008-09-09 11:45:04 | ligand001.pdb,2026-05-30 14:45:40 | README.txt,CSD-derived context,curation_or_validation
<DATA_ROOT>\data_raw\csd_mof_collection\astex_related\extracted\astex_non_native_set\astex_non_native_set\1kzk\1d4l,data_raw\csd_mof_collection\astex_related\extracted\astex_non_native_set\astex_non_native_set\1kzk\1d4l,0,6,293.72 KB (300768 bytes),NO,2008-09-09 11:45:06 | ligand001.pdb,2026-05-30 14:45:40 | README.txt,CSD-derived context,curation_or_validation
<DATA_ROOT>\data_raw\csd_mof_collection\astex_related\extracted\astex_non_native_set\astex_non_native_set\1kzk\1d4y,data_raw\csd_mof_collection\astex_related\extracted\astex_non_native_set\astex_non_native_set\1kzk\1d4y,0,4,294.38 KB (301450 bytes),NO,2008-09-09 11:45:06 | ligand001.pdb,2026-05-30 14:45:40 | README.txt,CSD-derived context,curation_or_validation
<DATA_ROOT>\data_raw\csd_mof_collection\astex_related\extracted\astex_non_native_set\astex_non_native_set\1kzk\1dmp,data_raw\csd_mof_collection\astex_related\extracted\astex_non_native_set\astex_non_native_set\1kzk\1dmp,0,4,310.50 KB (317947 bytes),NO,2008-09-09 11:45:08 | ligand001.pdb,2026-05-30 14:45:40 | README.txt,CSD-derived context,curation_or_validation
<DATA_ROOT>\data_raw\csd_mof_collection\astex_related\extracted\astex_non_native_set\astex_non_native_set\1kzk\1dw6,data_raw\csd_mof_collection\astex_related\extracted\astex_non_native_set\astex_non_native_set\1kzk\1dw6,0,4,292.37 KB (299390 bytes),NO,2008-09-09 11:45:10 | ligand001.pdb,2026-05-30 14:45:40 | README.txt,CSD-derived context,curation_or_validation
<DATA_ROOT>\data_raw\csd_mof_collection\astex_related\extracted\astex_non_native_set\astex_non_native_set\1kzk\1ebw,data_raw\csd_mof_collection\astex_related\extracted\astex_non_native_set\astex_non_native_set\1kzk\1ebw,0,4,295.95 KB (303049 bytes),NO,2008-09-09 11:45:10 | ligand001.pdb,2026-05-30 14:45:40 | README.txt,CSD-derived context,curation_or_validation
<DATA_ROOT>\data_raw\csd_mof_collection\astex_related\extracted\astex_non_native_set\astex_non_native_set\1kzk\1eby,data_raw\csd_mof_collection\astex_related\extracted\astex_non_native_set\astex_non_native_set\1kzk\1eby,0,4,296.25 KB (303355 bytes),NO,2008-09-09 11:45:12 | ligand001.pdb,2026-05-30 14:45:40 | README.txt,CSD-derived context,curation_or_validation
<DATA_ROOT>\data_raw\csd_mof_collection\astex_related\extracted\astex_non_native_set\astex_non_native_set\1kzk\1ebz,data_raw\csd_mof_collection\astex_related\extracted\astex_non_native_set\astex_non_native_set\1kzk\1ebz,0,4,293.67 KB (300719 bytes),NO,2008-09-09 11:45:12 | water.pdb,2026-05-30 14:45:40 | README.txt,CSD-derived context,curation_or_validation
<DATA_ROOT>\data_raw\csd_mof_collection\astex_related\extracted\astex_non_native_set\astex_non_native_set\1kzk\1ec0,data_raw\csd_mof_collection\astex_related\extracted\astex_non_native_set\astex_non_native_set\1kzk\1ec0,0,4,293.63 KB (300675 bytes),NO,2008-09-09 11:45:14 | ligand001.pdb,2026-05-30 14:45:40 | README.txt,CSD-derived context,curation_or_validation
<DATA_ROOT>\data_raw\csd_mof_collection\astex_related\extracted\astex_non_native_set\astex_non_native_set\1kzk\1ec1,data_raw\csd_mof_collection\astex_related\extracted\astex_non_native_set\astex_non_native_set\1kzk\1ec1,0,4,296.12 KB (303222 bytes),NO,2008-09-09 11:45:16 | ligand001.pdb,2026-05-30 14:45:40 | README.txt,CSD-derived context,curation_or_validation
<DATA_ROOT>\data_raw\csd_mof_collection\astex_related\extracted\astex_non_native_set\astex_non_native_set\1kzk\1ec2,data_raw\csd_mof_collection\astex_related\extracted\astex_non_native_set\astex_non_native_set\1kzk\1ec2,0,4,296.52 KB (303635 bytes),NO,2008-09-09 11:45:18 | ligand001.pdb,2026-05-30 14:45:40 | README.txt,CSD-derived context,curation_or_validation
<DATA_ROOT>\data_raw\csd_mof_collection\astex_related\extracted\astex_non_native_set\astex_non_native_set\1kzk\1ec3,data_raw\csd_mof_collection\astex_related\extracted\astex_non_native_set\astex_non_native_set\1kzk\1ec3,0,4,297.32 KB (304455 bytes),NO,2008-09-09 11:45:18 | ligand001.pdb,2026-05-30 14:45:40 | README.txt,CSD-derived context,curation_or_validation
<DATA_ROOT>\data_raw\csd_mof_collection\astex_related\extracted\astex_non_native_set\astex_non_native_set\1kzk\1fej,data_raw\csd_mof_collection\astex_related\extracted\astex_non_native_set\astex_non_native_set\1kzk\1fej,0,4,300.47 KB (307683 bytes),NO,2008-09-09 11:45:20 | ligand001.pdb,2026-05-30 14:45:40 | README.txt,CSD-derived context,curation_or_validation
<DATA_ROOT>\data_raw\csd_mof_collection\astex_related\extracted\astex_non_native_set\astex_non_native_set\1kzk\1fg6,data_raw\csd_mof_collection\astex_related\extracted\astex_non_native_set\astex_non_native_set\1kzk\1fg6,0,4,297.72 KB (304863 bytes),NO,2008-09-09 11:45:20 | ligand001.pdb,2026-05-30 14:45:40 | README.txt,CSD-derived context,curation_or_validation
<DATA_ROOT>\data_raw\csd_mof_collection\astex_related\extracted\astex_non_native_set\astex_non_native_set\1kzk\1fg8,data_raw\csd_mof_collection\astex_related\extracted\astex_non_native_set\astex_non_native_set\1kzk\1fg8,0,5,300.40 KB (307606 bytes),NO,2008-09-09 11:45:22 | ligand001.pdb,2026-05-30 14:45:40 | README.txt,CSD-derived context,curation_or_validation
<DATA_ROOT>\data_raw\csd_mof_collection\astex_related\extracted\astex_non_native_set\astex_non_native_set\1kzk\1fgc,data_raw\csd_mof_collection\astex_related\extracted\astex_non_native_set\astex_non_native_set\1kzk\1fgc,0,4,297.45 KB (304593 bytes),NO,2008-09-09 11:45:22 | ligand001.pdb,2026-05-30 14:45:40 | README.txt,CSD-derived context,curation_or_validation
<DATA_ROOT>\data_raw\csd_mof_collection\astex_related\extracted\astex_non_native_set\astex_non_native_set\1kzk\1g2k,data_raw\csd_mof_collection\astex_related\extracted\astex_non_native_set\astex_non_native_set\1kzk\1g2k,0,4,292.03 KB (299042 bytes),NO,2008-09-09 11:45:24 | ligand001.pdb,2026-05-30 14:45:40 | README.txt,CSD-derived context,curation_or_validation
<DATA_ROOT>\data_raw\csd_mof_collection\astex_related\extracted\astex_non_native_set\astex_non_native_set\1kzk\1g35,data_raw\csd_mof_collection\astex_related\extracted\astex_non_native_set\astex_non_native_set\1kzk\1g35,0,4,297.71 KB (304857 bytes),NO,2008-09-09 11:45:24 | ligand001.pdb,2026-05-30 14:45:40 | README.txt,CSD-derived context,curation_or_validation
<DATA_ROOT>\data_raw\csd_mof_collection\astex_related\extracted\astex_non_native_set\astex_non_native_set\1kzk\1gno,data_raw\csd_mof_collection\astex_related\extracted\astex_non_native_set\astex_non_native_set\1kzk\1gno,0,6,296.57 KB (303690 bytes),NO,2008-09-09 11:45:26 | ligand001.pdb,2026-05-30 14:45:40 | README.txt,CSD-derived context,curation_or_validation
<DATA_ROOT>\data_raw\csd_mof_collection\astex_related\extracted\astex_non_native_set\astex_non_native_set\1kzk\1hbv,data_raw\csd_mof_collection\astex_related\extracted\astex_non_native_set\astex_non_native_set\1kzk\1hbv,0,5,289.01 KB (295942 bytes),NO,2008-09-09 11:45:28 | ligand001.pdb,2026-05-30 14:45:40 | README.txt,CSD-derived context,curation_or_validation
<DATA_ROOT>\data_raw\csd_mof_collection\astex_related\extracted\astex_non_native_set\astex_non_native_set\1kzk\1hos,data_raw\csd_mof_collection\astex_related\extracted\astex_non_native_set\astex_non_native_set\1kzk\1hos,0,5,294.77 KB (301846 bytes),NO,2008-09-09 11:45:28 | ligand001.pdb,2026-05-30 14:45:40 | README.txt,CSD-derived context,curation_or_validation
<DATA_ROOT>\data_raw\csd_mof_collection\astex_related\extracted\astex_non_native_set\astex_non_native_set\1kzk\1hpo,data_raw\csd_mof_collection\astex_related\extracted\astex_non_native_set\astex_non_native_set\1kzk\1hpo,0,4,291.01 KB (297995 bytes),NO,2008-09-09 11:45:30 | ligand001.pdb,2026-05-30 14:45:40 | README.txt,CSD-derived context,curation_or_validation
<DATA_ROOT>\data_raw\csd_mof_collection\astex_related\extracted\astex_non_native_set\astex_non_native_set\1kzk\1hps,data_raw\csd_mof_collection\astex_related\extracted\astex_non_native_set\astex_non_native_set\1kzk\1hps,0,4,292.96 KB (299986 bytes),NO,2008-09-09 11:45:30 | ligand001.pdb,2026-05-30 14:45:40 | README.txt,CSD-derived context,curation_or_validation
<DATA_ROOT>\data_raw\csd_mof_collection\astex_related\extracted\astex_non_native_set\astex_non_native_set\1kzk\1hpv,data_raw\csd_mof_collection\astex_related\extracted\astex_non_native_set\astex_non_native_set\1kzk\1hpv,0,4,291.72 KB (298724 bytes),NO,2008-09-09 11:45:32 | ligand001.pdb,2026-05-30 14:45:40 | README.txt,CSD-derived context,curation_or_validation
<DATA_ROOT>\data_raw\csd_mof_collection\astex_related\extracted\astex_non_native_set\astex_non_native_set\1kzk\1hpx,data_raw\csd_mof_collection\astex_related\extracted\astex_non_native_set\astex_non_native_set\1kzk\1hpx,0,5,290.25 KB (297212 bytes),NO,2008-09-09 11:45:32 | ligand001.pdb,2026-05-30 14:45:40 | README.txt,CSD-derived context,curation_or_validation
<DATA_ROOT>\data_raw\csd_mof_collection\astex_related\extracted\astex_non_native_set\astex_non_native_set\1kzk\1hsg,data_raw\csd_mof_collection\astex_related\extracted\astex_non_native_set\astex_non_native_set\1kzk\1hsg,0,4,296.30 KB (303409 bytes),NO,2008-09-09 11:45:34 | ligand001.pdb,2026-05-30 14:45:40 | README.txt,CSD-derived context,curation_or_validation
<DATA_ROOT>\data_raw\csd_mof_collection\astex_related\extracted\astex_non_native_set\astex_non_native_set\1kzk\1htf,data_raw\csd_mof_collection\astex_related\extracted\astex_non_native_set\astex_non_native_set\1kzk\1htf,0,4,297.81 KB (304957 bytes),NO,2008-09-09 11:45:36 | ligand001.pdb,2026-05-30 14:45:40 | README.txt,CSD-derived context,curation_or_validation
<DATA_ROOT>\data_raw\csd_mof_collection\astex_related\extracted\astex_non_native_set\astex_non_native_set\1kzk\1hvh,data_raw\csd_mof_collection\astex_related\extracted\astex_non_native_set\astex_non_native_set\1kzk\1hvh,0,6,308.52 KB (315921 bytes),NO,2008-09-09 11:45:36 | ligand001.pdb,2026-05-30 14:45:40 | README.txt,CSD-derived context,curation_or_validation
<DATA_ROOT>\data_raw\csd_mof_collection\astex_related\extracted\astex_non_native_set\astex_non_native_set\1kzk\1hvi,data_raw\csd_mof_collection\astex_related\extracted\astex_non_native_set\astex_non_native_set\1kzk\1hvi,0,6,318.71 KB (326364 bytes),NO,2008-09-09 11:45:38 | ligand001.pdb,2026-05-30 14:45:40 | README.txt,CSD-derived context,curation_or_validation
<DATA_ROOT>\data_raw\csd_mof_collection\astex_related\extracted\astex_non_native_set\astex_non_native_set\1kzk\1hvj,data_raw\csd_mof_collection\astex_related\extracted\astex_non_native_set\astex_non_native_set\1kzk\1hvj,0,6,318.77 KB (326423 bytes),NO,2008-09-09 11:45:38 | other.pdb,2026-05-30 14:45:40 | README.txt,CSD-derived context,curation_or_validation
<DATA_ROOT>\data_raw\csd_mof_collection\astex_related\extracted\astex_non_native_set\astex_non_native_set\1kzk\1hvk,data_raw\csd_mof_collection\astex_related\extracted\astex_non_native_set\astex_non_native_set\1kzk\1hvk,0,6,317.92 KB (325554 bytes),NO,2008-09-09 11:45:40 | ligand001.pdb,2026-05-30 14:45:40 | README.txt,CSD-derived context,curation_or_validation
<DATA_ROOT>\data_raw\csd_mof_collection\astex_related\extracted\astex_non_native_set\astex_non_native_set\1kzk\1hvl,data_raw\csd_mof_collection\astex_related\extracted\astex_non_native_set\astex_non_native_set\1kzk\1hvl,0,6,317.92 KB (325554 bytes),NO,2008-09-09 11:45:42 | ligand001.pdb,2026-05-30 14:45:40 | README.txt,CSD-derived context,curation_or_validation
<DATA_ROOT>\data_raw\csd_mof_collection\astex_related\extracted\astex_non_native_set\astex_non_native_set\1kzk\1hwr,data_raw\csd_mof_collection\astex_related\extracted\astex_non_native_set\astex_non_native_set\1kzk\1hwr,0,4,309.49 KB (316915 bytes),NO,2008-09-09 11:45:42 | ligand001.pdb,2026-05-30 14:45:40 | README.txt,CSD-derived context,curation_or_validation
<DATA_ROOT>\data_raw\csd_mof_collection\astex_related\extracted\astex_non_native_set\astex_non_native_set\1kzk\1hxb,data_raw\csd_mof_collection\astex_related\extracted\astex_non_native_set\astex_non_native_set\1kzk\1hxb,0,5,297.97 KB (305119 bytes),NO,2008-09-09 11:45:44 | ligand001.pdb,2026-05-30 14:45:40 | README.txt,CSD-derived context,curation_or_validation
<DATA_ROOT>\data_raw\csd_mof_collection\astex_related\extracted\astex_non_native_set\astex_non_native_set\1kzk\1hxw,data_raw\csd_mof_collection\astex_related\extracted\astex_non_native_set\astex_non_native_set\1kzk\1hxw,0,5,336.25 KB (344318 bytes),NO,2008-09-09 11:45:44 | ligand001.pdb,2026-05-30 14:45:40 | README.txt,CSD-derived context,curation_or_validation
<DATA_ROOT>\data_raw\csd_mof_collection\astex_related\extracted\astex_non_native_set\astex_non_native_set\1kzk\1iiq,data_raw\csd_mof_collection\astex_related\extracted\astex_non_native_set\astex_non_native_set\1kzk\1iiq,0,6,318.79 KB (326436 bytes),NO,2008-09-09 11:45:46 | ligand001.pdb,2026-05-30 14:45:40 | README.txt,CSD-derived context,curation_or_validation
<DATA_ROOT>\data_raw\csd_mof_collection\astex_related\extracted\astex_non_native_set\astex_non_native_set\1kzk\1izh,data_raw\csd_mof_collection\astex_related\extracted\astex_non_native_set\astex_non_native_set\1kzk\1izh,0,5,308.38 KB (315777 bytes),NO,2008-09-09 11:45:48 | ligand001.pdb,2026-05-30 14:45:40 | README.txt,CSD-derived context,curation_or_validation
<DATA_ROOT>\data_raw\csd_mof_collection\astex_related\extracted\astex_non_native_set\astex_non_native_set\1kzk\1k2b,data_raw\csd_mof_collection\astex_related\extracted\astex_non_native_set\astex_non_native_set\1kzk\1k2b,0,5,301.97 KB (309219 bytes),NO,2008-09-09 11:45:48 | ligand001.pdb,2026-05-30 14:45:40 | README.txt,CSD-derived context,curation_or_validation
<DATA_ROOT>\data_raw\csd_mof_collection\astex_related\extracted\astex_non_native_set\astex_non_native_set\1kzk\1m0b,data_raw\csd_mof_collection\astex_related\extracted\astex_non_native_set\astex_non_native_set\1kzk\1m0b,0,7,307.34 KB (314721 bytes),NO,2008-09-09 11:45:50 | ligand001.pdb,2026-05-30 14:45:40 | README.txt,CSD-derived context,curation_or_validation
<DATA_ROOT>\data_raw\csd_mof_collection\astex_related\extracted\astex_non_native_set\astex_non_native_set\1kzk\1mrw,data_raw\csd_mof_collection\astex_related\extracted\astex_non_native_set\astex_non_native_set\1kzk\1mrw,0,4,294.48 KB (301545 bytes),NO,2008-09-09 11:45:52 | ligand001.pdb,2026-05-30 14:45:40 | README.txt,CSD-derived context,curation_or_validation
<DATA_ROOT>\data_raw\csd_mof_collection\astex_related\extracted\astex_non_native_set\astex_non_native_set\1kzk\1msm,data_raw\csd_mof_collection\astex_related\extracted\astex_non_native_set\astex_non_native_set\1kzk\1msm,0,4,298.08 KB (305236 bytes),NO,2008-09-09 11:45:52 | ligand001.pdb,2026-05-30 14:45:40 | README.txt,CSD-derived context,curation_or_validation
<DATA_ROOT>\data_raw\csd_mof_collection\astex_related\extracted\astex_non_native_set\astex_non_native_set\1kzk\1nh0,data_raw\csd_mof_collection\astex_related\extracted\astex_non_native_set\astex_non_native_set\1kzk\1nh0,0,5,316.40 KB (323994 bytes),NO,2008-09-09 11:45:54 | ligand_other.pdb,2026-05-30 14:45:40 | README.txt,CSD-derived context,curation_or_validation
<DATA_ROOT>\data_raw\csd_mof_collection\astex_related\extracted\astex_non_native_set\astex_non_native_set\1kzk\1npa,data_raw\csd_mof_collection\astex_related\extracted\astex_non_native_set\astex_non_native_set\1kzk\1npa,0,4,295.93 KB (303031 bytes),NO,2008-09-09 11:45:56 | ligand001.pdb,2026-05-30 14:45:40 | README.txt,CSD-derived context,curation_or_validation
<DATA_ROOT>\data_raw\csd_mof_collection\astex_related\extracted\astex_non_native_set\astex_non_native_set\1kzk\1npv,data_raw\csd_mof_collection\astex_related\extracted\astex_non_native_set\astex_non_native_set\1kzk\1npv,0,4,295.15 KB (302231 bytes),NO,2008-09-09 11:45:56 | ligand001.pdb,2026-05-30 14:45:40 | README.txt,CSD-derived context,curation_or_validation
<DATA_ROOT>\data_raw\csd_mof_collection\astex_related\extracted\astex_non_native_set\astex_non_native_set\1kzk\1npw,data_raw\csd_mof_collection\astex_related\extracted\astex_non_native_set\astex_non_native_set\1kzk\1npw,0,4,297.62 KB (304764 bytes),NO,2008-09-09 11:45:58 | ligand001.pdb,2026-05-30 14:45:40 | README.txt,CSD-derived context,curation_or_validation
<DATA_ROOT>\data_raw\csd_mof_collection\astex_related\extracted\astex_non_native_set\astex_non_native_set\1kzk\1odw,data_raw\csd_mof_collection\astex_related\extracted\astex_non_native_set\astex_non_native_set\1kzk\1odw,0,4,290.26 KB (297225 bytes),NO,2008-09-09 11:45:58 | ligand001.pdb,2026-05-30 14:45:40 | README.txt,CSD-derived context,curation_or_validation
<DATA_ROOT>\data_raw\csd_mof_collection\astex_related\extracted\astex_non_native_set\astex_non_native_set\1kzk\1ody,data_raw\csd_mof_collection\astex_related\extracted\astex_non_native_set\astex_non_native_set\1kzk\1ody,0,5,295.99 KB (303096 bytes),NO,2008-09-09 11:46:00 | ligand001.pdb,2026-05-30 14:45:40 | README.txt,CSD-derived context,curation_or_validation
<DATA_ROOT>\data_raw\csd_mof_collection\astex_related\extracted\astex_non_native_set\astex_non_native_set\1kzk\1ohr,data_raw\csd_mof_collection\astex_related\extracted\astex_non_native_set\astex_non_native_set\1kzk\1ohr,0,6,306.49 KB (313849 bytes),NO,2008-09-09 11:46:00 | other.pdb,2026-05-30 14:45:40 | README.txt,CSD-derived context,curation_or_validation
<DATA_ROOT>\data_raw\csd_mof_collection\astex_related\extracted\astex_non_native_set\astex_non_native_set\1kzk\1pro,data_raw\csd_mof_collection\astex_related\extracted\astex_non_native_set\astex_non_native_set\1kzk\1pro,0,4,289.86 KB (296817 bytes),NO,2008-09-09 11:46:02 | ligand001.pdb,2026-05-30 14:45:40 | README.txt,CSD-derived context,curation_or_validation
<DATA_ROOT>\data_raw\csd_mof_collection\astex_related\extracted\astex_non_native_set\astex_non_native_set\1kzk\1qbr,data_raw\csd_mof_collection\astex_related\extracted\astex_non_native_set\astex_non_native_set\1kzk\1qbr,0,4,312.04 KB (319527 bytes),NO,2008-09-09 11:46:04 | ligand001.pdb,2026-05-30 14:45:40 | README.txt,CSD-derived context,curation_or_validation
<DATA_ROOT>\data_raw\csd_mof_collection\astex_related\extracted\astex_non_native_set\astex_non_native_set\1kzk\1qbs,data_raw\csd_mof_collection\astex_related\extracted\astex_non_native_set\astex_non_native_set\1kzk\1qbs,0,4,310.70 KB (318153 bytes),NO,2008-09-09 11:46:04 | ligand001.pdb,2026-05-30 14:45:40 | README.txt,CSD-derived context,curation_or_validation
<DATA_ROOT>\data_raw\csd_mof_collection\astex_related\extracted\astex_non_native_set\astex_non_native_set\1kzk\1qbt,data_raw\csd_mof_collection\astex_related\extracted\astex_non_native_set\astex_non_native_set\1kzk\1qbt,0,4,312.90 KB (320411 bytes),NO,2008-09-09 11:46:06 | ligand001.pdb,2026-05-30 14:45:40 | README.txt,CSD-derived context,curation_or_validation
<DATA_ROOT>\data_raw\csd_mof_collection\astex_related\extracted\astex_non_native_set\astex_non_native_set\1kzk\1qbu,data_raw\csd_mof_collection\astex_related\extracted\astex_non_native_set\astex_non_native_set\1kzk\1qbu,0,5,314.18 KB (321721 bytes),NO,2008-09-09 11:46:06 | ligand001.pdb,2026-05-30 14:45:40 | README.txt,CSD-derived context,curation_or_validation
<DATA_ROOT>\data_raw\csd_mof_collection\astex_related\extracted\astex_non_native_set\astex_non_native_set\1kzk\1sbg,data_raw\csd_mof_collection\astex_related\extracted\astex_non_native_set\astex_non_native_set\1kzk\1sbg,0,4,288.14 KB (295058 bytes),NO,2008-09-09 11:46:08 | ligand001.pdb,2026-05-30 14:45:40 | README.txt,CSD-derived context,curation_or_validation
<DATA_ROOT>\data_raw\csd_mof_collection\astex_related\extracted\astex_non_native_set\astex_non_native_set\1kzk\1sdt,data_raw\csd_mof_collection\astex_related\extracted\astex_non_native_set\astex_non_native_set\1kzk\1sdt,0,5,304.88 KB (312201 bytes),NO,2008-09-09 11:46:10 | ligand001.pdb,2026-05-30 14:45:40 | README.txt,CSD-derived context,curation_or_validation
<DATA_ROOT>\data_raw\csd_mof_collection\astex_related\extracted\astex_non_native_set\astex_non_native_set\1kzk\1sdu,data_raw\csd_mof_collection\astex_related\extracted\astex_non_native_set\astex_non_native_set\1kzk\1sdu,0,5,304.26 KB (311567 bytes),NO,2008-09-09 11:46:10 | ligand001.pdb,2026-05-30 14:45:40 | README.txt,CSD-derived context,curation_or_validation
<DATA_ROOT>\data_raw\csd_mof_collection\astex_related\extracted\astex_non_native_set\astex_non_native_set\1kzk\1t3r,data_raw\csd_mof_collection\astex_related\extracted\astex_non_native_set\astex_non_native_set\1kzk\1t3r,0,5,306.95 KB (314316 bytes),NO,2008-09-09 11:46:12 | ligand001.pdb,2026-05-30 14:45:40 | README.txt,CSD-derived context,curation_or_validation
<DATA_ROOT>\data_raw\csd_mof_collection\astex_related\extracted\astex_non_native_set\astex_non_native_set\1kzk\1t7k,data_raw\csd_mof_collection\astex_related\extracted\astex_non_native_set\astex_non_native_set\1kzk\1t7k,0,4,294.94 KB (302016 bytes),NO,2008-09-09 11:46:12 | water.pdb,2026-05-30 14:45:40 | README.txt,CSD-derived context,curation_or_validation
<DATA_ROOT>\data_raw\csd_mof_collection\astex_related\extracted\astex_non_native_set\astex_non_native_set\1kzk\1u8g,data_raw\csd_mof_collection\astex_related\extracted\astex_non_native_set\astex_non_native_set\1kzk\1u8g,0,6,290.98 KB (297966 bytes),NO,2008-09-09 11:46:14 | ligand001.pdb,2026-05-30 14:45:40 | README.txt,CSD-derived context,curation_or_validation
<DATA_ROOT>\data_raw\csd_mof_collection\astex_related\extracted\astex_non_native_set\astex_non_native_set\1kzk\1vij,data_raw\csd_mof_collection\astex_related\extracted\astex_non_native_set\astex_non_native_set\1kzk\1vij,0,4,298.44 KB (305601 bytes),NO,2008-09-09 11:46:16 | ligand001.pdb,2026-05-30 14:45:40 | README.txt,CSD-derived context,curation_or_validation
<DATA_ROOT>\data_raw\csd_mof_collection\astex_related\extracted\astex_non_native_set\astex_non_native_set\1kzk\1vik,data_raw\csd_mof_collection\astex_related\extracted\astex_non_native_set\astex_non_native_set\1kzk\1vik,0,4,300.90 KB (308119 bytes),NO,2008-09-09 11:46:16 | ligand001.pdb,2026-05-30 14:45:40 | README.txt,CSD-derived context,curation_or_validation
<DATA_ROOT>\data_raw\csd_mof_collection\astex_related\extracted\astex_non_native_set\astex_non_native_set\1kzk\1w5v,data_raw\csd_mof_collection\astex_related\extracted\astex_non_native_set\astex_non_native_set\1kzk\1w5v,0,4,296.07 KB (303179 bytes),NO,2008-09-09 11:46:18 | ligand001.pdb,2026-05-30 14:45:40 | README.txt,CSD-derived context,curation_or_validation
<DATA_ROOT>\data_raw\csd_mof_collection\astex_related\extracted\astex_non_native_set\astex_non_native_set\1kzk\1w5w,data_raw\csd_mof_collection\astex_related\extracted\astex_non_native_set\astex_non_native_set\1kzk\1w5w,0,4,296.81 KB (303938 bytes),NO,2008-09-09 11:46:18 | water.pdb,2026-05-30 14:45:40 | README.txt,CSD-derived context,curation_or_validation
<DATA_ROOT>\data_raw\csd_mof_collection\astex_related\extracted\astex_non_native_set\astex_non_native_set\1kzk\1w5x,data_raw\csd_mof_collection\astex_related\extracted\astex_non_native_set\astex_non_native_set\1kzk\1w5x,0,4,296.58 KB (303701 bytes),NO,2008-09-09 11:46:20 | ligand001.pdb,2026-05-30 14:45:40 | README.txt,CSD-derived context,curation_or_validation
<DATA_ROOT>\data_raw\csd_mof_collection\astex_related\extracted\astex_non_native_set\astex_non_native_set\1kzk\1w5y,data_raw\csd_mof_collection\astex_related\extracted\astex_non_native_set\astex_non_native_set\1kzk\1w5y,0,4,294.96 KB (302042 bytes),NO,2008-09-09 11:46:22 | ligand001.pdb,2026-05-30 14:45:40 | README.txt,CSD-derived context,curation_or_validation
<DATA_ROOT>\data_raw\csd_mof_collection\astex_related\extracted\astex_non_native_set\astex_non_native_set\1kzk\1wbk,data_raw\csd_mof_collection\astex_related\extracted\astex_non_native_set\astex_non_native_set\1kzk\1wbk,0,4,292.91 KB (299938 bytes),NO,2008-09-09 11:46:22 | ligand001.pdb,2026-05-30 14:45:40 | README.txt,CSD-derived context,curation_or_validation
<DATA_ROOT>\data_raw\csd_mof_collection\astex_related\extracted\astex_non_native_set\astex_non_native_set\1kzk\1wbm,data_raw\csd_mof_collection\astex_related\extracted\astex_non_native_set\astex_non_native_set\1kzk\1wbm,0,4,294.49 KB (301561 bytes),NO,2008-09-09 11:46:24 | ligand001.pdb,2026-05-30 14:45:40 | README.txt,CSD-derived context,curation_or_validation
<DATA_ROOT>\data_raw\csd_mof_collection\astex_related\extracted\astex_non_native_set\astex_non_native_set\1kzk\1xl2,data_raw\csd_mof_collection\astex_related\extracted\astex_non_native_set\astex_non_native_set\1kzk\1xl2,0,5,303.52 KB (310806 bytes),NO,2008-09-09 11:46:24 | other.pdb,2026-05-30 14:45:40 | README.txt,CSD-derived context,curation_or_validation
<DATA_ROOT>\data_raw\csd_mof_collection\astex_related\extracted\astex_non_native_set\astex_non_native_set\1kzk\1xl5,data_raw\csd_mof_collection\astex_related\extracted\astex_non_native_set\astex_non_native_set\1kzk\1xl5,0,4,302.17 KB (309421 bytes),NO,2008-09-09 11:46:26 | ligand001.pdb,2026-05-30 14:45:40 | README.txt,CSD-derived context,curation_or_validation
<DATA_ROOT>\data_raw\csd_mof_collection\astex_related\extracted\astex_non_native_set\astex_non_native_set\1kzk\1yth,data_raw\csd_mof_collection\astex_related\extracted\astex_non_native_set\astex_non_native_set\1kzk\1yth,0,4,270.99 KB (277489 bytes),NO,2008-09-09 11:46:28 | ligand001.pdb,2026-05-30 14:45:40 | README.txt,CSD-derived context,curation_or_validation
<DATA_ROOT>\data_raw\csd_mof_collection\astex_related\extracted\astex_non_native_set\astex_non_native_set\1kzk\1z1h,data_raw\csd_mof_collection\astex_related\extracted\astex_non_native_set\astex_non_native_set\1kzk\1z1h,0,6,293.98 KB (301032 bytes),NO,2008-09-09 11:46:28 | ligand001.pdb,2026-05-30 14:45:40 | README.txt,CSD-derived context,curation_or_validation
<DATA_ROOT>\data_raw\csd_mof_collection\astex_related\extracted\astex_non_native_set\astex_non_native_set\1kzk\1z1r,data_raw\csd_mof_collection\astex_related\extracted\astex_non_native_set\astex_non_native_set\1kzk\1z1r,0,6,291.10 KB (298088 bytes),NO,2008-09-09 11:46:30 | ligand001.pdb,2026-05-30 14:45:40 | README.txt,CSD-derived context,curation_or_validation
<DATA_ROOT>\data_raw\csd_mof_collection\astex_related\extracted\astex_non_native_set\astex_non_native_set\1kzk\1zsf,data_raw\csd_mof_collection\astex_related\extracted\astex_non_native_set\astex_non_native_set\1kzk\1zsf,0,6,303.71 KB (310998 bytes),NO,2008-09-09 11:46:30 | water.pdb,2026-05-30 14:45:40 | README.txt,CSD-derived context,curation_or_validation
<DATA_ROOT>\data_raw\csd_mof_collection\astex_related\extracted\astex_non_native_set\astex_non_native_set\1kzk\1zsr,data_raw\csd_mof_collection\astex_related\extracted\astex_non_native_set\astex_non_native_set\1kzk\1zsr,0,6,305.79 KB (313131 bytes),NO,2008-09-09 11:46:32 | ligand001.pdb,2026-05-30 14:45:40 | README.txt,CSD-derived context,curation_or_validation
<DATA_ROOT>\data_raw\csd_mof_collection\astex_related\extracted\astex_non_native_set\astex_non_native_set\1kzk\2a1e,data_raw\csd_mof_collection\astex_related\extracted\astex_non_native_set\astex_non_native_set\1kzk\2a1e,0,7,452.58 KB (463443 bytes),NO,2008-09-09 11:46:34 | ligand001.pdb,2026-05-30 14:45:40 | README.txt,CSD-derived context,curation_or_validation
<DATA_ROOT>\data_raw\csd_mof_collection\astex_related\extracted\astex_non_native_set\astex_non_native_set\1kzk\2a4f,data_raw\csd_mof_collection\astex_related\extracted\astex_non_native_set\astex_non_native_set\1kzk\2a4f,0,4,292.96 KB (299994 bytes),NO,2008-09-09 11:46:36 | ligand001.pdb,2026-05-30 14:45:40 | README.txt,CSD-derived context,curation_or_validation
<DATA_ROOT>\data_raw\csd_mof_collection\astex_related\extracted\astex_non_native_set\astex_non_native_set\1kzk\2aid,data_raw\csd_mof_collection\astex_related\extracted\astex_non_native_set\astex_non_native_set\1kzk\2aid,0,6,296.20 KB (303304 bytes),NO,2008-09-09 11:46:36 | ligand001.pdb,2026-05-30 14:45:40 | README.txt,CSD-derived context,curation_or_validation
<DATA_ROOT>\data_raw\csd_mof_collection\astex_related\extracted\astex_non_native_set\astex_non_native_set\1kzk\2aod,data_raw\csd_mof_collection\astex_related\extracted\astex_non_native_set\astex_non_native_set\1kzk\2aod,0,6,318.44 KB (326079 bytes),NO,2008-09-09 11:46:38 | ligand001.pdb,2026-05-30 14:45:40 | README.txt,CSD-derived context,curation_or_validation
<DATA_ROOT>\data_raw\csd_mof_collection\astex_related\extracted\astex_non_native_set\astex_non_native_set\1kzk\2aoi,data_raw\csd_mof_collection\astex_related\extracted\astex_non_native_set\astex_non_native_set\1kzk\2aoi,0,7,326.37 KB (334204 bytes),NO,2008-09-09 11:46:40 | ligand001.pdb,2026-05-30 14:45:40 | README.txt,CSD-derived context,curation_or_validation
<DATA_ROOT>\data_raw\csd_mof_collection\astex_related\extracted\astex_non_native_set\astex_non_native_set\1kzk\2aoj,data_raw\csd_mof_collection\astex_related\extracted\astex_non_native_set\astex_non_native_set\1kzk\2aoj,0,7,327.15 KB (335001 bytes),NO,2008-09-09 11:46:40 | ligand001.pdb,2026-05-30 14:45:40 | README.txt,CSD-derived context,curation_or_validation
<DATA_ROOT>\data_raw\csd_mof_collection\astex_related\extracted\astex_non_native_set\astex_non_native_set\1kzk\2aqu,data_raw\csd_mof_collection\astex_related\extracted\astex_non_native_set\astex_non_native_set\1kzk\2aqu,0,6,298.85 KB (306019 bytes),NO,2008-09-09 11:46:42 | ligand001.pdb,2026-05-30 14:45:40 | README.txt,CSD-derived context,curation_or_validation
<DATA_ROOT>\data_raw\csd_mof_collection\astex_related\extracted\astex_non_native_set\astex_non_native_set\1kzk\2avm,data_raw\csd_mof_collection\astex_related\extracted\astex_non_native_set\astex_non_native_set\1kzk\2avm,0,6,334.33 KB (342357 bytes),NO,2008-09-09 11:46:44 | ligand001.pdb,2026-05-30 14:45:40 | README.txt,CSD-derived context,curation_or_validation
<DATA_ROOT>\data_raw\csd_mof_collection\astex_related\extracted\astex_non_native_set\astex_non_native_set\1kzk\2avo,data_raw\csd_mof_collection\astex_related\extracted\astex_non_native_set\astex_non_native_set\1kzk\2avo,0,5,329.05 KB (336948 bytes),NO,2008-09-09 11:46:44 | ligand001.pdb,2026-05-30 14:45:40 | README.txt,CSD-derived context,curation_or_validation
<DATA_ROOT>\data_raw\csd_mof_collection\astex_related\extracted\astex_non_native_set\astex_non_native_set\1kzk\2avv,data_raw\csd_mof_collection\astex_related\extracted\astex_non_native_set\astex_non_native_set\1kzk\2avv,0,6,630.93 KB (646071 bytes),NO,2008-09-09 11:46:46 | ligand001.pdb,2026-05-30 14:45:40 | README.txt,CSD-derived context,curation_or_validation
<DATA_ROOT>\data_raw\csd_mof_collection\astex_related\extracted\astex_non_native_set\astex_non_native_set\1kzk\2bb9,data_raw\csd_mof_collection\astex_related\extracted\astex_non_native_set\astex_non_native_set\1kzk\2bb9,0,4,311.60 KB (319075 bytes),NO,2008-09-09 11:46:48 | ligand001.pdb,2026-05-30 14:45:40 | README.txt,CSD-derived context,curation_or_validation
<DATA_ROOT>\data_raw\csd_mof_collection\astex_related\extracted\astex_non_native_set\astex_non_native_set\1kzk\2bbb,data_raw\csd_mof_collection\astex_related\extracted\astex_non_native_set\astex_non_native_set\1kzk\2bbb,0,4,305.27 KB (312597 bytes),NO,2008-09-09 11:46:50 | ligand001.pdb,2026-05-30 14:45:40 | README.txt,CSD-derived context,curation_or_validation
<DATA_ROOT>\data_raw\csd_mof_collection\astex_related\extracted\astex_non_native_set\astex_non_native_set\1kzk\2bpv,data_raw\csd_mof_collection\astex_related\extracted\astex_non_native_set\astex_non_native_set\1kzk\2bpv,0,4,295.71 KB (302809 bytes),NO,2008-09-09 11:46:50 | ligand001.pdb,2026-05-30 14:45:40 | README.txt,CSD-derived context,curation_or_validation
<DATA_ROOT>\data_raw\csd_mof_collection\astex_related\extracted\astex_non_native_set\astex_non_native_set\1kzk\2bpy,data_raw\csd_mof_collection\astex_related\extracted\astex_non_native_set\astex_non_native_set\1kzk\2bpy,0,4,295.71 KB (302805 bytes),NO,2008-09-09 11:46:52 | ligand001.pdb,2026-05-30 14:45:40 | README.txt,CSD-derived context,curation_or_validation
<DATA_ROOT>\data_raw\csd_mof_collection\astex_related\extracted\astex_non_native_set\astex_non_native_set\1kzk\2bpz,data_raw\csd_mof_collection\astex_related\extracted\astex_non_native_set\astex_non_native_set\1kzk\2bpz,0,4,295.09 KB (302173 bytes),NO,2008-09-09 11:46:52 | ligand001.pdb,2026-05-30 14:45:40 | README.txt,CSD-derived context,curation_or_validation
<DATA_ROOT>\data_raw\csd_mof_collection\astex_related\extracted\astex_non_native_set\astex_non_native_set\1kzk\2bqv,data_raw\csd_mof_collection\astex_related\extracted\astex_non_native_set\astex_non_native_set\1kzk\2bqv,0,4,291.47 KB (298464 bytes),NO,2008-09-09 11:46:54 | ligand001.pdb,2026-05-30 14:45:40 | README.txt,CSD-derived context,curation_or_validation
<DATA_ROOT>\data_raw\csd_mof_collection\astex_related\extracted\astex_non_native_set\astex_non_native_set\1kzk\2cej,data_raw\csd_mof_collection\astex_related\extracted\astex_non_native_set\astex_non_native_set\1kzk\2cej,0,4,294.29 KB (301356 bytes),NO,2008-09-09 11:46:56 | ligand001.pdb,2026-05-30 14:45:40 | README.txt,CSD-derived context,curation_or_validation
<DATA_ROOT>\data_raw\csd_mof_collection\astex_related\extracted\astex_non_native_set\astex_non_native_set\1kzk\2cem,data_raw\csd_mof_collection\astex_related\extracted\astex_non_native_set\astex_non_native_set\1kzk\2cem,0,4,300.16 KB (307362 bytes),NO,2008-09-09 11:46:56 | ligand001.pdb,2026-05-30 14:45:40 | README.txt,CSD-derived context,curation_or_validation
<DATA_ROOT>\data_raw\csd_mof_collection\astex_related\extracted\astex_non_native_set\astex_non_native_set\1kzk\2cen,data_raw\csd_mof_collection\astex_related\extracted\astex_non_native_set\astex_non_native_set\1kzk\2cen,0,4,301.39 KB (308626 bytes),NO,2008-09-09 11:46:58 | ligand001.pdb,2026-05-30 14:45:40 | README.txt,CSD-derived context,curation_or_validation
<DATA_ROOT>\data_raw\csd_mof_collection\astex_related\extracted\astex_non_native_set\astex_non_native_set\1kzk\2f3k,data_raw\csd_mof_collection\astex_related\extracted\astex_non_native_set\astex_non_native_set\1kzk\2f3k,0,6,328.56 KB (336449 bytes),NO,2008-09-09 11:46:58 | water.pdb,2026-05-30 14:45:40 | README.txt,CSD-derived context,curation_or_validation
<DATA_ROOT>\data_raw\csd_mof_collection\astex_related\extracted\astex_non_native_set\astex_non_native_set\1kzk\2f81,data_raw\csd_mof_collection\astex_related\extracted\astex_non_native_set\astex_non_native_set\1kzk\2f81,0,6,319.97 KB (327645 bytes),NO,2008-09-09 11:47:00 | ligand001.pdb,2026-05-30 14:45:40 | README.txt,CSD-derived context,curation_or_validation
<DATA_ROOT>\data_raw\csd_mof_collection\astex_related\extracted\astex_non_native_set\astex_non_native_set\1kzk\2fxe,data_raw\csd_mof_collection\astex_related\extracted\astex_non_native_set\astex_non_native_set\1kzk\2fxe,0,6,313.23 KB (320747 bytes),NO,2008-09-09 11:47:02 | ligand001.pdb,2026-05-30 14:45:40 | README.txt,CSD-derived context,curation_or_validation
<DATA_ROOT>\data_raw\csd_mof_collection\astex_related\extracted\astex_non_native_set\astex_non_native_set\1kzk\2hb3,data_raw\csd_mof_collection\astex_related\extracted\astex_non_native_set\astex_non_native_set\1kzk\2hb3,0,5,309.32 KB (316743 bytes),NO,2008-09-09 11:47:04 | ligand001.pdb,2026-05-30 14:45:40 | README.txt,CSD-derived context,curation_or_validation
<DATA_ROOT>\data_raw\csd_mof_collection\astex_related\extracted\astex_non_native_set\astex_non_native_set\1kzk\2hs2,data_raw\csd_mof_collection\astex_related\extracted\astex_non_native_set\astex_non_native_set\1kzk\2hs2,0,6,318.01 KB (325647 bytes),NO,2008-09-09 11:47:04 | ligand001.pdb,2026-05-30 14:45:40 | README.txt,CSD-derived context,curation_or_validation
<DATA_ROOT>\data_raw\csd_mof_collection\astex_related\extracted\astex_non_native_set\astex_non_native_set\1kzk\2i0a,data_raw\csd_mof_collection\astex_related\extracted\astex_non_native_set\astex_non_native_set\1kzk\2i0a,0,6,297.44 KB (304576 bytes),NO,2008-09-09 11:47:06 | ligand001.pdb,2026-05-30 14:45:40 | README.txt,CSD-derived context,curation_or_validation
<DATA_ROOT>\data_raw\csd_mof_collection\astex_related\extracted\astex_non_native_set\astex_non_native_set\1kzk\2i0d,data_raw\csd_mof_collection\astex_related\extracted\astex_non_native_set\astex_non_native_set\1kzk\2i0d,0,5,294.74 KB (301818 bytes),NO,2008-09-09 11:47:06 | ligand001.pdb,2026-05-30 14:45:40 | README.txt,CSD-derived context,curation_or_validation
<DATA_ROOT>\data_raw\csd_mof_collection\astex_related\extracted\astex_non_native_set\astex_non_native_set\1kzk\2ien,data_raw\csd_mof_collection\astex_related\extracted\astex_non_native_set\astex_non_native_set\1kzk\2ien,0,6,325.58 KB (333391 bytes),NO,2008-09-09 11:47:08 | ligand001.pdb,2026-05-30 14:45:40 | README.txt,CSD-derived context,curation_or_validation
<DATA_ROOT>\data_raw\csd_mof_collection\astex_related\extracted\astex_non_native_set\astex_non_native_set\1kzk\2nmw,data_raw\csd_mof_collection\astex_related\extracted\astex_non_native_set\astex_non_native_set\1kzk\2nmw,0,6,317.88 KB (325506 bytes),NO,2008-09-09 11:47:10 | ligand001.pdb,2026-05-30 14:45:40 | README.txt,CSD-derived context,curation_or_validation
<DATA_ROOT>\data_raw\csd_mof_collection\astex_related\extracted\astex_non_native_set\astex_non_native_set\1kzk\2o4k,data_raw\csd_mof_collection\astex_related\extracted\astex_non_native_set\astex_non_native_set\1kzk\2o4k,0,6,314.39 KB (321932 bytes),NO,2008-09-09 11:47:12 | ligand001.pdb,2026-05-30 14:45:40 | README.txt,CSD-derived context,curation_or_validation
<DATA_ROOT>\data_raw\csd_mof_collection\astex_related\extracted\astex_non_native_set\astex_non_native_set\1kzk\2o4p,data_raw\csd_mof_collection\astex_related\extracted\astex_non_native_set\astex_non_native_set\1kzk\2o4p,0,5,297.05 KB (304176 bytes),NO,2008-09-09 11:47:12 | ligand001.pdb,2026-05-30 14:45:40 | README.txt,CSD-derived context,curation_or_validation
<DATA_ROOT>\data_raw\csd_mof_collection\astex_related\extracted\astex_non_native_set\astex_non_native_set\1kzk\2o4s,data_raw\csd_mof_collection\astex_related\extracted\astex_non_native_set\astex_non_native_set\1kzk\2o4s,0,6,331.22 KB (339171 bytes),NO,2008-09-09 11:47:14 | ligand001.pdb,2026-05-30 14:45:40 | README.txt,CSD-derived context,curation_or_validation
<DATA_ROOT>\data_raw\csd_mof_collection\astex_related\extracted\astex_non_native_set\astex_non_native_set\1kzk\2p3b,data_raw\csd_mof_collection\astex_related\extracted\astex_non_native_set\astex_non_native_set\1kzk\2p3b,0,6,308.30 KB (315696 bytes),NO,2008-09-09 11:47:16 | ligand001.pdb,2026-05-30 14:45:40 | README.txt,CSD-derived context,curation_or_validation
<DATA_ROOT>\data_raw\csd_mof_collection\astex_related\extracted\astex_non_native_set\astex_non_native_set\1kzk\2p3c,data_raw\csd_mof_collection\astex_related\extracted\astex_non_native_set\astex_non_native_set\1kzk\2p3c,0,6,311.88 KB (319363 bytes),NO,2008-09-09 11:47:16 | ligand001.pdb,2026-05-30 14:45:40 | README.txt,CSD-derived context,curation_or_validation
<DATA_ROOT>\data_raw\csd_mof_collection\astex_related\extracted\astex_non_native_set\astex_non_native_set\1kzk\2pk5,data_raw\csd_mof_collection\astex_related\extracted\astex_non_native_set\astex_non_native_set\1kzk\2pk5,0,7,316.59 KB (324186 bytes),NO,2008-09-09 11:47:18 | ligand001.pdb,2026-05-30 14:45:40 | README.txt,CSD-derived context,curation_or_validation
<DATA_ROOT>\data_raw\csd_mof_collection\astex_related\extracted\astex_non_native_set\astex_non_native_set\1kzk\2pk6,data_raw\csd_mof_collection\astex_related\extracted\astex_non_native_set\astex_non_native_set\1kzk\2pk6,0,6,318.95 KB (326602 bytes),NO,2008-09-09 11:47:18 | water.pdb,2026-05-30 14:45:40 | README.txt,CSD-derived context,curation_or_validation
<DATA_ROOT>\data_raw\csd_mof_collection\astex_related\extracted\astex_non_native_set\astex_non_native_set\1kzk\2psu,data_raw\csd_mof_collection\astex_related\extracted\astex_non_native_set\astex_non_native_set\1kzk\2psu,0,5,294.01 KB (301069 bytes),NO,2008-09-09 11:47:20 | ligand001.pdb,2026-05-30 14:45:40 | README.txt,CSD-derived context,curation_or_validation
<DATA_ROOT>\data_raw\csd_mof_collection\astex_related\extracted\astex_non_native_set\astex_non_native_set\1kzk\2psv,data_raw\csd_mof_collection\astex_related\extracted\astex_non_native_set\astex_non_native_set\1kzk\2psv,0,5,299.25 KB (306434 bytes),NO,2008-09-09 11:47:22 | ligand001.pdb,2026-05-30 14:45:40 | README.txt,CSD-derived context,curation_or_validation
<DATA_ROOT>\data_raw\csd_mof_collection\astex_related\extracted\astex_non_native_set\astex_non_native_set\1kzk\3aid,data_raw\csd_mof_collection\astex_related\extracted\astex_non_native_set\astex_non_native_set\1kzk\3aid,0,6,313.36 KB (320876 bytes),NO,2008-09-09 11:47:22 | ligand001.pdb,2026-05-30 14:45:40 | README.txt,CSD-derived context,curation_or_validation
<DATA_ROOT>\data_raw\csd_mof_collection\astex_related\extracted\astex_non_native_set\astex_non_native_set\1kzk\4hvp,data_raw\csd_mof_collection\astex_related\extracted\astex_non_native_set\astex_non_native_set\1kzk\4hvp,0,4,292.49 KB (299514 bytes),NO,2008-09-09 11:47:24 | ligand001.pdb,2026-05-30 14:45:40 | README.txt,CSD-derived context,curation_or_validation
<DATA_ROOT>\data_raw\csd_mof_collection\astex_related\extracted\astex_non_native_set\astex_non_native_set\1kzk\4phv,data_raw\csd_mof_collection\astex_related\extracted\astex_non_native_set\astex_non_native_set\1kzk\4phv,0,5,300.39 KB (307604 bytes),NO,2008-09-09 11:47:26 | ligand001.pdb,2026-05-30 14:45:40 | README.txt,CSD-derived context,curation_or_validation
<DATA_ROOT>\data_raw\csd_mof_collection\astex_related\extracted\astex_non_native_set\astex_non_native_set\1kzk\7hvp,data_raw\csd_mof_collection\astex_related\extracted\astex_non_native_set\astex_non_native_set\1kzk\7hvp,0,4,295.22 KB (302310 bytes),NO,2008-09-09 11:47:26 | ligand001.pdb,2026-05-30 14:45:40 | README.txt,CSD-derived context,curation_or_validation
<DATA_ROOT>\data_raw\csd_mof_collection\astex_related\extracted\astex_non_native_set\astex_non_native_set\1kzk\7upj,data_raw\csd_mof_collection\astex_related\extracted\astex_non_native_set\astex_non_native_set\1kzk\7upj,0,4,298.83 KB (306006 bytes),NO,2008-09-09 11:47:28 | ligand001.pdb,2026-05-30 14:45:40 | README.txt,CSD-derived context,curation_or_validation
<DATA_ROOT>\data_raw\csd_mof_collection\astex_related\extracted\astex_non_native_set\astex_non_native_set\1kzk\8hvp,data_raw\csd_mof_collection\astex_related\extracted\astex_non_native_set\astex_non_native_set\1kzk\8hvp,0,4,294.00 KB (301055 bytes),NO,2008-09-09 11:47:28 | ligand001.pdb,2026-05-30 14:45:40 | README.txt,CSD-derived context,curation_or_validation
<DATA_ROOT>\data_raw\csd_mof_collection\astex_related\extracted\astex_non_native_set\astex_non_native_set\1l2s,data_raw\csd_mof_collection\astex_related\extracted\astex_non_native_set\astex_non_native_set\1l2s,25,1,1.05 KB (1076 bytes),NO,2026-05-30 14:45:40 | README.txt,2026-05-30 14:45:40 | README.txt,CSD-derived context,curation_or_validation
<DATA_ROOT>\data_raw\csd_mof_collection\astex_related\extracted\astex_non_native_set\astex_non_native_set\1l2s\1c3b,data_raw\csd_mof_collection\astex_related\extracted\astex_non_native_set\astex_non_native_set\1l2s\1c3b,0,4,1021.32 KB (1045834 bytes),NO,2008-09-09 11:47:34 | ligand001.pdb,2026-05-30 14:45:40 | README.txt,CSD-derived context,curation_or_validation
<DATA_ROOT>\data_raw\csd_mof_collection\astex_related\extracted\astex_non_native_set\astex_non_native_set\1l2s\1fco,data_raw\csd_mof_collection\astex_related\extracted\astex_non_native_set\astex_non_native_set\1l2s\1fco,0,4,1022.64 KB (1047186 bytes),NO,2008-09-09 11:47:38 | ligand001.pdb,2026-05-30 14:45:40 | README.txt,CSD-derived context,curation_or_validation
<DATA_ROOT>\data_raw\csd_mof_collection\astex_related\extracted\astex_non_native_set\astex_non_native_set\1l2s\1fsw,data_raw\csd_mof_collection\astex_related\extracted\astex_non_native_set\astex_non_native_set\1l2s\1fsw,0,6,1.02 MB (1073431 bytes),NO,2008-09-09 11:47:42 | ligand001.pdb,2026-05-30 14:45:40 | README.txt,CSD-derived context,curation_or_validation
<DATA_ROOT>\data_raw\csd_mof_collection\astex_related\extracted\astex_non_native_set\astex_non_native_set\1l2s\1fsy,data_raw\csd_mof_collection\astex_related\extracted\astex_non_native_set\astex_non_native_set\1l2s\1fsy,0,4,1.03 MB (1080964 bytes),NO,2008-09-09 11:47:46 | ligand001.pdb,2026-05-30 14:45:40 | README.txt,CSD-derived context,curation_or_validation
<DATA_ROOT>\data_raw\csd_mof_collection\astex_related\extracted\astex_non_native_set\astex_non_native_set\1l2s\1ga9,data_raw\csd_mof_collection\astex_related\extracted\astex_non_native_set\astex_non_native_set\1l2s\1ga9,0,5,1011.07 KB (1035338 bytes),NO,2008-09-09 11:47:48 | ligand001.pdb,2026-05-30 14:45:40 | README.txt,CSD-derived context,curation_or_validation
<DATA_ROOT>\data_raw\csd_mof_collection\astex_related\extracted\astex_non_native_set\astex_non_native_set\1l2s\1iel,data_raw\csd_mof_collection\astex_related\extracted\astex_non_native_set\astex_non_native_set\1l2s\1iel,0,4,1012.06 KB (1036354 bytes),NO,2008-09-09 11:47:52 | ligand001.pdb,2026-05-30 14:45:40 | README.txt,CSD-derived context,curation_or_validation
<DATA_ROOT>\data_raw\csd_mof_collection\astex_related\extracted\astex_non_native_set\astex_non_native_set\1l2s\1iem,data_raw\csd_mof_collection\astex_related\extracted\astex_non_native_set\astex_non_native_set\1l2s\1iem,0,4,1023.82 KB (1048388 bytes),NO,2008-09-09 11:47:56 | ligand001.pdb,2026-05-30 14:45:40 | README.txt,CSD-derived context,curation_or_validation
<DATA_ROOT>\data_raw\csd_mof_collection\astex_related\extracted\astex_non_native_set\astex_non_native_set\1l2s\1kds,data_raw\csd_mof_collection\astex_related\extracted\astex_non_native_set\astex_non_native_set\1l2s\1kds,0,4,988.83 KB (1012564 bytes),NO,2008-09-09 11:47:58 | ligand001.pdb,2026-05-30 14:45:40 | README.txt,CSD-derived context,curation_or_validation
<DATA_ROOT>\data_raw\csd_mof_collection\astex_related\extracted\astex_non_native_set\astex_non_native_set\1l2s\1kdw,data_raw\csd_mof_collection\astex_related\extracted\astex_non_native_set\astex_non_native_set\1l2s\1kdw,0,4,1023.79 KB (1048360 bytes),NO,2008-09-09 11:48:02 | ligand001.pdb,2026-05-30 14:45:40 | README.txt,CSD-derived context,curation_or_validation
<DATA_ROOT>\data_raw\csd_mof_collection\astex_related\extracted\astex_non_native_set\astex_non_native_set\1l2s\1ke0,data_raw\csd_mof_collection\astex_related\extracted\astex_non_native_set\astex_non_native_set\1l2s\1ke0,0,4,1009.16 KB (1033376 bytes),NO,2008-09-09 11:48:06 | ligand001.pdb,2026-05-30 14:45:40 | README.txt,CSD-derived context,curation_or_validation
<DATA_ROOT>\data_raw\csd_mof_collection\astex_related\extracted\astex_non_native_set\astex_non_native_set\1l2s\1ke3,data_raw\csd_mof_collection\astex_related\extracted\astex_non_native_set\astex_non_native_set\1l2s\1ke3,0,4,1.00 MB (1049814 bytes),NO,2008-09-09 11:48:08 | ligand001.pdb,2026-05-30 14:45:40 | README.txt,CSD-derived context,curation_or_validation
<DATA_ROOT>\data_raw\csd_mof_collection\astex_related\extracted\astex_non_native_set\astex_non_native_set\1l2s\1ke4,data_raw\csd_mof_collection\astex_related\extracted\astex_non_native_set\astex_non_native_set\1l2s\1ke4,0,3,1009.57 KB (1033796 bytes),NO,2008-09-09 11:48:12 | protein.mol2,2026-05-30 14:45:40 | README.txt,CSD-derived context,curation_or_validation
<DATA_ROOT>\data_raw\csd_mof_collection\astex_related\extracted\astex_non_native_set\astex_non_native_set\1l2s\1kvm,data_raw\csd_mof_collection\astex_related\extracted\astex_non_native_set\astex_non_native_set\1l2s\1kvm,0,4,1.00 MB (1052944 bytes),NO,2008-09-09 11:48:14 | water.pdb,2026-05-30 14:45:40 | README.txt,CSD-derived context,curation_or_validation
<DATA_ROOT>\data_raw\csd_mof_collection\astex_related\extracted\astex_non_native_set\astex_non_native_set\1l2s\1ll5,data_raw\csd_mof_collection\astex_related\extracted\astex_non_native_set\astex_non_native_set\1l2s\1ll5,0,4,1022.35 KB (1046884 bytes),NO,2008-09-09 11:48:18 | ligand001.pdb,2026-05-30 14:45:40 | README.txt,CSD-derived context,curation_or_validation
<DATA_ROOT>\data_raw\csd_mof_collection\astex_related\extracted\astex_non_native_set\astex_non_native_set\1l2s\1ll9,data_raw\csd_mof_collection\astex_related\extracted\astex_non_native_set\astex_non_native_set\1l2s\1ll9,0,6,1.02 MB (1069313 bytes),NO,2008-09-09 11:48:22 | ligand001.pdb,2026-05-30 14:45:40 | README.txt,CSD-derived context,curation_or_validation
<DATA_ROOT>\data_raw\csd_mof_collection\astex_related\extracted\astex_non_native_set\astex_non_native_set\1l2s\1llb,data_raw\csd_mof_collection\astex_related\extracted\astex_non_native_set\astex_non_native_set\1l2s\1llb,0,5,1.04 MB (1087643 bytes),NO,2008-09-09 11:48:26 | ligand001.pdb,2026-05-30 14:45:40 | README.txt,CSD-derived context,curation_or_validation
<DATA_ROOT>\data_raw\csd_mof_collection\astex_related\extracted\astex_non_native_set\astex_non_native_set\1l2s\1mxo,data_raw\csd_mof_collection\astex_related\extracted\astex_non_native_set\astex_non_native_set\1l2s\1mxo,0,4,1.03 MB (1080437 bytes),NO,2008-09-09 11:48:30 | ligand001.pdb,2026-05-30 14:45:40 | README.txt,CSD-derived context,curation_or_validation
<DATA_ROOT>\data_raw\csd_mof_collection\astex_related\extracted\astex_non_native_set\astex_non_native_set\1l2s\1my8,data_raw\csd_mof_collection\astex_related\extracted\astex_non_native_set\astex_non_native_set\1l2s\1my8,0,5,1.04 MB (1091482 bytes),NO,2008-09-09 11:48:36 | ligand001.pdb,2026-05-30 14:45:40 | README.txt,CSD-derived context,curation_or_validation
<DATA_ROOT>\data_raw\csd_mof_collection\astex_related\extracted\astex_non_native_set\astex_non_native_set\1l2s\1xgi,data_raw\csd_mof_collection\astex_related\extracted\astex_non_native_set\astex_non_native_set\1l2s\1xgi,0,4,996.53 KB (1020447 bytes),NO,2008-09-09 11:48:38 | ligand001.pdb,2026-05-30 14:45:40 | README.txt,CSD-derived context,curation_or_validation
<DATA_ROOT>\data_raw\csd_mof_collection\astex_related\extracted\astex_non_native_set\astex_non_native_set\1l2s\1xgj,data_raw\csd_mof_collection\astex_related\extracted\astex_non_native_set\astex_non_native_set\1l2s\1xgj,0,4,1.01 MB (1057432 bytes),NO,2008-09-09 11:48:42 | ligand001.pdb,2026-05-30 14:45:40 | README.txt,CSD-derived context,curation_or_validation
<DATA_ROOT>\data_raw\csd_mof_collection\astex_related\extracted\astex_non_native_set\astex_non_native_set\1l2s\2bls,data_raw\csd_mof_collection\astex_related\extracted\astex_non_native_set\astex_non_native_set\1l2s\2bls,0,4,1016.12 KB (1040502 bytes),NO,2008-09-09 11:48:44 | other.pdb,2026-05-30 14:45:40 | README.txt,CSD-derived context,curation_or_validation
<DATA_ROOT>\data_raw\csd_mof_collection\astex_related\extracted\astex_non_native_set\astex_non_native_set\1l2s\2hdq,data_raw\csd_mof_collection\astex_related\extracted\astex_non_native_set\astex_non_native_set\1l2s\2hdq,0,4,1.03 MB (1085027 bytes),NO,2008-09-09 11:48:48 | ligand001.pdb,2026-05-30 14:45:40 | README.txt,CSD-derived context,curation_or_validation
<DATA_ROOT>\data_raw\csd_mof_collection\astex_related\extracted\astex_non_native_set\astex_non_native_set\1l2s\2hdr,data_raw\csd_mof_collection\astex_related\extracted\astex_non_native_set\astex_non_native_set\1l2s\2hdr,0,4,1.02 MB (1070492 bytes),NO,2008-09-09 11:48:52 | ligand001.pdb,2026-05-30 14:45:40 | README.txt,CSD-derived context,curation_or_validation
<DATA_ROOT>\data_raw\csd_mof_collection\astex_related\extracted\astex_non_native_set\astex_non_native_set\1l2s\2hdu,data_raw\csd_mof_collection\astex_related\extracted\astex_non_native_set\astex_non_native_set\1l2s\2hdu,0,5,1.09 MB (1148110 bytes),NO,2008-09-09 11:48:56 | ligand001.pdb,2026-05-30 14:45:40 | README.txt,CSD-derived context,curation_or_validation
<DATA_ROOT>\data_raw\csd_mof_collection\astex_related\extracted\astex_non_native_set\astex_non_native_set\1l2s\3bls,data_raw\csd_mof_collection\astex_related\extracted\astex_non_native_set\astex_non_native_set\1l2s\3bls,0,5,1020.70 KB (1045197 bytes),NO,2008-09-09 11:48:58 | ligand001.pdb,2026-05-30 14:45:40 | README.txt,CSD-derived context,curation_or_validation
<DATA_ROOT>\data_raw\csd_mof_collection\astex_related\extracted\astex_non_native_set\astex_non_native_set\1l7f,data_raw\csd_mof_collection\astex_related\extracted\astex_non_native_set\astex_non_native_set\1l7f,25,1,1.05 KB (1076 bytes),NO,2026-05-30 14:45:40 | README.txt,2026-05-30 14:45:40 | README.txt,CSD-derived context,curation_or_validation
<DATA_ROOT>\data_raw\csd_mof_collection\astex_related\extracted\astex_non_native_set\astex_non_native_set\1l7f\1a14,data_raw\csd_mof_collection\astex_related\extracted\astex_non_native_set\astex_non_native_set\1l7f\1a14,0,4,880.42 KB (901547 bytes),NO,2008-09-09 11:49:02 | ligand_other.pdb,2026-05-30 14:45:40 | README.txt,CSD-derived context,curation_or_validation
<DATA_ROOT>\data_raw\csd_mof_collection\astex_related\extracted\astex_non_native_set\astex_non_native_set\1l7f\1f8b,data_raw\csd_mof_collection\astex_related\extracted\astex_non_native_set\astex_non_native_set\1l7f\1f8b,0,4,593.27 KB (607505 bytes),NO,2008-09-09 11:49:04 | ligand001.pdb,2026-05-30 14:45:40 | README.txt,CSD-derived context,curation_or_validation
<DATA_ROOT>\data_raw\csd_mof_collection\astex_related\extracted\astex_non_native_set\astex_non_native_set\1l7f\1f8c,data_raw\csd_mof_collection\astex_related\extracted\astex_non_native_set\astex_non_native_set\1l7f\1f8c,0,5,595.52 KB (609815 bytes),NO,2008-09-09 11:49:06 | ligand001.pdb,2026-05-30 14:45:40 | README.txt,CSD-derived context,curation_or_validation
<DATA_ROOT>\data_raw\csd_mof_collection\astex_related\extracted\astex_non_native_set\astex_non_native_set\1l7f\1f8d,data_raw\csd_mof_collection\astex_related\extracted\astex_non_native_set\astex_non_native_set\1l7f\1f8d,0,5,595.26 KB (609547 bytes),NO,2008-09-09 11:49:08 | ligand001.pdb,2026-05-30 14:45:40 | README.txt,CSD-derived context,curation_or_validation
<DATA_ROOT>\data_raw\csd_mof_collection\astex_related\extracted\astex_non_native_set\astex_non_native_set\1l7f\1f8e,data_raw\csd_mof_collection\astex_related\extracted\astex_non_native_set\astex_non_native_set\1l7f\1f8e,0,5,595.88 KB (610179 bytes),NO,2008-09-09 11:49:10 | ligand001.pdb,2026-05-30 14:45:40 | README.txt,CSD-derived context,curation_or_validation
<DATA_ROOT>\data_raw\csd_mof_collection\astex_related\extracted\astex_non_native_set\astex_non_native_set\1l7f\1iny,data_raw\csd_mof_collection\astex_related\extracted\astex_non_native_set\astex_non_native_set\1l7f\1iny,0,6,644.60 KB (660066 bytes),NO,2008-09-09 11:49:12 | ligand001.pdb,2026-05-30 14:45:40 | README.txt,CSD-derived context,curation_or_validation
<DATA_ROOT>\data_raw\csd_mof_collection\astex_related\extracted\astex_non_native_set\astex_non_native_set\1l7f\1mwe,data_raw\csd_mof_collection\astex_related\extracted\astex_non_native_set\astex_non_native_set\1l7f\1mwe,0,4,604.89 KB (619407 bytes),NO,2008-09-09 11:49:14 | ligand001.pdb,2026-05-30 14:45:40 | README.txt,CSD-derived context,curation_or_validation
<DATA_ROOT>\data_raw\csd_mof_collection\astex_related\extracted\astex_non_native_set\astex_non_native_set\1l7f\1nca,data_raw\csd_mof_collection\astex_related\extracted\astex_non_native_set\astex_non_native_set\1l7f\1nca,0,3,1.13 MB (1187799 bytes),NO,2008-09-09 11:49:18 | protein.mol2,2026-05-30 14:45:40 | README.txt,CSD-derived context,curation_or_validation
<DATA_ROOT>\data_raw\csd_mof_collection\astex_related\extracted\astex_non_native_set\astex_non_native_set\1l7f\1ncb,data_raw\csd_mof_collection\astex_related\extracted\astex_non_native_set\astex_non_native_set\1l7f\1ncb,0,3,1.14 MB (1190521 bytes),NO,2008-09-09 11:49:22 | protein.mol2,2026-05-30 14:45:40 | README.txt,CSD-derived context,curation_or_validation
<DATA_ROOT>\data_raw\csd_mof_collection\astex_related\extracted\astex_non_native_set\astex_non_native_set\1l7f\1ncc,data_raw\csd_mof_collection\astex_related\extracted\astex_non_native_set\astex_non_native_set\1l7f\1ncc,0,2,1.13 MB (1182501 bytes),NO,2008-09-09 11:49:26 | protein.mol2,2026-05-30 14:45:40 | README.txt,CSD-derived context,curation_or_validation
<DATA_ROOT>\data_raw\csd_mof_collection\astex_related\extracted\astex_non_native_set\astex_non_native_set\1l7f\1nmb,data_raw\csd_mof_collection\astex_related\extracted\astex_non_native_set\astex_non_native_set\1l7f\1nmb,0,3,881.35 KB (902500 bytes),NO,2008-09-09 11:49:28 | water.pdb,2026-05-30 14:45:40 | README.txt,CSD-derived context,curation_or_validation
<DATA_ROOT>\data_raw\csd_mof_collection\astex_related\extracted\astex_non_native_set\astex_non_native_set\1l7f\1nmc,data_raw\csd_mof_collection\astex_related\extracted\astex_non_native_set\astex_non_native_set\1l7f\1nmc,0,4,1.72 MB (1808464 bytes),NO,2008-09-09 11:49:34 | other.pdb,2026-05-30 14:45:40 | README.txt,CSD-derived context,curation_or_validation
<DATA_ROOT>\data_raw\csd_mof_collection\astex_related\extracted\astex_non_native_set\astex_non_native_set\1l7f\1nna,data_raw\csd_mof_collection\astex_related\extracted\astex_non_native_set\astex_non_native_set\1l7f\1nna,0,3,597.85 KB (612196 bytes),NO,2008-09-09 11:49:38 | other.pdb,2026-05-30 14:45:40 | README.txt,CSD-derived context,curation_or_validation
<DATA_ROOT>\data_raw\csd_mof_collection\astex_related\extracted\astex_non_native_set\astex_non_native_set\1l7f\1xoe,data_raw\csd_mof_collection\astex_related\extracted\astex_non_native_set\astex_non_native_set\1l7f\1xoe,0,4,588.70 KB (602824 bytes),NO,2008-09-09 11:49:38 | water.pdb,2026-05-30 14:45:40 | README.txt,CSD-derived context,curation_or_validation
<DATA_ROOT>\data_raw\csd_mof_collection\astex_related\extracted\astex_non_native_set\astex_non_native_set\1l7f\2b8h,data_raw\csd_mof_collection\astex_related\extracted\astex_non_native_set\astex_non_native_set\1l7f\2b8h,0,4,2.33 MB (2447037 bytes),NO,2008-09-09 11:49:48 | other.pdb,2026-05-30 14:45:40 | README.txt,CSD-derived context,curation_or_validation
<DATA_ROOT>\data_raw\csd_mof_collection\astex_related\extracted\astex_non_native_set\astex_non_native_set\1l7f\2c4a,data_raw\csd_mof_collection\astex_related\extracted\astex_non_native_set\astex_non_native_set\1l7f\2c4a,0,4,595.05 KB (609327 bytes),NO,2008-09-09 11:49:50 | ligand001.pdb,2026-05-30 14:45:40 | README.txt,CSD-derived context,curation_or_validation
<DATA_ROOT>\data_raw\csd_mof_collection\astex_related\extracted\astex_non_native_set\astex_non_native_set\1l7f\2c4l,data_raw\csd_mof_collection\astex_related\extracted\astex_non_native_set\astex_non_native_set\1l7f\2c4l,0,4,592.91 KB (607143 bytes),NO,2008-09-09 11:49:52 | ligand001.pdb,2026-05-30 14:45:40 | README.txt,CSD-derived context,curation_or_validation
<DATA_ROOT>\data_raw\csd_mof_collection\astex_related\extracted\astex_non_native_set\astex_non_native_set\1l7f\2qwi,data_raw\csd_mof_collection\astex_related\extracted\astex_non_native_set\astex_non_native_set\1l7f\2qwi,0,4,580.14 KB (594068 bytes),NO,2008-09-09 11:49:54 | ligand001.pdb,2026-05-30 14:45:40 | README.txt,CSD-derived context,curation_or_validation
<DATA_ROOT>\data_raw\csd_mof_collection\astex_related\extracted\astex_non_native_set\astex_non_native_set\1l7f\2qwj,data_raw\csd_mof_collection\astex_related\extracted\astex_non_native_set\astex_non_native_set\1l7f\2qwj,0,4,593.35 KB (607589 bytes),NO,2008-09-09 11:49:56 | ligand001.pdb,2026-05-30 14:45:40 | README.txt,CSD-derived context,curation_or_validation
<DATA_ROOT>\data_raw\csd_mof_collection\astex_related\extracted\astex_non_native_set\astex_non_native_set\1l7f\2qwk,data_raw\csd_mof_collection\astex_related\extracted\astex_non_native_set\astex_non_native_set\1l7f\2qwk,0,4,594.02 KB (608279 bytes),NO,2008-09-09 11:49:58 | ligand001.pdb,2026-05-30 14:45:40 | README.txt,CSD-derived context,curation_or_validation
<DATA_ROOT>\data_raw\csd_mof_collection\astex_related\extracted\astex_non_native_set\astex_non_native_set\1l7f\3nn9,data_raw\csd_mof_collection\astex_related\extracted\astex_non_native_set\astex_non_native_set\1l7f\3nn9,0,4,569.44 KB (583102 bytes),NO,2008-09-09 11:50:00 | other.pdb,2026-05-30 14:45:40 | README.txt,CSD-derived context,curation_or_validation
<DATA_ROOT>\data_raw\csd_mof_collection\astex_related\extracted\astex_non_native_set\astex_non_native_set\1l7f\4nn9,data_raw\csd_mof_collection\astex_related\extracted\astex_non_native_set\astex_non_native_set\1l7f\4nn9,0,4,570.06 KB (583739 bytes),NO,2008-09-09 11:50:02 | other.pdb,2026-05-30 14:45:40 | README.txt,CSD-derived context,curation_or_validation
<DATA_ROOT>\data_raw\csd_mof_collection\astex_related\extracted\astex_non_native_set\astex_non_native_set\1l7f\5nn9,data_raw\csd_mof_collection\astex_related\extracted\astex_non_native_set\astex_non_native_set\1l7f\5nn9,0,4,569.79 KB (583466 bytes),NO,2008-09-09 11:50:04 | other.pdb,2026-05-30 14:45:40 | README.txt,CSD-derived context,curation_or_validation
<DATA_ROOT>\data_raw\csd_mof_collection\astex_related\extracted\astex_non_native_set\astex_non_native_set\1l7f\6nn9,data_raw\csd_mof_collection\astex_related\extracted\astex_non_native_set\astex_non_native_set\1l7f\6nn9,0,4,568.74 KB (582394 bytes),NO,2008-09-09 11:50:06 | other.pdb,2026-05-30 14:45:40 | README.txt,CSD-derived context,curation_or_validation
<DATA_ROOT>\data_raw\csd_mof_collection\astex_related\extracted\astex_non_native_set\astex_non_native_set\1l7f\7nn9,data_raw\csd_mof_collection\astex_related\extracted\astex_non_native_set\astex_non_native_set\1l7f\7nn9,0,4,580.00 KB (593924 bytes),NO,2008-09-09 11:50:08 | other.pdb,2026-05-30 14:45:40 | README.txt,CSD-derived context,curation_or_validation
<DATA_ROOT>\data_raw\csd_mof_collection\astex_related\extracted\astex_non_native_set\astex_non_native_set\1lpz,data_raw\csd_mof_collection\astex_related\extracted\astex_non_native_set\astex_non_native_set\1lpz,33,1,1.05 KB (1076 bytes),NO,2026-05-30 14:45:40 | README.txt,2026-05-30 14:45:40 | README.txt,CSD-derived context,curation_or_validation
<DATA_ROOT>\data_raw\csd_mof_collection\astex_related\extracted\astex_non_native_set\astex_non_native_set\1lpz\1ezq,data_raw\csd_mof_collection\astex_related\extracted\astex_non_native_set\astex_non_native_set\1lpz\1ezq,0,4,408.89 KB (418707 bytes),NO,2008-09-09 11:50:10 | ligand001.pdb,2026-05-30 14:45:40 | README.txt,CSD-derived context,curation_or_validation
<DATA_ROOT>\data_raw\csd_mof_collection\astex_related\extracted\astex_non_native_set\astex_non_native_set\1lpz\1f0r,data_raw\csd_mof_collection\astex_related\extracted\astex_non_native_set\astex_non_native_set\1lpz\1f0r,0,4,413.31 KB (423226 bytes),NO,2008-09-09 11:50:12 | ligand001.pdb,2026-05-30 14:45:40 | README.txt,CSD-derived context,curation_or_validation
<DATA_ROOT>\data_raw\csd_mof_collection\astex_related\extracted\astex_non_native_set\astex_non_native_set\1lpz\1f0s,data_raw\csd_mof_collection\astex_related\extracted\astex_non_native_set\astex_non_native_set\1lpz\1f0s,0,4,411.32 KB (421193 bytes),NO,2008-09-09 11:50:12 | ligand001.pdb,2026-05-30 14:45:40 | README.txt,CSD-derived context,curation_or_validation
<DATA_ROOT>\data_raw\csd_mof_collection\astex_related\extracted\astex_non_native_set\astex_non_native_set\1lpz\1fjs,data_raw\csd_mof_collection\astex_related\extracted\astex_non_native_set\astex_non_native_set\1lpz\1fjs,0,4,423.84 KB (434014 bytes),NO,2008-09-09 11:50:14 | ligand001.pdb,2026-05-30 14:45:40 | README.txt,CSD-derived context,curation_or_validation
<DATA_ROOT>\data_raw\csd_mof_collection\astex_related\extracted\astex_non_native_set\astex_non_native_set\1lpz\1g2l,data_raw\csd_mof_collection\astex_related\extracted\astex_non_native_set\astex_non_native_set\1lpz\1g2l,0,4,425.80 KB (436016 bytes),NO,2008-09-09 11:50:16 | ligand001.pdb,2026-05-30 14:45:40 | README.txt,CSD-derived context,curation_or_validation
<DATA_ROOT>\data_raw\csd_mof_collection\astex_related\extracted\astex_non_native_set\astex_non_native_set\1lpz\1ksn,data_raw\csd_mof_collection\astex_related\extracted\astex_non_native_set\astex_non_native_set\1lpz\1ksn,0,4,412.71 KB (422619 bytes),NO,2008-09-09 11:50:18 | ligand001.pdb,2026-05-30 14:45:40 | README.txt,CSD-derived context,curation_or_validation
<DATA_ROOT>\data_raw\csd_mof_collection\astex_related\extracted\astex_non_native_set\astex_non_native_set\1lpz\1kye,data_raw\csd_mof_collection\astex_related\extracted\astex_non_native_set\astex_non_native_set\1lpz\1kye,0,4,409.18 KB (419003 bytes),NO,2008-09-09 11:50:18 | ligand001.pdb,2026-05-30 14:45:40 | README.txt,CSD-derived context,curation_or_validation
<DATA_ROOT>\data_raw\csd_mof_collection\astex_related\extracted\astex_non_native_set\astex_non_native_set\1lpz\1lpg,data_raw\csd_mof_collection\astex_related\extracted\astex_non_native_set\astex_non_native_set\1lpz\1lpg,0,4,428.02 KB (438290 bytes),NO,2008-09-09 11:50:20 | ligand001.pdb,2026-05-30 14:45:40 | README.txt,CSD-derived context,curation_or_validation
<DATA_ROOT>\data_raw\csd_mof_collection\astex_related\extracted\astex_non_native_set\astex_non_native_set\1lpz\1lpk,data_raw\csd_mof_collection\astex_related\extracted\astex_non_native_set\astex_non_native_set\1lpz\1lpk,0,5,429.63 KB (439940 bytes),NO,2008-09-09 11:50:22 | ligand001.pdb,2026-05-30 14:45:40 | README.txt,CSD-derived context,curation_or_validation
<DATA_ROOT>\data_raw\csd_mof_collection\astex_related\extracted\astex_non_native_set\astex_non_native_set\1lpz\1mq5,data_raw\csd_mof_collection\astex_related\extracted\astex_non_native_set\astex_non_native_set\1lpz\1mq5,0,4,417.26 KB (427271 bytes),NO,2008-09-09 11:50:24 | ligand001.pdb,2026-05-30 14:45:40 | README.txt,CSD-derived context,curation_or_validation
<DATA_ROOT>\data_raw\csd_mof_collection\astex_related\extracted\astex_non_native_set\astex_non_native_set\1lpz\1mq6,data_raw\csd_mof_collection\astex_related\extracted\astex_non_native_set\astex_non_native_set\1lpz\1mq6,0,4,416.86 KB (426865 bytes),NO,2008-09-09 11:50:26 | ligand001.pdb,2026-05-30 14:45:40 | README.txt,CSD-derived context,curation_or_validation
<DATA_ROOT>\data_raw\csd_mof_collection\astex_related\extracted\astex_non_native_set\astex_non_native_set\1lpz\1nfu,data_raw\csd_mof_collection\astex_related\extracted\astex_non_native_set\astex_non_native_set\1lpz\1nfu,0,4,415.35 KB (425319 bytes),NO,2008-09-09 11:50:28 | ligand001.pdb,2026-05-30 14:45:40 | README.txt,CSD-derived context,curation_or_validation
<DATA_ROOT>\data_raw\csd_mof_collection\astex_related\extracted\astex_non_native_set\astex_non_native_set\1lpz\1nfw,data_raw\csd_mof_collection\astex_related\extracted\astex_non_native_set\astex_non_native_set\1lpz\1nfw,0,4,412.98 KB (422887 bytes),NO,2008-09-09 11:50:30 | ligand001.pdb,2026-05-30 14:45:40 | README.txt,CSD-derived context,curation_or_validation
<DATA_ROOT>\data_raw\csd_mof_collection\astex_related\extracted\astex_non_native_set\astex_non_native_set\1lpz\1nfx,data_raw\csd_mof_collection\astex_related\extracted\astex_non_native_set\astex_non_native_set\1lpz\1nfx,0,4,416.54 KB (426541 bytes),NO,2008-09-09 11:50:30 | water.pdb,2026-05-30 14:45:40 | README.txt,CSD-derived context,curation_or_validation
<DATA_ROOT>\data_raw\csd_mof_collection\astex_related\extracted\astex_non_native_set\astex_non_native_set\1lpz\1nfy,data_raw\csd_mof_collection\astex_related\extracted\astex_non_native_set\astex_non_native_set\1lpz\1nfy,0,4,417.00 KB (427012 bytes),NO,2008-09-09 11:50:32 | ligand001.pdb,2026-05-30 14:45:40 | README.txt,CSD-derived context,curation_or_validation
<DATA_ROOT>\data_raw\csd_mof_collection\astex_related\extracted\astex_non_native_set\astex_non_native_set\1lpz\1xka,data_raw\csd_mof_collection\astex_related\extracted\astex_non_native_set\astex_non_native_set\1lpz\1xka,0,4,472.45 KB (483784 bytes),NO,2008-09-09 11:50:34 | ligand001.pdb,2026-05-30 14:45:40 | README.txt,CSD-derived context,curation_or_validation
<DATA_ROOT>\data_raw\csd_mof_collection\astex_related\extracted\astex_non_native_set\astex_non_native_set\1lpz\1xkb,data_raw\csd_mof_collection\astex_related\extracted\astex_non_native_set\astex_non_native_set\1lpz\1xkb,0,4,931.17 KB (953518 bytes),NO,2008-09-09 11:50:38 | ligand001.pdb,2026-05-30 14:45:40 | README.txt,CSD-derived context,curation_or_validation
<DATA_ROOT>\data_raw\csd_mof_collection\astex_related\extracted\astex_non_native_set\astex_non_native_set\1lpz\1z6e,data_raw\csd_mof_collection\astex_related\extracted\astex_non_native_set\astex_non_native_set\1lpz\1z6e,0,4,416.56 KB (426560 bytes),NO,2008-09-09 11:50:40 | ligand001.pdb,2026-05-30 14:45:40 | README.txt,CSD-derived context,curation_or_validation
<DATA_ROOT>\data_raw\csd_mof_collection\astex_related\extracted\astex_non_native_set\astex_non_native_set\1lpz\2boh,data_raw\csd_mof_collection\astex_related\extracted\astex_non_native_set\astex_non_native_set\1lpz\2boh,0,4,421.71 KB (431826 bytes),NO,2008-09-09 11:50:40 | ligand001.pdb,2026-05-30 14:45:40 | README.txt,CSD-derived context,curation_or_validation
<DATA_ROOT>\data_raw\csd_mof_collection\astex_related\extracted\astex_non_native_set\astex_non_native_set\1lpz\2bok,data_raw\csd_mof_collection\astex_related\extracted\astex_non_native_set\astex_non_native_set\1lpz\2bok,0,4,403.35 KB (413026 bytes),NO,2008-09-09 11:50:42 | water.pdb,2026-05-30 14:45:40 | README.txt,CSD-derived context,curation_or_validation
<DATA_ROOT>\data_raw\csd_mof_collection\astex_related\extracted\astex_non_native_set\astex_non_native_set\1lpz\2bq7,data_raw\csd_mof_collection\astex_related\extracted\astex_non_native_set\astex_non_native_set\1lpz\2bq7,0,4,425.29 KB (435492 bytes),NO,2008-09-09 11:50:44 | ligand001.pdb,2026-05-30 14:45:40 | README.txt,CSD-derived context,curation_or_validation
<DATA_ROOT>\data_raw\csd_mof_collection\astex_related\extracted\astex_non_native_set\astex_non_native_set\1lpz\2fzz,data_raw\csd_mof_collection\astex_related\extracted\astex_non_native_set\astex_non_native_set\1lpz\2fzz,0,3,404.74 KB (414455 bytes),NO,2008-09-09 11:50:46 | ligand001.pdb,2026-05-30 14:45:40 | README.txt,CSD-derived context,curation_or_validation
<DATA_ROOT>\data_raw\csd_mof_collection\astex_related\extracted\astex_non_native_set\astex_non_native_set\1lpz\2g00,data_raw\csd_mof_collection\astex_related\extracted\astex_non_native_set\astex_non_native_set\1lpz\2g00,0,3,404.25 KB (413952 bytes),NO,2008-09-09 11:50:48 | ligand001.pdb,2026-05-30 14:45:40 | README.txt,CSD-derived context,curation_or_validation
<DATA_ROOT>\data_raw\csd_mof_collection\astex_related\extracted\astex_non_native_set\astex_non_native_set\1lpz\2h9e,data_raw\csd_mof_collection\astex_related\extracted\astex_non_native_set\astex_non_native_set\1lpz\2h9e,0,6,484.22 KB (495841 bytes),NO,2008-09-09 11:50:48 | ligand001.pdb,2026-05-30 14:45:40 | README.txt,CSD-derived context,curation_or_validation
<DATA_ROOT>\data_raw\csd_mof_collection\astex_related\extracted\astex_non_native_set\astex_non_native_set\1lpz\2j2u,data_raw\csd_mof_collection\astex_related\extracted\astex_non_native_set\astex_non_native_set\1lpz\2j2u,0,4,409.38 KB (419207 bytes),NO,2008-09-09 11:50:50 | ligand001.pdb,2026-05-30 14:45:40 | README.txt,CSD-derived context,curation_or_validation
<DATA_ROOT>\data_raw\csd_mof_collection\astex_related\extracted\astex_non_native_set\astex_non_native_set\1lpz\2j34,data_raw\csd_mof_collection\astex_related\extracted\astex_non_native_set\astex_non_native_set\1lpz\2j34,0,4,415.59 KB (425563 bytes),NO,2008-09-09 11:50:52 | ligand001.pdb,2026-05-30 14:45:40 | README.txt,CSD-derived context,curation_or_validation
<DATA_ROOT>\data_raw\csd_mof_collection\astex_related\extracted\astex_non_native_set\astex_non_native_set\1lpz\2j38,data_raw\csd_mof_collection\astex_related\extracted\astex_non_native_set\astex_non_native_set\1lpz\2j38,0,4,416.69 KB (426687 bytes),NO,2008-09-09 11:50:54 | ligand001.pdb,2026-05-30 14:45:40 | README.txt,CSD-derived context,curation_or_validation
<DATA_ROOT>\data_raw\csd_mof_collection\astex_related\extracted\astex_non_native_set\astex_non_native_set\1lpz\2j4i,data_raw\csd_mof_collection\astex_related\extracted\astex_non_native_set\astex_non_native_set\1lpz\2j4i,0,4,413.85 KB (423781 bytes),NO,2008-09-09 11:50:54 | ligand001.pdb,2026-05-30 14:45:40 | README.txt,CSD-derived context,curation_or_validation
<DATA_ROOT>\data_raw\csd_mof_collection\astex_related\extracted\astex_non_native_set\astex_non_native_set\1lpz\2j94,data_raw\csd_mof_collection\astex_related\extracted\astex_non_native_set\astex_non_native_set\1lpz\2j94,0,4,412.59 KB (422489 bytes),NO,2008-09-09 11:50:56 | ligand001.pdb,2026-05-30 14:45:40 | README.txt,CSD-derived context,curation_or_validation
<DATA_ROOT>\data_raw\csd_mof_collection\astex_related\extracted\astex_non_native_set\astex_non_native_set\1lpz\2j95,data_raw\csd_mof_collection\astex_related\extracted\astex_non_native_set\astex_non_native_set\1lpz\2j95,0,4,413.14 KB (423059 bytes),NO,2008-09-09 11:50:58 | ligand001.pdb,2026-05-30 14:45:40 | README.txt,CSD-derived context,curation_or_validation
<DATA_ROOT>\data_raw\csd_mof_collection\astex_related\extracted\astex_non_native_set\astex_non_native_set\1lpz\2uwl,data_raw\csd_mof_collection\astex_related\extracted\astex_non_native_set\astex_non_native_set\1lpz\2uwl,0,5,414.76 KB (424711 bytes),NO,2008-09-09 11:51:00 | ligand001.pdb,2026-05-30 14:45:40 | README.txt,CSD-derived context,curation_or_validation
<DATA_ROOT>\data_raw\csd_mof_collection\astex_related\extracted\astex_non_native_set\astex_non_native_set\1lpz\2uwo,data_raw\csd_mof_collection\astex_related\extracted\astex_non_native_set\astex_non_native_set\1lpz\2uwo,0,5,412.83 KB (422742 bytes),NO,2008-09-09 11:51:00 | ligand001.pdb,2026-05-30 14:45:40 | README.txt,CSD-derived context,curation_or_validation
<DATA_ROOT>\data_raw\csd_mof_collection\astex_related\extracted\astex_non_native_set\astex_non_native_set\1lpz\2uwp,data_raw\csd_mof_collection\astex_related\extracted\astex_non_native_set\astex_non_native_set\1lpz\2uwp,0,4,418.63 KB (428682 bytes),NO,2008-09-09 11:51:02 | ligand001.pdb,2026-05-30 14:45:40 | README.txt,CSD-derived context,curation_or_validation
<DATA_ROOT>\data_raw\csd_mof_collection\astex_related\extracted\astex_non_native_set\astex_non_native_set\1lrh,data_raw\csd_mof_collection\astex_related\extracted\astex_non_native_set\astex_non_native_set\1lrh,1,1,1.05 KB (1076 bytes),NO,2026-05-30 14:45:40 | README.txt,2026-05-30 14:45:40 | README.txt,CSD-derived context,curation_or_validation
<DATA_ROOT>\data_raw\csd_mof_collection\astex_related\extracted\astex_non_native_set\astex_non_native_set\1lrh\1lr5,data_raw\csd_mof_collection\astex_related\extracted\astex_non_native_set\astex_non_native_set\1lrh\1lr5,0,3,1005.15 KB (1029273 bytes),NO,2008-09-09 11:51:06 | protein.mol2,2026-05-30 14:45:40 | README.txt,CSD-derived context,curation_or_validation
<DATA_ROOT>\data_raw\csd_mof_collection\astex_related\extracted\astex_non_native_set\astex_non_native_set\1meh,data_raw\csd_mof_collection\astex_related\extracted\astex_non_native_set\astex_non_native_set\1meh,1,1,1.05 KB (1076 bytes),NO,2026-05-30 14:45:40 | README.txt,2026-05-30 14:45:40 | README.txt,CSD-derived context,curation_or_validation
<DATA_ROOT>\data_raw\csd_mof_collection\astex_related\extracted\astex_non_native_set\astex_non_native_set\1meh\1me9,data_raw\csd_mof_collection\astex_related\extracted\astex_non_native_set\astex_non_native_set\1meh\1me9,0,3,500.99 KB (513016 bytes),NO,2008-09-09 11:51:08 | protein.mol2,2026-05-30 14:45:40 | README.txt,CSD-derived context,curation_or_validation
<DATA_ROOT>\data_raw\csd_mof_collection\astex_related\extracted\astex_non_native_set\astex_non_native_set\1mmv,data_raw\csd_mof_collection\astex_related\extracted\astex_non_native_set\astex_non_native_set\1mmv,19,1,1.05 KB (1076 bytes),NO,2026-05-30 14:45:40 | README.txt,2026-05-30 14:45:40 | README.txt,CSD-derived context,curation_or_validation
<DATA_ROOT>\data_raw\csd_mof_collection\astex_related\extracted\astex_non_native_set\astex_non_native_set\1mmv\1k2r,data_raw\csd_mof_collection\astex_related\extracted\astex_non_native_set\astex_non_native_set\1mmv\1k2r,0,4,1.22 MB (1280368 bytes),NO,2008-09-09 11:51:12 | ligand001.pdb,2026-05-30 14:45:40 | README.txt,CSD-derived context,curation_or_validation
<DATA_ROOT>\data_raw\csd_mof_collection\astex_related\extracted\astex_non_native_set\astex_non_native_set\1mmv\1k2t,data_raw\csd_mof_collection\astex_related\extracted\astex_non_native_set\astex_non_native_set\1mmv\1k2t,0,4,1.22 MB (1274415 bytes),NO,2008-09-09 11:51:16 | ligand001.pdb,2026-05-30 14:45:40 | README.txt,CSD-derived context,curation_or_validation
<DATA_ROOT>\data_raw\csd_mof_collection\astex_related\extracted\astex_non_native_set\astex_non_native_set\1mmv\1k2u,data_raw\csd_mof_collection\astex_related\extracted\astex_non_native_set\astex_non_native_set\1mmv\1k2u,0,4,1.22 MB (1277631 bytes),NO,2008-09-09 11:51:20 | ligand001.pdb,2026-05-30 14:45:40 | README.txt,CSD-derived context,curation_or_validation
<DATA_ROOT>\data_raw\csd_mof_collection\astex_related\extracted\astex_non_native_set\astex_non_native_set\1mmv\1lzx,data_raw\csd_mof_collection\astex_related\extracted\astex_non_native_set\astex_non_native_set\1mmv\1lzx,0,4,1.23 MB (1285893 bytes),NO,2008-09-09 11:51:24 | ligand001.pdb,2026-05-30 14:45:40 | README.txt,CSD-derived context,curation_or_validation
<DATA_ROOT>\data_raw\csd_mof_collection\astex_related\extracted\astex_non_native_set\astex_non_native_set\1mmv\1lzz,data_raw\csd_mof_collection\astex_related\extracted\astex_non_native_set\astex_non_native_set\1mmv\1lzz,0,4,1.23 MB (1288157 bytes),NO,2008-09-09 11:51:28 | ligand001.pdb,2026-05-30 14:45:40 | README.txt,CSD-derived context,curation_or_validation
<DATA_ROOT>\data_raw\csd_mof_collection\astex_related\extracted\astex_non_native_set\astex_non_native_set\1mmv\1m00,data_raw\csd_mof_collection\astex_related\extracted\astex_non_native_set\astex_non_native_set\1mmv\1m00,0,4,1.23 MB (1287506 bytes),NO,2008-09-09 11:51:32 | ligand001.pdb,2026-05-30 14:45:40 | README.txt,CSD-derived context,curation_or_validation
<DATA_ROOT>\data_raw\csd_mof_collection\astex_related\extracted\astex_non_native_set\astex_non_native_set\1mmv\1mmw,data_raw\csd_mof_collection\astex_related\extracted\astex_non_native_set\astex_non_native_set\1mmv\1mmw,0,4,1.23 MB (1286157 bytes),NO,2008-09-09 11:51:36 | ligand001.pdb,2026-05-30 14:45:40 | README.txt,CSD-derived context,curation_or_validation
<DATA_ROOT>\data_raw\csd_mof_collection\astex_related\extracted\astex_non_native_set\astex_non_native_set\1mmv\1om5,data_raw\csd_mof_collection\astex_related\extracted\astex_non_native_set\astex_non_native_set\1mmv\1om5,0,4,1.21 MB (1267913 bytes),NO,2008-09-09 11:51:40 | ligand001.pdb,2026-05-30 14:45:40 | README.txt,CSD-derived context,curation_or_validation
<DATA_ROOT>\data_raw\csd_mof_collection\astex_related\extracted\astex_non_native_set\astex_non_native_set\1mmv\1p6h,data_raw\csd_mof_collection\astex_related\extracted\astex_non_native_set\astex_non_native_set\1mmv\1p6h,0,4,1.23 MB (1287853 bytes),NO,2008-09-09 11:51:44 | ligand001.pdb,2026-05-30 14:45:40 | README.txt,CSD-derived context,curation_or_validation
<DATA_ROOT>\data_raw\csd_mof_collection\astex_related\extracted\astex_non_native_set\astex_non_native_set\1mmv\1p6i,data_raw\csd_mof_collection\astex_related\extracted\astex_non_native_set\astex_non_native_set\1mmv\1p6i,0,4,1.23 MB (1291343 bytes),NO,2008-09-09 11:51:48 | ligand001.pdb,2026-05-30 14:45:40 | README.txt,CSD-derived context,curation_or_validation
<DATA_ROOT>\data_raw\csd_mof_collection\astex_related\extracted\astex_non_native_set\astex_non_native_set\1mmv\1p6j,data_raw\csd_mof_collection\astex_related\extracted\astex_non_native_set\astex_non_native_set\1mmv\1p6j,0,4,1.22 MB (1282949 bytes),NO,2008-09-09 11:51:52 | ligand001.pdb,2026-05-30 14:45:40 | README.txt,CSD-derived context,curation_or_validation
<DATA_ROOT>\data_raw\csd_mof_collection\astex_related\extracted\astex_non_native_set\astex_non_native_set\1mmv\1qw6,data_raw\csd_mof_collection\astex_related\extracted\astex_non_native_set\astex_non_native_set\1mmv\1qw6,0,4,647.15 KB (662686 bytes),NO,2008-09-09 11:51:54 | ligand001.pdb,2026-05-30 14:45:40 | README.txt,CSD-derived context,curation_or_validation
<DATA_ROOT>\data_raw\csd_mof_collection\astex_related\extracted\astex_non_native_set\astex_non_native_set\1mmv\1qwc,data_raw\csd_mof_collection\astex_related\extracted\astex_non_native_set\astex_non_native_set\1mmv\1qwc,0,4,641.27 KB (656664 bytes),NO,2008-09-09 11:51:56 | ligand001.pdb,2026-05-30 14:45:40 | README.txt,CSD-derived context,curation_or_validation
<DATA_ROOT>\data_raw\csd_mof_collection\astex_related\extracted\astex_non_native_set\astex_non_native_set\1mmv\1rs6,data_raw\csd_mof_collection\astex_related\extracted\astex_non_native_set\astex_non_native_set\1mmv\1rs6,0,5,1.24 MB (1297471 bytes),NO,2008-09-09 11:52:00 | ligand001.pdb,2026-05-30 14:45:40 | README.txt,CSD-derived context,curation_or_validation
<DATA_ROOT>\data_raw\csd_mof_collection\astex_related\extracted\astex_non_native_set\astex_non_native_set\1mmv\1rs7,data_raw\csd_mof_collection\astex_related\extracted\astex_non_native_set\astex_non_native_set\1mmv\1rs7,0,4,1.24 MB (1296648 bytes),NO,2008-09-09 11:52:04 | ligand001.pdb,2026-05-30 14:45:40 | README.txt,CSD-derived context,curation_or_validation
<DATA_ROOT>\data_raw\csd_mof_collection\astex_related\extracted\astex_non_native_set\astex_non_native_set\1mmv\1vag,data_raw\csd_mof_collection\astex_related\extracted\astex_non_native_set\astex_non_native_set\1mmv\1vag,0,4,644.48 KB (659945 bytes),NO,2008-09-09 11:52:06 | ligand001.pdb,2026-05-30 14:45:40 | README.txt,CSD-derived context,curation_or_validation
<DATA_ROOT>\data_raw\csd_mof_collection\astex_related\extracted\astex_non_native_set\astex_non_native_set\1mmv\1zvi,data_raw\csd_mof_collection\astex_related\extracted\astex_non_native_set\astex_non_native_set\1mmv\1zvi,0,3,631.33 KB (646482 bytes),NO,2008-09-09 11:52:08 | protein.mol2,2026-05-30 14:45:40 | README.txt,CSD-derived context,curation_or_validation
<DATA_ROOT>\data_raw\csd_mof_collection\astex_related\extracted\astex_non_native_set\astex_non_native_set\1mmv\2hx3,data_raw\csd_mof_collection\astex_related\extracted\astex_non_native_set\astex_non_native_set\1mmv\2hx3,0,4,1.22 MB (1283466 bytes),NO,2008-09-09 11:52:12 | ligand001.pdb,2026-05-30 14:45:40 | README.txt,CSD-derived context,curation_or_validation
<DATA_ROOT>\data_raw\csd_mof_collection\astex_related\extracted\astex_non_native_set\astex_non_native_set\1mmv\2hx4,data_raw\csd_mof_collection\astex_related\extracted\astex_non_native_set\astex_non_native_set\1mmv\2hx4,0,4,1.22 MB (1283078 bytes),NO,2008-09-09 11:52:16 | ligand001.pdb,2026-05-30 14:45:40 | README.txt,CSD-derived context,curation_or_validation
<DATA_ROOT>\data_raw\csd_mof_collection\astex_related\extracted\astex_non_native_set\astex_non_native_set\1mzc,data_raw\csd_mof_collection\astex_related\extracted\astex_non_native_set\astex_non_native_set\1mzc,7,1,1.05 KB (1076 bytes),NO,2026-05-30 14:45:40 | README.txt,2026-05-30 14:45:40 | README.txt,CSD-derived context,curation_or_validation
<DATA_ROOT>\data_raw\csd_mof_collection\astex_related\extracted\astex_non_native_set\astex_non_native_set\1mzc\1jcq,data_raw\csd_mof_collection\astex_related\extracted\astex_non_native_set\astex_non_native_set\1mzc\1jcq,0,5,1.07 MB (1121489 bytes),NO,2008-09-09 11:52:20 | ligand001.pdb,2026-05-30 14:45:40 | README.txt,CSD-derived context,curation_or_validation
<DATA_ROOT>\data_raw\csd_mof_collection\astex_related\extracted\astex_non_native_set\astex_non_native_set\1mzc\1kzo,data_raw\csd_mof_collection\astex_related\extracted\astex_non_native_set\astex_non_native_set\1mzc\1kzo,0,5,1.09 MB (1138067 bytes),NO,2008-09-09 11:52:24 | ligand001.pdb,2026-05-30 14:45:40 | README.txt,CSD-derived context,curation_or_validation
<DATA_ROOT>\data_raw\csd_mof_collection\astex_related\extracted\astex_non_native_set\astex_non_native_set\1mzc\1ld7,data_raw\csd_mof_collection\astex_related\extracted\astex_non_native_set\astex_non_native_set\1mzc\1ld7,0,4,1.08 MB (1133839 bytes),NO,2008-09-09 11:52:28 | ligand001.pdb,2026-05-30 14:45:40 | README.txt,CSD-derived context,curation_or_validation
<DATA_ROOT>\data_raw\csd_mof_collection\astex_related\extracted\astex_non_native_set\astex_non_native_set\1mzc\1ld8,data_raw\csd_mof_collection\astex_related\extracted\astex_non_native_set\astex_non_native_set\1mzc\1ld8,0,5,1.09 MB (1147877 bytes),NO,2008-09-09 11:52:32 | ligand001.pdb,2026-05-30 14:45:40 | README.txt,CSD-derived context,curation_or_validation
<DATA_ROOT>\data_raw\csd_mof_collection\astex_related\extracted\astex_non_native_set\astex_non_native_set\1mzc\1o5m,data_raw\csd_mof_collection\astex_related\extracted\astex_non_native_set\astex_non_native_set\1mzc\1o5m,0,4,1.09 MB (1140245 bytes),NO,2008-09-09 11:52:34 | ligand001.pdb,2026-05-30 14:45:40 | README.txt,CSD-derived context,curation_or_validation
<DATA_ROOT>\data_raw\csd_mof_collection\astex_related\extracted\astex_non_native_set\astex_non_native_set\1mzc\1s63,data_raw\csd_mof_collection\astex_related\extracted\astex_non_native_set\astex_non_native_set\1mzc\1s63,0,4,1.09 MB (1140358 bytes),NO,2008-09-09 11:52:38 | ligand001.pdb,2026-05-30 14:45:40 | README.txt,CSD-derived context,curation_or_validation
<DATA_ROOT>\data_raw\csd_mof_collection\astex_related\extracted\astex_non_native_set\astex_non_native_set\1mzc\1sa4,data_raw\csd_mof_collection\astex_related\extracted\astex_non_native_set\astex_non_native_set\1mzc\1sa4,0,4,1.10 MB (1149662 bytes),NO,2008-09-09 11:52:42 | ligand001.pdb,2026-05-30 14:45:40 | README.txt,CSD-derived context,curation_or_validation
<DATA_ROOT>\data_raw\csd_mof_collection\astex_related\extracted\astex_non_native_set\astex_non_native_set\1n1m,data_raw\csd_mof_collection\astex_related\extracted\astex_non_native_set\astex_non_native_set\1n1m,19,1,1.05 KB (1076 bytes),NO,2026-05-30 14:45:40 | README.txt,2026-05-30 14:45:40 | README.txt,CSD-derived context,curation_or_validation
<DATA_ROOT>\data_raw\csd_mof_collection\astex_related\extracted\astex_non_native_set\astex_non_native_set\1n1m\1nu6,data_raw\csd_mof_collection\astex_related\extracted\astex_non_native_set\astex_non_native_set\1n1m\1nu6,0,3,2.11 MB (2214784 bytes),NO,2008-09-09 11:52:52 | protein.mol2,2026-05-30 14:45:40 | README.txt,CSD-derived context,curation_or_validation
<DATA_ROOT>\data_raw\csd_mof_collection\astex_related\extracted\astex_non_native_set\astex_non_native_set\1n1m\1nu8,data_raw\csd_mof_collection\astex_related\extracted\astex_non_native_set\astex_non_native_set\1n1m\1nu8,0,3,2.11 MB (2216263 bytes),NO,2008-09-09 11:53:00 | protein.mol2,2026-05-30 14:45:40 | README.txt,CSD-derived context,curation_or_validation
<DATA_ROOT>\data_raw\csd_mof_collection\astex_related\extracted\astex_non_native_set\astex_non_native_set\1n1m\1pfq,data_raw\csd_mof_collection\astex_related\extracted\astex_non_native_set\astex_non_native_set\1n1m\1pfq,0,3,2.11 MB (2210595 bytes),NO,2008-09-09 11:53:08 | water.pdb,2026-05-30 14:45:40 | README.txt,CSD-derived context,curation_or_validation
<DATA_ROOT>\data_raw\csd_mof_collection\astex_related\extracted\astex_non_native_set\astex_non_native_set\1n1m\1r9m,data_raw\csd_mof_collection\astex_related\extracted\astex_non_native_set\astex_non_native_set\1n1m\1r9m,0,3,4.36 MB (4571518 bytes),NO,2008-09-09 11:53:30 | protein.mol2,2026-05-30 14:45:40 | README.txt,CSD-derived context,curation_or_validation
<DATA_ROOT>\data_raw\csd_mof_collection\astex_related\extracted\astex_non_native_set\astex_non_native_set\1n1m\1rwq,data_raw\csd_mof_collection\astex_related\extracted\astex_non_native_set\astex_non_native_set\1n1m\1rwq,0,4,2.10 MB (2202767 bytes),NO,2008-09-09 11:53:38 | ligand001.pdb,2026-05-30 14:45:40 | README.txt,CSD-derived context,curation_or_validation
<DATA_ROOT>\data_raw\csd_mof_collection\astex_related\extracted\astex_non_native_set\astex_non_native_set\1n1m\1tk3,data_raw\csd_mof_collection\astex_related\extracted\astex_non_native_set\astex_non_native_set\1n1m\1tk3,0,3,2.23 MB (2334583 bytes),NO,2008-09-09 11:53:46 | protein.mol2,2026-05-30 14:45:40 | README.txt,CSD-derived context,curation_or_validation
<DATA_ROOT>\data_raw\csd_mof_collection\astex_related\extracted\astex_non_native_set\astex_non_native_set\1n1m\1x70,data_raw\csd_mof_collection\astex_related\extracted\astex_non_native_set\astex_non_native_set\1n1m\1x70,0,5,2.22 MB (2322641 bytes),NO,2008-09-09 11:53:54 | ligand001.pdb,2026-05-30 14:45:40 | README.txt,CSD-derived context,curation_or_validation
<DATA_ROOT>\data_raw\csd_mof_collection\astex_related\extracted\astex_non_native_set\astex_non_native_set\1n1m\2ajl,data_raw\csd_mof_collection\astex_related\extracted\astex_non_native_set\astex_non_native_set\1n1m\2ajl,0,4,2.13 MB (2238483 bytes),NO,2008-09-09 11:54:02 | ligand001.pdb,2026-05-30 14:45:40 | README.txt,CSD-derived context,curation_or_validation
<DATA_ROOT>\data_raw\csd_mof_collection\astex_related\extracted\astex_non_native_set\astex_non_native_set\1n1m\2fjp,data_raw\csd_mof_collection\astex_related\extracted\astex_non_native_set\astex_non_native_set\1n1m\2fjp,0,5,2.18 MB (2287467 bytes),NO,2008-09-09 11:54:12 | ligand001.pdb,2026-05-30 14:45:40 | README.txt,CSD-derived context,curation_or_validation
<DATA_ROOT>\data_raw\csd_mof_collection\astex_related\extracted\astex_non_native_set\astex_non_native_set\1n1m\2g5p,data_raw\csd_mof_collection\astex_related\extracted\astex_non_native_set\astex_non_native_set\1n1m\2g5p,0,4,2.19 MB (2293535 bytes),NO,2008-09-09 11:54:20 | ligand001.pdb,2026-05-30 14:45:40 | README.txt,CSD-derived context,curation_or_validation
<DATA_ROOT>\data_raw\csd_mof_collection\astex_related\extracted\astex_non_native_set\astex_non_native_set\1n1m\2g5t,data_raw\csd_mof_collection\astex_related\extracted\astex_non_native_set\astex_non_native_set\1n1m\2g5t,0,4,2.17 MB (2279164 bytes),NO,2008-09-09 11:54:28 | ligand001.pdb,2026-05-30 14:45:40 | README.txt,CSD-derived context,curation_or_validation
<DATA_ROOT>\data_raw\csd_mof_collection\astex_related\extracted\astex_non_native_set\astex_non_native_set\1n1m\2g63,data_raw\csd_mof_collection\astex_related\extracted\astex_non_native_set\astex_non_native_set\1n1m\2g63,0,4,4.45 MB (4669378 bytes),NO,2008-09-09 11:54:50 | ligand001.pdb,2026-05-30 14:45:40 | README.txt,CSD-derived context,curation_or_validation
<DATA_ROOT>\data_raw\csd_mof_collection\astex_related\extracted\astex_non_native_set\astex_non_native_set\1n1m\2hha,data_raw\csd_mof_collection\astex_related\extracted\astex_non_native_set\astex_non_native_set\1n1m\2hha,0,4,2.20 MB (2305077 bytes),NO,2008-09-09 11:54:58 | ligand001.pdb,2026-05-30 14:45:40 | README.txt,CSD-derived context,curation_or_validation
<DATA_ROOT>\data_raw\csd_mof_collection\astex_related\extracted\astex_non_native_set\astex_non_native_set\1n1m\2i03,data_raw\csd_mof_collection\astex_related\extracted\astex_non_native_set\astex_non_native_set\1n1m\2i03,0,4,4.35 MB (4564397 bytes),NO,2008-09-09 11:55:20 | ligand001.pdb,2026-05-30 14:45:40 | README.txt,CSD-derived context,curation_or_validation
<DATA_ROOT>\data_raw\csd_mof_collection\astex_related\extracted\astex_non_native_set\astex_non_native_set\1n1m\2iit,data_raw\csd_mof_collection\astex_related\extracted\astex_non_native_set\astex_non_native_set\1n1m\2iit,0,4,2.19 MB (2295011 bytes),NO,2008-09-09 11:55:28 | ligand001.pdb,2026-05-30 14:45:40 | README.txt,CSD-derived context,curation_or_validation
<DATA_ROOT>\data_raw\csd_mof_collection\astex_related\extracted\astex_non_native_set\astex_non_native_set\1n1m\2iiv,data_raw\csd_mof_collection\astex_related\extracted\astex_non_native_set\astex_non_native_set\1n1m\2iiv,0,4,2.20 MB (2304428 bytes),NO,2008-09-09 11:55:36 | ligand001.pdb,2026-05-30 14:45:40 | README.txt,CSD-derived context,curation_or_validation
<DATA_ROOT>\data_raw\csd_mof_collection\astex_related\extracted\astex_non_native_set\astex_non_native_set\1n1m\2ogz,data_raw\csd_mof_collection\astex_related\extracted\astex_non_native_set\astex_non_native_set\1n1m\2ogz,0,4,2.11 MB (2215614 bytes),NO,2008-09-09 11:55:44 | ligand001.pdb,2026-05-30 14:45:40 | README.txt,CSD-derived context,curation_or_validation
<DATA_ROOT>\data_raw\csd_mof_collection\astex_related\extracted\astex_non_native_set\astex_non_native_set\1n1m\2oph,data_raw\csd_mof_collection\astex_related\extracted\astex_non_native_set\astex_non_native_set\1n1m\2oph,0,4,2.20 MB (2302630 bytes),NO,2008-09-09 11:55:56 | ligand001.pdb,2026-05-30 14:45:40 | README.txt,CSD-derived context,curation_or_validation
<DATA_ROOT>\data_raw\csd_mof_collection\astex_related\extracted\astex_non_native_set\astex_non_native_set\1n1m\2p8s,data_raw\csd_mof_collection\astex_related\extracted\astex_non_native_set\astex_non_native_set\1n1m\2p8s,0,6,2.22 MB (2323216 bytes),NO,2008-09-09 11:56:06 | ligand001.pdb,2026-05-30 14:45:40 | README.txt,CSD-derived context,curation_or_validation
<DATA_ROOT>\data_raw\csd_mof_collection\astex_related\extracted\astex_non_native_set\astex_non_native_set\1n2j,data_raw\csd_mof_collection\astex_related\extracted\astex_non_native_set\astex_non_native_set\1n2j,7,1,1.05 KB (1076 bytes),NO,2026-05-30 14:45:40 | README.txt,2026-05-30 14:45:40 | README.txt,CSD-derived context,curation_or_validation
<DATA_ROOT>\data_raw\csd_mof_collection\astex_related\extracted\astex_non_native_set\astex_non_native_set\1n2j\1mop,data_raw\csd_mof_collection\astex_related\extracted\astex_non_native_set\astex_non_native_set\1n2j\1mop,0,5,826.39 KB (846224 bytes),NO,2008-09-09 11:56:08 | ligand_other.pdb,2026-05-30 14:45:40 | README.txt,CSD-derived context,curation_or_validation
<DATA_ROOT>\data_raw\csd_mof_collection\astex_related\extracted\astex_non_native_set\astex_non_native_set\1n2j\1n2b,data_raw\csd_mof_collection\astex_related\extracted\astex_non_native_set\astex_non_native_set\1n2j\1n2b,0,5,812.82 KB (832326 bytes),NO,2008-09-09 11:56:12 | ligand_other.pdb,2026-05-30 14:45:40 | README.txt,CSD-derived context,curation_or_validation
<DATA_ROOT>\data_raw\csd_mof_collection\astex_related\extracted\astex_non_native_set\astex_non_native_set\1n2j\1n2e,data_raw\csd_mof_collection\astex_related\extracted\astex_non_native_set\astex_non_native_set\1n2j\1n2e,0,6,820.50 KB (840197 bytes),NO,2008-09-09 11:56:14 | ligand001.pdb,2026-05-30 14:45:40 | README.txt,CSD-derived context,curation_or_validation
<DATA_ROOT>\data_raw\csd_mof_collection\astex_related\extracted\astex_non_native_set\astex_non_native_set\1n2j\1n2g,data_raw\csd_mof_collection\astex_related\extracted\astex_non_native_set\astex_non_native_set\1n2j\1n2g,0,6,817.18 KB (836791 bytes),NO,2008-09-09 11:56:18 | ligand001.pdb,2026-05-30 14:45:40 | README.txt,CSD-derived context,curation_or_validation
<DATA_ROOT>\data_raw\csd_mof_collection\astex_related\extracted\astex_non_native_set\astex_non_native_set\1n2j\1n2h,data_raw\csd_mof_collection\astex_related\extracted\astex_non_native_set\astex_non_native_set\1n2j\1n2h,0,5,814.61 KB (834162 bytes),NO,2008-09-09 11:56:20 | ligand001.pdb,2026-05-30 14:45:40 | README.txt,CSD-derived context,curation_or_validation
<DATA_ROOT>\data_raw\csd_mof_collection\astex_related\extracted\astex_non_native_set\astex_non_native_set\1n2j\1n2i,data_raw\csd_mof_collection\astex_related\extracted\astex_non_native_set\astex_non_native_set\1n2j\1n2i,0,4,822.20 KB (841937 bytes),NO,2008-09-09 11:56:22 | other.pdb,2026-05-30 14:45:40 | README.txt,CSD-derived context,curation_or_validation
<DATA_ROOT>\data_raw\csd_mof_collection\astex_related\extracted\astex_non_native_set\astex_non_native_set\1n2j\2a86,data_raw\csd_mof_collection\astex_related\extracted\astex_non_native_set\astex_non_native_set\1n2j\2a86,0,5,810.33 KB (829776 bytes),NO,2008-09-09 11:56:26 | ligand_other.pdb,2026-05-30 14:45:40 | README.txt,CSD-derived context,curation_or_validation
<DATA_ROOT>\data_raw\csd_mof_collection\astex_related\extracted\astex_non_native_set\astex_non_native_set\1n2v,data_raw\csd_mof_collection\astex_related\extracted\astex_non_native_set\astex_non_native_set\1n2v,16,1,1.05 KB (1076 bytes),NO,2026-05-30 14:45:40 | README.txt,2026-05-30 14:45:40 | README.txt,CSD-derived context,curation_or_validation
<DATA_ROOT>\data_raw\csd_mof_collection\astex_related\extracted\astex_non_native_set\astex_non_native_set\1n2v\1enu,data_raw\csd_mof_collection\astex_related\extracted\astex_non_native_set\astex_non_native_set\1n2v\1enu,0,4,559.26 KB (572682 bytes),NO,2008-09-09 11:56:28 | ligand001.pdb,2026-05-30 14:45:40 | README.txt,CSD-derived context,curation_or_validation
<DATA_ROOT>\data_raw\csd_mof_collection\astex_related\extracted\astex_non_native_set\astex_non_native_set\1n2v\1f3e,data_raw\csd_mof_collection\astex_related\extracted\astex_non_native_set\astex_non_native_set\1n2v\1f3e,0,4,556.43 KB (569783 bytes),NO,2008-09-09 11:56:30 | ligand001.pdb,2026-05-30 14:45:40 | README.txt,CSD-derived context,curation_or_validation
<DATA_ROOT>\data_raw\csd_mof_collection\astex_related\extracted\astex_non_native_set\astex_non_native_set\1n2v\1k4g,data_raw\csd_mof_collection\astex_related\extracted\astex_non_native_set\astex_non_native_set\1n2v\1k4g,0,4,554.28 KB (567587 bytes),NO,2008-09-09 11:56:32 | ligand001.pdb,2026-05-30 14:45:40 | README.txt,CSD-derived context,curation_or_validation
<DATA_ROOT>\data_raw\csd_mof_collection\astex_related\extracted\astex_non_native_set\astex_non_native_set\1n2v\1k4h,data_raw\csd_mof_collection\astex_related\extracted\astex_non_native_set\astex_non_native_set\1n2v\1k4h,0,4,555.91 KB (569247 bytes),NO,2008-09-09 11:56:34 | ligand001.pdb,2026-05-30 14:45:40 | README.txt,CSD-derived context,curation_or_validation
<DATA_ROOT>\data_raw\csd_mof_collection\astex_related\extracted\astex_non_native_set\astex_non_native_set\1n2v\1p0b,data_raw\csd_mof_collection\astex_related\extracted\astex_non_native_set\astex_non_native_set\1n2v\1p0b,0,5,553.30 KB (566583 bytes),NO,2008-09-09 11:56:36 | ligand001.pdb,2026-05-30 14:45:40 | README.txt,CSD-derived context,curation_or_validation
<DATA_ROOT>\data_raw\csd_mof_collection\astex_related\extracted\astex_non_native_set\astex_non_native_set\1n2v\1p0d,data_raw\csd_mof_collection\astex_related\extracted\astex_non_native_set\astex_non_native_set\1n2v\1p0d,0,3,537.42 KB (550321 bytes),NO,2008-09-09 11:56:38 | protein.mol2,2026-05-30 14:45:40 | README.txt,CSD-derived context,curation_or_validation
<DATA_ROOT>\data_raw\csd_mof_collection\astex_related\extracted\astex_non_native_set\astex_non_native_set\1n2v\1p0e,data_raw\csd_mof_collection\astex_related\extracted\astex_non_native_set\astex_non_native_set\1n2v\1p0e,0,4,519.19 KB (531654 bytes),NO,2008-09-09 11:56:40 | ligand001.pdb,2026-05-30 14:45:40 | README.txt,CSD-derived context,curation_or_validation
<DATA_ROOT>\data_raw\csd_mof_collection\astex_related\extracted\astex_non_native_set\astex_non_native_set\1n2v\1pud,data_raw\csd_mof_collection\astex_related\extracted\astex_non_native_set\astex_non_native_set\1n2v\1pud,0,3,542.87 KB (555901 bytes),NO,2008-09-09 11:56:42 | protein.mol2,2026-05-30 14:45:40 | README.txt,CSD-derived context,curation_or_validation
<DATA_ROOT>\data_raw\csd_mof_collection\astex_related\extracted\astex_non_native_set\astex_non_native_set\1n2v\1q4w,data_raw\csd_mof_collection\astex_related\extracted\astex_non_native_set\astex_non_native_set\1n2v\1q4w,0,5,543.82 KB (556867 bytes),NO,2008-09-09 11:56:44 | ligand001.pdb,2026-05-30 14:45:40 | README.txt,CSD-derived context,curation_or_validation
<DATA_ROOT>\data_raw\csd_mof_collection\astex_related\extracted\astex_non_native_set\astex_non_native_set\1n2v\1q63,data_raw\csd_mof_collection\astex_related\extracted\astex_non_native_set\astex_non_native_set\1n2v\1q63,0,5,547.18 KB (560310 bytes),NO,2008-09-09 11:56:46 | ligand001.pdb,2026-05-30 14:45:40 | README.txt,CSD-derived context,curation_or_validation
<DATA_ROOT>\data_raw\csd_mof_collection\astex_related\extracted\astex_non_native_set\astex_non_native_set\1n2v\1q65,data_raw\csd_mof_collection\astex_related\extracted\astex_non_native_set\astex_non_native_set\1n2v\1q65,0,4,538.07 KB (550984 bytes),NO,2008-09-09 11:56:48 | ligand001.pdb,2026-05-30 14:45:40 | README.txt,CSD-derived context,curation_or_validation
<DATA_ROOT>\data_raw\csd_mof_collection\astex_related\extracted\astex_non_native_set\astex_non_native_set\1n2v\1r5y,data_raw\csd_mof_collection\astex_related\extracted\astex_non_native_set\astex_non_native_set\1n2v\1r5y,0,5,546.05 KB (559152 bytes),NO,2008-09-09 11:56:50 | ligand001.pdb,2026-05-30 14:45:40 | README.txt,CSD-derived context,curation_or_validation
<DATA_ROOT>\data_raw\csd_mof_collection\astex_related\extracted\astex_non_native_set\astex_non_native_set\1n2v\1s38,data_raw\csd_mof_collection\astex_related\extracted\astex_non_native_set\astex_non_native_set\1n2v\1s38,0,5,542.11 KB (555123 bytes),NO,2008-09-09 11:56:52 | ligand001.pdb,2026-05-30 14:45:40 | README.txt,CSD-derived context,curation_or_validation
<DATA_ROOT>\data_raw\csd_mof_collection\astex_related\extracted\astex_non_native_set\astex_non_native_set\1n2v\1s39,data_raw\csd_mof_collection\astex_related\extracted\astex_non_native_set\astex_non_native_set\1n2v\1s39,0,5,530.54 KB (543273 bytes),NO,2008-09-09 11:56:54 | ligand001.pdb,2026-05-30 14:45:40 | README.txt,CSD-derived context,curation_or_validation
<DATA_ROOT>\data_raw\csd_mof_collection\astex_related\extracted\astex_non_native_set\astex_non_native_set\1n2v\1y5x,data_raw\csd_mof_collection\astex_related\extracted\astex_non_native_set\astex_non_native_set\1n2v\1y5x,0,4,1.00 MB (1052396 bytes),NO,2008-09-09 11:56:58 | ligand001.pdb,2026-05-30 14:45:40 | README.txt,CSD-derived context,curation_or_validation
<DATA_ROOT>\data_raw\csd_mof_collection\astex_related\extracted\astex_non_native_set\astex_non_native_set\1n2v\2bbf,data_raw\csd_mof_collection\astex_related\extracted\astex_non_native_set\astex_non_native_set\1n2v\2bbf,0,4,547.07 KB (560199 bytes),NO,2008-09-09 11:57:00 | ligand001.pdb,2026-05-30 14:45:40 | README.txt,CSD-derived context,curation_or_validation
<DATA_ROOT>\data_raw\csd_mof_collection\astex_related\extracted\astex_non_native_set\astex_non_native_set\1n46,data_raw\csd_mof_collection\astex_related\extracted\astex_non_native_set\astex_non_native_set\1n46,2,1,1.05 KB (1076 bytes),NO,2026-05-30 14:45:40 | README.txt,2026-05-30 14:45:40 | README.txt,CSD-derived context,curation_or_validation
<DATA_ROOT>\data_raw\csd_mof_collection\astex_related\extracted\astex_non_native_set\astex_non_native_set\1n46\1xzx,data_raw\csd_mof_collection\astex_related\extracted\astex_non_native_set\astex_non_native_set\1n46\1xzx,0,4,353.33 KB (361812 bytes),NO,2008-09-09 11:57:02 | ligand001.pdb,2026-05-30 14:45:40 | README.txt,CSD-derived context,curation_or_validation
<DATA_ROOT>\data_raw\csd_mof_collection\astex_related\extracted\astex_non_native_set\astex_non_native_set\1n46\2h6w,data_raw\csd_mof_collection\astex_related\extracted\astex_non_native_set\astex_non_native_set\1n46\2h6w,0,5,362.21 KB (370899 bytes),NO,2008-09-09 11:57:02 | ligand001.pdb,2026-05-30 14:45:40 | README.txt,CSD-derived context,curation_or_validation
<DATA_ROOT>\data_raw\csd_mof_collection\astex_related\extracted\astex_non_native_set\astex_non_native_set\1of1,data_raw\csd_mof_collection\astex_related\extracted\astex_non_native_set\astex_non_native_set\1of1,3,1,1.05 KB (1076 bytes),NO,2026-05-30 14:45:40 | README.txt,2026-05-30 14:45:40 | README.txt,CSD-derived context,curation_or_validation
<DATA_ROOT>\data_raw\csd_mof_collection\astex_related\extracted\astex_non_native_set\astex_non_native_set\1of1\1e2i,data_raw\csd_mof_collection\astex_related\extracted\astex_non_native_set\astex_non_native_set\1of1\1e2i,0,4,881.93 KB (903095 bytes),NO,2008-09-09 11:57:06 | ligand001.pdb,2026-05-30 14:45:40 | README.txt,CSD-derived context,curation_or_validation
<DATA_ROOT>\data_raw\csd_mof_collection\astex_related\extracted\astex_non_native_set\astex_non_native_set\1of1\1e2k,data_raw\csd_mof_collection\astex_related\extracted\astex_non_native_set\astex_non_native_set\1of1\1e2k,0,4,901.96 KB (923612 bytes),NO,2008-09-09 11:57:10 | ligand001.pdb,2026-05-30 14:45:40 | README.txt,CSD-derived context,curation_or_validation
<DATA_ROOT>\data_raw\csd_mof_collection\astex_related\extracted\astex_non_native_set\astex_non_native_set\1of1\1p7c,data_raw\csd_mof_collection\astex_related\extracted\astex_non_native_set\astex_non_native_set\1of1\1p7c,0,4,880.03 KB (901148 bytes),NO,2008-09-09 11:57:12 | ligand001.pdb,2026-05-30 14:45:40 | README.txt,CSD-derived context,curation_or_validation
<DATA_ROOT>\data_raw\csd_mof_collection\astex_related\extracted\astex_non_native_set\astex_non_native_set\1opk,data_raw\csd_mof_collection\astex_related\extracted\astex_non_native_set\astex_non_native_set\1opk,6,1,1.05 KB (1076 bytes),NO,2026-05-30 14:45:40 | README.txt,2026-05-30 14:45:40 | README.txt,CSD-derived context,curation_or_validation
<DATA_ROOT>\data_raw\csd_mof_collection\astex_related\extracted\astex_non_native_set\astex_non_native_set\1opk\2f4j,data_raw\csd_mof_collection\astex_related\extracted\astex_non_native_set\astex_non_native_set\1opk\2f4j,0,4,439.52 KB (450067 bytes),NO,2008-09-09 11:57:14 | ligand001.pdb,2026-05-30 14:45:40 | README.txt,CSD-derived context,curation_or_validation
<DATA_ROOT>\data_raw\csd_mof_collection\astex_related\extracted\astex_non_native_set\astex_non_native_set\1opk\2fo0,data_raw\csd_mof_collection\astex_related\extracted\astex_non_native_set\astex_non_native_set\1opk\2fo0,0,4,691.74 KB (708344 bytes),NO,2008-09-09 11:57:18 | ligand001.pdb,2026-05-30 14:45:40 | README.txt,CSD-derived context,curation_or_validation
<DATA_ROOT>\data_raw\csd_mof_collection\astex_related\extracted\astex_non_native_set\astex_non_native_set\1opk\2g2h,data_raw\csd_mof_collection\astex_related\extracted\astex_non_native_set\astex_non_native_set\1opk\2g2h,0,4,835.08 KB (855126 bytes),NO,2008-09-09 11:57:20 | ligand001.pdb,2026-05-30 14:45:40 | README.txt,CSD-derived context,curation_or_validation
<DATA_ROOT>\data_raw\csd_mof_collection\astex_related\extracted\astex_non_native_set\astex_non_native_set\1opk\2hiw,data_raw\csd_mof_collection\astex_related\extracted\astex_non_native_set\astex_non_native_set\1opk\2hiw,0,4,826.10 KB (845927 bytes),NO,2008-09-09 11:57:22 | ligand001.pdb,2026-05-30 14:45:40 | README.txt,CSD-derived context,curation_or_validation
<DATA_ROOT>\data_raw\csd_mof_collection\astex_related\extracted\astex_non_native_set\astex_non_native_set\1opk\2hyy,data_raw\csd_mof_collection\astex_related\extracted\astex_non_native_set\astex_non_native_set\1opk\2hyy,0,4,1.49 MB (1562954 bytes),NO,2008-09-09 11:57:28 | ligand001.pdb,2026-05-30 14:45:40 | README.txt,CSD-derived context,curation_or_validation
<DATA_ROOT>\data_raw\csd_mof_collection\astex_related\extracted\astex_non_native_set\astex_non_native_set\1opk\2hzi,data_raw\csd_mof_collection\astex_related\extracted\astex_non_native_set\astex_non_native_set\1opk\2hzi,0,7,816.29 KB (835878 bytes),NO,2008-09-09 11:57:30 | water.pdb,2026-05-30 14:45:40 | README.txt,CSD-derived context,curation_or_validation
<DATA_ROOT>\data_raw\csd_mof_collection\astex_related\extracted\astex_non_native_set\astex_non_native_set\1oq5,data_raw\csd_mof_collection\astex_related\extracted\astex_non_native_set\astex_non_native_set\1oq5,116,1,1.05 KB (1076 bytes),NO,2026-05-30 14:45:40 | README.txt,2026-05-30 14:45:40 | README.txt,CSD-derived context,curation_or_validation
<DATA_ROOT>\data_raw\csd_mof_collection\astex_related\extracted\astex_non_native_set\astex_non_native_set\1oq5\1a42,data_raw\csd_mof_collection\astex_related\extracted\astex_non_native_set\astex_non_native_set\1oq5\1a42,0,4,372.73 KB (381677 bytes),NO,2008-09-09 11:57:36 | ligand001.pdb,2026-05-30 14:45:40 | README.txt,CSD-derived context,curation_or_validation
<DATA_ROOT>\data_raw\csd_mof_collection\astex_related\extracted\astex_non_native_set\astex_non_native_set\1oq5\1am6,data_raw\csd_mof_collection\astex_related\extracted\astex_non_native_set\astex_non_native_set\1oq5\1am6,0,5,413.76 KB (423689 bytes),NO,2008-09-09 11:57:38 | ligand_other.pdb,2026-05-30 14:45:40 | README.txt,CSD-derived context,curation_or_validation
<DATA_ROOT>\data_raw\csd_mof_collection\astex_related\extracted\astex_non_native_set\astex_non_native_set\1oq5\1avn,data_raw\csd_mof_collection\astex_related\extracted\astex_non_native_set\astex_non_native_set\1oq5\1avn,0,5,379.31 KB (388410 bytes),NO,2008-09-09 11:57:40 | ligand001.pdb,2026-05-30 14:45:40 | README.txt,CSD-derived context,curation_or_validation
<DATA_ROOT>\data_raw\csd_mof_collection\astex_related\extracted\astex_non_native_set\astex_non_native_set\1oq5\1bcd,data_raw\csd_mof_collection\astex_related\extracted\astex_non_native_set\astex_non_native_set\1oq5\1bcd,0,5,388.95 KB (398287 bytes),NO,2008-09-09 11:57:42 | ligand_other.pdb,2026-05-30 14:45:40 | README.txt,CSD-derived context,curation_or_validation
<DATA_ROOT>\data_raw\csd_mof_collection\astex_related\extracted\astex_non_native_set\astex_non_native_set\1oq5\1bn1,data_raw\csd_mof_collection\astex_related\extracted\astex_non_native_set\astex_non_native_set\1oq5\1bn1,0,5,413.99 KB (423922 bytes),NO,2008-09-09 11:57:42 | water.pdb,2026-05-30 14:45:40 | README.txt,CSD-derived context,curation_or_validation
<DATA_ROOT>\data_raw\csd_mof_collection\astex_related\extracted\astex_non_native_set\astex_non_native_set\1oq5\1bn3,data_raw\csd_mof_collection\astex_related\extracted\astex_non_native_set\astex_non_native_set\1oq5\1bn3,0,5,413.51 KB (423437 bytes),NO,2008-09-09 11:57:44 | water.pdb,2026-05-30 14:45:40 | README.txt,CSD-derived context,curation_or_validation
<DATA_ROOT>\data_raw\csd_mof_collection\astex_related\extracted\astex_non_native_set\astex_non_native_set\1oq5\1bn4,data_raw\csd_mof_collection\astex_related\extracted\astex_non_native_set\astex_non_native_set\1oq5\1bn4,0,5,414.01 KB (423946 bytes),NO,2008-09-09 11:57:46 | other.pdb,2026-05-30 14:45:40 | README.txt,CSD-derived context,curation_or_validation
<DATA_ROOT>\data_raw\csd_mof_collection\astex_related\extracted\astex_non_native_set\astex_non_native_set\1oq5\1bnn,data_raw\csd_mof_collection\astex_related\extracted\astex_non_native_set\astex_non_native_set\1oq5\1bnn,0,5,411.57 KB (421452 bytes),NO,2008-09-09 11:57:48 | ligand001.pdb,2026-05-30 14:45:40 | README.txt,CSD-derived context,curation_or_validation
<DATA_ROOT>\data_raw\csd_mof_collection\astex_related\extracted\astex_non_native_set\astex_non_native_set\1oq5\1bnq,data_raw\csd_mof_collection\astex_related\extracted\astex_non_native_set\astex_non_native_set\1oq5\1bnq,0,4,372.79 KB (381732 bytes),NO,2008-09-09 11:57:50 | ligand001.pdb,2026-05-30 14:45:40 | README.txt,CSD-derived context,curation_or_validation
<DATA_ROOT>\data_raw\csd_mof_collection\astex_related\extracted\astex_non_native_set\astex_non_native_set\1oq5\1bnt,data_raw\csd_mof_collection\astex_related\extracted\astex_non_native_set\astex_non_native_set\1oq5\1bnt,0,4,373.33 KB (382294 bytes),NO,2008-09-09 11:57:52 | ligand001.pdb,2026-05-30 14:45:40 | README.txt,CSD-derived context,curation_or_validation
<DATA_ROOT>\data_raw\csd_mof_collection\astex_related\extracted\astex_non_native_set\astex_non_native_set\1oq5\1bnu,data_raw\csd_mof_collection\astex_related\extracted\astex_non_native_set\astex_non_native_set\1oq5\1bnu,0,4,372.97 KB (381920 bytes),NO,2008-09-09 11:57:54 | ligand001.pdb,2026-05-30 14:45:40 | README.txt,CSD-derived context,curation_or_validation
<DATA_ROOT>\data_raw\csd_mof_collection\astex_related\extracted\astex_non_native_set\astex_non_native_set\1oq5\1bnv,data_raw\csd_mof_collection\astex_related\extracted\astex_non_native_set\astex_non_native_set\1oq5\1bnv,0,5,409.54 KB (419367 bytes),NO,2008-09-09 11:57:56 | ligand001.pdb,2026-05-30 14:45:40 | README.txt,CSD-derived context,curation_or_validation
<DATA_ROOT>\data_raw\csd_mof_collection\astex_related\extracted\astex_non_native_set\astex_non_native_set\1oq5\1bnw,data_raw\csd_mof_collection\astex_related\extracted\astex_non_native_set\astex_non_native_set\1oq5\1bnw,0,5,407.93 KB (417716 bytes),NO,2008-09-09 11:57:58 | ligand001.pdb,2026-05-30 14:45:40 | README.txt,CSD-derived context,curation_or_validation
<DATA_ROOT>\data_raw\csd_mof_collection\astex_related\extracted\astex_non_native_set\astex_non_native_set\1oq5\1bv3,data_raw\csd_mof_collection\astex_related\extracted\astex_non_native_set\astex_non_native_set\1oq5\1bv3,0,4,378.26 KB (387343 bytes),NO,2008-09-09 11:58:00 | ligand_other.pdb,2026-05-30 14:45:40 | README.txt,CSD-derived context,curation_or_validation
<DATA_ROOT>\data_raw\csd_mof_collection\astex_related\extracted\astex_non_native_set\astex_non_native_set\1oq5\1ca2,data_raw\csd_mof_collection\astex_related\extracted\astex_non_native_set\astex_non_native_set\1oq5\1ca2,0,3,379.24 KB (388340 bytes),NO,2008-09-09 11:58:00 | protein.mol2,2026-05-30 14:45:40 | README.txt,CSD-derived context,curation_or_validation
<DATA_ROOT>\data_raw\csd_mof_collection\astex_related\extracted\astex_non_native_set\astex_non_native_set\1oq5\1ca3,data_raw\csd_mof_collection\astex_related\extracted\astex_non_native_set\astex_non_native_set\1oq5\1ca3,0,3,373.33 KB (382288 bytes),NO,2008-09-09 11:58:02 | protein.mol2,2026-05-30 14:45:40 | README.txt,CSD-derived context,curation_or_validation
<DATA_ROOT>\data_raw\csd_mof_collection\astex_related\extracted\astex_non_native_set\astex_non_native_set\1oq5\1cao,data_raw\csd_mof_collection\astex_related\extracted\astex_non_native_set\astex_non_native_set\1oq5\1cao,0,5,389.92 KB (399282 bytes),NO,2008-09-09 11:58:04 | ligand_other.pdb,2026-05-30 14:45:40 | README.txt,CSD-derived context,curation_or_validation
<DATA_ROOT>\data_raw\csd_mof_collection\astex_related\extracted\astex_non_native_set\astex_non_native_set\1oq5\1cay,data_raw\csd_mof_collection\astex_related\extracted\astex_non_native_set\astex_non_native_set\1oq5\1cay,0,5,388.79 KB (398125 bytes),NO,2008-09-09 11:58:06 | ligand_other.pdb,2026-05-30 14:45:40 | README.txt,CSD-derived context,curation_or_validation
<DATA_ROOT>\data_raw\csd_mof_collection\astex_related\extracted\astex_non_native_set\astex_non_native_set\1oq5\1cil,data_raw\csd_mof_collection\astex_related\extracted\astex_non_native_set\astex_non_native_set\1oq5\1cil,0,4,383.85 KB (393059 bytes),NO,2008-09-09 11:58:06 | ligand001.pdb,2026-05-30 14:45:40 | README.txt,CSD-derived context,curation_or_validation
<DATA_ROOT>\data_raw\csd_mof_collection\astex_related\extracted\astex_non_native_set\astex_non_native_set\1oq5\1cim,data_raw\csd_mof_collection\astex_related\extracted\astex_non_native_set\astex_non_native_set\1oq5\1cim,0,4,380.73 KB (389867 bytes),NO,2008-09-09 11:58:08 | ligand001.pdb,2026-05-30 14:45:40 | README.txt,CSD-derived context,curation_or_validation
<DATA_ROOT>\data_raw\csd_mof_collection\astex_related\extracted\astex_non_native_set\astex_non_native_set\1oq5\1cin,data_raw\csd_mof_collection\astex_related\extracted\astex_non_native_set\astex_non_native_set\1oq5\1cin,0,4,380.83 KB (389970 bytes),NO,2008-09-09 11:58:10 | ligand001.pdb,2026-05-30 14:45:40 | README.txt,CSD-derived context,curation_or_validation
<DATA_ROOT>\data_raw\csd_mof_collection\astex_related\extracted\astex_non_native_set\astex_non_native_set\1oq5\1cng,data_raw\csd_mof_collection\astex_related\extracted\astex_non_native_set\astex_non_native_set\1oq5\1cng,0,3,381.58 KB (390737 bytes),NO,2008-09-09 11:58:10 | water.pdb,2026-05-30 14:45:40 | README.txt,CSD-derived context,curation_or_validation
<DATA_ROOT>\data_raw\csd_mof_collection\astex_related\extracted\astex_non_native_set\astex_non_native_set\1oq5\1cnw,data_raw\csd_mof_collection\astex_related\extracted\astex_non_native_set\astex_non_native_set\1oq5\1cnw,0,4,375.04 KB (384038 bytes),NO,2008-09-09 11:58:12 | ligand001.pdb,2026-05-30 14:45:40 | README.txt,CSD-derived context,curation_or_validation
<DATA_ROOT>\data_raw\csd_mof_collection\astex_related\extracted\astex_non_native_set\astex_non_native_set\1oq5\1cnx,data_raw\csd_mof_collection\astex_related\extracted\astex_non_native_set\astex_non_native_set\1oq5\1cnx,0,4,375.33 KB (384336 bytes),NO,2008-09-09 11:58:14 | ligand001.pdb,2026-05-30 14:45:40 | README.txt,CSD-derived context,curation_or_validation
<DATA_ROOT>\data_raw\csd_mof_collection\astex_related\extracted\astex_non_native_set\astex_non_native_set\1oq5\1cny,data_raw\csd_mof_collection\astex_related\extracted\astex_non_native_set\astex_non_native_set\1oq5\1cny,0,4,375.51 KB (384520 bytes),NO,2008-09-09 11:58:16 | ligand001.pdb,2026-05-30 14:45:40 | README.txt,CSD-derived context,curation_or_validation
<DATA_ROOT>\data_raw\csd_mof_collection\astex_related\extracted\astex_non_native_set\astex_non_native_set\1oq5\1cra,data_raw\csd_mof_collection\astex_related\extracted\astex_non_native_set\astex_non_native_set\1oq5\1cra,0,5,390.49 KB (399857 bytes),NO,2008-09-09 11:58:16 | ligand_other.pdb,2026-05-30 14:45:40 | README.txt,CSD-derived context,curation_or_validation
<DATA_ROOT>\data_raw\csd_mof_collection\astex_related\extracted\astex_non_native_set\astex_non_native_set\1oq5\1eou,data_raw\csd_mof_collection\astex_related\extracted\astex_non_native_set\astex_non_native_set\1oq5\1eou,0,4,384.98 KB (394220 bytes),NO,2008-09-09 11:58:18 | ligand001.pdb,2026-05-30 14:45:40 | README.txt,CSD-derived context,curation_or_validation
<DATA_ROOT>\data_raw\csd_mof_collection\astex_related\extracted\astex_non_native_set\astex_non_native_set\1oq5\1f2w,data_raw\csd_mof_collection\astex_related\extracted\astex_non_native_set\astex_non_native_set\1oq5\1f2w,0,4,387.94 KB (397249 bytes),NO,2008-09-09 11:58:20 | ligand_other.pdb,2026-05-30 14:45:40 | README.txt,CSD-derived context,curation_or_validation
<DATA_ROOT>\data_raw\csd_mof_collection\astex_related\extracted\astex_non_native_set\astex_non_native_set\1oq5\1fql,data_raw\csd_mof_collection\astex_related\extracted\astex_non_native_set\astex_non_native_set\1oq5\1fql,0,3,370.15 KB (379037 bytes),NO,2008-09-09 11:58:20 | water.pdb,2026-05-30 14:45:40 | README.txt,CSD-derived context,curation_or_validation
<DATA_ROOT>\data_raw\csd_mof_collection\astex_related\extracted\astex_non_native_set\astex_non_native_set\1oq5\1fqm,data_raw\csd_mof_collection\astex_related\extracted\astex_non_native_set\astex_non_native_set\1oq5\1fqm,0,3,373.82 KB (382791 bytes),NO,2008-09-09 11:58:22 | protein.mol2,2026-05-30 14:45:40 | README.txt,CSD-derived context,curation_or_validation
<DATA_ROOT>\data_raw\csd_mof_collection\astex_related\extracted\astex_non_native_set\astex_non_native_set\1oq5\1g0e,data_raw\csd_mof_collection\astex_related\extracted\astex_non_native_set\astex_non_native_set\1oq5\1g0e,0,3,394.62 KB (404095 bytes),NO,2008-09-09 11:58:24 | protein.mol2,2026-05-30 14:45:40 | README.txt,CSD-derived context,curation_or_validation
<DATA_ROOT>\data_raw\csd_mof_collection\astex_related\extracted\astex_non_native_set\astex_non_native_set\1oq5\1g0f,data_raw\csd_mof_collection\astex_related\extracted\astex_non_native_set\astex_non_native_set\1oq5\1g0f,0,3,385.43 KB (394682 bytes),NO,2008-09-09 11:58:26 | protein.mol2,2026-05-30 14:45:40 | README.txt,CSD-derived context,curation_or_validation
<DATA_ROOT>\data_raw\csd_mof_collection\astex_related\extracted\astex_non_native_set\astex_non_native_set\1oq5\1g1d,data_raw\csd_mof_collection\astex_related\extracted\astex_non_native_set\astex_non_native_set\1oq5\1g1d,0,4,379.54 KB (388653 bytes),NO,2008-09-09 11:58:26 | water.pdb,2026-05-30 14:45:40 | README.txt,CSD-derived context,curation_or_validation
<DATA_ROOT>\data_raw\csd_mof_collection\astex_related\extracted\astex_non_native_set\astex_non_native_set\1oq5\1g52,data_raw\csd_mof_collection\astex_related\extracted\astex_non_native_set\astex_non_native_set\1oq5\1g52,0,4,378.41 KB (387492 bytes),NO,2008-09-09 11:58:28 | ligand001.pdb,2026-05-30 14:45:40 | README.txt,CSD-derived context,curation_or_validation
<DATA_ROOT>\data_raw\csd_mof_collection\astex_related\extracted\astex_non_native_set\astex_non_native_set\1oq5\1g53,data_raw\csd_mof_collection\astex_related\extracted\astex_non_native_set\astex_non_native_set\1oq5\1g53,0,4,382.65 KB (391837 bytes),NO,2008-09-09 11:58:30 | ligand001.pdb,2026-05-30 14:45:40 | README.txt,CSD-derived context,curation_or_validation
<DATA_ROOT>\data_raw\csd_mof_collection\astex_related\extracted\astex_non_native_set\astex_non_native_set\1oq5\1g54,data_raw\csd_mof_collection\astex_related\extracted\astex_non_native_set\astex_non_native_set\1oq5\1g54,0,4,377.79 KB (386853 bytes),NO,2008-09-09 11:58:32 | ligand001.pdb,2026-05-30 14:45:40 | README.txt,CSD-derived context,curation_or_validation
<DATA_ROOT>\data_raw\csd_mof_collection\astex_related\extracted\astex_non_native_set\astex_non_native_set\1oq5\1hca,data_raw\csd_mof_collection\astex_related\extracted\astex_non_native_set\astex_non_native_set\1oq5\1hca,0,4,370.65 KB (379546 bytes),NO,2008-09-09 11:58:32 | other.pdb,2026-05-30 14:45:40 | README.txt,CSD-derived context,curation_or_validation
<DATA_ROOT>\data_raw\csd_mof_collection\astex_related\extracted\astex_non_native_set\astex_non_native_set\1oq5\1i8z,data_raw\csd_mof_collection\astex_related\extracted\astex_non_native_set\astex_non_native_set\1oq5\1i8z,0,4,386.73 KB (396011 bytes),NO,2008-09-09 11:58:34 | ligand001.pdb,2026-05-30 14:45:40 | README.txt,CSD-derived context,curation_or_validation
<DATA_ROOT>\data_raw\csd_mof_collection\astex_related\extracted\astex_non_native_set\astex_non_native_set\1oq5\1i90,data_raw\csd_mof_collection\astex_related\extracted\astex_non_native_set\astex_non_native_set\1oq5\1i90,0,4,385.47 KB (394718 bytes),NO,2008-09-09 11:58:36 | ligand001.pdb,2026-05-30 14:45:40 | README.txt,CSD-derived context,curation_or_validation
<DATA_ROOT>\data_raw\csd_mof_collection\astex_related\extracted\astex_non_native_set\astex_non_native_set\1oq5\1i91,data_raw\csd_mof_collection\astex_related\extracted\astex_non_native_set\astex_non_native_set\1oq5\1i91,0,4,381.00 KB (390141 bytes),NO,2008-09-09 11:58:38 | ligand001.pdb,2026-05-30 14:45:40 | README.txt,CSD-derived context,curation_or_validation
<DATA_ROOT>\data_raw\csd_mof_collection\astex_related\extracted\astex_non_native_set\astex_non_native_set\1oq5\1if4,data_raw\csd_mof_collection\astex_related\extracted\astex_non_native_set\astex_non_native_set\1oq5\1if4,0,4,375.48 KB (384492 bytes),NO,2008-09-09 11:58:40 | ligand001.pdb,2026-05-30 14:45:40 | README.txt,CSD-derived context,curation_or_validation
<DATA_ROOT>\data_raw\csd_mof_collection\astex_related\extracted\astex_non_native_set\astex_non_native_set\1oq5\1if5,data_raw\csd_mof_collection\astex_related\extracted\astex_non_native_set\astex_non_native_set\1oq5\1if5,0,4,377.82 KB (386886 bytes),NO,2008-09-09 11:58:46 | ligand001.pdb,2026-05-30 14:45:40 | README.txt,CSD-derived context,curation_or_validation
<DATA_ROOT>\data_raw\csd_mof_collection\astex_related\extracted\astex_non_native_set\astex_non_native_set\1oq5\1if6,data_raw\csd_mof_collection\astex_related\extracted\astex_non_native_set\astex_non_native_set\1oq5\1if6,0,4,375.27 KB (384279 bytes),NO,2008-09-09 11:58:50 | ligand001.pdb,2026-05-30 14:45:40 | README.txt,CSD-derived context,curation_or_validation
<DATA_ROOT>\data_raw\csd_mof_collection\astex_related\extracted\astex_non_native_set\astex_non_native_set\1oq5\1if7,data_raw\csd_mof_collection\astex_related\extracted\astex_non_native_set\astex_non_native_set\1oq5\1if7,0,4,381.84 KB (391005 bytes),NO,2008-09-09 11:58:50 | ligand001.pdb,2026-05-30 14:45:40 | README.txt,CSD-derived context,curation_or_validation
<DATA_ROOT>\data_raw\csd_mof_collection\astex_related\extracted\astex_non_native_set\astex_non_native_set\1oq5\1if8,data_raw\csd_mof_collection\astex_related\extracted\astex_non_native_set\astex_non_native_set\1oq5\1if8,0,4,377.60 KB (386660 bytes),NO,2008-09-09 11:58:52 | ligand001.pdb,2026-05-30 14:45:40 | README.txt,CSD-derived context,curation_or_validation
<DATA_ROOT>\data_raw\csd_mof_collection\astex_related\extracted\astex_non_native_set\astex_non_native_set\1oq5\1if9,data_raw\csd_mof_collection\astex_related\extracted\astex_non_native_set\astex_non_native_set\1oq5\1if9,0,4,387.78 KB (397088 bytes),NO,2008-09-09 11:58:54 | ligand001.pdb,2026-05-30 14:45:40 | README.txt,CSD-derived context,curation_or_validation
<DATA_ROOT>\data_raw\csd_mof_collection\astex_related\extracted\astex_non_native_set\astex_non_native_set\1oq5\1kwr,data_raw\csd_mof_collection\astex_related\extracted\astex_non_native_set\astex_non_native_set\1oq5\1kwr,0,4,386.86 KB (396142 bytes),NO,2008-09-09 11:58:54 | ligand001.pdb,2026-05-30 14:45:40 | README.txt,CSD-derived context,curation_or_validation
<DATA_ROOT>\data_raw\csd_mof_collection\astex_related\extracted\astex_non_native_set\astex_non_native_set\1oq5\1lug,data_raw\csd_mof_collection\astex_related\extracted\astex_non_native_set\astex_non_native_set\1oq5\1lug,0,6,407.06 KB (416829 bytes),NO,2008-09-09 11:58:56 | ligand001.pdb,2026-05-30 14:45:40 | README.txt,CSD-derived context,curation_or_validation
<DATA_ROOT>\data_raw\csd_mof_collection\astex_related\extracted\astex_non_native_set\astex_non_native_set\1oq5\1lzv,data_raw\csd_mof_collection\astex_related\extracted\astex_non_native_set\astex_non_native_set\1oq5\1lzv,0,3,370.54 KB (379436 bytes),NO,2008-09-09 11:58:58 | protein.mol2,2026-05-30 14:45:40 | README.txt,CSD-derived context,curation_or_validation
<DATA_ROOT>\data_raw\csd_mof_collection\astex_related\extracted\astex_non_native_set\astex_non_native_set\1oq5\1moo,data_raw\csd_mof_collection\astex_related\extracted\astex_non_native_set\astex_non_native_set\1oq5\1moo,0,6,393.09 KB (402526 bytes),NO,2008-09-09 11:59:00 | ligand001.pdb,2026-05-30 14:45:40 | README.txt,CSD-derived context,curation_or_validation
<DATA_ROOT>\data_raw\csd_mof_collection\astex_related\extracted\astex_non_native_set\astex_non_native_set\1oq5\1okl,data_raw\csd_mof_collection\astex_related\extracted\astex_non_native_set\astex_non_native_set\1oq5\1okl,0,4,374.32 KB (383307 bytes),NO,2008-09-09 11:59:00 | ligand001.pdb,2026-05-30 14:45:40 | README.txt,CSD-derived context,curation_or_validation
<DATA_ROOT>\data_raw\csd_mof_collection\astex_related\extracted\astex_non_native_set\astex_non_native_set\1oq5\1okm,data_raw\csd_mof_collection\astex_related\extracted\astex_non_native_set\astex_non_native_set\1oq5\1okm,0,4,381.08 KB (390225 bytes),NO,2008-09-09 11:59:02 | ligand001.pdb,2026-05-30 14:45:40 | README.txt,CSD-derived context,curation_or_validation
<DATA_ROOT>\data_raw\csd_mof_collection\astex_related\extracted\astex_non_native_set\astex_non_native_set\1oq5\1okn,data_raw\csd_mof_collection\astex_related\extracted\astex_non_native_set\astex_non_native_set\1oq5\1okn,0,4,379.99 KB (389112 bytes),NO,2008-09-09 11:59:04 | ligand001.pdb,2026-05-30 14:45:40 | README.txt,CSD-derived context,curation_or_validation
<DATA_ROOT>\data_raw\csd_mof_collection\astex_related\extracted\astex_non_native_set\astex_non_native_set\1oq5\1ray,data_raw\csd_mof_collection\astex_related\extracted\astex_non_native_set\astex_non_native_set\1oq5\1ray,0,5,388.71 KB (398044 bytes),NO,2008-09-09 11:59:06 | ligand_other.pdb,2026-05-30 14:45:40 | README.txt,CSD-derived context,curation_or_validation
<DATA_ROOT>\data_raw\csd_mof_collection\astex_related\extracted\astex_non_native_set\astex_non_native_set\1oq5\1raz,data_raw\csd_mof_collection\astex_related\extracted\astex_non_native_set\astex_non_native_set\1oq5\1raz,0,5,388.64 KB (397963 bytes),NO,2008-09-09 11:59:06 | other.pdb,2026-05-30 14:45:40 | README.txt,CSD-derived context,curation_or_validation
<DATA_ROOT>\data_raw\csd_mof_collection\astex_related\extracted\astex_non_native_set\astex_non_native_set\1oq5\1t9n,data_raw\csd_mof_collection\astex_related\extracted\astex_non_native_set\astex_non_native_set\1oq5\1t9n,0,4,378.66 KB (387744 bytes),NO,2008-09-09 11:59:08 | ligand_other.pdb,2026-05-30 14:45:40 | README.txt,CSD-derived context,curation_or_validation
<DATA_ROOT>\data_raw\csd_mof_collection\astex_related\extracted\astex_non_native_set\astex_non_native_set\1oq5\1tb0,data_raw\csd_mof_collection\astex_related\extracted\astex_non_native_set\astex_non_native_set\1oq5\1tb0,0,5,377.67 KB (386729 bytes),NO,2008-09-09 11:59:10 | ligand_other.pdb,2026-05-30 14:45:40 | README.txt,CSD-derived context,curation_or_validation
<DATA_ROOT>\data_raw\csd_mof_collection\astex_related\extracted\astex_non_native_set\astex_non_native_set\1oq5\1tbt,data_raw\csd_mof_collection\astex_related\extracted\astex_non_native_set\astex_non_native_set\1oq5\1tbt,0,4,379.52 KB (388625 bytes),NO,2008-09-09 11:59:12 | other.pdb,2026-05-30 14:45:40 | README.txt,CSD-derived context,curation_or_validation
<DATA_ROOT>\data_raw\csd_mof_collection\astex_related\extracted\astex_non_native_set\astex_non_native_set\1oq5\1te3,data_raw\csd_mof_collection\astex_related\extracted\astex_non_native_set\astex_non_native_set\1oq5\1te3,0,5,381.73 KB (390889 bytes),NO,2008-09-09 11:59:12 | ligand_other.pdb,2026-05-30 14:45:40 | README.txt,CSD-derived context,curation_or_validation
<DATA_ROOT>\data_raw\csd_mof_collection\astex_related\extracted\astex_non_native_set\astex_non_native_set\1oq5\1teq,data_raw\csd_mof_collection\astex_related\extracted\astex_non_native_set\astex_non_native_set\1oq5\1teq,0,5,378.82 KB (387914 bytes),NO,2008-09-09 11:59:14 | ligand_other.pdb,2026-05-30 14:45:40 | README.txt,CSD-derived context,curation_or_validation
<DATA_ROOT>\data_raw\csd_mof_collection\astex_related\extracted\astex_non_native_set\astex_non_native_set\1oq5\1teu,data_raw\csd_mof_collection\astex_related\extracted\astex_non_native_set\astex_non_native_set\1oq5\1teu,0,4,379.75 KB (388862 bytes),NO,2008-09-09 11:59:16 | other.pdb,2026-05-30 14:45:40 | README.txt,CSD-derived context,curation_or_validation
<DATA_ROOT>\data_raw\csd_mof_collection\astex_related\extracted\astex_non_native_set\astex_non_native_set\1oq5\1ttm,data_raw\csd_mof_collection\astex_related\extracted\astex_non_native_set\astex_non_native_set\1oq5\1ttm,0,4,384.75 KB (393985 bytes),NO,2008-09-09 11:59:18 | ligand001.pdb,2026-05-30 14:45:40 | README.txt,CSD-derived context,curation_or_validation
<DATA_ROOT>\data_raw\csd_mof_collection\astex_related\extracted\astex_non_native_set\astex_non_native_set\1oq5\1ugb,data_raw\csd_mof_collection\astex_related\extracted\astex_non_native_set\astex_non_native_set\1oq5\1ugb,0,5,378.78 KB (387868 bytes),NO,2008-09-09 11:59:20 | ligand_other.pdb,2026-05-30 14:45:40 | README.txt,CSD-derived context,curation_or_validation
<DATA_ROOT>\data_raw\csd_mof_collection\astex_related\extracted\astex_non_native_set\astex_non_native_set\1oq5\1ugd,data_raw\csd_mof_collection\astex_related\extracted\astex_non_native_set\astex_non_native_set\1oq5\1ugd,0,3,378.96 KB (388059 bytes),NO,2008-09-09 11:59:20 | protein.mol2,2026-05-30 14:45:40 | README.txt,CSD-derived context,curation_or_validation
<DATA_ROOT>\data_raw\csd_mof_collection\astex_related\extracted\astex_non_native_set\astex_non_native_set\1oq5\1ugg,data_raw\csd_mof_collection\astex_related\extracted\astex_non_native_set\astex_non_native_set\1oq5\1ugg,0,3,374.33 KB (383319 bytes),NO,2008-09-09 11:59:22 | protein.mol2,2026-05-30 14:45:40 | README.txt,CSD-derived context,curation_or_validation
<DATA_ROOT>\data_raw\csd_mof_collection\astex_related\extracted\astex_non_native_set\astex_non_native_set\1oq5\1xeg,data_raw\csd_mof_collection\astex_related\extracted\astex_non_native_set\astex_non_native_set\1oq5\1xeg,0,5,388.79 KB (398117 bytes),NO,2008-09-09 11:59:24 | ligand_other.pdb,2026-05-30 14:45:40 | README.txt,CSD-derived context,curation_or_validation
<DATA_ROOT>\data_raw\csd_mof_collection\astex_related\extracted\astex_non_native_set\astex_non_native_set\1oq5\1xev,data_raw\csd_mof_collection\astex_related\extracted\astex_non_native_set\astex_non_native_set\1oq5\1xev,0,3,1.49 MB (1561058 bytes),NO,2008-09-09 11:59:28 | protein.mol2,2026-05-30 14:45:40 | README.txt,CSD-derived context,curation_or_validation
<DATA_ROOT>\data_raw\csd_mof_collection\astex_related\extracted\astex_non_native_set\astex_non_native_set\1oq5\1xpz,data_raw\csd_mof_collection\astex_related\extracted\astex_non_native_set\astex_non_native_set\1oq5\1xpz,0,4,381.90 KB (391064 bytes),NO,2008-09-09 11:59:30 | ligand001.pdb,2026-05-30 14:45:40 | README.txt,CSD-derived context,curation_or_validation
<DATA_ROOT>\data_raw\csd_mof_collection\astex_related\extracted\astex_non_native_set\astex_non_native_set\1oq5\1xq0,data_raw\csd_mof_collection\astex_related\extracted\astex_non_native_set\astex_non_native_set\1oq5\1xq0,0,4,385.93 KB (395196 bytes),NO,2008-09-09 11:59:32 | ligand001.pdb,2026-05-30 14:45:40 | README.txt,CSD-derived context,curation_or_validation
<DATA_ROOT>\data_raw\csd_mof_collection\astex_related\extracted\astex_non_native_set\astex_non_native_set\1oq5\1z9y,data_raw\csd_mof_collection\astex_related\extracted\astex_non_native_set\astex_non_native_set\1oq5\1z9y,0,4,382.19 KB (391359 bytes),NO,2008-09-09 11:59:34 | ligand001.pdb,2026-05-30 14:45:40 | README.txt,CSD-derived context,curation_or_validation
<DATA_ROOT>\data_raw\csd_mof_collection\astex_related\extracted\astex_non_native_set\astex_non_native_set\1oq5\1ze8,data_raw\csd_mof_collection\astex_related\extracted\astex_non_native_set\astex_non_native_set\1oq5\1ze8,0,5,388.91 KB (398240 bytes),NO,2008-09-09 11:59:36 | ligand001.pdb,2026-05-30 14:45:40 | README.txt,CSD-derived context,curation_or_validation
<DATA_ROOT>\data_raw\csd_mof_collection\astex_related\extracted\astex_non_native_set\astex_non_native_set\1oq5\1zfk,data_raw\csd_mof_collection\astex_related\extracted\astex_non_native_set\astex_non_native_set\1oq5\1zfk,0,7,396.83 KB (406355 bytes),NO,2008-09-09 11:59:36 | ligand001.pdb,2026-05-30 14:45:40 | README.txt,CSD-derived context,curation_or_validation
<DATA_ROOT>\data_raw\csd_mof_collection\astex_related\extracted\astex_non_native_set\astex_non_native_set\1oq5\1zfq,data_raw\csd_mof_collection\astex_related\extracted\astex_non_native_set\astex_non_native_set\1oq5\1zfq,0,5,387.92 KB (397234 bytes),NO,2008-09-09 11:59:38 | ligand_other.pdb,2026-05-30 14:45:40 | README.txt,CSD-derived context,curation_or_validation
<DATA_ROOT>\data_raw\csd_mof_collection\astex_related\extracted\astex_non_native_set\astex_non_native_set\1oq5\1zge,data_raw\csd_mof_collection\astex_related\extracted\astex_non_native_set\astex_non_native_set\1oq5\1zge,0,5,387.03 KB (396318 bytes),NO,2008-09-09 11:59:40 | ligand_other.pdb,2026-05-30 14:45:40 | README.txt,CSD-derived context,curation_or_validation
<DATA_ROOT>\data_raw\csd_mof_collection\astex_related\extracted\astex_non_native_set\astex_non_native_set\1oq5\1zgf,data_raw\csd_mof_collection\astex_related\extracted\astex_non_native_set\astex_non_native_set\1oq5\1zgf,0,5,380.84 KB (389977 bytes),NO,2008-09-09 11:59:40 | water.pdb,2026-05-30 14:45:40 | README.txt,CSD-derived context,curation_or_validation
<DATA_ROOT>\data_raw\csd_mof_collection\astex_related\extracted\astex_non_native_set\astex_non_native_set\1oq5\1zh9,data_raw\csd_mof_collection\astex_related\extracted\astex_non_native_set\astex_non_native_set\1oq5\1zh9,0,5,381.98 KB (391152 bytes),NO,2008-09-09 11:59:42 | ligand001.pdb,2026-05-30 14:45:40 | README.txt,CSD-derived context,curation_or_validation
<DATA_ROOT>\data_raw\csd_mof_collection\astex_related\extracted\astex_non_native_set\astex_non_native_set\1oq5\1zsb,data_raw\csd_mof_collection\astex_related\extracted\astex_non_native_set\astex_non_native_set\1oq5\1zsb,0,4,381.35 KB (390502 bytes),NO,2008-09-09 11:59:44 | ligand001.pdb,2026-05-30 14:45:40 | README.txt,CSD-derived context,curation_or_validation
<DATA_ROOT>\data_raw\csd_mof_collection\astex_related\extracted\astex_non_native_set\astex_non_native_set\1oq5\1zsc,data_raw\csd_mof_collection\astex_related\extracted\astex_non_native_set\astex_non_native_set\1oq5\1zsc,0,4,377.96 KB (387036 bytes),NO,2008-09-09 11:59:46 | other.pdb,2026-05-30 14:45:40 | README.txt,CSD-derived context,curation_or_validation
<DATA_ROOT>\data_raw\csd_mof_collection\astex_related\extracted\astex_non_native_set\astex_non_native_set\1oq5\2aw1,data_raw\csd_mof_collection\astex_related\extracted\astex_non_native_set\astex_non_native_set\1oq5\2aw1,0,6,401.93 KB (411577 bytes),NO,2008-09-09 11:59:48 | ligand001.pdb,2026-05-30 14:45:40 | README.txt,CSD-derived context,curation_or_validation
<DATA_ROOT>\data_raw\csd_mof_collection\astex_related\extracted\astex_non_native_set\astex_non_native_set\1oq5\2ax2,data_raw\csd_mof_collection\astex_related\extracted\astex_non_native_set\astex_non_native_set\1oq5\2ax2,0,3,386.45 KB (395723 bytes),NO,2008-09-09 11:59:48 | protein.mol2,2026-05-30 14:45:40 | README.txt,CSD-derived context,curation_or_validation
<DATA_ROOT>\data_raw\csd_mof_collection\astex_related\extracted\astex_non_native_set\astex_non_native_set\1oq5\2ca2,data_raw\csd_mof_collection\astex_related\extracted\astex_non_native_set\astex_non_native_set\1oq5\2ca2,0,5,379.97 KB (389091 bytes),NO,2008-09-09 11:59:50 | ligand_other.pdb,2026-05-30 14:45:40 | README.txt,CSD-derived context,curation_or_validation
<DATA_ROOT>\data_raw\csd_mof_collection\astex_related\extracted\astex_non_native_set\astex_non_native_set\1oq5\2cba,data_raw\csd_mof_collection\astex_related\extracted\astex_non_native_set\astex_non_native_set\1oq5\2cba,0,4,388.71 KB (398044 bytes),NO,2008-09-09 11:59:52 | other.pdb,2026-05-30 14:45:40 | README.txt,CSD-derived context,curation_or_validation
<DATA_ROOT>\data_raw\csd_mof_collection\astex_related\extracted\astex_non_native_set\astex_non_native_set\1oq5\2cbb,data_raw\csd_mof_collection\astex_related\extracted\astex_non_native_set\astex_non_native_set\1oq5\2cbb,0,4,388.71 KB (398044 bytes),NO,2008-09-09 11:59:54 | other.pdb,2026-05-30 14:45:40 | README.txt,CSD-derived context,curation_or_validation
<DATA_ROOT>\data_raw\csd_mof_collection\astex_related\extracted\astex_non_native_set\astex_non_native_set\1oq5\2cbc,data_raw\csd_mof_collection\astex_related\extracted\astex_non_native_set\astex_non_native_set\1oq5\2cbc,0,5,388.71 KB (398044 bytes),NO,2008-09-09 11:59:54 | ligand_other.pdb,2026-05-30 14:45:40 | README.txt,CSD-derived context,curation_or_validation
<DATA_ROOT>\data_raw\csd_mof_collection\astex_related\extracted\astex_non_native_set\astex_non_native_set\1oq5\2cbd,data_raw\csd_mof_collection\astex_related\extracted\astex_non_native_set\astex_non_native_set\1oq5\2cbd,0,5,388.79 KB (398125 bytes),NO,2008-09-09 11:59:56 | ligand_other.pdb,2026-05-30 14:45:40 | README.txt,CSD-derived context,curation_or_validation
<DATA_ROOT>\data_raw\csd_mof_collection\astex_related\extracted\astex_non_native_set\astex_non_native_set\1oq5\2eu2,data_raw\csd_mof_collection\astex_related\extracted\astex_non_native_set\astex_non_native_set\1oq5\2eu2,0,5,394.37 KB (403838 bytes),NO,2008-09-09 11:59:58 | ligand001.pdb,2026-05-30 14:45:40 | README.txt,CSD-derived context,curation_or_validation
<DATA_ROOT>\data_raw\csd_mof_collection\astex_related\extracted\astex_non_native_set\astex_non_native_set\1oq5\2eu3,data_raw\csd_mof_collection\astex_related\extracted\astex_non_native_set\astex_non_native_set\1oq5\2eu3,0,4,386.51 KB (395785 bytes),NO,2008-09-09 12:00:00 | ligand001.pdb,2026-05-30 14:45:40 | README.txt,CSD-derived context,curation_or_validation
<DATA_ROOT>\data_raw\csd_mof_collection\astex_related\extracted\astex_non_native_set\astex_non_native_set\1oq5\2ez7,data_raw\csd_mof_collection\astex_related\extracted\astex_non_native_set\astex_non_native_set\1oq5\2ez7,0,4,381.17 KB (390318 bytes),NO,2008-09-09 12:00:00 | ligand001.pdb,2026-05-30 14:45:40 | README.txt,CSD-derived context,curation_or_validation
<DATA_ROOT>\data_raw\csd_mof_collection\astex_related\extracted\astex_non_native_set\astex_non_native_set\1oq5\2f14,data_raw\csd_mof_collection\astex_related\extracted\astex_non_native_set\astex_non_native_set\1oq5\2f14,0,5,396.00 KB (405500 bytes),NO,2008-09-09 12:00:02 | ligand001.pdb,2026-05-30 14:45:40 | README.txt,CSD-derived context,curation_or_validation
<DATA_ROOT>\data_raw\csd_mof_collection\astex_related\extracted\astex_non_native_set\astex_non_native_set\1oq5\2fmz,data_raw\csd_mof_collection\astex_related\extracted\astex_non_native_set\astex_non_native_set\1oq5\2fmz,0,4,381.91 KB (391076 bytes),NO,2008-09-09 12:00:06 | ligand001.pdb,2026-05-30 14:45:40 | README.txt,CSD-derived context,curation_or_validation
<DATA_ROOT>\data_raw\csd_mof_collection\astex_related\extracted\astex_non_native_set\astex_non_native_set\1oq5\2fnk,data_raw\csd_mof_collection\astex_related\extracted\astex_non_native_set\astex_non_native_set\1oq5\2fnk,0,3,384.70 KB (393931 bytes),NO,2008-09-09 12:00:08 | water.pdb,2026-05-30 14:45:40 | README.txt,CSD-derived context,curation_or_validation
<DATA_ROOT>\data_raw\csd_mof_collection\astex_related\extracted\astex_non_native_set\astex_non_native_set\1oq5\2fnm,data_raw\csd_mof_collection\astex_related\extracted\astex_non_native_set\astex_non_native_set\1oq5\2fnm,0,3,381.34 KB (390497 bytes),NO,2008-09-09 12:00:12 | protein.mol2,2026-05-30 14:45:40 | README.txt,CSD-derived context,curation_or_validation
<DATA_ROOT>\data_raw\csd_mof_collection\astex_related\extracted\astex_non_native_set\astex_non_native_set\1oq5\2fnn,data_raw\csd_mof_collection\astex_related\extracted\astex_non_native_set\astex_non_native_set\1oq5\2fnn,0,4,384.18 KB (393403 bytes),NO,2008-09-09 12:00:14 | ligand001.pdb,2026-05-30 14:45:40 | README.txt,CSD-derived context,curation_or_validation
<DATA_ROOT>\data_raw\csd_mof_collection\astex_related\extracted\astex_non_native_set\astex_non_native_set\1oq5\2foq,data_raw\csd_mof_collection\astex_related\extracted\astex_non_native_set\astex_non_native_set\1oq5\2foq,0,6,389.72 KB (399078 bytes),NO,2008-09-09 12:00:18 | ligand001.pdb,2026-05-30 14:45:40 | README.txt,CSD-derived context,curation_or_validation
<DATA_ROOT>\data_raw\csd_mof_collection\astex_related\extracted\astex_non_native_set\astex_non_native_set\1oq5\2fos,data_raw\csd_mof_collection\astex_related\extracted\astex_non_native_set\astex_non_native_set\1oq5\2fos,0,5,406.37 KB (416123 bytes),NO,2008-09-09 12:00:20 | ligand001.pdb,2026-05-30 14:45:40 | README.txt,CSD-derived context,curation_or_validation
<DATA_ROOT>\data_raw\csd_mof_collection\astex_related\extracted\astex_non_native_set\astex_non_native_set\1oq5\2fov,data_raw\csd_mof_collection\astex_related\extracted\astex_non_native_set\astex_non_native_set\1oq5\2fov,0,6,400.34 KB (409947 bytes),NO,2008-09-09 12:00:24 | ligand001.pdb,2026-05-30 14:45:40 | README.txt,CSD-derived context,curation_or_validation
<DATA_ROOT>\data_raw\csd_mof_collection\astex_related\extracted\astex_non_native_set\astex_non_native_set\1oq5\2gd8,data_raw\csd_mof_collection\astex_related\extracted\astex_non_native_set\astex_non_native_set\1oq5\2gd8,0,7,402.40 KB (412054 bytes),NO,2008-09-09 12:00:26 | ligand001.pdb,2026-05-30 14:45:40 | README.txt,CSD-derived context,curation_or_validation
<DATA_ROOT>\data_raw\csd_mof_collection\astex_related\extracted\astex_non_native_set\astex_non_native_set\1oq5\2geh,data_raw\csd_mof_collection\astex_related\extracted\astex_non_native_set\astex_non_native_set\1oq5\2geh,0,4,382.15 KB (391324 bytes),NO,2008-09-09 12:00:30 | ligand_other.pdb,2026-05-30 14:45:40 | README.txt,CSD-derived context,curation_or_validation
<DATA_ROOT>\data_raw\csd_mof_collection\astex_related\extracted\astex_non_native_set\astex_non_native_set\1oq5\2h15,data_raw\csd_mof_collection\astex_related\extracted\astex_non_native_set\astex_non_native_set\1oq5\2h15,0,4,382.48 KB (391656 bytes),NO,2008-09-09 12:00:34 | ligand001.pdb,2026-05-30 14:45:40 | README.txt,CSD-derived context,curation_or_validation
<DATA_ROOT>\data_raw\csd_mof_collection\astex_related\extracted\astex_non_native_set\astex_non_native_set\1oq5\2hd6,data_raw\csd_mof_collection\astex_related\extracted\astex_non_native_set\astex_non_native_set\1oq5\2hd6,0,6,390.85 KB (400235 bytes),NO,2008-09-09 12:00:38 | other.pdb,2026-05-30 14:45:40 | README.txt,CSD-derived context,curation_or_validation
<DATA_ROOT>\data_raw\csd_mof_collection\astex_related\extracted\astex_non_native_set\astex_non_native_set\1oq5\2hkk,data_raw\csd_mof_collection\astex_related\extracted\astex_non_native_set\astex_non_native_set\1oq5\2hkk,0,5,381.69 KB (390852 bytes),NO,2008-09-09 12:00:42 | ligand001.pdb,2026-05-30 14:45:40 | README.txt,CSD-derived context,curation_or_validation
<DATA_ROOT>\data_raw\csd_mof_collection\astex_related\extracted\astex_non_native_set\astex_non_native_set\1oq5\2hl4,data_raw\csd_mof_collection\astex_related\extracted\astex_non_native_set\astex_non_native_set\1oq5\2hl4,0,6,399.27 KB (408854 bytes),NO,2008-09-09 12:00:48 | ligand001.pdb,2026-05-30 14:45:40 | README.txt,CSD-derived context,curation_or_validation
<DATA_ROOT>\data_raw\csd_mof_collection\astex_related\extracted\astex_non_native_set\astex_non_native_set\1oq5\2hnc,data_raw\csd_mof_collection\astex_related\extracted\astex_non_native_set\astex_non_native_set\1oq5\2hnc,0,5,387.40 KB (396696 bytes),NO,2008-09-09 12:00:52 | water.pdb,2026-05-30 14:45:40 | README.txt,CSD-derived context,curation_or_validation
<DATA_ROOT>\data_raw\csd_mof_collection\astex_related\extracted\astex_non_native_set\astex_non_native_set\1oq5\2hoc,data_raw\csd_mof_collection\astex_related\extracted\astex_non_native_set\astex_non_native_set\1oq5\2hoc,0,5,387.88 KB (397189 bytes),NO,2008-09-09 12:00:58 | water.pdb,2026-05-30 14:45:40 | README.txt,CSD-derived context,curation_or_validation
<DATA_ROOT>\data_raw\csd_mof_collection\astex_related\extracted\astex_non_native_set\astex_non_native_set\1oq5\2ili,data_raw\csd_mof_collection\astex_related\extracted\astex_non_native_set\astex_non_native_set\1oq5\2ili,0,5,392.13 KB (401538 bytes),NO,2008-09-09 12:01:04 | ligand_other.pdb,2026-05-30 14:45:40 | README.txt,CSD-derived context,curation_or_validation
<DATA_ROOT>\data_raw\csd_mof_collection\astex_related\extracted\astex_non_native_set\astex_non_native_set\1oq5\2nng,data_raw\csd_mof_collection\astex_related\extracted\astex_non_native_set\astex_non_native_set\1oq5\2nng,0,6,393.83 KB (403277 bytes),NO,2008-09-09 12:01:08 | ligand001.pdb,2026-05-30 14:45:40 | README.txt,CSD-derived context,curation_or_validation
<DATA_ROOT>\data_raw\csd_mof_collection\astex_related\extracted\astex_non_native_set\astex_non_native_set\1oq5\2nno,data_raw\csd_mof_collection\astex_related\extracted\astex_non_native_set\astex_non_native_set\1oq5\2nno,0,6,403.73 KB (413424 bytes),NO,2008-09-09 12:01:12 | ligand001.pdb,2026-05-30 14:45:40 | README.txt,CSD-derived context,curation_or_validation
<DATA_ROOT>\data_raw\csd_mof_collection\astex_related\extracted\astex_non_native_set\astex_non_native_set\1oq5\2nns,data_raw\csd_mof_collection\astex_related\extracted\astex_non_native_set\astex_non_native_set\1oq5\2nns,0,6,405.43 KB (415158 bytes),NO,2008-09-09 12:01:14 | water.pdb,2026-05-30 14:45:40 | README.txt,CSD-derived context,curation_or_validation
<DATA_ROOT>\data_raw\csd_mof_collection\astex_related\extracted\astex_non_native_set\astex_non_native_set\1oq5\2nnv,data_raw\csd_mof_collection\astex_related\extracted\astex_non_native_set\astex_non_native_set\1oq5\2nnv,0,6,398.38 KB (407939 bytes),NO,2008-09-09 12:01:18 | other.pdb,2026-05-30 14:45:40 | README.txt,CSD-derived context,curation_or_validation
<DATA_ROOT>\data_raw\csd_mof_collection\astex_related\extracted\astex_non_native_set\astex_non_native_set\1oq5\2nxr,data_raw\csd_mof_collection\astex_related\extracted\astex_non_native_set\astex_non_native_set\1oq5\2nxr,0,4,378.80 KB (387892 bytes),NO,2008-09-09 12:01:24 | ligand_other.pdb,2026-05-30 14:45:40 | README.txt,CSD-derived context,curation_or_validation
<DATA_ROOT>\data_raw\csd_mof_collection\astex_related\extracted\astex_non_native_set\astex_non_native_set\1oq5\2nxs,data_raw\csd_mof_collection\astex_related\extracted\astex_non_native_set\astex_non_native_set\1oq5\2nxs,0,4,378.72 KB (387813 bytes),NO,2008-09-09 12:01:26 | ligand_other.pdb,2026-05-30 14:45:40 | README.txt,CSD-derived context,curation_or_validation
<DATA_ROOT>\data_raw\csd_mof_collection\astex_related\extracted\astex_non_native_set\astex_non_native_set\1oq5\2nxt,data_raw\csd_mof_collection\astex_related\extracted\astex_non_native_set\astex_non_native_set\1oq5\2nxt,0,4,391.31 KB (400702 bytes),NO,2008-09-09 12:01:32 | other.pdb,2026-05-30 14:45:40 | README.txt,CSD-derived context,curation_or_validation
<DATA_ROOT>\data_raw\csd_mof_collection\astex_related\extracted\astex_non_native_set\astex_non_native_set\1oq5\2o4z,data_raw\csd_mof_collection\astex_related\extracted\astex_non_native_set\astex_non_native_set\1oq5\2o4z,0,5,379.63 KB (388741 bytes),NO,2008-09-09 12:01:36 | ligand_other.pdb,2026-05-30 14:45:40 | README.txt,CSD-derived context,curation_or_validation
<DATA_ROOT>\data_raw\csd_mof_collection\astex_related\extracted\astex_non_native_set\astex_non_native_set\1oq5\4ca2,data_raw\csd_mof_collection\astex_related\extracted\astex_non_native_set\astex_non_native_set\1oq5\4ca2,0,3,372.54 KB (381482 bytes),NO,2008-09-09 12:01:38 | protein.mol2,2026-05-30 14:45:40 | README.txt,CSD-derived context,curation_or_validation
<DATA_ROOT>\data_raw\csd_mof_collection\astex_related\extracted\astex_non_native_set\astex_non_native_set\1oq5\4cac,data_raw\csd_mof_collection\astex_related\extracted\astex_non_native_set\astex_non_native_set\1oq5\4cac,0,3,378.66 KB (387746 bytes),NO,2008-09-09 12:01:42 | protein.mol2,2026-05-30 14:45:40 | README.txt,CSD-derived context,curation_or_validation
<DATA_ROOT>\data_raw\csd_mof_collection\astex_related\extracted\astex_non_native_set\astex_non_native_set\1oq5\5cac,data_raw\csd_mof_collection\astex_related\extracted\astex_non_native_set\astex_non_native_set\1oq5\5cac,0,4,378.34 KB (387422 bytes),NO,2008-09-09 12:01:44 | ligand_other.pdb,2026-05-30 14:45:40 | README.txt,CSD-derived context,curation_or_validation
<DATA_ROOT>\data_raw\csd_mof_collection\astex_related\extracted\astex_non_native_set\astex_non_native_set\1owe,data_raw\csd_mof_collection\astex_related\extracted\astex_non_native_set\astex_non_native_set\1owe,26,1,1.05 KB (1076 bytes),NO,2026-05-30 14:45:40 | README.txt,2026-05-30 14:45:40 | README.txt,CSD-derived context,curation_or_validation
<DATA_ROOT>\data_raw\csd_mof_collection\astex_related\extracted\astex_non_native_set\astex_non_native_set\1owe\1c5x,data_raw\csd_mof_collection\astex_related\extracted\astex_non_native_set\astex_non_native_set\1owe\1c5x,0,7,626.74 KB (641782 bytes),NO,2008-09-09 12:01:54 | ligand001.pdb,2026-05-30 14:45:40 | README.txt,CSD-derived context,curation_or_validation
<DATA_ROOT>\data_raw\csd_mof_collection\astex_related\extracted\astex_non_native_set\astex_non_native_set\1owe\1c5y,data_raw\csd_mof_collection\astex_related\extracted\astex_non_native_set\astex_non_native_set\1owe\1c5y,0,7,615.97 KB (630750 bytes),NO,2008-09-09 12:01:58 | water.pdb,2026-05-30 14:45:40 | README.txt,CSD-derived context,curation_or_validation
<DATA_ROOT>\data_raw\csd_mof_collection\astex_related\extracted\astex_non_native_set\astex_non_native_set\1owe\1c5z,data_raw\csd_mof_collection\astex_related\extracted\astex_non_native_set\astex_non_native_set\1owe\1c5z,0,7,614.98 KB (629736 bytes),NO,2008-09-09 12:02:04 | water.pdb,2026-05-30 14:45:40 | README.txt,CSD-derived context,curation_or_validation
<DATA_ROOT>\data_raw\csd_mof_collection\astex_related\extracted\astex_non_native_set\astex_non_native_set\1owe\1ejn,data_raw\csd_mof_collection\astex_related\extracted\astex_non_native_set\astex_non_native_set\1owe\1ejn,0,4,365.51 KB (374281 bytes),NO,2008-09-09 12:02:08 | water.pdb,2026-05-30 14:45:40 | README.txt,CSD-derived context,curation_or_validation
<DATA_ROOT>\data_raw\csd_mof_collection\astex_related\extracted\astex_non_native_set\astex_non_native_set\1owe\1f5k,data_raw\csd_mof_collection\astex_related\extracted\astex_non_native_set\astex_non_native_set\1owe\1f5k,0,5,365.73 KB (374508 bytes),NO,2008-09-09 12:02:12 | ligand001.pdb,2026-05-30 14:45:40 | README.txt,CSD-derived context,curation_or_validation
<DATA_ROOT>\data_raw\csd_mof_collection\astex_related\extracted\astex_non_native_set\astex_non_native_set\1owe\1f5l,data_raw\csd_mof_collection\astex_related\extracted\astex_non_native_set\astex_non_native_set\1owe\1f5l,0,5,352.73 KB (361199 bytes),NO,2008-09-09 12:02:16 | ligand001.pdb,2026-05-30 14:45:40 | README.txt,CSD-derived context,curation_or_validation
<DATA_ROOT>\data_raw\csd_mof_collection\astex_related\extracted\astex_non_native_set\astex_non_native_set\1owe\1gi7,data_raw\csd_mof_collection\astex_related\extracted\astex_non_native_set\astex_non_native_set\1owe\1gi7,0,6,580.93 KB (594869 bytes),NO,2008-09-09 12:02:20 | water.pdb,2026-05-30 14:45:40 | README.txt,CSD-derived context,curation_or_validation
<DATA_ROOT>\data_raw\csd_mof_collection\astex_related\extracted\astex_non_native_set\astex_non_native_set\1owe\1gi8,data_raw\csd_mof_collection\astex_related\extracted\astex_non_native_set\astex_non_native_set\1owe\1gi8,0,6,615.06 KB (629826 bytes),NO,2008-09-09 12:02:24 | water.pdb,2026-05-30 14:45:40 | README.txt,CSD-derived context,curation_or_validation
<DATA_ROOT>\data_raw\csd_mof_collection\astex_related\extracted\astex_non_native_set\astex_non_native_set\1owe\1gi9,data_raw\csd_mof_collection\astex_related\extracted\astex_non_native_set\astex_non_native_set\1owe\1gi9,0,6,550.70 KB (563912 bytes),NO,2008-09-09 12:02:30 | ligand001.pdb,2026-05-30 14:45:40 | README.txt,CSD-derived context,curation_or_validation
<DATA_ROOT>\data_raw\csd_mof_collection\astex_related\extracted\astex_non_native_set\astex_non_native_set\1owe\1gj7,data_raw\csd_mof_collection\astex_related\extracted\astex_non_native_set\astex_non_native_set\1owe\1gj7,0,6,599.57 KB (613961 bytes),NO,2008-09-09 12:02:34 | water.pdb,2026-05-30 14:45:40 | README.txt,CSD-derived context,curation_or_validation
<DATA_ROOT>\data_raw\csd_mof_collection\astex_related\extracted\astex_non_native_set\astex_non_native_set\1owe\1gj8,data_raw\csd_mof_collection\astex_related\extracted\astex_non_native_set\astex_non_native_set\1owe\1gj8,0,6,583.50 KB (597499 bytes),NO,2008-09-09 12:02:40 | ligand001.pdb,2026-05-30 14:45:40 | README.txt,CSD-derived context,curation_or_validation
<DATA_ROOT>\data_raw\csd_mof_collection\astex_related\extracted\astex_non_native_set\astex_non_native_set\1owe\1gj9,data_raw\csd_mof_collection\astex_related\extracted\astex_non_native_set\astex_non_native_set\1owe\1gj9,0,6,609.85 KB (624486 bytes),NO,2008-09-09 12:02:44 | water.pdb,2026-05-30 14:45:40 | README.txt,CSD-derived context,curation_or_validation
<DATA_ROOT>\data_raw\csd_mof_collection\astex_related\extracted\astex_non_native_set\astex_non_native_set\1owe\1gja,data_raw\csd_mof_collection\astex_related\extracted\astex_non_native_set\astex_non_native_set\1owe\1gja,0,6,587.90 KB (602006 bytes),NO,2008-09-09 12:02:48 | water.pdb,2026-05-30 14:45:40 | README.txt,CSD-derived context,curation_or_validation
<DATA_ROOT>\data_raw\csd_mof_collection\astex_related\extracted\astex_non_native_set\astex_non_native_set\1owe\1gjb,data_raw\csd_mof_collection\astex_related\extracted\astex_non_native_set\astex_non_native_set\1owe\1gjb,0,6,606.24 KB (620787 bytes),NO,2008-09-09 12:02:56 | water.pdb,2026-05-30 14:45:40 | README.txt,CSD-derived context,curation_or_validation
<DATA_ROOT>\data_raw\csd_mof_collection\astex_related\extracted\astex_non_native_set\astex_non_native_set\1owe\1gjc,data_raw\csd_mof_collection\astex_related\extracted\astex_non_native_set\astex_non_native_set\1owe\1gjc,0,6,588.59 KB (602719 bytes),NO,2008-09-09 12:03:02 | water.pdb,2026-05-30 14:45:40 | README.txt,CSD-derived context,curation_or_validation
<DATA_ROOT>\data_raw\csd_mof_collection\astex_related\extracted\astex_non_native_set\astex_non_native_set\1owe\1gjd,data_raw\csd_mof_collection\astex_related\extracted\astex_non_native_set\astex_non_native_set\1owe\1gjd,0,6,591.46 KB (605660 bytes),NO,2008-09-09 12:03:08 | water.pdb,2026-05-30 14:45:40 | README.txt,CSD-derived context,curation_or_validation
<DATA_ROOT>\data_raw\csd_mof_collection\astex_related\extracted\astex_non_native_set\astex_non_native_set\1owe\1o3p,data_raw\csd_mof_collection\astex_related\extracted\astex_non_native_set\astex_non_native_set\1owe\1o3p,0,6,607.52 KB (622100 bytes),NO,2008-09-09 12:03:12 | water.pdb,2026-05-30 14:45:40 | README.txt,CSD-derived context,curation_or_validation
<DATA_ROOT>\data_raw\csd_mof_collection\astex_related\extracted\astex_non_native_set\astex_non_native_set\1owe\1owd,data_raw\csd_mof_collection\astex_related\extracted\astex_non_native_set\astex_non_native_set\1owe\1owd,0,4,351.30 KB (359733 bytes),NO,2008-09-09 12:03:16 | water.pdb,2026-05-30 14:45:40 | README.txt,CSD-derived context,curation_or_validation
<DATA_ROOT>\data_raw\csd_mof_collection\astex_related\extracted\astex_non_native_set\astex_non_native_set\1owe\1owh,data_raw\csd_mof_collection\astex_related\extracted\astex_non_native_set\astex_non_native_set\1owe\1owh,0,5,363.74 KB (372474 bytes),NO,2008-09-09 12:03:20 | ligand001.pdb,2026-05-30 14:45:40 | README.txt,CSD-derived context,curation_or_validation
<DATA_ROOT>\data_raw\csd_mof_collection\astex_related\extracted\astex_non_native_set\astex_non_native_set\1owe\1sc8,data_raw\csd_mof_collection\astex_related\extracted\astex_non_native_set\astex_non_native_set\1owe\1sc8,0,5,363.09 KB (371803 bytes),NO,2008-09-09 12:03:22 | ligand001.pdb,2026-05-30 14:45:40 | README.txt,CSD-derived context,curation_or_validation
<DATA_ROOT>\data_raw\csd_mof_collection\astex_related\extracted\astex_non_native_set\astex_non_native_set\1owe\1sqa,data_raw\csd_mof_collection\astex_related\extracted\astex_non_native_set\astex_non_native_set\1owe\1sqa,0,5,355.93 KB (364470 bytes),NO,2008-09-09 12:03:26 | ligand001.pdb,2026-05-30 14:45:42 | README.txt,CSD-derived context,curation_or_validation
<DATA_ROOT>\data_raw\csd_mof_collection\astex_related\extracted\astex_non_native_set\astex_non_native_set\1owe\1sqo,data_raw\csd_mof_collection\astex_related\extracted\astex_non_native_set\astex_non_native_set\1owe\1sqo,0,5,357.70 KB (366289 bytes),NO,2008-09-09 12:03:28 | other.pdb,2026-05-30 14:45:42 | README.txt,CSD-derived context,curation_or_validation
<DATA_ROOT>\data_raw\csd_mof_collection\astex_related\extracted\astex_non_native_set\astex_non_native_set\1owe\1sqt,data_raw\csd_mof_collection\astex_related\extracted\astex_non_native_set\astex_non_native_set\1owe\1sqt,0,4,354.52 KB (363026 bytes),NO,2008-09-09 12:03:32 | ligand001.pdb,2026-05-30 14:45:42 | README.txt,CSD-derived context,curation_or_validation
<DATA_ROOT>\data_raw\csd_mof_collection\astex_related\extracted\astex_non_native_set\astex_non_native_set\1owe\1u6q,data_raw\csd_mof_collection\astex_related\extracted\astex_non_native_set\astex_non_native_set\1owe\1u6q,0,4,383.17 KB (392364 bytes),NO,2008-09-09 12:03:34 | ligand001.pdb,2026-05-30 14:45:42 | README.txt,CSD-derived context,curation_or_validation
<DATA_ROOT>\data_raw\csd_mof_collection\astex_related\extracted\astex_non_native_set\astex_non_native_set\1owe\1vj9,data_raw\csd_mof_collection\astex_related\extracted\astex_non_native_set\astex_non_native_set\1owe\1vj9,0,5,362.18 KB (370874 bytes),NO,2008-09-09 12:03:38 | ligand001.pdb,2026-05-30 14:45:42 | README.txt,CSD-derived context,curation_or_validation
<DATA_ROOT>\data_raw\csd_mof_collection\astex_related\extracted\astex_non_native_set\astex_non_native_set\1owe\1vja,data_raw\csd_mof_collection\astex_related\extracted\astex_non_native_set\astex_non_native_set\1owe\1vja,0,5,362.98 KB (371693 bytes),NO,2008-09-09 12:03:42 | ligand001.pdb,2026-05-30 14:45:42 | README.txt,CSD-derived context,curation_or_validation
<DATA_ROOT>\data_raw\csd_mof_collection\astex_related\extracted\astex_non_native_set\astex_non_native_set\1oyt,data_raw\csd_mof_collection\astex_related\extracted\astex_non_native_set\astex_non_native_set\1oyt,123,1,1.05 KB (1076 bytes),NO,2026-05-30 14:45:40 | README.txt,2026-05-30 14:45:40 | README.txt,CSD-derived context,curation_or_validation
<DATA_ROOT>\data_raw\csd_mof_collection\astex_related\extracted\astex_non_native_set\astex_non_native_set\1oyt\1a2c,data_raw\csd_mof_collection\astex_related\extracted\astex_non_native_set\astex_non_native_set\1oyt\1a2c,0,4,448.74 KB (459507 bytes),NO,2008-09-09 12:04:00 | ligand001.pdb,2026-05-30 14:45:42 | README.txt,CSD-derived context,curation_or_validation
<DATA_ROOT>\data_raw\csd_mof_collection\astex_related\extracted\astex_non_native_set\astex_non_native_set\1oyt\1a46,data_raw\csd_mof_collection\astex_related\extracted\astex_non_native_set\astex_non_native_set\1oyt\1a46,0,4,427.49 KB (437748 bytes),NO,2008-09-09 12:04:02 | ligand001.pdb,2026-05-30 14:45:42 | README.txt,CSD-derived context,curation_or_validation
<DATA_ROOT>\data_raw\csd_mof_collection\astex_related\extracted\astex_non_native_set\astex_non_native_set\1oyt\1a4w,data_raw\csd_mof_collection\astex_related\extracted\astex_non_native_set\astex_non_native_set\1oyt\1a4w,0,4,414.65 KB (424600 bytes),NO,2008-09-09 12:04:04 | water.pdb,2026-05-30 14:45:42 | README.txt,CSD-derived context,curation_or_validation
<DATA_ROOT>\data_raw\csd_mof_collection\astex_related\extracted\astex_non_native_set\astex_non_native_set\1oyt\1a5g,data_raw\csd_mof_collection\astex_related\extracted\astex_non_native_set\astex_non_native_set\1oyt\1a5g,0,4,433.95 KB (444363 bytes),NO,2008-09-09 12:04:08 | ligand001.pdb,2026-05-30 14:45:42 | README.txt,CSD-derived context,curation_or_validation
<DATA_ROOT>\data_raw\csd_mof_collection\astex_related\extracted\astex_non_native_set\astex_non_native_set\1oyt\1a61,data_raw\csd_mof_collection\astex_related\extracted\astex_non_native_set\astex_non_native_set\1oyt\1a61,0,4,434.09 KB (444512 bytes),NO,2008-09-09 12:04:12 | ligand001.pdb,2026-05-30 14:45:42 | README.txt,CSD-derived context,curation_or_validation
<DATA_ROOT>\data_raw\csd_mof_collection\astex_related\extracted\astex_non_native_set\astex_non_native_set\1oyt\1abj,data_raw\csd_mof_collection\astex_related\extracted\astex_non_native_set\astex_non_native_set\1oyt\1abj,0,4,434.76 KB (445198 bytes),NO,2008-09-09 12:04:14 | ligand001.pdb,2026-05-30 14:45:42 | README.txt,CSD-derived context,curation_or_validation
<DATA_ROOT>\data_raw\csd_mof_collection\astex_related\extracted\astex_non_native_set\astex_non_native_set\1oyt\1ad8,data_raw\csd_mof_collection\astex_related\extracted\astex_non_native_set\astex_non_native_set\1oyt\1ad8,0,5,439.83 KB (450390 bytes),NO,2008-09-09 12:04:18 | ligand001.pdb,2026-05-30 14:45:42 | README.txt,CSD-derived context,curation_or_validation
<DATA_ROOT>\data_raw\csd_mof_collection\astex_related\extracted\astex_non_native_set\astex_non_native_set\1oyt\1ae8,data_raw\csd_mof_collection\astex_related\extracted\astex_non_native_set\astex_non_native_set\1oyt\1ae8,0,4,452.90 KB (463772 bytes),NO,2008-09-09 12:04:24 | ligand001.pdb,2026-05-30 14:45:42 | README.txt,CSD-derived context,curation_or_validation
<DATA_ROOT>\data_raw\csd_mof_collection\astex_related\extracted\astex_non_native_set\astex_non_native_set\1oyt\1afe,data_raw\csd_mof_collection\astex_related\extracted\astex_non_native_set\astex_non_native_set\1oyt\1afe,0,4,451.59 KB (462433 bytes),NO,2008-09-09 12:04:30 | ligand001.pdb,2026-05-30 14:45:42 | README.txt,CSD-derived context,curation_or_validation
<DATA_ROOT>\data_raw\csd_mof_collection\astex_related\extracted\astex_non_native_set\astex_non_native_set\1oyt\1aht,data_raw\csd_mof_collection\astex_related\extracted\astex_non_native_set\astex_non_native_set\1oyt\1aht,0,4,442.48 KB (453100 bytes),NO,2008-09-09 12:04:34 | ligand001.pdb,2026-05-30 14:45:42 | README.txt,CSD-derived context,curation_or_validation
<DATA_ROOT>\data_raw\csd_mof_collection\astex_related\extracted\astex_non_native_set\astex_non_native_set\1oyt\1ay6,data_raw\csd_mof_collection\astex_related\extracted\astex_non_native_set\astex_non_native_set\1oyt\1ay6,0,4,438.42 KB (448942 bytes),NO,2008-09-09 12:04:36 | ligand001.pdb,2026-05-30 14:45:42 | README.txt,CSD-derived context,curation_or_validation
<DATA_ROOT>\data_raw\csd_mof_collection\astex_related\extracted\astex_non_native_set\astex_non_native_set\1oyt\1b5g,data_raw\csd_mof_collection\astex_related\extracted\astex_non_native_set\astex_non_native_set\1oyt\1b5g,0,4,436.09 KB (446559 bytes),NO,2008-09-09 12:04:40 | ligand001.pdb,2026-05-30 14:45:42 | README.txt,CSD-derived context,curation_or_validation
<DATA_ROOT>\data_raw\csd_mof_collection\astex_related\extracted\astex_non_native_set\astex_non_native_set\1oyt\1ba8,data_raw\csd_mof_collection\astex_related\extracted\astex_non_native_set\astex_non_native_set\1oyt\1ba8,0,4,439.00 KB (449534 bytes),NO,2008-09-09 12:04:42 | ligand001.pdb,2026-05-30 14:45:42 | README.txt,CSD-derived context,curation_or_validation
<DATA_ROOT>\data_raw\csd_mof_collection\astex_related\extracted\astex_non_native_set\astex_non_native_set\1oyt\1bcu,data_raw\csd_mof_collection\astex_related\extracted\astex_non_native_set\astex_non_native_set\1oyt\1bcu,0,5,437.78 KB (448286 bytes),NO,2008-09-09 12:04:44 | other.pdb,2026-05-30 14:45:42 | README.txt,CSD-derived context,curation_or_validation
<DATA_ROOT>\data_raw\csd_mof_collection\astex_related\extracted\astex_non_native_set\astex_non_native_set\1oyt\1c1u,data_raw\csd_mof_collection\astex_related\extracted\astex_non_native_set\astex_non_native_set\1oyt\1c1u,0,6,688.71 KB (705237 bytes),NO,2008-09-09 12:04:48 | water.pdb,2026-05-30 14:45:42 | README.txt,CSD-derived context,curation_or_validation
<DATA_ROOT>\data_raw\csd_mof_collection\astex_related\extracted\astex_non_native_set\astex_non_native_set\1oyt\1c1v,data_raw\csd_mof_collection\astex_related\extracted\astex_non_native_set\astex_non_native_set\1oyt\1c1v,0,6,683.00 KB (699394 bytes),NO,2008-09-09 12:04:52 | water.pdb,2026-05-30 14:45:42 | README.txt,CSD-derived context,curation_or_validation
<DATA_ROOT>\data_raw\csd_mof_collection\astex_related\extracted\astex_non_native_set\astex_non_native_set\1oyt\1c1w,data_raw\csd_mof_collection\astex_related\extracted\astex_non_native_set\astex_non_native_set\1oyt\1c1w,0,6,677.58 KB (693845 bytes),NO,2008-09-09 12:04:56 | water.pdb,2026-05-30 14:45:42 | README.txt,CSD-derived context,curation_or_validation
<DATA_ROOT>\data_raw\csd_mof_collection\astex_related\extracted\astex_non_native_set\astex_non_native_set\1oyt\1c4u,data_raw\csd_mof_collection\astex_related\extracted\astex_non_native_set\astex_non_native_set\1oyt\1c4u,0,4,432.45 KB (442833 bytes),NO,2008-09-09 12:05:00 | ligand001.pdb,2026-05-30 14:45:42 | README.txt,CSD-derived context,curation_or_validation
<DATA_ROOT>\data_raw\csd_mof_collection\astex_related\extracted\astex_non_native_set\astex_non_native_set\1oyt\1c5l,data_raw\csd_mof_collection\astex_related\extracted\astex_non_native_set\astex_non_native_set\1oyt\1c5l,0,5,690.06 KB (706622 bytes),NO,2008-09-09 12:05:04 | ligand_other.pdb,2026-05-30 14:45:42 | README.txt,CSD-derived context,curation_or_validation
<DATA_ROOT>\data_raw\csd_mof_collection\astex_related\extracted\astex_non_native_set\astex_non_native_set\1oyt\1c5n,data_raw\csd_mof_collection\astex_related\extracted\astex_non_native_set\astex_non_native_set\1oyt\1c5n,0,6,680.37 KB (696701 bytes),NO,2008-09-09 12:05:08 | ligand001.pdb,2026-05-30 14:45:42 | README.txt,CSD-derived context,curation_or_validation
<DATA_ROOT>\data_raw\csd_mof_collection\astex_related\extracted\astex_non_native_set\astex_non_native_set\1oyt\1c5o,data_raw\csd_mof_collection\astex_related\extracted\astex_non_native_set\astex_non_native_set\1oyt\1c5o,0,6,719.80 KB (737077 bytes),NO,2008-09-09 12:05:12 | ligand001.pdb,2026-05-30 14:45:42 | README.txt,CSD-derived context,curation_or_validation
<DATA_ROOT>\data_raw\csd_mof_collection\astex_related\extracted\astex_non_native_set\astex_non_native_set\1oyt\1d3d,data_raw\csd_mof_collection\astex_related\extracted\astex_non_native_set\astex_non_native_set\1oyt\1d3d,0,4,440.33 KB (450893 bytes),NO,2008-09-09 12:05:16 | ligand001.pdb,2026-05-30 14:45:42 | README.txt,CSD-derived context,curation_or_validation
<DATA_ROOT>\data_raw\csd_mof_collection\astex_related\extracted\astex_non_native_set\astex_non_native_set\1oyt\1d3p,data_raw\csd_mof_collection\astex_related\extracted\astex_non_native_set\astex_non_native_set\1oyt\1d3p,0,4,439.96 KB (450522 bytes),NO,2008-09-09 12:05:18 | ligand001.pdb,2026-05-30 14:45:42 | README.txt,CSD-derived context,curation_or_validation
<DATA_ROOT>\data_raw\csd_mof_collection\astex_related\extracted\astex_non_native_set\astex_non_native_set\1oyt\1d4p,data_raw\csd_mof_collection\astex_related\extracted\astex_non_native_set\astex_non_native_set\1oyt\1d4p,0,4,438.87 KB (449402 bytes),NO,2008-09-09 12:05:20 | water.pdb,2026-05-30 14:45:42 | README.txt,CSD-derived context,curation_or_validation
<DATA_ROOT>\data_raw\csd_mof_collection\astex_related\extracted\astex_non_native_set\astex_non_native_set\1oyt\1d6w,data_raw\csd_mof_collection\astex_related\extracted\astex_non_native_set\astex_non_native_set\1oyt\1d6w,0,4,435.12 KB (445561 bytes),NO,2008-09-09 12:05:24 | ligand001.pdb,2026-05-30 14:45:42 | README.txt,CSD-derived context,curation_or_validation
<DATA_ROOT>\data_raw\csd_mof_collection\astex_related\extracted\astex_non_native_set\astex_non_native_set\1oyt\1d9i,data_raw\csd_mof_collection\astex_related\extracted\astex_non_native_set\astex_non_native_set\1oyt\1d9i,0,4,430.49 KB (440818 bytes),NO,2008-09-09 12:05:26 | ligand001.pdb,2026-05-30 14:45:42 | README.txt,CSD-derived context,curation_or_validation
<DATA_ROOT>\data_raw\csd_mof_collection\astex_related\extracted\astex_non_native_set\astex_non_native_set\1oyt\1de7,data_raw\csd_mof_collection\astex_related\extracted\astex_non_native_set\astex_non_native_set\1oyt\1de7,0,4,865.86 KB (886645 bytes),NO,2008-09-09 12:05:30 | ligand001.pdb,2026-05-30 14:45:42 | README.txt,CSD-derived context,curation_or_validation
<DATA_ROOT>\data_raw\csd_mof_collection\astex_related\extracted\astex_non_native_set\astex_non_native_set\1oyt\1doj,data_raw\csd_mof_collection\astex_related\extracted\astex_non_native_set\astex_non_native_set\1oyt\1doj,0,6,473.82 KB (485195 bytes),NO,2008-09-09 12:05:34 | ligand001.pdb,2026-05-30 14:45:42 | README.txt,CSD-derived context,curation_or_validation
<DATA_ROOT>\data_raw\csd_mof_collection\astex_related\extracted\astex_non_native_set\astex_non_native_set\1oyt\1dx5,data_raw\csd_mof_collection\astex_related\extracted\astex_non_native_set\astex_non_native_set\1oyt\1dx5,0,4,2.34 MB (2454861 bytes),NO,2008-09-09 12:05:44 | ligand001.pdb,2026-05-30 14:45:42 | README.txt,CSD-derived context,curation_or_validation
<DATA_ROOT>\data_raw\csd_mof_collection\astex_related\extracted\astex_non_native_set\astex_non_native_set\1oyt\1eb1,data_raw\csd_mof_collection\astex_related\extracted\astex_non_native_set\astex_non_native_set\1oyt\1eb1,0,4,457.33 KB (468304 bytes),NO,2008-09-09 12:05:48 | ligand001.pdb,2026-05-30 14:45:42 | README.txt,CSD-derived context,curation_or_validation
<DATA_ROOT>\data_raw\csd_mof_collection\astex_related\extracted\astex_non_native_set\astex_non_native_set\1oyt\1fpc,data_raw\csd_mof_collection\astex_related\extracted\astex_non_native_set\astex_non_native_set\1oyt\1fpc,0,4,429.23 KB (439527 bytes),NO,2008-09-09 12:05:50 | ligand001.pdb,2026-05-30 14:45:42 | README.txt,CSD-derived context,curation_or_validation
<DATA_ROOT>\data_raw\csd_mof_collection\astex_related\extracted\astex_non_native_set\astex_non_native_set\1oyt\1g30,data_raw\csd_mof_collection\astex_related\extracted\astex_non_native_set\astex_non_native_set\1oyt\1g30,0,4,441.55 KB (452147 bytes),NO,2008-09-09 12:05:54 | ligand001.pdb,2026-05-30 14:45:42 | README.txt,CSD-derived context,curation_or_validation
<DATA_ROOT>\data_raw\csd_mof_collection\astex_related\extracted\astex_non_native_set\astex_non_native_set\1oyt\1g32,data_raw\csd_mof_collection\astex_related\extracted\astex_non_native_set\astex_non_native_set\1oyt\1g32,0,4,449.94 KB (460738 bytes),NO,2008-09-09 12:05:56 | ligand001.pdb,2026-05-30 14:45:42 | README.txt,CSD-derived context,curation_or_validation
<DATA_ROOT>\data_raw\csd_mof_collection\astex_related\extracted\astex_non_native_set\astex_non_native_set\1oyt\1g37,data_raw\csd_mof_collection\astex_related\extracted\astex_non_native_set\astex_non_native_set\1oyt\1g37,0,6,469.87 KB (481150 bytes),NO,2008-09-09 12:05:58 | ligand001.pdb,2026-05-30 14:45:42 | README.txt,CSD-derived context,curation_or_validation
<DATA_ROOT>\data_raw\csd_mof_collection\astex_related\extracted\astex_non_native_set\astex_non_native_set\1oyt\1ghv,data_raw\csd_mof_collection\astex_related\extracted\astex_non_native_set\astex_non_native_set\1oyt\1ghv,0,6,730.66 KB (748196 bytes),NO,2008-09-09 12:06:02 | water.pdb,2026-05-30 14:45:42 | README.txt,CSD-derived context,curation_or_validation
<DATA_ROOT>\data_raw\csd_mof_collection\astex_related\extracted\astex_non_native_set\astex_non_native_set\1oyt\1ghw,data_raw\csd_mof_collection\astex_related\extracted\astex_non_native_set\astex_non_native_set\1oyt\1ghw,0,6,711.76 KB (728841 bytes),NO,2008-09-09 12:06:06 | water.pdb,2026-05-30 14:45:42 | README.txt,CSD-derived context,curation_or_validation
<DATA_ROOT>\data_raw\csd_mof_collection\astex_related\extracted\astex_non_native_set\astex_non_native_set\1oyt\1ghx,data_raw\csd_mof_collection\astex_related\extracted\astex_non_native_set\astex_non_native_set\1oyt\1ghx,0,7,683.54 KB (699948 bytes),NO,2008-09-09 12:06:10 | water.pdb,2026-05-30 14:45:42 | README.txt,CSD-derived context,curation_or_validation
<DATA_ROOT>\data_raw\csd_mof_collection\astex_related\extracted\astex_non_native_set\astex_non_native_set\1oyt\1ghy,data_raw\csd_mof_collection\astex_related\extracted\astex_non_native_set\astex_non_native_set\1oyt\1ghy,0,7,707.27 KB (724246 bytes),NO,2008-09-09 12:06:16 | ligand001.pdb,2026-05-30 14:45:42 | README.txt,CSD-derived context,curation_or_validation
<DATA_ROOT>\data_raw\csd_mof_collection\astex_related\extracted\astex_non_native_set\astex_non_native_set\1oyt\1gj4,data_raw\csd_mof_collection\astex_related\extracted\astex_non_native_set\astex_non_native_set\1oyt\1gj4,0,6,673.76 KB (689931 bytes),NO,2008-09-09 12:06:20 | ligand001.pdb,2026-05-30 14:45:42 | README.txt,CSD-derived context,curation_or_validation
<DATA_ROOT>\data_raw\csd_mof_collection\astex_related\extracted\astex_non_native_set\astex_non_native_set\1oyt\1gj5,data_raw\csd_mof_collection\astex_related\extracted\astex_non_native_set\astex_non_native_set\1oyt\1gj5,0,6,699.35 KB (716136 bytes),NO,2008-09-09 12:06:24 | other.pdb,2026-05-30 14:45:42 | README.txt,CSD-derived context,curation_or_validation
<DATA_ROOT>\data_raw\csd_mof_collection\astex_related\extracted\astex_non_native_set\astex_non_native_set\1oyt\1h8i,data_raw\csd_mof_collection\astex_related\extracted\astex_non_native_set\astex_non_native_set\1oyt\1h8i,0,4,457.47 KB (468447 bytes),NO,2008-09-09 12:06:28 | ligand001.pdb,2026-05-30 14:45:42 | README.txt,CSD-derived context,curation_or_validation
<DATA_ROOT>\data_raw\csd_mof_collection\astex_related\extracted\astex_non_native_set\astex_non_native_set\1oyt\1hag,data_raw\csd_mof_collection\astex_related\extracted\astex_non_native_set\astex_non_native_set\1oyt\1hag,0,3,461.54 KB (472621 bytes),NO,2008-09-09 12:06:30 | protein.mol2,2026-05-30 14:45:42 | README.txt,CSD-derived context,curation_or_validation
<DATA_ROOT>\data_raw\csd_mof_collection\astex_related\extracted\astex_non_native_set\astex_non_native_set\1oyt\1hah,data_raw\csd_mof_collection\astex_related\extracted\astex_non_native_set\astex_non_native_set\1oyt\1hah,0,4,455.09 KB (466009 bytes),NO,2008-09-09 12:06:32 | other.pdb,2026-05-30 14:45:42 | README.txt,CSD-derived context,curation_or_validation
<DATA_ROOT>\data_raw\csd_mof_collection\astex_related\extracted\astex_non_native_set\astex_non_native_set\1oyt\1hai,data_raw\csd_mof_collection\astex_related\extracted\astex_non_native_set\astex_non_native_set\1oyt\1hai,0,5,442.02 KB (452629 bytes),NO,2008-09-09 12:06:34 | ligand001.pdb,2026-05-30 14:45:42 | README.txt,CSD-derived context,curation_or_validation
<DATA_ROOT>\data_raw\csd_mof_collection\astex_related\extracted\astex_non_native_set\astex_non_native_set\1oyt\1hgt,data_raw\csd_mof_collection\astex_related\extracted\astex_non_native_set\astex_non_native_set\1oyt\1hgt,0,3,454.68 KB (465591 bytes),NO,2008-09-09 12:06:36 | protein.mol2,2026-05-30 14:45:42 | README.txt,CSD-derived context,curation_or_validation
<DATA_ROOT>\data_raw\csd_mof_collection\astex_related\extracted\astex_non_native_set\astex_non_native_set\1oyt\1hxe,data_raw\csd_mof_collection\astex_related\extracted\astex_non_native_set\astex_non_native_set\1oyt\1hxe,0,3,425.69 KB (435911 bytes),NO,2008-09-09 12:06:38 | protein.mol2,2026-05-30 14:45:42 | README.txt,CSD-derived context,curation_or_validation
<DATA_ROOT>\data_raw\csd_mof_collection\astex_related\extracted\astex_non_native_set\astex_non_native_set\1oyt\1hxf,data_raw\csd_mof_collection\astex_related\extracted\astex_non_native_set\astex_non_native_set\1oyt\1hxf,0,3,426.08 KB (436307 bytes),NO,2008-09-09 12:06:40 | water.pdb,2026-05-30 14:45:42 | README.txt,CSD-derived context,curation_or_validation
<DATA_ROOT>\data_raw\csd_mof_collection\astex_related\extracted\astex_non_native_set\astex_non_native_set\1oyt\1k21,data_raw\csd_mof_collection\astex_related\extracted\astex_non_native_set\astex_non_native_set\1oyt\1k21,0,4,445.09 KB (455774 bytes),NO,2008-09-09 12:06:42 | ligand001.pdb,2026-05-30 14:45:42 | README.txt,CSD-derived context,curation_or_validation
<DATA_ROOT>\data_raw\csd_mof_collection\astex_related\extracted\astex_non_native_set\astex_non_native_set\1oyt\1k22,data_raw\csd_mof_collection\astex_related\extracted\astex_non_native_set\astex_non_native_set\1oyt\1k22,0,4,449.40 KB (460190 bytes),NO,2008-09-09 12:06:44 | ligand001.pdb,2026-05-30 14:45:42 | README.txt,CSD-derived context,curation_or_validation
<DATA_ROOT>\data_raw\csd_mof_collection\astex_related\extracted\astex_non_native_set\astex_non_native_set\1oyt\1kts,data_raw\csd_mof_collection\astex_related\extracted\astex_non_native_set\astex_non_native_set\1oyt\1kts,0,4,436.63 KB (447112 bytes),NO,2008-09-09 12:06:46 | ligand001.pdb,2026-05-30 14:45:42 | README.txt,CSD-derived context,curation_or_validation
<DATA_ROOT>\data_raw\csd_mof_collection\astex_related\extracted\astex_non_native_set\astex_non_native_set\1oyt\1ktt,data_raw\csd_mof_collection\astex_related\extracted\astex_non_native_set\astex_non_native_set\1oyt\1ktt,0,4,441.42 KB (452012 bytes),NO,2008-09-09 12:06:50 | ligand001.pdb,2026-05-30 14:45:42 | README.txt,CSD-derived context,curation_or_validation
<DATA_ROOT>\data_raw\csd_mof_collection\astex_related\extracted\astex_non_native_set\astex_non_native_set\1oyt\1lhc,data_raw\csd_mof_collection\astex_related\extracted\astex_non_native_set\astex_non_native_set\1oyt\1lhc,0,5,424.35 KB (434535 bytes),NO,2008-09-09 12:06:54 | ligand001.pdb,2026-05-30 14:45:42 | README.txt,CSD-derived context,curation_or_validation
<DATA_ROOT>\data_raw\csd_mof_collection\astex_related\extracted\astex_non_native_set\astex_non_native_set\1oyt\1lhd,data_raw\csd_mof_collection\astex_related\extracted\astex_non_native_set\astex_non_native_set\1oyt\1lhd,0,4,423.51 KB (433675 bytes),NO,2008-09-09 12:06:56 | ligand001.pdb,2026-05-30 14:45:42 | README.txt,CSD-derived context,curation_or_validation
<DATA_ROOT>\data_raw\csd_mof_collection\astex_related\extracted\astex_non_native_set\astex_non_native_set\1oyt\1lhe,data_raw\csd_mof_collection\astex_related\extracted\astex_non_native_set\astex_non_native_set\1oyt\1lhe,0,4,424.03 KB (434207 bytes),NO,2008-09-09 12:07:00 | ligand001.pdb,2026-05-30 14:45:42 | README.txt,CSD-derived context,curation_or_validation
<DATA_ROOT>\data_raw\csd_mof_collection\astex_related\extracted\astex_non_native_set\astex_non_native_set\1oyt\1lhf,data_raw\csd_mof_collection\astex_related\extracted\astex_non_native_set\astex_non_native_set\1oyt\1lhf,0,4,422.38 KB (432514 bytes),NO,2008-09-09 12:07:02 | ligand001.pdb,2026-05-30 14:45:42 | README.txt,CSD-derived context,curation_or_validation
<DATA_ROOT>\data_raw\csd_mof_collection\astex_related\extracted\astex_non_native_set\astex_non_native_set\1oyt\1lhg,data_raw\csd_mof_collection\astex_related\extracted\astex_non_native_set\astex_non_native_set\1oyt\1lhg,0,4,424.18 KB (434362 bytes),NO,2008-09-09 12:07:06 | ligand001.pdb,2026-05-30 14:45:42 | README.txt,CSD-derived context,curation_or_validation
<DATA_ROOT>\data_raw\csd_mof_collection\astex_related\extracted\astex_non_native_set\astex_non_native_set\1oyt\1mu6,data_raw\csd_mof_collection\astex_related\extracted\astex_non_native_set\astex_non_native_set\1oyt\1mu6,0,4,430.21 KB (440540 bytes),NO,2008-09-09 12:07:08 | ligand001.pdb,2026-05-30 14:45:42 | README.txt,CSD-derived context,curation_or_validation
<DATA_ROOT>\data_raw\csd_mof_collection\astex_related\extracted\astex_non_native_set\astex_non_native_set\1oyt\1mu8,data_raw\csd_mof_collection\astex_related\extracted\astex_non_native_set\astex_non_native_set\1oyt\1mu8,0,4,429.00 KB (439300 bytes),NO,2008-09-09 12:07:12 | ligand001.pdb,2026-05-30 14:45:42 | README.txt,CSD-derived context,curation_or_validation
<DATA_ROOT>\data_raw\csd_mof_collection\astex_related\extracted\astex_non_native_set\astex_non_native_set\1oyt\1mue,data_raw\csd_mof_collection\astex_related\extracted\astex_non_native_set\astex_non_native_set\1oyt\1mue,0,4,431.18 KB (441529 bytes),NO,2008-09-09 12:07:14 | ligand001.pdb,2026-05-30 14:45:42 | README.txt,CSD-derived context,curation_or_validation
<DATA_ROOT>\data_raw\csd_mof_collection\astex_related\extracted\astex_non_native_set\astex_non_native_set\1oyt\1nm6,data_raw\csd_mof_collection\astex_related\extracted\astex_non_native_set\astex_non_native_set\1oyt\1nm6,0,4,437.46 KB (447959 bytes),NO,2008-09-09 12:07:18 | ligand001.pdb,2026-05-30 14:45:42 | README.txt,CSD-derived context,curation_or_validation
<DATA_ROOT>\data_raw\csd_mof_collection\astex_related\extracted\astex_non_native_set\astex_non_native_set\1oyt\1no9,data_raw\csd_mof_collection\astex_related\extracted\astex_non_native_set\astex_non_native_set\1oyt\1no9,0,4,452.20 KB (463055 bytes),NO,2008-09-09 12:07:20 | ligand001.pdb,2026-05-30 14:45:42 | README.txt,CSD-derived context,curation_or_validation
<DATA_ROOT>\data_raw\csd_mof_collection\astex_related\extracted\astex_non_native_set\astex_non_native_set\1oyt\1nrr,data_raw\csd_mof_collection\astex_related\extracted\astex_non_native_set\astex_non_native_set\1oyt\1nrr,0,4,427.71 KB (437970 bytes),NO,2008-09-09 12:07:24 | ligand001.pdb,2026-05-30 14:45:42 | README.txt,CSD-derived context,curation_or_validation
<DATA_ROOT>\data_raw\csd_mof_collection\astex_related\extracted\astex_non_native_set\astex_non_native_set\1oyt\1nt1,data_raw\csd_mof_collection\astex_related\extracted\astex_non_native_set\astex_non_native_set\1oyt\1nt1,0,4,431.92 KB (442281 bytes),NO,2008-09-09 12:07:26 | ligand001.pdb,2026-05-30 14:45:42 | README.txt,CSD-derived context,curation_or_validation
<DATA_ROOT>\data_raw\csd_mof_collection\astex_related\extracted\astex_non_native_set\astex_non_native_set\1oyt\1nzq,data_raw\csd_mof_collection\astex_related\extracted\astex_non_native_set\astex_non_native_set\1oyt\1nzq,0,4,437.60 KB (448106 bytes),NO,2008-09-09 12:07:28 | ligand001.pdb,2026-05-30 14:45:42 | README.txt,CSD-derived context,curation_or_validation
<DATA_ROOT>\data_raw\csd_mof_collection\astex_related\extracted\astex_non_native_set\astex_non_native_set\1oyt\1o0d,data_raw\csd_mof_collection\astex_related\extracted\astex_non_native_set\astex_non_native_set\1oyt\1o0d,0,4,446.80 KB (457521 bytes),NO,2008-09-09 12:07:30 | ligand001.pdb,2026-05-30 14:45:42 | README.txt,CSD-derived context,curation_or_validation
<DATA_ROOT>\data_raw\csd_mof_collection\astex_related\extracted\astex_non_native_set\astex_non_native_set\1oyt\1o2g,data_raw\csd_mof_collection\astex_related\extracted\astex_non_native_set\astex_non_native_set\1oyt\1o2g,0,6,695.86 KB (712559 bytes),NO,2008-09-09 12:07:32 | water.pdb,2026-05-30 14:45:42 | README.txt,CSD-derived context,curation_or_validation
<DATA_ROOT>\data_raw\csd_mof_collection\astex_related\extracted\astex_non_native_set\astex_non_native_set\1oyt\1o5g,data_raw\csd_mof_collection\astex_related\extracted\astex_non_native_set\astex_non_native_set\1oyt\1o5g,0,7,645.04 KB (660524 bytes),NO,2008-09-09 12:07:36 | other.pdb,2026-05-30 14:45:42 | README.txt,CSD-derived context,curation_or_validation
<DATA_ROOT>\data_raw\csd_mof_collection\astex_related\extracted\astex_non_native_set\astex_non_native_set\1oyt\1qbv,data_raw\csd_mof_collection\astex_related\extracted\astex_non_native_set\astex_non_native_set\1oyt\1qbv,0,5,429.86 KB (440172 bytes),NO,2008-09-09 12:07:40 | ligand001.pdb,2026-05-30 14:45:42 | README.txt,CSD-derived context,curation_or_validation
<DATA_ROOT>\data_raw\csd_mof_collection\astex_related\extracted\astex_non_native_set\astex_non_native_set\1oyt\1sb1,data_raw\csd_mof_collection\astex_related\extracted\astex_non_native_set\astex_non_native_set\1oyt\1sb1,0,4,446.01 KB (456718 bytes),NO,2008-09-09 12:07:42 | ligand001.pdb,2026-05-30 14:45:42 | README.txt,CSD-derived context,curation_or_validation
<DATA_ROOT>\data_raw\csd_mof_collection\astex_related\extracted\astex_non_native_set\astex_non_native_set\1oyt\1sfq,data_raw\csd_mof_collection\astex_related\extracted\astex_non_native_set\astex_non_native_set\1oyt\1sfq,0,4,853.56 KB (874047 bytes),NO,2008-09-09 12:07:46 | ligand001.pdb,2026-05-30 14:45:42 | README.txt,CSD-derived context,curation_or_validation
<DATA_ROOT>\data_raw\csd_mof_collection\astex_related\extracted\astex_non_native_set\astex_non_native_set\1oyt\1sg8,data_raw\csd_mof_collection\astex_related\extracted\astex_non_native_set\astex_non_native_set\1oyt\1sg8,0,3,838.82 KB (858953 bytes),NO,2008-09-09 12:07:50 | protein.mol2,2026-05-30 14:45:42 | README.txt,CSD-derived context,curation_or_validation
<DATA_ROOT>\data_raw\csd_mof_collection\astex_related\extracted\astex_non_native_set\astex_non_native_set\1oyt\1sgi,data_raw\csd_mof_collection\astex_related\extracted\astex_non_native_set\astex_non_native_set\1oyt\1sgi,0,3,843.11 KB (863348 bytes),NO,2008-09-09 12:07:54 | protein.mol2,2026-05-30 14:45:42 | README.txt,CSD-derived context,curation_or_validation
<DATA_ROOT>\data_raw\csd_mof_collection\astex_related\extracted\astex_non_native_set\astex_non_native_set\1oyt\1shh,data_raw\csd_mof_collection\astex_related\extracted\astex_non_native_set\astex_non_native_set\1oyt\1shh,0,4,873.68 KB (894645 bytes),NO,2008-09-09 12:07:56 | ligand001.pdb,2026-05-30 14:45:42 | README.txt,CSD-derived context,curation_or_validation
<DATA_ROOT>\data_raw\csd_mof_collection\astex_related\extracted\astex_non_native_set\astex_non_native_set\1oyt\1sl3,data_raw\csd_mof_collection\astex_related\extracted\astex_non_native_set\astex_non_native_set\1oyt\1sl3,0,4,444.68 KB (455350 bytes),NO,2008-09-09 12:07:58 | ligand001.pdb,2026-05-30 14:45:42 | README.txt,CSD-derived context,curation_or_validation
<DATA_ROOT>\data_raw\csd_mof_collection\astex_related\extracted\astex_non_native_set\astex_non_native_set\1oyt\1t4u,data_raw\csd_mof_collection\astex_related\extracted\astex_non_native_set\astex_non_native_set\1oyt\1t4u,0,5,490.69 KB (502470 bytes),NO,2008-09-09 12:08:00 | water.pdb,2026-05-30 14:45:42 | README.txt,CSD-derived context,curation_or_validation
<DATA_ROOT>\data_raw\csd_mof_collection\astex_related\extracted\astex_non_native_set\astex_non_native_set\1oyt\1t4v,data_raw\csd_mof_collection\astex_related\extracted\astex_non_native_set\astex_non_native_set\1oyt\1t4v,0,5,487.10 KB (498790 bytes),NO,2008-09-09 12:08:04 | ligand001.pdb,2026-05-30 14:45:42 | README.txt,CSD-derived context,curation_or_validation
<DATA_ROOT>\data_raw\csd_mof_collection\astex_related\extracted\astex_non_native_set\astex_non_native_set\1oyt\1ta6,data_raw\csd_mof_collection\astex_related\extracted\astex_non_native_set\astex_non_native_set\1oyt\1ta6,0,4,431.69 KB (442055 bytes),NO,2008-09-09 12:08:06 | ligand001.pdb,2026-05-30 14:45:42 | README.txt,CSD-derived context,curation_or_validation
<DATA_ROOT>\data_raw\csd_mof_collection\astex_related\extracted\astex_non_native_set\astex_non_native_set\1oyt\1thr,data_raw\csd_mof_collection\astex_related\extracted\astex_non_native_set\astex_non_native_set\1oyt\1thr,0,3,435.65 KB (446107 bytes),NO,2008-09-09 12:08:08 | protein.mol2,2026-05-30 14:45:42 | README.txt,CSD-derived context,curation_or_validation
<DATA_ROOT>\data_raw\csd_mof_collection\astex_related\extracted\astex_non_native_set\astex_non_native_set\1oyt\1ths,data_raw\csd_mof_collection\astex_related\extracted\astex_non_native_set\astex_non_native_set\1oyt\1ths,0,3,440.01 KB (450570 bytes),NO,2008-09-09 12:08:10 | protein.mol2,2026-05-30 14:45:42 | README.txt,CSD-derived context,curation_or_validation
<DATA_ROOT>\data_raw\csd_mof_collection\astex_related\extracted\astex_non_native_set\astex_non_native_set\1oyt\1tmb,data_raw\csd_mof_collection\astex_related\extracted\astex_non_native_set\astex_non_native_set\1oyt\1tmb,0,4,445.41 KB (456096 bytes),NO,2008-09-09 12:08:12 | ligand001.pdb,2026-05-30 14:45:42 | README.txt,CSD-derived context,curation_or_validation
<DATA_ROOT>\data_raw\csd_mof_collection\astex_related\extracted\astex_non_native_set\astex_non_native_set\1oyt\1tmu,data_raw\csd_mof_collection\astex_related\extracted\astex_non_native_set\astex_non_native_set\1oyt\1tmu,0,4,439.66 KB (450212 bytes),NO,2008-09-09 12:08:14 | ligand001.pdb,2026-05-30 14:45:42 | README.txt,CSD-derived context,curation_or_validation
<DATA_ROOT>\data_raw\csd_mof_collection\astex_related\extracted\astex_non_native_set\astex_non_native_set\1oyt\1tom,data_raw\csd_mof_collection\astex_related\extracted\astex_non_native_set\astex_non_native_set\1oyt\1tom,0,4,435.65 KB (446106 bytes),NO,2008-09-09 12:08:16 | ligand001.pdb,2026-05-30 14:45:42 | README.txt,CSD-derived context,curation_or_validation
<DATA_ROOT>\data_raw\csd_mof_collection\astex_related\extracted\astex_non_native_set\astex_non_native_set\1oyt\1uma,data_raw\csd_mof_collection\astex_related\extracted\astex_non_native_set\astex_non_native_set\1oyt\1uma,0,5,454.81 KB (465722 bytes),NO,2008-09-09 12:08:18 | ligand001.pdb,2026-05-30 14:45:42 | README.txt,CSD-derived context,curation_or_validation
<DATA_ROOT>\data_raw\csd_mof_collection\astex_related\extracted\astex_non_native_set\astex_non_native_set\1oyt\1vr1,data_raw\csd_mof_collection\astex_related\extracted\astex_non_native_set\astex_non_native_set\1oyt\1vr1,0,3,422.05 KB (432177 bytes),NO,2008-09-09 12:08:18 | protein.mol2,2026-05-30 14:45:42 | README.txt,CSD-derived context,curation_or_validation
<DATA_ROOT>\data_raw\csd_mof_collection\astex_related\extracted\astex_non_native_set\astex_non_native_set\1oyt\1vzq,data_raw\csd_mof_collection\astex_related\extracted\astex_non_native_set\astex_non_native_set\1oyt\1vzq,0,4,448.35 KB (459106 bytes),NO,2008-09-09 12:08:20 | ligand001.pdb,2026-05-30 14:45:42 | README.txt,CSD-derived context,curation_or_validation
<DATA_ROOT>\data_raw\csd_mof_collection\astex_related\extracted\astex_non_native_set\astex_non_native_set\1oyt\1w7g,data_raw\csd_mof_collection\astex_related\extracted\astex_non_native_set\astex_non_native_set\1oyt\1w7g,0,4,436.70 KB (447181 bytes),NO,2008-09-09 12:08:22 | ligand001.pdb,2026-05-30 14:45:42 | README.txt,CSD-derived context,curation_or_validation
<DATA_ROOT>\data_raw\csd_mof_collection\astex_related\extracted\astex_non_native_set\astex_non_native_set\1oyt\1way,data_raw\csd_mof_collection\astex_related\extracted\astex_non_native_set\astex_non_native_set\1oyt\1way,0,5,455.98 KB (466925 bytes),NO,2008-09-09 12:08:24 | ligand001.pdb,2026-05-30 14:45:42 | README.txt,CSD-derived context,curation_or_validation
<DATA_ROOT>\data_raw\csd_mof_collection\astex_related\extracted\astex_non_native_set\astex_non_native_set\1oyt\1xm1,data_raw\csd_mof_collection\astex_related\extracted\astex_non_native_set\astex_non_native_set\1oyt\1xm1,0,4,447.47 KB (458206 bytes),NO,2008-09-09 12:08:24 | ligand001.pdb,2026-05-30 14:45:42 | README.txt,CSD-derived context,curation_or_validation
<DATA_ROOT>\data_raw\csd_mof_collection\astex_related\extracted\astex_non_native_set\astex_non_native_set\1oyt\1xmn,data_raw\csd_mof_collection\astex_related\extracted\astex_non_native_set\astex_non_native_set\1oyt\1xmn,0,4,1.73 MB (1813359 bytes),NO,2008-09-09 12:08:30 | ligand001.pdb,2026-05-30 14:45:42 | README.txt,CSD-derived context,curation_or_validation
<DATA_ROOT>\data_raw\csd_mof_collection\astex_related\extracted\astex_non_native_set\astex_non_native_set\1oyt\1ype,data_raw\csd_mof_collection\astex_related\extracted\astex_non_native_set\astex_non_native_set\1oyt\1ype,0,4,439.32 KB (449862 bytes),NO,2008-09-09 12:08:32 | ligand001.pdb,2026-05-30 14:45:42 | README.txt,CSD-derived context,curation_or_validation
<DATA_ROOT>\data_raw\csd_mof_collection\astex_related\extracted\astex_non_native_set\astex_non_native_set\1oyt\1ypg,data_raw\csd_mof_collection\astex_related\extracted\astex_non_native_set\astex_non_native_set\1oyt\1ypg,0,4,434.62 KB (445054 bytes),NO,2008-09-09 12:08:34 | ligand001.pdb,2026-05-30 14:45:42 | README.txt,CSD-derived context,curation_or_validation
<DATA_ROOT>\data_raw\csd_mof_collection\astex_related\extracted\astex_non_native_set\astex_non_native_set\1oyt\1ypj,data_raw\csd_mof_collection\astex_related\extracted\astex_non_native_set\astex_non_native_set\1oyt\1ypj,0,4,431.89 KB (442257 bytes),NO,2008-09-09 12:08:36 | ligand001.pdb,2026-05-30 14:45:42 | README.txt,CSD-derived context,curation_or_validation
<DATA_ROOT>\data_raw\csd_mof_collection\astex_related\extracted\astex_non_native_set\astex_non_native_set\1oyt\1ypk,data_raw\csd_mof_collection\astex_related\extracted\astex_non_native_set\astex_non_native_set\1oyt\1ypk,0,4,440.08 KB (450647 bytes),NO,2008-09-09 12:08:38 | ligand001.pdb,2026-05-30 14:45:42 | README.txt,CSD-derived context,curation_or_validation
<DATA_ROOT>\data_raw\csd_mof_collection\astex_related\extracted\astex_non_native_set\astex_non_native_set\1oyt\1ypl,data_raw\csd_mof_collection\astex_related\extracted\astex_non_native_set\astex_non_native_set\1oyt\1ypl,0,4,437.53 KB (448032 bytes),NO,2008-09-09 12:08:38 | ligand001.pdb,2026-05-30 14:45:42 | README.txt,CSD-derived context,curation_or_validation
<DATA_ROOT>\data_raw\csd_mof_collection\astex_related\extracted\astex_non_native_set\astex_non_native_set\1oyt\1ypm,data_raw\csd_mof_collection\astex_related\extracted\astex_non_native_set\astex_non_native_set\1oyt\1ypm,0,5,433.55 KB (443958 bytes),NO,2008-09-09 12:08:40 | ligand001.pdb,2026-05-30 14:45:42 | README.txt,CSD-derived context,curation_or_validation
<DATA_ROOT>\data_raw\csd_mof_collection\astex_related\extracted\astex_non_native_set\astex_non_native_set\1oyt\1z71,data_raw\csd_mof_collection\astex_related\extracted\astex_non_native_set\astex_non_native_set\1oyt\1z71,0,4,437.53 KB (448035 bytes),NO,2008-09-09 12:08:42 | ligand001.pdb,2026-05-30 14:45:42 | README.txt,CSD-derived context,curation_or_validation
<DATA_ROOT>\data_raw\csd_mof_collection\astex_related\extracted\astex_non_native_set\astex_non_native_set\1oyt\1zgi,data_raw\csd_mof_collection\astex_related\extracted\astex_non_native_set\astex_non_native_set\1oyt\1zgi,0,4,426.25 KB (436485 bytes),NO,2008-09-09 12:08:44 | ligand001.pdb,2026-05-30 14:45:42 | README.txt,CSD-derived context,curation_or_validation
<DATA_ROOT>\data_raw\csd_mof_collection\astex_related\extracted\astex_non_native_set\astex_non_native_set\1oyt\1zgv,data_raw\csd_mof_collection\astex_related\extracted\astex_non_native_set\astex_non_native_set\1oyt\1zgv,0,4,425.41 KB (435621 bytes),NO,2008-09-09 12:08:46 | ligand001.pdb,2026-05-30 14:45:42 | README.txt,CSD-derived context,curation_or_validation
<DATA_ROOT>\data_raw\csd_mof_collection\astex_related\extracted\astex_non_native_set\astex_non_native_set\1oyt\1zrb,data_raw\csd_mof_collection\astex_related\extracted\astex_non_native_set\astex_non_native_set\1oyt\1zrb,0,4,434.83 KB (445267 bytes),NO,2008-09-09 12:08:46 | ligand001.pdb,2026-05-30 14:45:42 | README.txt,CSD-derived context,curation_or_validation
<DATA_ROOT>\data_raw\csd_mof_collection\astex_related\extracted\astex_non_native_set\astex_non_native_set\1oyt\2a2x,data_raw\csd_mof_collection\astex_related\extracted\astex_non_native_set\astex_non_native_set\1oyt\2a2x,0,4,446.70 KB (457418 bytes),NO,2008-09-09 12:08:48 | ligand001.pdb,2026-05-30 14:45:42 | README.txt,CSD-derived context,curation_or_validation
<DATA_ROOT>\data_raw\csd_mof_collection\astex_related\extracted\astex_non_native_set\astex_non_native_set\1oyt\2ank,data_raw\csd_mof_collection\astex_related\extracted\astex_non_native_set\astex_non_native_set\1oyt\2ank,0,4,446.91 KB (457638 bytes),NO,2008-09-09 12:08:50 | ligand001.pdb,2026-05-30 14:45:42 | README.txt,CSD-derived context,curation_or_validation
<DATA_ROOT>\data_raw\csd_mof_collection\astex_related\extracted\astex_non_native_set\astex_non_native_set\1oyt\2anm,data_raw\csd_mof_collection\astex_related\extracted\astex_non_native_set\astex_non_native_set\1oyt\2anm,0,4,430.01 KB (440328 bytes),NO,2008-09-09 12:08:52 | ligand001.pdb,2026-05-30 14:45:42 | README.txt,CSD-derived context,curation_or_validation
<DATA_ROOT>\data_raw\csd_mof_collection\astex_related\extracted\astex_non_native_set\astex_non_native_set\1oyt\2bvr,data_raw\csd_mof_collection\astex_related\extracted\astex_non_native_set\astex_non_native_set\1oyt\2bvr,0,4,455.59 KB (466524 bytes),NO,2008-09-09 12:08:54 | ligand001.pdb,2026-05-30 14:45:42 | README.txt,CSD-derived context,curation_or_validation
<DATA_ROOT>\data_raw\csd_mof_collection\astex_related\extracted\astex_non_native_set\astex_non_native_set\1oyt\2bvs,data_raw\csd_mof_collection\astex_related\extracted\astex_non_native_set\astex_non_native_set\1oyt\2bvs,0,4,458.54 KB (469550 bytes),NO,2008-09-09 12:08:54 | ligand001.pdb,2026-05-30 14:45:42 | README.txt,CSD-derived context,curation_or_validation
<DATA_ROOT>\data_raw\csd_mof_collection\astex_related\extracted\astex_non_native_set\astex_non_native_set\1oyt\2bxt,data_raw\csd_mof_collection\astex_related\extracted\astex_non_native_set\astex_non_native_set\1oyt\2bxt,0,4,439.77 KB (450324 bytes),NO,2008-09-09 12:08:56 | ligand001.pdb,2026-05-30 14:45:42 | README.txt,CSD-derived context,curation_or_validation
<DATA_ROOT>\data_raw\csd_mof_collection\astex_related\extracted\astex_non_native_set\astex_non_native_set\1oyt\2c8w,data_raw\csd_mof_collection\astex_related\extracted\astex_non_native_set\astex_non_native_set\1oyt\2c8w,0,5,461.96 KB (473044 bytes),NO,2008-09-09 12:08:58 | ligand001.pdb,2026-05-30 14:45:42 | README.txt,CSD-derived context,curation_or_validation
<DATA_ROOT>\data_raw\csd_mof_collection\astex_related\extracted\astex_non_native_set\astex_non_native_set\1oyt\2c8x,data_raw\csd_mof_collection\astex_related\extracted\astex_non_native_set\astex_non_native_set\1oyt\2c8x,0,5,454.10 KB (465000 bytes),NO,2008-09-09 12:09:00 | ligand001.pdb,2026-05-30 14:45:42 | README.txt,CSD-derived context,curation_or_validation
<DATA_ROOT>\data_raw\csd_mof_collection\astex_related\extracted\astex_non_native_set\astex_non_native_set\1oyt\2c8y,data_raw\csd_mof_collection\astex_related\extracted\astex_non_native_set\astex_non_native_set\1oyt\2c8y,0,5,451.27 KB (462102 bytes),NO,2008-09-09 12:09:00 | ligand001.pdb,2026-05-30 14:45:42 | README.txt,CSD-derived context,curation_or_validation
<DATA_ROOT>\data_raw\csd_mof_collection\astex_related\extracted\astex_non_native_set\astex_non_native_set\1oyt\2c8z,data_raw\csd_mof_collection\astex_related\extracted\astex_non_native_set\astex_non_native_set\1oyt\2c8z,0,4,450.49 KB (461302 bytes),NO,2008-09-09 12:09:02 | ligand001.pdb,2026-05-30 14:45:42 | README.txt,CSD-derived context,curation_or_validation
<DATA_ROOT>\data_raw\csd_mof_collection\astex_related\extracted\astex_non_native_set\astex_non_native_set\1oyt\2c90,data_raw\csd_mof_collection\astex_related\extracted\astex_non_native_set\astex_non_native_set\1oyt\2c90,0,5,446.58 KB (457296 bytes),NO,2008-09-09 12:09:04 | ligand001.pdb,2026-05-30 14:45:42 | README.txt,CSD-derived context,curation_or_validation
<DATA_ROOT>\data_raw\csd_mof_collection\astex_related\extracted\astex_non_native_set\astex_non_native_set\1oyt\2c93,data_raw\csd_mof_collection\astex_related\extracted\astex_non_native_set\astex_non_native_set\1oyt\2c93,0,5,450.52 KB (461332 bytes),NO,2008-09-09 12:09:06 | ligand001.pdb,2026-05-30 14:45:42 | README.txt,CSD-derived context,curation_or_validation
<DATA_ROOT>\data_raw\csd_mof_collection\astex_related\extracted\astex_non_native_set\astex_non_native_set\1oyt\2cf8,data_raw\csd_mof_collection\astex_related\extracted\astex_non_native_set\astex_non_native_set\1oyt\2cf8,0,7,624.37 KB (639359 bytes),NO,2008-09-09 12:09:08 | ligand001.pdb,2026-05-30 14:45:42 | README.txt,CSD-derived context,curation_or_validation
<DATA_ROOT>\data_raw\csd_mof_collection\astex_related\extracted\astex_non_native_set\astex_non_native_set\1oyt\2cf9,data_raw\csd_mof_collection\astex_related\extracted\astex_non_native_set\astex_non_native_set\1oyt\2cf9,0,4,455.27 KB (466192 bytes),NO,2008-09-09 12:09:10 | ligand001.pdb,2026-05-30 14:45:42 | README.txt,CSD-derived context,curation_or_validation
<DATA_ROOT>\data_raw\csd_mof_collection\astex_related\extracted\astex_non_native_set\astex_non_native_set\1oyt\2cn0,data_raw\csd_mof_collection\astex_related\extracted\astex_non_native_set\astex_non_native_set\1oyt\2cn0,0,7,623.91 KB (638885 bytes),NO,2008-09-09 12:09:12 | ligand001.pdb,2026-05-30 14:45:42 | README.txt,CSD-derived context,curation_or_validation
<DATA_ROOT>\data_raw\csd_mof_collection\astex_related\extracted\astex_non_native_set\astex_non_native_set\1oyt\2feq,data_raw\csd_mof_collection\astex_related\extracted\astex_non_native_set\astex_non_native_set\1oyt\2feq,0,4,434.55 KB (444977 bytes),NO,2008-09-09 12:09:14 | ligand001.pdb,2026-05-30 14:45:42 | README.txt,CSD-derived context,curation_or_validation
<DATA_ROOT>\data_raw\csd_mof_collection\astex_related\extracted\astex_non_native_set\astex_non_native_set\1oyt\2fes,data_raw\csd_mof_collection\astex_related\extracted\astex_non_native_set\astex_non_native_set\1oyt\2fes,0,4,438.66 KB (449191 bytes),NO,2008-09-09 12:09:16 | ligand001.pdb,2026-05-30 14:45:42 | README.txt,CSD-derived context,curation_or_validation
<DATA_ROOT>\data_raw\csd_mof_collection\astex_related\extracted\astex_non_native_set\astex_non_native_set\1oyt\2gde,data_raw\csd_mof_collection\astex_related\extracted\astex_non_native_set\astex_non_native_set\1oyt\2gde,0,4,428.87 KB (439166 bytes),NO,2008-09-09 12:09:16 | ligand001.pdb,2026-05-30 14:45:42 | README.txt,CSD-derived context,curation_or_validation
<DATA_ROOT>\data_raw\csd_mof_collection\astex_related\extracted\astex_non_native_set\astex_non_native_set\1oyt\2gp9,data_raw\csd_mof_collection\astex_related\extracted\astex_non_native_set\astex_non_native_set\1oyt\2gp9,0,6,421.69 KB (431806 bytes),NO,2008-09-09 12:09:18 | ligand001.pdb,2026-05-30 14:45:42 | README.txt,CSD-derived context,curation_or_validation
<DATA_ROOT>\data_raw\csd_mof_collection\astex_related\extracted\astex_non_native_set\astex_non_native_set\1oyt\2od3,data_raw\csd_mof_collection\astex_related\extracted\astex_non_native_set\astex_non_native_set\1oyt\2od3,0,4,432.66 KB (443039 bytes),NO,2008-09-09 12:09:20 | ligand001.pdb,2026-05-30 14:45:42 | README.txt,CSD-derived context,curation_or_validation
<DATA_ROOT>\data_raw\csd_mof_collection\astex_related\extracted\astex_non_native_set\astex_non_native_set\1oyt\4thn,data_raw\csd_mof_collection\astex_related\extracted\astex_non_native_set\astex_non_native_set\1oyt\4thn,0,4,448.69 KB (459462 bytes),NO,2008-09-09 12:09:22 | ligand001.pdb,2026-05-30 14:45:42 | README.txt,CSD-derived context,curation_or_validation
<DATA_ROOT>\data_raw\csd_mof_collection\astex_related\extracted\astex_non_native_set\astex_non_native_set\1oyt\5gds,data_raw\csd_mof_collection\astex_related\extracted\astex_non_native_set\astex_non_native_set\1oyt\5gds,0,5,453.64 KB (464527 bytes),NO,2008-09-09 12:09:24 | ligand001.pdb,2026-05-30 14:45:42 | README.txt,CSD-derived context,curation_or_validation
<DATA_ROOT>\data_raw\csd_mof_collection\astex_related\extracted\astex_non_native_set\astex_non_native_set\1oyt\7kme,data_raw\csd_mof_collection\astex_related\extracted\astex_non_native_set\astex_non_native_set\1oyt\7kme,0,4,423.66 KB (433825 bytes),NO,2008-09-09 12:09:26 | ligand001.pdb,2026-05-30 14:45:42 | README.txt,CSD-derived context,curation_or_validation
<DATA_ROOT>\data_raw\csd_mof_collection\astex_related\extracted\astex_non_native_set\astex_non_native_set\1oyt\8kme,data_raw\csd_mof_collection\astex_related\extracted\astex_non_native_set\astex_non_native_set\1oyt\8kme,0,4,425.42 KB (435629 bytes),NO,2008-09-09 12:09:28 | ligand001.pdb,2026-05-30 14:45:42 | README.txt,CSD-derived context,curation_or_validation
<DATA_ROOT>\data_raw\csd_mof_collection\astex_related\extracted\astex_non_native_set\astex_non_native_set\1p2y,data_raw\csd_mof_collection\astex_related\extracted\astex_non_native_set\astex_non_native_set\1p2y,40,1,1.05 KB (1076 bytes),NO,2026-05-30 14:45:40 | README.txt,2026-05-30 14:45:40 | README.txt,CSD-derived context,curation_or_validation
<DATA_ROOT>\data_raw\csd_mof_collection\astex_related\extracted\astex_non_native_set\astex_non_native_set\1p2y\1akd,data_raw\csd_mof_collection\astex_related\extracted\astex_non_native_set\astex_non_native_set\1p2y\1akd,0,5,608.36 KB (622965 bytes),NO,2008-09-09 12:09:30 | water.pdb,2026-05-30 14:45:42 | README.txt,CSD-derived context,curation_or_validation
<DATA_ROOT>\data_raw\csd_mof_collection\astex_related\extracted\astex_non_native_set\astex_non_native_set\1p2y\1cp4,data_raw\csd_mof_collection\astex_related\extracted\astex_non_native_set\astex_non_native_set\1p2y\1cp4,0,5,602.38 KB (616838 bytes),NO,2008-09-09 12:09:32 | water.pdb,2026-05-30 14:45:42 | README.txt,CSD-derived context,curation_or_validation
<DATA_ROOT>\data_raw\csd_mof_collection\astex_related\extracted\astex_non_native_set\astex_non_native_set\1p2y\1dz4,data_raw\csd_mof_collection\astex_related\extracted\astex_non_native_set\astex_non_native_set\1p2y\1dz4,0,6,1.20 MB (1255697 bytes),NO,2008-09-09 12:09:36 | ligand001.pdb,2026-05-30 14:45:42 | README.txt,CSD-derived context,curation_or_validation
<DATA_ROOT>\data_raw\csd_mof_collection\astex_related\extracted\astex_non_native_set\astex_non_native_set\1p2y\1dz6,data_raw\csd_mof_collection\astex_related\extracted\astex_non_native_set\astex_non_native_set\1p2y\1dz6,0,5,1.20 MB (1254790 bytes),NO,2008-09-09 12:09:40 | ligand001.pdb,2026-05-30 14:45:42 | README.txt,CSD-derived context,curation_or_validation
<DATA_ROOT>\data_raw\csd_mof_collection\astex_related\extracted\astex_non_native_set\astex_non_native_set\1p2y\1dz8,data_raw\csd_mof_collection\astex_related\extracted\astex_non_native_set\astex_non_native_set\1p2y\1dz8,0,5,1.20 MB (1255843 bytes),NO,2008-09-09 12:09:44 | ligand001.pdb,2026-05-30 14:45:42 | README.txt,CSD-derived context,curation_or_validation
<DATA_ROOT>\data_raw\csd_mof_collection\astex_related\extracted\astex_non_native_set\astex_non_native_set\1p2y\1dz9,data_raw\csd_mof_collection\astex_related\extracted\astex_non_native_set\astex_non_native_set\1p2y\1dz9,0,5,1.20 MB (1258648 bytes),NO,2008-09-09 12:09:48 | ligand001.pdb,2026-05-30 14:45:42 | README.txt,CSD-derived context,curation_or_validation
<DATA_ROOT>\data_raw\csd_mof_collection\astex_related\extracted\astex_non_native_set\astex_non_native_set\1p2y\1gek,data_raw\csd_mof_collection\astex_related\extracted\astex_non_native_set\astex_non_native_set\1p2y\1gek,0,4,600.51 KB (614921 bytes),NO,2008-09-09 12:09:50 | ligand001.pdb,2026-05-30 14:45:42 | README.txt,CSD-derived context,curation_or_validation
<DATA_ROOT>\data_raw\csd_mof_collection\astex_related\extracted\astex_non_native_set\astex_non_native_set\1p2y\1gem,data_raw\csd_mof_collection\astex_related\extracted\astex_non_native_set\astex_non_native_set\1p2y\1gem,0,4,598.30 KB (612661 bytes),NO,2008-09-09 12:09:52 | ligand001.pdb,2026-05-30 14:45:42 | README.txt,CSD-derived context,curation_or_validation
<DATA_ROOT>\data_raw\csd_mof_collection\astex_related\extracted\astex_non_native_set\astex_non_native_set\1p2y\1gjm,data_raw\csd_mof_collection\astex_related\extracted\astex_non_native_set\astex_non_native_set\1p2y\1gjm,0,5,613.76 KB (628487 bytes),NO,2008-09-09 12:09:54 | ligand001.pdb,2026-05-30 14:45:42 | README.txt,CSD-derived context,curation_or_validation
<DATA_ROOT>\data_raw\csd_mof_collection\astex_related\extracted\astex_non_native_set\astex_non_native_set\1p2y\1iwi,data_raw\csd_mof_collection\astex_related\extracted\astex_non_native_set\astex_non_native_set\1p2y\1iwi,0,4,596.04 KB (610342 bytes),NO,2008-09-09 12:09:56 | ligand001.pdb,2026-05-30 14:45:42 | README.txt,CSD-derived context,curation_or_validation
<DATA_ROOT>\data_raw\csd_mof_collection\astex_related\extracted\astex_non_native_set\astex_non_native_set\1p2y\1iwj,data_raw\csd_mof_collection\astex_related\extracted\astex_non_native_set\astex_non_native_set\1p2y\1iwj,0,4,599.02 KB (613399 bytes),NO,2008-09-09 12:09:58 | ligand001.pdb,2026-05-30 14:45:42 | README.txt,CSD-derived context,curation_or_validation
<DATA_ROOT>\data_raw\csd_mof_collection\astex_related\extracted\astex_non_native_set\astex_non_native_set\1p2y\1iwk,data_raw\csd_mof_collection\astex_related\extracted\astex_non_native_set\astex_non_native_set\1p2y\1iwk,0,3,597.53 KB (611874 bytes),NO,2008-09-09 12:10:00 | protein.mol2,2026-05-30 14:45:42 | README.txt,CSD-derived context,curation_or_validation
<DATA_ROOT>\data_raw\csd_mof_collection\astex_related\extracted\astex_non_native_set\astex_non_native_set\1p2y\1lwl,data_raw\csd_mof_collection\astex_related\extracted\astex_non_native_set\astex_non_native_set\1p2y\1lwl,0,4,610.95 KB (625613 bytes),NO,2008-09-09 12:10:02 | ligand001.pdb,2026-05-30 14:45:42 | README.txt,CSD-derived context,curation_or_validation
<DATA_ROOT>\data_raw\csd_mof_collection\astex_related\extracted\astex_non_native_set\astex_non_native_set\1p2y\1noo,data_raw\csd_mof_collection\astex_related\extracted\astex_non_native_set\astex_non_native_set\1p2y\1noo,0,4,603.34 KB (617825 bytes),NO,2008-09-09 12:10:04 | ligand001.pdb,2026-05-30 14:45:42 | README.txt,CSD-derived context,curation_or_validation
<DATA_ROOT>\data_raw\csd_mof_collection\astex_related\extracted\astex_non_native_set\astex_non_native_set\1p2y\1o76,data_raw\csd_mof_collection\astex_related\extracted\astex_non_native_set\astex_non_native_set\1p2y\1o76,0,6,1.22 MB (1277684 bytes),NO,2008-09-09 12:10:08 | ligand001.pdb,2026-05-30 14:45:42 | README.txt,CSD-derived context,curation_or_validation
<DATA_ROOT>\data_raw\csd_mof_collection\astex_related\extracted\astex_non_native_set\astex_non_native_set\1p2y\1pha,data_raw\csd_mof_collection\astex_related\extracted\astex_non_native_set\astex_non_native_set\1p2y\1pha,0,5,603.07 KB (617542 bytes),NO,2008-09-09 12:10:10 | ligand001.pdb,2026-05-30 14:45:42 | README.txt,CSD-derived context,curation_or_validation
<DATA_ROOT>\data_raw\csd_mof_collection\astex_related\extracted\astex_non_native_set\astex_non_native_set\1p2y\1phc,data_raw\csd_mof_collection\astex_related\extracted\astex_non_native_set\astex_non_native_set\1p2y\1phc,0,3,598.99 KB (613366 bytes),NO,2008-09-09 12:10:14 | protein.mol2,2026-05-30 14:45:42 | README.txt,CSD-derived context,curation_or_validation
<DATA_ROOT>\data_raw\csd_mof_collection\astex_related\extracted\astex_non_native_set\astex_non_native_set\1p2y\1phd,data_raw\csd_mof_collection\astex_related\extracted\astex_non_native_set\astex_non_native_set\1p2y\1phd,0,4,601.16 KB (615587 bytes),NO,2008-09-09 12:10:16 | ligand001.pdb,2026-05-30 14:45:42 | README.txt,CSD-derived context,curation_or_validation
<DATA_ROOT>\data_raw\csd_mof_collection\astex_related\extracted\astex_non_native_set\astex_non_native_set\1p2y\1phe,data_raw\csd_mof_collection\astex_related\extracted\astex_non_native_set\astex_non_native_set\1p2y\1phe,0,5,601.32 KB (615749 bytes),NO,2008-09-09 12:10:20 | ligand001.pdb,2026-05-30 14:45:42 | README.txt,CSD-derived context,curation_or_validation
<DATA_ROOT>\data_raw\csd_mof_collection\astex_related\extracted\astex_non_native_set\astex_non_native_set\1p2y\1phf,data_raw\csd_mof_collection\astex_related\extracted\astex_non_native_set\astex_non_native_set\1p2y\1phf,0,5,601.80 KB (616247 bytes),NO,2008-09-09 12:10:24 | ligand001.pdb,2026-05-30 14:45:42 | README.txt,CSD-derived context,curation_or_validation
<DATA_ROOT>\data_raw\csd_mof_collection\astex_related\extracted\astex_non_native_set\astex_non_native_set\1p2y\1phg,data_raw\csd_mof_collection\astex_related\extracted\astex_non_native_set\astex_non_native_set\1p2y\1phg,0,4,601.78 KB (616225 bytes),NO,2008-09-09 12:10:26 | ligand001.pdb,2026-05-30 14:45:42 | README.txt,CSD-derived context,curation_or_validation
<DATA_ROOT>\data_raw\csd_mof_collection\astex_related\extracted\astex_non_native_set\astex_non_native_set\1p2y\1re9,data_raw\csd_mof_collection\astex_related\extracted\astex_non_native_set\astex_non_native_set\1p2y\1re9,0,5,614.02 KB (628757 bytes),NO,2008-09-09 12:10:30 | ligand001.pdb,2026-05-30 14:45:42 | README.txt,CSD-derived context,curation_or_validation
<DATA_ROOT>\data_raw\csd_mof_collection\astex_related\extracted\astex_non_native_set\astex_non_native_set\1p2y\1t85,data_raw\csd_mof_collection\astex_related\extracted\astex_non_native_set\astex_non_native_set\1p2y\1t85,0,6,610.11 KB (624757 bytes),NO,2008-09-09 12:10:32 | ligand001.pdb,2026-05-30 14:45:42 | README.txt,CSD-derived context,curation_or_validation
<DATA_ROOT>\data_raw\csd_mof_collection\astex_related\extracted\astex_non_native_set\astex_non_native_set\1p2y\1t86,data_raw\csd_mof_collection\astex_related\extracted\astex_non_native_set\astex_non_native_set\1p2y\1t86,0,4,1.19 MB (1244585 bytes),NO,2008-09-09 12:10:36 | ligand001.pdb,2026-05-30 14:45:42 | README.txt,CSD-derived context,curation_or_validation
<DATA_ROOT>\data_raw\csd_mof_collection\astex_related\extracted\astex_non_native_set\astex_non_native_set\1p2y\1t87,data_raw\csd_mof_collection\astex_related\extracted\astex_non_native_set\astex_non_native_set\1p2y\1t87,0,4,1.20 MB (1254807 bytes),NO,2008-09-09 12:10:40 | other.pdb,2026-05-30 14:45:42 | README.txt,CSD-derived context,curation_or_validation
<DATA_ROOT>\data_raw\csd_mof_collection\astex_related\extracted\astex_non_native_set\astex_non_native_set\1p2y\1t88,data_raw\csd_mof_collection\astex_related\extracted\astex_non_native_set\astex_non_native_set\1p2y\1t88,0,4,1.19 MB (1245626 bytes),NO,2008-09-09 12:10:44 | ligand001.pdb,2026-05-30 14:45:42 | README.txt,CSD-derived context,curation_or_validation
<DATA_ROOT>\data_raw\csd_mof_collection\astex_related\extracted\astex_non_native_set\astex_non_native_set\1p2y\1uyu,data_raw\csd_mof_collection\astex_related\extracted\astex_non_native_set\astex_non_native_set\1p2y\1uyu,0,5,1.18 MB (1241870 bytes),NO,2008-09-09 12:10:48 | ligand001.pdb,2026-05-30 14:45:42 | README.txt,CSD-derived context,curation_or_validation
<DATA_ROOT>\data_raw\csd_mof_collection\astex_related\extracted\astex_non_native_set\astex_non_native_set\1p2y\1yrc,data_raw\csd_mof_collection\astex_related\extracted\astex_non_native_set\astex_non_native_set\1p2y\1yrc,0,4,624.13 KB (639109 bytes),NO,2008-09-09 12:10:52 | ligand001.pdb,2026-05-30 14:45:42 | README.txt,CSD-derived context,curation_or_validation
<DATA_ROOT>\data_raw\csd_mof_collection\astex_related\extracted\astex_non_native_set\astex_non_native_set\1p2y\1yrd,data_raw\csd_mof_collection\astex_related\extracted\astex_non_native_set\astex_non_native_set\1p2y\1yrd,0,4,613.93 KB (628669 bytes),NO,2008-09-09 12:10:54 | ligand001.pdb,2026-05-30 14:45:42 | README.txt,CSD-derived context,curation_or_validation
<DATA_ROOT>\data_raw\csd_mof_collection\astex_related\extracted\astex_non_native_set\astex_non_native_set\1p2y\2a1m,data_raw\csd_mof_collection\astex_related\extracted\astex_non_native_set\astex_non_native_set\1p2y\2a1m,0,6,1.18 MB (1237742 bytes),NO,2008-09-09 12:10:56 | water.pdb,2026-05-30 14:45:42 | README.txt,CSD-derived context,curation_or_validation
<DATA_ROOT>\data_raw\csd_mof_collection\astex_related\extracted\astex_non_native_set\astex_non_native_set\1p2y\2cpp,data_raw\csd_mof_collection\astex_related\extracted\astex_non_native_set\astex_non_native_set\1p2y\2cpp,0,4,601.12 KB (615547 bytes),NO,2008-09-09 12:11:00 | ligand001.pdb,2026-05-30 14:45:42 | README.txt,CSD-derived context,curation_or_validation
<DATA_ROOT>\data_raw\csd_mof_collection\astex_related\extracted\astex_non_native_set\astex_non_native_set\1p2y\2h7q,data_raw\csd_mof_collection\astex_related\extracted\astex_non_native_set\astex_non_native_set\1p2y\2h7q,0,4,621.79 KB (636716 bytes),NO,2008-09-09 12:11:02 | ligand_other.pdb,2026-05-30 14:45:42 | README.txt,CSD-derived context,curation_or_validation
<DATA_ROOT>\data_raw\csd_mof_collection\astex_related\extracted\astex_non_native_set\astex_non_native_set\1p2y\3cp4,data_raw\csd_mof_collection\astex_related\extracted\astex_non_native_set\astex_non_native_set\1p2y\3cp4,0,4,602.21 KB (616661 bytes),NO,2008-09-09 12:11:04 | ligand001.pdb,2026-05-30 14:45:42 | README.txt,CSD-derived context,curation_or_validation
<DATA_ROOT>\data_raw\csd_mof_collection\astex_related\extracted\astex_non_native_set\astex_non_native_set\1p2y\4cp4,data_raw\csd_mof_collection\astex_related\extracted\astex_non_native_set\astex_non_native_set\1p2y\4cp4,0,4,602.31 KB (616764 bytes),NO,2008-09-09 12:11:06 | ligand001.pdb,2026-05-30 14:45:42 | README.txt,CSD-derived context,curation_or_validation
<DATA_ROOT>\data_raw\csd_mof_collection\astex_related\extracted\astex_non_native_set\astex_non_native_set\1p2y\4cpp,data_raw\csd_mof_collection\astex_related\extracted\astex_non_native_set\astex_non_native_set\1p2y\4cpp,0,5,603.31 KB (617793 bytes),NO,2008-09-09 12:11:08 | ligand001.pdb,2026-05-30 14:45:42 | README.txt,CSD-derived context,curation_or_validation
<DATA_ROOT>\data_raw\csd_mof_collection\astex_related\extracted\astex_non_native_set\astex_non_native_set\1p2y\5cp4,data_raw\csd_mof_collection\astex_related\extracted\astex_non_native_set\astex_non_native_set\1p2y\5cp4,0,5,739.63 KB (757386 bytes),NO,2008-09-09 12:11:10 | ligand001.pdb,2026-05-30 14:45:42 | README.txt,CSD-derived context,curation_or_validation
<DATA_ROOT>\data_raw\csd_mof_collection\astex_related\extracted\astex_non_native_set\astex_non_native_set\1p2y\5cpp,data_raw\csd_mof_collection\astex_related\extracted\astex_non_native_set\astex_non_native_set\1p2y\5cpp,0,4,601.13 KB (615557 bytes),NO,2008-09-09 12:11:12 | ligand001.pdb,2026-05-30 14:45:42 | README.txt,CSD-derived context,curation_or_validation
<DATA_ROOT>\data_raw\csd_mof_collection\astex_related\extracted\astex_non_native_set\astex_non_native_set\1p2y\6cpp,data_raw\csd_mof_collection\astex_related\extracted\astex_non_native_set\astex_non_native_set\1p2y\6cpp,0,4,602.06 KB (616513 bytes),NO,2008-09-09 12:11:14 | ligand_other.pdb,2026-05-30 14:45:42 | README.txt,CSD-derived context,curation_or_validation
<DATA_ROOT>\data_raw\csd_mof_collection\astex_related\extracted\astex_non_native_set\astex_non_native_set\1p2y\7cpp,data_raw\csd_mof_collection\astex_related\extracted\astex_non_native_set\astex_non_native_set\1p2y\7cpp,0,4,600.98 KB (615400 bytes),NO,2008-09-09 12:11:16 | ligand001.pdb,2026-05-30 14:45:42 | README.txt,CSD-derived context,curation_or_validation
<DATA_ROOT>\data_raw\csd_mof_collection\astex_related\extracted\astex_non_native_set\astex_non_native_set\1p2y\8cpp,data_raw\csd_mof_collection\astex_related\extracted\astex_non_native_set\astex_non_native_set\1p2y\8cpp,0,5,603.40 KB (617884 bytes),NO,2008-09-09 12:11:18 | ligand001.pdb,2026-05-30 14:45:42 | README.txt,CSD-derived context,curation_or_validation
<DATA_ROOT>\data_raw\csd_mof_collection\astex_related\extracted\astex_non_native_set\astex_non_native_set\1p62,data_raw\csd_mof_collection\astex_related\extracted\astex_non_native_set\astex_non_native_set\1p62,5,1,1.05 KB (1076 bytes),NO,2026-05-30 14:45:40 | README.txt,2026-05-30 14:45:40 | README.txt,CSD-derived context,curation_or_validation
<DATA_ROOT>\data_raw\csd_mof_collection\astex_related\extracted\astex_non_native_set\astex_non_native_set\1p62\1p5z,data_raw\csd_mof_collection\astex_related\extracted\astex_non_native_set\astex_non_native_set\1p62\1p5z,0,6,358.57 KB (367171 bytes),NO,2008-09-09 12:11:20 | ligand001.pdb,2026-05-30 14:45:42 | README.txt,CSD-derived context,curation_or_validation
<DATA_ROOT>\data_raw\csd_mof_collection\astex_related\extracted\astex_non_native_set\astex_non_native_set\1p62\1p60,data_raw\csd_mof_collection\astex_related\extracted\astex_non_native_set\astex_non_native_set\1p62\1p60,0,5,712.69 KB (729798 bytes),NO,2008-09-09 12:11:22 | ligand_other.pdb,2026-05-30 14:45:42 | README.txt,CSD-derived context,curation_or_validation
<DATA_ROOT>\data_raw\csd_mof_collection\astex_related\extracted\astex_non_native_set\astex_non_native_set\1p62\1p61,data_raw\csd_mof_collection\astex_related\extracted\astex_non_native_set\astex_non_native_set\1p62\1p61,0,4,347.02 KB (355352 bytes),NO,2008-09-09 12:11:22 | ligand001.pdb,2026-05-30 14:45:42 | README.txt,CSD-derived context,curation_or_validation
<DATA_ROOT>\data_raw\csd_mof_collection\astex_related\extracted\astex_non_native_set\astex_non_native_set\1p62\2no9,data_raw\csd_mof_collection\astex_related\extracted\astex_non_native_set\astex_non_native_set\1p62\2no9,0,4,699.70 KB (716495 bytes),NO,2008-09-09 12:11:26 | ligand001.pdb,2026-05-30 14:45:42 | README.txt,CSD-derived context,curation_or_validation
<DATA_ROOT>\data_raw\csd_mof_collection\astex_related\extracted\astex_non_native_set\astex_non_native_set\1p62\2noa,data_raw\csd_mof_collection\astex_related\extracted\astex_non_native_set\astex_non_native_set\1p62\2noa,0,5,708.77 KB (725780 bytes),NO,2008-09-09 12:11:28 | ligand001.pdb,2026-05-30 14:45:42 | README.txt,CSD-derived context,curation_or_validation
<DATA_ROOT>\data_raw\csd_mof_collection\astex_related\extracted\astex_non_native_set\astex_non_native_set\1pmn,data_raw\csd_mof_collection\astex_related\extracted\astex_non_native_set\astex_non_native_set\1pmn,4,1,1.05 KB (1076 bytes),NO,2026-05-30 14:45:40 | README.txt,2026-05-30 14:45:40 | README.txt,CSD-derived context,curation_or_validation
<DATA_ROOT>\data_raw\csd_mof_collection\astex_related\extracted\astex_non_native_set\astex_non_native_set\1pmn\1jnk,data_raw\csd_mof_collection\astex_related\extracted\astex_non_native_set\astex_non_native_set\1pmn\1jnk,0,5,527.68 KB (540344 bytes),NO,2008-09-09 12:11:30 | ligand001.pdb,2026-05-30 14:45:42 | README.txt,CSD-derived context,curation_or_validation
<DATA_ROOT>\data_raw\csd_mof_collection\astex_related\extracted\astex_non_native_set\astex_non_native_set\1pmn\1pmq,data_raw\csd_mof_collection\astex_related\extracted\astex_non_native_set\astex_non_native_set\1pmn\1pmq,0,5,520.33 KB (532821 bytes),NO,2008-09-09 12:11:32 | ligand001.pdb,2026-05-30 14:45:42 | README.txt,CSD-derived context,curation_or_validation
<DATA_ROOT>\data_raw\csd_mof_collection\astex_related\extracted\astex_non_native_set\astex_non_native_set\1pmn\1pmv,data_raw\csd_mof_collection\astex_related\extracted\astex_non_native_set\astex_non_native_set\1pmn\1pmv,0,4,515.33 KB (527703 bytes),NO,2008-09-09 12:11:34 | ligand001.pdb,2026-05-30 14:45:42 | README.txt,CSD-derived context,curation_or_validation
<DATA_ROOT>\data_raw\csd_mof_collection\astex_related\extracted\astex_non_native_set\astex_non_native_set\1pmn\2o0u,data_raw\csd_mof_collection\astex_related\extracted\astex_non_native_set\astex_non_native_set\1pmn\2o0u,0,4,510.13 KB (522374 bytes),NO,2008-09-09 12:11:36 | ligand001.pdb,2026-05-30 14:45:42 | README.txt,CSD-derived context,curation_or_validation
<DATA_ROOT>\data_raw\csd_mof_collection\astex_related\extracted\astex_non_native_set\astex_non_native_set\1q1g,data_raw\csd_mof_collection\astex_related\extracted\astex_non_native_set\astex_non_native_set\1q1g,1,1,1.05 KB (1076 bytes),NO,2026-05-30 14:45:40 | README.txt,2026-05-30 14:45:40 | README.txt,CSD-derived context,curation_or_validation
<DATA_ROOT>\data_raw\csd_mof_collection\astex_related\extracted\astex_non_native_set\astex_non_native_set\1q1g\1nw4,data_raw\csd_mof_collection\astex_related\extracted\astex_non_native_set\astex_non_native_set\1q1g\1nw4,0,5,2.04 MB (2141527 bytes),NO,2008-09-09 12:11:42 | ligand001.pdb,2026-05-30 14:45:42 | README.txt,CSD-derived context,curation_or_validation
<DATA_ROOT>\data_raw\csd_mof_collection\astex_related\extracted\astex_non_native_set\astex_non_native_set\1q41,data_raw\csd_mof_collection\astex_related\extracted\astex_non_native_set\astex_non_native_set\1q41,7,1,1.05 KB (1076 bytes),NO,2026-05-30 14:45:40 | README.txt,2026-05-30 14:45:40 | README.txt,CSD-derived context,curation_or_validation
<DATA_ROOT>\data_raw\csd_mof_collection\astex_related\extracted\astex_non_native_set\astex_non_native_set\1q41\1j1b,data_raw\csd_mof_collection\astex_related\extracted\astex_non_native_set\astex_non_native_set\1q41\1j1b,0,4,1.06 MB (1114091 bytes),NO,2008-09-09 12:11:46 | ligand001.pdb,2026-05-30 14:45:42 | README.txt,CSD-derived context,curation_or_validation
<DATA_ROOT>\data_raw\csd_mof_collection\astex_related\extracted\astex_non_native_set\astex_non_native_set\1q41\1j1c,data_raw\csd_mof_collection\astex_related\extracted\astex_non_native_set\astex_non_native_set\1q41\1j1c,0,4,1.05 MB (1101395 bytes),NO,2008-09-09 12:11:50 | ligand001.pdb,2026-05-30 14:45:42 | README.txt,CSD-derived context,curation_or_validation
<DATA_ROOT>\data_raw\csd_mof_collection\astex_related\extracted\astex_non_native_set\astex_non_native_set\1q41\1pyx,data_raw\csd_mof_collection\astex_related\extracted\astex_non_native_set\astex_non_native_set\1q41\1pyx,0,4,1016.43 KB (1040820 bytes),NO,2008-09-09 12:11:52 | ligand001.pdb,2026-05-30 14:45:42 | README.txt,CSD-derived context,curation_or_validation
<DATA_ROOT>\data_raw\csd_mof_collection\astex_related\extracted\astex_non_native_set\astex_non_native_set\1q41\1q3d,data_raw\csd_mof_collection\astex_related\extracted\astex_non_native_set\astex_non_native_set\1q41\1q3d,0,4,1010.96 KB (1035218 bytes),NO,2008-09-09 12:11:56 | ligand001.pdb,2026-05-30 14:45:42 | README.txt,CSD-derived context,curation_or_validation
<DATA_ROOT>\data_raw\csd_mof_collection\astex_related\extracted\astex_non_native_set\astex_non_native_set\1q41\1q3w,data_raw\csd_mof_collection\astex_related\extracted\astex_non_native_set\astex_non_native_set\1q41\1q3w,0,4,1006.63 KB (1030789 bytes),NO,2008-09-09 12:11:58 | ligand001.pdb,2026-05-30 14:45:42 | README.txt,CSD-derived context,curation_or_validation
<DATA_ROOT>\data_raw\csd_mof_collection\astex_related\extracted\astex_non_native_set\astex_non_native_set\1q41\1q5k,data_raw\csd_mof_collection\astex_related\extracted\astex_non_native_set\astex_non_native_set\1q41\1q5k,0,4,1.02 MB (1065158 bytes),NO,2008-09-09 12:12:02 | ligand001.pdb,2026-05-30 14:45:42 | README.txt,CSD-derived context,curation_or_validation
<DATA_ROOT>\data_raw\csd_mof_collection\astex_related\extracted\astex_non_native_set\astex_non_native_set\1q41\1r0e,data_raw\csd_mof_collection\astex_related\extracted\astex_non_native_set\astex_non_native_set\1q41\1r0e,0,5,1.00 MB (1050353 bytes),NO,2008-09-09 12:12:06 | ligand001.pdb,2026-05-30 14:45:42 | README.txt,CSD-derived context,curation_or_validation
<DATA_ROOT>\data_raw\csd_mof_collection\astex_related\extracted\astex_non_native_set\astex_non_native_set\1q4g,data_raw\csd_mof_collection\astex_related\extracted\astex_non_native_set\astex_non_native_set\1q4g,1,1,1.05 KB (1076 bytes),NO,2026-05-30 14:45:40 | README.txt,2026-05-30 14:45:40 | README.txt,CSD-derived context,curation_or_validation
<DATA_ROOT>\data_raw\csd_mof_collection\astex_related\extracted\astex_non_native_set\astex_non_native_set\1q4g\2ayl,data_raw\csd_mof_collection\astex_related\extracted\astex_non_native_set\astex_non_native_set\1q4g\2ayl,0,4,1.75 MB (1838727 bytes),NO,2008-09-09 12:12:12 | other.pdb,2026-05-30 14:45:42 | README.txt,CSD-derived context,curation_or_validation
<DATA_ROOT>\data_raw\csd_mof_collection\astex_related\extracted\astex_non_native_set\astex_non_native_set\1r1h,data_raw\csd_mof_collection\astex_related\extracted\astex_non_native_set\astex_non_native_set\1r1h,3,1,1.05 KB (1076 bytes),NO,2026-05-30 14:45:40 | README.txt,2026-05-30 14:45:40 | README.txt,CSD-derived context,curation_or_validation
<DATA_ROOT>\data_raw\csd_mof_collection\astex_related\extracted\astex_non_native_set\astex_non_native_set\1r1h\1dmt,data_raw\csd_mof_collection\astex_related\extracted\astex_non_native_set\astex_non_native_set\1r1h\1dmt,0,5,1.03 MB (1077144 bytes),NO,2008-09-09 12:12:14 | ligand001.pdb,2026-05-30 14:45:42 | README.txt,CSD-derived context,curation_or_validation
<DATA_ROOT>\data_raw\csd_mof_collection\astex_related\extracted\astex_non_native_set\astex_non_native_set\1r1h\1r1j,data_raw\csd_mof_collection\astex_related\extracted\astex_non_native_set\astex_non_native_set\1r1h\1r1j,0,4,1021.38 KB (1045896 bytes),NO,2008-09-09 12:12:18 | ligand001.pdb,2026-05-30 14:45:42 | README.txt,CSD-derived context,curation_or_validation
<DATA_ROOT>\data_raw\csd_mof_collection\astex_related\extracted\astex_non_native_set\astex_non_native_set\1r1h\1y8j,data_raw\csd_mof_collection\astex_related\extracted\astex_non_native_set\astex_non_native_set\1r1h\1y8j,0,4,1.01 MB (1055257 bytes),NO,2008-09-09 12:12:20 | ligand001.pdb,2026-05-30 14:45:42 | README.txt,CSD-derived context,curation_or_validation
<DATA_ROOT>\data_raw\csd_mof_collection\astex_related\extracted\astex_non_native_set\astex_non_native_set\1r55,data_raw\csd_mof_collection\astex_related\extracted\astex_non_native_set\astex_non_native_set\1r55,1,1,1.05 KB (1076 bytes),NO,2026-05-30 14:45:40 | README.txt,2026-05-30 14:45:40 | README.txt,CSD-derived context,curation_or_validation
<DATA_ROOT>\data_raw\csd_mof_collection\astex_related\extracted\astex_non_native_set\astex_non_native_set\1r55\1r54,data_raw\csd_mof_collection\astex_related\extracted\astex_non_native_set\astex_non_native_set\1r55\1r54,0,4,293.56 KB (300610 bytes),NO,2008-09-09 12:12:22 | other.pdb,2026-05-30 14:45:42 | README.txt,CSD-derived context,curation_or_validation
<DATA_ROOT>\data_raw\csd_mof_collection\astex_related\extracted\astex_non_native_set\astex_non_native_set\1r58,data_raw\csd_mof_collection\astex_related\extracted\astex_non_native_set\astex_non_native_set\1r58,5,1,1.05 KB (1076 bytes),NO,2026-05-30 14:45:40 | README.txt,2026-05-30 14:45:40 | README.txt,CSD-derived context,curation_or_validation
<DATA_ROOT>\data_raw\csd_mof_collection\astex_related\extracted\astex_non_native_set\astex_non_native_set\1r58\1r5g,data_raw\csd_mof_collection\astex_related\extracted\astex_non_native_set\astex_non_native_set\1r58\1r5g,0,4,558.97 KB (572385 bytes),NO,2008-09-09 12:12:24 | ligand001.pdb,2026-05-30 14:45:42 | README.txt,CSD-derived context,curation_or_validation
<DATA_ROOT>\data_raw\csd_mof_collection\astex_related\extracted\astex_non_native_set\astex_non_native_set\1r58\1r5h,data_raw\csd_mof_collection\astex_related\extracted\astex_non_native_set\astex_non_native_set\1r58\1r5h,0,4,551.98 KB (565227 bytes),NO,2008-09-09 12:12:26 | ligand001.pdb,2026-05-30 14:45:42 | README.txt,CSD-derived context,curation_or_validation
<DATA_ROOT>\data_raw\csd_mof_collection\astex_related\extracted\astex_non_native_set\astex_non_native_set\1r58\1yw7,data_raw\csd_mof_collection\astex_related\extracted\astex_non_native_set\astex_non_native_set\1r58\1yw7,0,4,540.57 KB (553539 bytes),NO,2008-09-09 12:12:28 | ligand001.pdb,2026-05-30 14:45:42 | README.txt,CSD-derived context,curation_or_validation
<DATA_ROOT>\data_raw\csd_mof_collection\astex_related\extracted\astex_non_native_set\astex_non_native_set\1r58\1yw9,data_raw\csd_mof_collection\astex_related\extracted\astex_non_native_set\astex_non_native_set\1r58\1yw9,0,4,546.76 KB (559882 bytes),NO,2008-09-09 12:12:30 | ligand001.pdb,2026-05-30 14:45:42 | README.txt,CSD-derived context,curation_or_validation
<DATA_ROOT>\data_raw\csd_mof_collection\astex_related\extracted\astex_non_native_set\astex_non_native_set\1r58\2ga2,data_raw\csd_mof_collection\astex_related\extracted\astex_non_native_set\astex_non_native_set\1r58\2ga2,0,4,553.88 KB (567173 bytes),NO,2008-09-09 12:12:32 | ligand001.pdb,2026-05-30 14:45:42 | README.txt,CSD-derived context,curation_or_validation
<DATA_ROOT>\data_raw\csd_mof_collection\astex_related\extracted\astex_non_native_set\astex_non_native_set\1s19,data_raw\csd_mof_collection\astex_related\extracted\astex_non_native_set\astex_non_native_set\1s19,10,1,1.05 KB (1076 bytes),NO,2026-05-30 14:45:40 | README.txt,2026-05-30 14:45:40 | README.txt,CSD-derived context,curation_or_validation
<DATA_ROOT>\data_raw\csd_mof_collection\astex_related\extracted\astex_non_native_set\astex_non_native_set\1s19\1db1,data_raw\csd_mof_collection\astex_related\extracted\astex_non_native_set\astex_non_native_set\1s19\1db1,0,4,381.62 KB (390783 bytes),NO,2008-09-09 12:12:34 | ligand001.pdb,2026-05-30 14:45:42 | README.txt,CSD-derived context,curation_or_validation
<DATA_ROOT>\data_raw\csd_mof_collection\astex_related\extracted\astex_non_native_set\astex_non_native_set\1s19\1ie8,data_raw\csd_mof_collection\astex_related\extracted\astex_non_native_set\astex_non_native_set\1s19\1ie8,0,4,385.78 KB (395042 bytes),NO,2008-09-09 12:12:34 | ligand001.pdb,2026-05-30 14:45:42 | README.txt,CSD-derived context,curation_or_validation
<DATA_ROOT>\data_raw\csd_mof_collection\astex_related\extracted\astex_non_native_set\astex_non_native_set\1s19\1ie9,data_raw\csd_mof_collection\astex_related\extracted\astex_non_native_set\astex_non_native_set\1s19\1ie9,0,4,390.78 KB (400163 bytes),NO,2008-09-09 12:12:36 | ligand001.pdb,2026-05-30 14:45:42 | README.txt,CSD-derived context,curation_or_validation
<DATA_ROOT>\data_raw\csd_mof_collection\astex_related\extracted\astex_non_native_set\astex_non_native_set\1s19\1s0z,data_raw\csd_mof_collection\astex_related\extracted\astex_non_native_set\astex_non_native_set\1s19\1s0z,0,4,379.02 KB (388117 bytes),NO,2008-09-09 12:12:38 | ligand001.pdb,2026-05-30 14:45:42 | README.txt,CSD-derived context,curation_or_validation
<DATA_ROOT>\data_raw\csd_mof_collection\astex_related\extracted\astex_non_native_set\astex_non_native_set\1s19\1txi,data_raw\csd_mof_collection\astex_related\extracted\astex_non_native_set\astex_non_native_set\1s19\1txi,0,4,382.62 KB (391803 bytes),NO,2008-09-09 12:12:40 | ligand001.pdb,2026-05-30 14:45:42 | README.txt,CSD-derived context,curation_or_validation
<DATA_ROOT>\data_raw\csd_mof_collection\astex_related\extracted\astex_non_native_set\astex_non_native_set\1s19\2ham,data_raw\csd_mof_collection\astex_related\extracted\astex_non_native_set\astex_non_native_set\1s19\2ham,0,4,384.93 KB (394166 bytes),NO,2008-09-09 12:12:40 | ligand001.pdb,2026-05-30 14:45:42 | README.txt,CSD-derived context,curation_or_validation
<DATA_ROOT>\data_raw\csd_mof_collection\astex_related\extracted\astex_non_native_set\astex_non_native_set\1s19\2har,data_raw\csd_mof_collection\astex_related\extracted\astex_non_native_set\astex_non_native_set\1s19\2har,0,4,383.21 KB (392411 bytes),NO,2008-09-09 12:12:42 | ligand001.pdb,2026-05-30 14:45:42 | README.txt,CSD-derived context,curation_or_validation
<DATA_ROOT>\data_raw\csd_mof_collection\astex_related\extracted\astex_non_native_set\astex_non_native_set\1s19\2has,data_raw\csd_mof_collection\astex_related\extracted\astex_non_native_set\astex_non_native_set\1s19\2has,0,4,384.09 KB (393311 bytes),NO,2008-09-09 12:12:44 | ligand001.pdb,2026-05-30 14:45:42 | README.txt,CSD-derived context,curation_or_validation
<DATA_ROOT>\data_raw\csd_mof_collection\astex_related\extracted\astex_non_native_set\astex_non_native_set\1s19\2hb7,data_raw\csd_mof_collection\astex_related\extracted\astex_non_native_set\astex_non_native_set\1s19\2hb7,0,4,386.83 KB (396111 bytes),NO,2008-09-09 12:12:44 | ligand001.pdb,2026-05-30 14:45:42 | README.txt,CSD-derived context,curation_or_validation
<DATA_ROOT>\data_raw\csd_mof_collection\astex_related\extracted\astex_non_native_set\astex_non_native_set\1s19\2hb8,data_raw\csd_mof_collection\astex_related\extracted\astex_non_native_set\astex_non_native_set\1s19\2hb8,0,4,384.37 KB (393590 bytes),NO,2008-09-09 12:12:46 | ligand001.pdb,2026-05-30 14:45:42 | README.txt,CSD-derived context,curation_or_validation
<DATA_ROOT>\data_raw\csd_mof_collection\astex_related\extracted\astex_non_native_set\astex_non_native_set\1s3v,data_raw\csd_mof_collection\astex_related\extracted\astex_non_native_set\astex_non_native_set\1s3v,9,1,1.05 KB (1076 bytes),NO,2026-05-30 14:45:40 | README.txt,2026-05-30 14:45:40 | README.txt,CSD-derived context,curation_or_validation
<DATA_ROOT>\data_raw\csd_mof_collection\astex_related\extracted\astex_non_native_set\astex_non_native_set\1s3v\1dhf,data_raw\csd_mof_collection\astex_related\extracted\astex_non_native_set\astex_non_native_set\1s3v\1dhf,0,4,552.82 KB (566090 bytes),NO,2008-09-09 12:12:48 | ligand001.pdb,2026-05-30 14:45:42 | README.txt,CSD-derived context,curation_or_validation
<DATA_ROOT>\data_raw\csd_mof_collection\astex_related\extracted\astex_non_native_set\astex_non_native_set\1s3v\1drf,data_raw\csd_mof_collection\astex_related\extracted\astex_non_native_set\astex_non_native_set\1s3v\1drf,0,4,296.06 KB (303164 bytes),NO,2008-09-09 12:12:50 | ligand001.pdb,2026-05-30 14:45:42 | README.txt,CSD-derived context,curation_or_validation
<DATA_ROOT>\data_raw\csd_mof_collection\astex_related\extracted\astex_non_native_set\astex_non_native_set\1s3v\1hfr,data_raw\csd_mof_collection\astex_related\extracted\astex_non_native_set\astex_non_native_set\1s3v\1hfr,0,5,284.25 KB (291076 bytes),NO,2008-09-09 12:12:50 | ligand001.pdb,2026-05-30 14:45:42 | README.txt,CSD-derived context,curation_or_validation
<DATA_ROOT>\data_raw\csd_mof_collection\astex_related\extracted\astex_non_native_set\astex_non_native_set\1s3v\1mvs,data_raw\csd_mof_collection\astex_related\extracted\astex_non_native_set\astex_non_native_set\1s3v\1mvs,0,4,282.18 KB (288955 bytes),NO,2008-09-09 12:12:52 | ligand001.pdb,2026-05-30 14:45:42 | README.txt,CSD-derived context,curation_or_validation
<DATA_ROOT>\data_raw\csd_mof_collection\astex_related\extracted\astex_non_native_set\astex_non_native_set\1s3v\1mvt,data_raw\csd_mof_collection\astex_related\extracted\astex_non_native_set\astex_non_native_set\1s3v\1mvt,0,4,280.18 KB (286901 bytes),NO,2008-09-09 12:12:52 | ligand001.pdb,2026-05-30 14:45:42 | README.txt,CSD-derived context,curation_or_validation
<DATA_ROOT>\data_raw\csd_mof_collection\astex_related\extracted\astex_non_native_set\astex_non_native_set\1s3v\1pd9,data_raw\csd_mof_collection\astex_related\extracted\astex_non_native_set\astex_non_native_set\1s3v\1pd9,0,4,282.28 KB (289056 bytes),NO,2008-09-09 12:12:54 | ligand001.pdb,2026-05-30 14:45:42 | README.txt,CSD-derived context,curation_or_validation
<DATA_ROOT>\data_raw\csd_mof_collection\astex_related\extracted\astex_non_native_set\astex_non_native_set\1s3v\1pdb,data_raw\csd_mof_collection\astex_related\extracted\astex_non_native_set\astex_non_native_set\1s3v\1pdb,0,3,274.38 KB (280969 bytes),NO,2008-09-09 12:12:54 | protein.mol2,2026-05-30 14:45:42 | README.txt,CSD-derived context,curation_or_validation
<DATA_ROOT>\data_raw\csd_mof_collection\astex_related\extracted\astex_non_native_set\astex_non_native_set\1s3v\1s3u,data_raw\csd_mof_collection\astex_related\extracted\astex_non_native_set\astex_non_native_set\1s3v\1s3u,0,4,280.87 KB (287610 bytes),NO,2008-09-09 12:12:56 | ligand001.pdb,2026-05-30 14:45:42 | README.txt,CSD-derived context,curation_or_validation
<DATA_ROOT>\data_raw\csd_mof_collection\astex_related\extracted\astex_non_native_set\astex_non_native_set\1s3v\2dhf,data_raw\csd_mof_collection\astex_related\extracted\astex_non_native_set\astex_non_native_set\1s3v\2dhf,0,4,551.89 KB (565137 bytes),NO,2008-09-09 12:12:58 | ligand001.pdb,2026-05-30 14:45:42 | README.txt,CSD-derived context,curation_or_validation
<DATA_ROOT>\data_raw\csd_mof_collection\astex_related\extracted\astex_non_native_set\astex_non_native_set\1sg0,data_raw\csd_mof_collection\astex_related\extracted\astex_non_native_set\astex_non_native_set\1sg0,5,1,1.05 KB (1076 bytes),NO,2026-05-30 14:45:40 | README.txt,2026-05-30 14:45:40 | README.txt,CSD-derived context,curation_or_validation
<DATA_ROOT>\data_raw\csd_mof_collection\astex_related\extracted\astex_non_native_set\astex_non_native_set\1sg0\1qr2,data_raw\csd_mof_collection\astex_related\extracted\astex_non_native_set\astex_non_native_set\1sg0\1qr2,0,4,773.62 KB (792182 bytes),NO,2008-09-09 12:13:00 | other.pdb,2026-05-30 14:45:42 | README.txt,CSD-derived context,curation_or_validation
<DATA_ROOT>\data_raw\csd_mof_collection\astex_related\extracted\astex_non_native_set\astex_non_native_set\1sg0\1xi2,data_raw\csd_mof_collection\astex_related\extracted\astex_non_native_set\astex_non_native_set\1sg0\1xi2,0,4,700.76 KB (717583 bytes),NO,2008-09-09 12:13:02 | ligand001.pdb,2026-05-30 14:45:42 | README.txt,CSD-derived context,curation_or_validation
<DATA_ROOT>\data_raw\csd_mof_collection\astex_related\extracted\astex_non_native_set\astex_non_native_set\1sg0\1zx1,data_raw\csd_mof_collection\astex_related\extracted\astex_non_native_set\astex_non_native_set\1sg0\1zx1,0,5,665.84 KB (681825 bytes),NO,2008-09-09 12:13:04 | ligand001.pdb,2026-05-30 14:45:42 | README.txt,CSD-derived context,curation_or_validation
<DATA_ROOT>\data_raw\csd_mof_collection\astex_related\extracted\astex_non_native_set\astex_non_native_set\1sg0\2bzs,data_raw\csd_mof_collection\astex_related\extracted\astex_non_native_set\astex_non_native_set\1sg0\2bzs,0,4,695.63 KB (712323 bytes),NO,2008-09-09 12:13:06 | ligand001.pdb,2026-05-30 14:45:42 | README.txt,CSD-derived context,curation_or_validation
<DATA_ROOT>\data_raw\csd_mof_collection\astex_related\extracted\astex_non_native_set\astex_non_native_set\1sg0\2qr2,data_raw\csd_mof_collection\astex_related\extracted\astex_non_native_set\astex_non_native_set\1sg0\2qr2,0,5,766.54 KB (784939 bytes),NO,2008-09-09 12:13:08 | ligand001.pdb,2026-05-30 14:45:42 | README.txt,CSD-derived context,curation_or_validation
<DATA_ROOT>\data_raw\csd_mof_collection\astex_related\extracted\astex_non_native_set\astex_non_native_set\1sj0,data_raw\csd_mof_collection\astex_related\extracted\astex_non_native_set\astex_non_native_set\1sj0,2,1,1.05 KB (1076 bytes),NO,2026-05-30 14:45:40 | README.txt,2026-05-30 14:45:40 | README.txt,CSD-derived context,curation_or_validation
<DATA_ROOT>\data_raw\csd_mof_collection\astex_related\extracted\astex_non_native_set\astex_non_native_set\1sj0\2ouz,data_raw\csd_mof_collection\astex_related\extracted\astex_non_native_set\astex_non_native_set\1sj0\2ouz,0,4,370.70 KB (379599 bytes),NO,2008-09-09 12:13:10 | ligand001.pdb,2026-05-30 14:45:42 | README.txt,CSD-derived context,curation_or_validation
<DATA_ROOT>\data_raw\csd_mof_collection\astex_related\extracted\astex_non_native_set\astex_non_native_set\1sj0\3ert,data_raw\csd_mof_collection\astex_related\extracted\astex_non_native_set\astex_non_native_set\1sj0\3ert,0,5,363.94 KB (372676 bytes),NO,2008-09-09 12:13:12 | ligand001.pdb,2026-05-30 14:45:42 | README.txt,CSD-derived context,curation_or_validation
<DATA_ROOT>\data_raw\csd_mof_collection\astex_related\extracted\astex_non_native_set\astex_non_native_set\1sqn,data_raw\csd_mof_collection\astex_related\extracted\astex_non_native_set\astex_non_native_set\1sqn,3,1,1.05 KB (1076 bytes),NO,2026-05-30 14:45:40 | README.txt,2026-05-30 14:45:40 | README.txt,CSD-derived context,curation_or_validation
<DATA_ROOT>\data_raw\csd_mof_collection\astex_related\extracted\astex_non_native_set\astex_non_native_set\1sqn\1a28,data_raw\csd_mof_collection\astex_related\extracted\astex_non_native_set\astex_non_native_set\1sqn\1a28,0,4,765.46 KB (783830 bytes),NO,2008-09-09 12:13:14 | ligand001.pdb,2026-05-30 14:45:42 | README.txt,CSD-derived context,curation_or_validation
<DATA_ROOT>\data_raw\csd_mof_collection\astex_related\extracted\astex_non_native_set\astex_non_native_set\1sqn\1sr7,data_raw\csd_mof_collection\astex_related\extracted\astex_non_native_set\astex_non_native_set\1sqn\1sr7,0,5,765.50 KB (783876 bytes),NO,2008-09-09 12:13:16 | ligand001.pdb,2026-05-30 14:45:42 | README.txt,CSD-derived context,curation_or_validation
<DATA_ROOT>\data_raw\csd_mof_collection\astex_related\extracted\astex_non_native_set\astex_non_native_set\1sqn\1zuc,data_raw\csd_mof_collection\astex_related\extracted\astex_non_native_set\astex_non_native_set\1sqn\1zuc,0,4,770.34 KB (788827 bytes),NO,2008-09-09 12:13:20 | ligand001.pdb,2026-05-30 14:45:42 | README.txt,CSD-derived context,curation_or_validation
<DATA_ROOT>\data_raw\csd_mof_collection\astex_related\extracted\astex_non_native_set\astex_non_native_set\1t40,data_raw\csd_mof_collection\astex_related\extracted\astex_non_native_set\astex_non_native_set\1t40,33,1,1.05 KB (1076 bytes),NO,2026-05-30 14:45:40 | README.txt,2026-05-30 14:45:40 | README.txt,CSD-derived context,curation_or_validation
<DATA_ROOT>\data_raw\csd_mof_collection\astex_related\extracted\astex_non_native_set\astex_non_native_set\1t40\1ads,data_raw\csd_mof_collection\astex_related\extracted\astex_non_native_set\astex_non_native_set\1t40\1ads,0,3,472.42 KB (483755 bytes),NO,2008-09-09 12:13:22 | protein.mol2,2026-05-30 14:45:42 | README.txt,CSD-derived context,curation_or_validation
<DATA_ROOT>\data_raw\csd_mof_collection\astex_related\extracted\astex_non_native_set\astex_non_native_set\1t40\1el3,data_raw\csd_mof_collection\astex_related\extracted\astex_non_native_set\astex_non_native_set\1t40\1el3,0,4,487.82 KB (499529 bytes),NO,2008-09-09 12:13:24 | ligand001.pdb,2026-05-30 14:45:42 | README.txt,CSD-derived context,curation_or_validation
<DATA_ROOT>\data_raw\csd_mof_collection\astex_related\extracted\astex_non_native_set\astex_non_native_set\1t40\1iei,data_raw\csd_mof_collection\astex_related\extracted\astex_non_native_set\astex_non_native_set\1t40\1iei,0,4,481.26 KB (492815 bytes),NO,2008-09-09 12:13:26 | ligand001.pdb,2026-05-30 14:45:42 | README.txt,CSD-derived context,curation_or_validation
<DATA_ROOT>\data_raw\csd_mof_collection\astex_related\extracted\astex_non_native_set\astex_non_native_set\1t40\1pwl,data_raw\csd_mof_collection\astex_related\extracted\astex_non_native_set\astex_non_native_set\1t40\1pwl,0,5,516.33 KB (528724 bytes),NO,2008-09-09 12:13:28 | ligand001.pdb,2026-05-30 14:45:42 | README.txt,CSD-derived context,curation_or_validation
<DATA_ROOT>\data_raw\csd_mof_collection\astex_related\extracted\astex_non_native_set\astex_non_native_set\1t40\1t41,data_raw\csd_mof_collection\astex_related\extracted\astex_non_native_set\astex_non_native_set\1t40\1t41,0,6,517.18 KB (529594 bytes),NO,2008-09-09 12:13:30 | ligand001.pdb,2026-05-30 14:45:42 | README.txt,CSD-derived context,curation_or_validation
<DATA_ROOT>\data_raw\csd_mof_collection\astex_related\extracted\astex_non_native_set\astex_non_native_set\1t40\1x96,data_raw\csd_mof_collection\astex_related\extracted\astex_non_native_set\astex_non_native_set\1t40\1x96,0,6,524.96 KB (537556 bytes),NO,2008-09-09 12:13:32 | ligand001.pdb,2026-05-30 14:45:42 | README.txt,CSD-derived context,curation_or_validation
<DATA_ROOT>\data_raw\csd_mof_collection\astex_related\extracted\astex_non_native_set\astex_non_native_set\1t40\1x97,data_raw\csd_mof_collection\astex_related\extracted\astex_non_native_set\astex_non_native_set\1t40\1x97,0,5,523.11 KB (535666 bytes),NO,2008-09-09 12:13:34 | ligand001.pdb,2026-05-30 14:45:42 | README.txt,CSD-derived context,curation_or_validation
<DATA_ROOT>\data_raw\csd_mof_collection\astex_related\extracted\astex_non_native_set\astex_non_native_set\1t40\1x98,data_raw\csd_mof_collection\astex_related\extracted\astex_non_native_set\astex_non_native_set\1t40\1x98,0,6,522.10 KB (534632 bytes),NO,2008-09-09 12:13:36 | ligand001.pdb,2026-05-30 14:45:42 | README.txt,CSD-derived context,curation_or_validation
<DATA_ROOT>\data_raw\csd_mof_collection\astex_related\extracted\astex_non_native_set\astex_non_native_set\1t40\1z89,data_raw\csd_mof_collection\astex_related\extracted\astex_non_native_set\astex_non_native_set\1t40\1z89,0,5,498.11 KB (510062 bytes),NO,2008-09-09 12:13:38 | ligand001.pdb,2026-05-30 14:45:42 | README.txt,CSD-derived context,curation_or_validation
<DATA_ROOT>\data_raw\csd_mof_collection\astex_related\extracted\astex_non_native_set\astex_non_native_set\1t40\1z8a,data_raw\csd_mof_collection\astex_related\extracted\astex_non_native_set\astex_non_native_set\1t40\1z8a,0,5,504.81 KB (516926 bytes),NO,2008-09-09 12:13:38 | water.pdb,2026-05-30 14:45:42 | README.txt,CSD-derived context,curation_or_validation
<DATA_ROOT>\data_raw\csd_mof_collection\astex_related\extracted\astex_non_native_set\astex_non_native_set\1t40\2acq,data_raw\csd_mof_collection\astex_related\extracted\astex_non_native_set\astex_non_native_set\1t40\2acq,0,4,481.08 KB (492628 bytes),NO,2008-09-09 12:13:40 | ligand001.pdb,2026-05-30 14:45:42 | README.txt,CSD-derived context,curation_or_validation
<DATA_ROOT>\data_raw\csd_mof_collection\astex_related\extracted\astex_non_native_set\astex_non_native_set\1t40\2acr,data_raw\csd_mof_collection\astex_related\extracted\astex_non_native_set\astex_non_native_set\1t40\2acr,0,4,480.57 KB (492107 bytes),NO,2008-09-09 12:13:42 | ligand_other.pdb,2026-05-30 14:45:42 | README.txt,CSD-derived context,curation_or_validation
<DATA_ROOT>\data_raw\csd_mof_collection\astex_related\extracted\astex_non_native_set\astex_non_native_set\1t40\2acs,data_raw\csd_mof_collection\astex_related\extracted\astex_non_native_set\astex_non_native_set\1t40\2acs,0,4,480.64 KB (492177 bytes),NO,2008-09-09 12:13:44 | ligand001.pdb,2026-05-30 14:45:42 | README.txt,CSD-derived context,curation_or_validation
<DATA_ROOT>\data_raw\csd_mof_collection\astex_related\extracted\astex_non_native_set\astex_non_native_set\1t40\2dux,data_raw\csd_mof_collection\astex_related\extracted\astex_non_native_set\astex_non_native_set\1t40\2dux,0,5,498.81 KB (510777 bytes),NO,2008-09-09 12:13:46 | ligand001.pdb,2026-05-30 14:45:42 | README.txt,CSD-derived context,curation_or_validation
<DATA_ROOT>\data_raw\csd_mof_collection\astex_related\extracted\astex_non_native_set\astex_non_native_set\1t40\2duz,data_raw\csd_mof_collection\astex_related\extracted\astex_non_native_set\astex_non_native_set\1t40\2duz,0,5,498.42 KB (510382 bytes),NO,2008-09-09 12:13:48 | ligand001.pdb,2026-05-30 14:45:42 | README.txt,CSD-derived context,curation_or_validation
<DATA_ROOT>\data_raw\csd_mof_collection\astex_related\extracted\astex_non_native_set\astex_non_native_set\1t40\2dv0,data_raw\csd_mof_collection\astex_related\extracted\astex_non_native_set\astex_non_native_set\1t40\2dv0,0,5,491.71 KB (503511 bytes),NO,2008-09-09 12:13:50 | ligand001.pdb,2026-05-30 14:45:42 | README.txt,CSD-derived context,curation_or_validation
<DATA_ROOT>\data_raw\csd_mof_collection\astex_related\extracted\astex_non_native_set\astex_non_native_set\1t40\2fz8,data_raw\csd_mof_collection\astex_related\extracted\astex_non_native_set\astex_non_native_set\1t40\2fz8,0,5,499.96 KB (511962 bytes),NO,2008-09-09 12:13:50 | other.pdb,2026-05-30 14:45:42 | README.txt,CSD-derived context,curation_or_validation
<DATA_ROOT>\data_raw\csd_mof_collection\astex_related\extracted\astex_non_native_set\astex_non_native_set\1t40\2fz9,data_raw\csd_mof_collection\astex_related\extracted\astex_non_native_set\astex_non_native_set\1t40\2fz9,0,5,494.41 KB (506274 bytes),NO,2008-09-09 12:13:52 | ligand001.pdb,2026-05-30 14:45:42 | README.txt,CSD-derived context,curation_or_validation
<DATA_ROOT>\data_raw\csd_mof_collection\astex_related\extracted\astex_non_native_set\astex_non_native_set\1t40\2fzd,data_raw\csd_mof_collection\astex_related\extracted\astex_non_native_set\astex_non_native_set\1t40\2fzd,0,5,495.89 KB (507789 bytes),NO,2008-09-09 12:13:54 | ligand001.pdb,2026-05-30 14:45:42 | README.txt,CSD-derived context,curation_or_validation
<DATA_ROOT>\data_raw\csd_mof_collection\astex_related\extracted\astex_non_native_set\astex_non_native_set\1t40\2hv5,data_raw\csd_mof_collection\astex_related\extracted\astex_non_native_set\astex_non_native_set\1t40\2hv5,0,5,487.24 KB (498929 bytes),NO,2008-09-09 12:13:56 | ligand001.pdb,2026-05-30 14:45:42 | README.txt,CSD-derived context,curation_or_validation
<DATA_ROOT>\data_raw\csd_mof_collection\astex_related\extracted\astex_non_native_set\astex_non_native_set\1t40\2hvn,data_raw\csd_mof_collection\astex_related\extracted\astex_non_native_set\astex_non_native_set\1t40\2hvn,0,5,496.88 KB (508802 bytes),NO,2008-09-09 12:13:58 | ligand001.pdb,2026-05-30 14:45:42 | README.txt,CSD-derived context,curation_or_validation
<DATA_ROOT>\data_raw\csd_mof_collection\astex_related\extracted\astex_non_native_set\astex_non_native_set\1t40\2hvo,data_raw\csd_mof_collection\astex_related\extracted\astex_non_native_set\astex_non_native_set\1t40\2hvo,0,5,500.58 KB (512594 bytes),NO,2008-09-09 12:14:00 | ligand001.pdb,2026-05-30 14:45:42 | README.txt,CSD-derived context,curation_or_validation
<DATA_ROOT>\data_raw\csd_mof_collection\astex_related\extracted\astex_non_native_set\astex_non_native_set\1t40\2ikg,data_raw\csd_mof_collection\astex_related\extracted\astex_non_native_set\astex_non_native_set\1t40\2ikg,0,5,495.21 KB (507095 bytes),NO,2008-09-09 12:14:02 | ligand001.pdb,2026-05-30 14:45:42 | README.txt,CSD-derived context,curation_or_validation
<DATA_ROOT>\data_raw\csd_mof_collection\astex_related\extracted\astex_non_native_set\astex_non_native_set\1t40\2ikh,data_raw\csd_mof_collection\astex_related\extracted\astex_non_native_set\astex_non_native_set\1t40\2ikh,0,5,490.95 KB (502733 bytes),NO,2008-09-09 12:14:04 | ligand001.pdb,2026-05-30 14:45:42 | README.txt,CSD-derived context,curation_or_validation
<DATA_ROOT>\data_raw\csd_mof_collection\astex_related\extracted\astex_non_native_set\astex_non_native_set\1t40\2iki,data_raw\csd_mof_collection\astex_related\extracted\astex_non_native_set\astex_non_native_set\1t40\2iki,0,5,494.30 KB (506159 bytes),NO,2008-09-09 12:14:06 | ligand001.pdb,2026-05-30 14:45:42 | README.txt,CSD-derived context,curation_or_validation
<DATA_ROOT>\data_raw\csd_mof_collection\astex_related\extracted\astex_non_native_set\astex_non_native_set\1t40\2ikj,data_raw\csd_mof_collection\astex_related\extracted\astex_non_native_set\astex_non_native_set\1t40\2ikj,0,5,496.31 KB (508224 bytes),NO,2008-09-09 12:14:06 | ligand001.pdb,2026-05-30 14:45:42 | README.txt,CSD-derived context,curation_or_validation
<DATA_ROOT>\data_raw\csd_mof_collection\astex_related\extracted\astex_non_native_set\astex_non_native_set\1t40\2ine,data_raw\csd_mof_collection\astex_related\extracted\astex_non_native_set\astex_non_native_set\1t40\2ine,0,4,483.37 KB (494974 bytes),NO,2008-09-09 12:14:08 | ligand001.pdb,2026-05-30 14:45:42 | README.txt,CSD-derived context,curation_or_validation
<DATA_ROOT>\data_raw\csd_mof_collection\astex_related\extracted\astex_non_native_set\astex_non_native_set\1t40\2inz,data_raw\csd_mof_collection\astex_related\extracted\astex_non_native_set\astex_non_native_set\1t40\2inz,0,4,476.30 KB (487728 bytes),NO,2008-09-09 12:14:10 | ligand001.pdb,2026-05-30 14:45:42 | README.txt,CSD-derived context,curation_or_validation
<DATA_ROOT>\data_raw\csd_mof_collection\astex_related\extracted\astex_non_native_set\astex_non_native_set\1t40\2iq0,data_raw\csd_mof_collection\astex_related\extracted\astex_non_native_set\astex_non_native_set\1t40\2iq0,0,4,477.42 KB (488882 bytes),NO,2008-09-09 12:14:12 | ligand001.pdb,2026-05-30 14:45:42 | README.txt,CSD-derived context,curation_or_validation
<DATA_ROOT>\data_raw\csd_mof_collection\astex_related\extracted\astex_non_native_set\astex_non_native_set\1t40\2iqd,data_raw\csd_mof_collection\astex_related\extracted\astex_non_native_set\astex_non_native_set\1t40\2iqd,0,4,478.04 KB (489512 bytes),NO,2008-09-09 12:14:14 | ligand001.pdb,2026-05-30 14:45:42 | README.txt,CSD-derived context,curation_or_validation
<DATA_ROOT>\data_raw\csd_mof_collection\astex_related\extracted\astex_non_native_set\astex_non_native_set\1t40\2is7,data_raw\csd_mof_collection\astex_related\extracted\astex_non_native_set\astex_non_native_set\1t40\2is7,0,4,474.28 KB (485662 bytes),NO,2008-09-09 12:14:14 | ligand001.pdb,2026-05-30 14:45:42 | README.txt,CSD-derived context,curation_or_validation
<DATA_ROOT>\data_raw\csd_mof_collection\astex_related\extracted\astex_non_native_set\astex_non_native_set\1t40\2j8t,data_raw\csd_mof_collection\astex_related\extracted\astex_non_native_set\astex_non_native_set\1t40\2j8t,0,6,544.06 KB (557119 bytes),NO,2008-09-09 12:14:16 | ligand001.pdb,2026-05-30 14:45:42 | README.txt,CSD-derived context,curation_or_validation
<DATA_ROOT>\data_raw\csd_mof_collection\astex_related\extracted\astex_non_native_set\astex_non_native_set\1t40\2nvc,data_raw\csd_mof_collection\astex_related\extracted\astex_non_native_set\astex_non_native_set\1t40\2nvc,0,5,489.36 KB (501103 bytes),NO,2008-09-09 12:14:18 | ligand001.pdb,2026-05-30 14:45:42 | README.txt,CSD-derived context,curation_or_validation
<DATA_ROOT>\data_raw\csd_mof_collection\astex_related\extracted\astex_non_native_set\astex_non_native_set\1tow,data_raw\csd_mof_collection\astex_related\extracted\astex_non_native_set\astex_non_native_set\1tow,2,1,1.05 KB (1076 bytes),NO,2026-05-30 14:45:40 | README.txt,2026-05-30 14:45:40 | README.txt,CSD-derived context,curation_or_validation
<DATA_ROOT>\data_raw\csd_mof_collection\astex_related\extracted\astex_non_native_set\astex_non_native_set\1tow\1tou,data_raw\csd_mof_collection\astex_related\extracted\astex_non_native_set\astex_non_native_set\1tow\1tou,0,4,198.76 KB (203530 bytes),NO,2008-09-09 12:14:20 | ligand001.pdb,2026-05-30 14:45:42 | README.txt,CSD-derived context,curation_or_validation
<DATA_ROOT>\data_raw\csd_mof_collection\astex_related\extracted\astex_non_native_set\astex_non_native_set\1tow\2hnx,data_raw\csd_mof_collection\astex_related\extracted\astex_non_native_set\astex_non_native_set\1tow\2hnx,0,6,212.36 KB (217452 bytes),NO,2008-09-09 12:14:20 | ligand001.pdb,2026-05-30 14:45:42 | README.txt,CSD-derived context,curation_or_validation
<DATA_ROOT>\data_raw\csd_mof_collection\astex_related\extracted\astex_non_native_set\astex_non_native_set\1tt1,data_raw\csd_mof_collection\astex_related\extracted\astex_non_native_set\astex_non_native_set\1tt1,2,1,1.05 KB (1076 bytes),NO,2026-05-30 14:45:40 | README.txt,2026-05-30 14:45:40 | README.txt,CSD-derived context,curation_or_validation
<DATA_ROOT>\data_raw\csd_mof_collection\astex_related\extracted\astex_non_native_set\astex_non_native_set\1tt1\1s9t,data_raw\csd_mof_collection\astex_related\extracted\astex_non_native_set\astex_non_native_set\1tt1\1s9t,0,5,777.65 KB (796316 bytes),NO,2008-09-09 12:14:24 | ligand001.pdb,2026-05-30 14:45:42 | README.txt,CSD-derived context,curation_or_validation
<DATA_ROOT>\data_raw\csd_mof_collection\astex_related\extracted\astex_non_native_set\astex_non_native_set\1tt1\1sd3,data_raw\csd_mof_collection\astex_related\extracted\astex_non_native_set\astex_non_native_set\1tt1\1sd3,0,5,769.42 KB (787886 bytes),NO,2008-09-09 12:14:26 | ligand001.pdb,2026-05-30 14:45:42 | README.txt,CSD-derived context,curation_or_validation
<DATA_ROOT>\data_raw\csd_mof_collection\astex_related\extracted\astex_non_native_set\astex_non_native_set\1u1c,data_raw\csd_mof_collection\astex_related\extracted\astex_non_native_set\astex_non_native_set\1u1c,5,1,1.05 KB (1076 bytes),NO,2026-05-30 14:45:40 | README.txt,2026-05-30 14:45:40 | README.txt,CSD-derived context,curation_or_validation
<DATA_ROOT>\data_raw\csd_mof_collection\astex_related\extracted\astex_non_native_set\astex_non_native_set\1u1c\1rxc,data_raw\csd_mof_collection\astex_related\extracted\astex_non_native_set\astex_non_native_set\1u1c\1rxc,0,4,4.07 MB (4262665 bytes),NO,2008-09-09 12:14:46 | ligand001.pdb,2026-05-30 14:45:42 | README.txt,CSD-derived context,curation_or_validation
<DATA_ROOT>\data_raw\csd_mof_collection\astex_related\extracted\astex_non_native_set\astex_non_native_set\1u1c\1u1d,data_raw\csd_mof_collection\astex_related\extracted\astex_non_native_set\astex_non_native_set\1u1c\1u1d,0,4,2.04 MB (2141281 bytes),NO,2008-09-09 12:14:54 | ligand001.pdb,2026-05-30 14:45:42 | README.txt,CSD-derived context,curation_or_validation
<DATA_ROOT>\data_raw\csd_mof_collection\astex_related\extracted\astex_non_native_set\astex_non_native_set\1u1c\1u1e,data_raw\csd_mof_collection\astex_related\extracted\astex_non_native_set\astex_non_native_set\1u1c\1u1e,0,4,2.04 MB (2143120 bytes),NO,2008-09-09 12:15:02 | ligand001.pdb,2026-05-30 14:45:42 | README.txt,CSD-derived context,curation_or_validation
<DATA_ROOT>\data_raw\csd_mof_collection\astex_related\extracted\astex_non_native_set\astex_non_native_set\1u1c\1u1f,data_raw\csd_mof_collection\astex_related\extracted\astex_non_native_set\astex_non_native_set\1u1c\1u1f,0,4,2.03 MB (2133063 bytes),NO,2008-09-09 12:15:10 | ligand001.pdb,2026-05-30 14:45:42 | README.txt,CSD-derived context,curation_or_validation
<DATA_ROOT>\data_raw\csd_mof_collection\astex_related\extracted\astex_non_native_set\astex_non_native_set\1u1c\1y1r,data_raw\csd_mof_collection\astex_related\extracted\astex_non_native_set\astex_non_native_set\1u1c\1y1r,0,4,2.03 MB (2124739 bytes),NO,2008-09-09 12:15:18 | ligand001.pdb,2026-05-30 14:45:42 | README.txt,CSD-derived context,curation_or_validation
<DATA_ROOT>\data_raw\csd_mof_collection\astex_related\extracted\astex_non_native_set\astex_non_native_set\1uml,data_raw\csd_mof_collection\astex_related\extracted\astex_non_native_set\astex_non_native_set\1uml,11,1,1.05 KB (1076 bytes),NO,2026-05-30 14:45:40 | README.txt,2026-05-30 14:45:40 | README.txt,CSD-derived context,curation_or_validation
<DATA_ROOT>\data_raw\csd_mof_collection\astex_related\extracted\astex_non_native_set\astex_non_native_set\1uml\1krm,data_raw\csd_mof_collection\astex_related\extracted\astex_non_native_set\astex_non_native_set\1uml\1krm,0,4,542.63 KB (555658 bytes),NO,2008-09-09 12:15:20 | ligand001.pdb,2026-05-30 14:45:42 | README.txt,CSD-derived context,curation_or_validation
<DATA_ROOT>\data_raw\csd_mof_collection\astex_related\extracted\astex_non_native_set\astex_non_native_set\1uml\1ndv,data_raw\csd_mof_collection\astex_related\extracted\astex_non_native_set\astex_non_native_set\1uml\1ndv,0,4,540.41 KB (553381 bytes),NO,2008-09-09 12:15:22 | ligand001.pdb,2026-05-30 14:45:42 | README.txt,CSD-derived context,curation_or_validation
<DATA_ROOT>\data_raw\csd_mof_collection\astex_related\extracted\astex_non_native_set\astex_non_native_set\1uml\1ndw,data_raw\csd_mof_collection\astex_related\extracted\astex_non_native_set\astex_non_native_set\1uml\1ndw,0,4,541.35 KB (554343 bytes),NO,2008-09-09 12:15:24 | ligand001.pdb,2026-05-30 14:45:42 | README.txt,CSD-derived context,curation_or_validation
<DATA_ROOT>\data_raw\csd_mof_collection\astex_related\extracted\astex_non_native_set\astex_non_native_set\1uml\1ndy,data_raw\csd_mof_collection\astex_related\extracted\astex_non_native_set\astex_non_native_set\1uml\1ndy,0,4,538.77 KB (551702 bytes),NO,2008-09-09 12:15:26 | ligand001.pdb,2026-05-30 14:45:42 | README.txt,CSD-derived context,curation_or_validation
<DATA_ROOT>\data_raw\csd_mof_collection\astex_related\extracted\astex_non_native_set\astex_non_native_set\1uml\1o5r,data_raw\csd_mof_collection\astex_related\extracted\astex_non_native_set\astex_non_native_set\1uml\1o5r,0,4,523.34 KB (535897 bytes),NO,2008-09-09 12:15:28 | ligand001.pdb,2026-05-30 14:45:42 | README.txt,CSD-derived context,curation_or_validation
<DATA_ROOT>\data_raw\csd_mof_collection\astex_related\extracted\astex_non_native_set\astex_non_native_set\1uml\1qxl,data_raw\csd_mof_collection\astex_related\extracted\astex_non_native_set\astex_non_native_set\1uml\1qxl,0,4,518.56 KB (531002 bytes),NO,2008-09-09 12:15:30 | ligand001.pdb,2026-05-30 14:45:42 | README.txt,CSD-derived context,curation_or_validation
<DATA_ROOT>\data_raw\csd_mof_collection\astex_related\extracted\astex_non_native_set\astex_non_native_set\1uml\1v79,data_raw\csd_mof_collection\astex_related\extracted\astex_non_native_set\astex_non_native_set\1uml\1v79,0,4,516.08 KB (528465 bytes),NO,2008-09-09 12:15:32 | ligand001.pdb,2026-05-30 14:45:42 | README.txt,CSD-derived context,curation_or_validation
<DATA_ROOT>\data_raw\csd_mof_collection\astex_related\extracted\astex_non_native_set\astex_non_native_set\1uml\1v7a,data_raw\csd_mof_collection\astex_related\extracted\astex_non_native_set\astex_non_native_set\1uml\1v7a,0,4,519.50 KB (531964 bytes),NO,2008-09-09 12:15:32 | ligand001.pdb,2026-05-30 14:45:42 | README.txt,CSD-derived context,curation_or_validation
<DATA_ROOT>\data_raw\csd_mof_collection\astex_related\extracted\astex_non_native_set\astex_non_native_set\1uml\1vfl,data_raw\csd_mof_collection\astex_related\extracted\astex_non_native_set\astex_non_native_set\1uml\1vfl,0,3,521.60 KB (534121 bytes),NO,2008-09-09 12:15:34 | protein.mol2,2026-05-30 14:45:42 | README.txt,CSD-derived context,curation_or_validation
<DATA_ROOT>\data_raw\csd_mof_collection\astex_related\extracted\astex_non_native_set\astex_non_native_set\1uml\1wxy,data_raw\csd_mof_collection\astex_related\extracted\astex_non_native_set\astex_non_native_set\1uml\1wxy,0,4,524.72 KB (537315 bytes),NO,2008-09-09 12:15:36 | ligand001.pdb,2026-05-30 14:45:42 | README.txt,CSD-derived context,curation_or_validation
<DATA_ROOT>\data_raw\csd_mof_collection\astex_related\extracted\astex_non_native_set\astex_non_native_set\1uml\2e1w,data_raw\csd_mof_collection\astex_related\extracted\astex_non_native_set\astex_non_native_set\1uml\2e1w,0,4,514.38 KB (526726 bytes),NO,2008-09-09 12:15:38 | ligand001.pdb,2026-05-30 14:45:42 | README.txt,CSD-derived context,curation_or_validation
<DATA_ROOT>\data_raw\csd_mof_collection\astex_related\extracted\astex_non_native_set\astex_non_native_set\1uou,data_raw\csd_mof_collection\astex_related\extracted\astex_non_native_set\astex_non_native_set\1uou,1,1,1.05 KB (1076 bytes),NO,2026-05-30 14:45:40 | README.txt,2026-05-30 14:45:40 | README.txt,CSD-derived context,curation_or_validation
<DATA_ROOT>\data_raw\csd_mof_collection\astex_related\extracted\astex_non_native_set\astex_non_native_set\1uou\2j0f,data_raw\csd_mof_collection\astex_related\extracted\astex_non_native_set\astex_non_native_set\1uou\2j0f,0,4,2.39 MB (2501973 bytes),NO,2008-09-09 12:15:48 | ligand001.pdb,2026-05-30 14:45:42 | README.txt,CSD-derived context,curation_or_validation
<DATA_ROOT>\data_raw\csd_mof_collection\astex_related\extracted\astex_non_native_set\astex_non_native_set\1v0p,data_raw\csd_mof_collection\astex_related\extracted\astex_non_native_set\astex_non_native_set\1v0p,3,1,1.05 KB (1076 bytes),NO,2026-05-30 14:45:40 | README.txt,2026-05-30 14:45:40 | README.txt,CSD-derived context,curation_or_validation
<DATA_ROOT>\data_raw\csd_mof_collection\astex_related\extracted\astex_non_native_set\astex_non_native_set\1v0p\1ob3,data_raw\csd_mof_collection\astex_related\extracted\astex_non_native_set\astex_non_native_set\1v0p\1ob3,0,3,811.60 KB (831077 bytes),NO,2008-09-09 12:15:50 | protein.mol2,2026-05-30 14:45:42 | README.txt,CSD-derived context,curation_or_validation
<DATA_ROOT>\data_raw\csd_mof_collection\astex_related\extracted\astex_non_native_set\astex_non_native_set\1v0p\1v0b,data_raw\csd_mof_collection\astex_related\extracted\astex_non_native_set\astex_non_native_set\1v0p\1v0b,0,3,831.99 KB (851953 bytes),NO,2008-09-09 12:15:52 | protein.mol2,2026-05-30 14:45:42 | README.txt,CSD-derived context,curation_or_validation
<DATA_ROOT>\data_raw\csd_mof_collection\astex_related\extracted\astex_non_native_set\astex_non_native_set\1v0p\1v0o,data_raw\csd_mof_collection\astex_related\extracted\astex_non_native_set\astex_non_native_set\1v0p\1v0o,0,4,840.63 KB (860803 bytes),NO,2008-09-09 12:15:56 | ligand001.pdb,2026-05-30 14:45:42 | README.txt,CSD-derived context,curation_or_validation
<DATA_ROOT>\data_raw\csd_mof_collection\astex_related\extracted\astex_non_native_set\astex_non_native_set\1vcj,data_raw\csd_mof_collection\astex_related\extracted\astex_non_native_set\astex_non_native_set\1vcj,11,1,1.05 KB (1076 bytes),NO,2026-05-30 14:45:40 | README.txt,2026-05-30 14:45:40 | README.txt,CSD-derived context,curation_or_validation
<DATA_ROOT>\data_raw\csd_mof_collection\astex_related\extracted\astex_non_native_set\astex_non_native_set\1vcj\1a4g,data_raw\csd_mof_collection\astex_related\extracted\astex_non_native_set\astex_non_native_set\1vcj\1a4g,0,5,1.11 MB (1160216 bytes),NO,2008-09-09 12:16:00 | ligand001.pdb,2026-05-30 14:45:42 | README.txt,CSD-derived context,curation_or_validation
<DATA_ROOT>\data_raw\csd_mof_collection\astex_related\extracted\astex_non_native_set\astex_non_native_set\1vcj\1a4q,data_raw\csd_mof_collection\astex_related\extracted\astex_non_native_set\astex_non_native_set\1vcj\1a4q,0,5,1.11 MB (1163425 bytes),NO,2008-09-09 12:16:04 | ligand001.pdb,2026-05-30 14:45:42 | README.txt,CSD-derived context,curation_or_validation
<DATA_ROOT>\data_raw\csd_mof_collection\astex_related\extracted\astex_non_native_set\astex_non_native_set\1vcj\1b9s,data_raw\csd_mof_collection\astex_related\extracted\astex_non_native_set\astex_non_native_set\1vcj\1b9s,0,4,558.64 KB (572043 bytes),NO,2008-09-09 12:16:04 | ligand001.pdb,2026-05-30 14:45:42 | README.txt,CSD-derived context,curation_or_validation
<DATA_ROOT>\data_raw\csd_mof_collection\astex_related\extracted\astex_non_native_set\astex_non_native_set\1vcj\1b9t,data_raw\csd_mof_collection\astex_related\extracted\astex_non_native_set\astex_non_native_set\1vcj\1b9t,0,4,558.23 KB (571627 bytes),NO,2008-09-09 12:16:06 | ligand001.pdb,2026-05-30 14:45:42 | README.txt,CSD-derived context,curation_or_validation
<DATA_ROOT>\data_raw\csd_mof_collection\astex_related\extracted\astex_non_native_set\astex_non_native_set\1vcj\1b9v,data_raw\csd_mof_collection\astex_related\extracted\astex_non_native_set\astex_non_native_set\1vcj\1b9v,0,4,558.04 KB (571428 bytes),NO,2008-09-09 12:16:08 | ligand001.pdb,2026-05-30 14:45:42 | README.txt,CSD-derived context,curation_or_validation
<DATA_ROOT>\data_raw\csd_mof_collection\astex_related\extracted\astex_non_native_set\astex_non_native_set\1vcj\1inf,data_raw\csd_mof_collection\astex_related\extracted\astex_non_native_set\astex_non_native_set\1vcj\1inf,0,6,632.58 KB (647765 bytes),NO,2008-09-09 12:16:10 | ligand001.pdb,2026-05-30 14:45:42 | README.txt,CSD-derived context,curation_or_validation
<DATA_ROOT>\data_raw\csd_mof_collection\astex_related\extracted\astex_non_native_set\astex_non_native_set\1vcj\1inv,data_raw\csd_mof_collection\astex_related\extracted\astex_non_native_set\astex_non_native_set\1vcj\1inv,0,6,634.78 KB (650017 bytes),NO,2008-09-09 12:16:12 | ligand001.pdb,2026-05-30 14:45:42 | README.txt,CSD-derived context,curation_or_validation
<DATA_ROOT>\data_raw\csd_mof_collection\astex_related\extracted\astex_non_native_set\astex_non_native_set\1vcj\1ivb,data_raw\csd_mof_collection\astex_related\extracted\astex_non_native_set\astex_non_native_set\1vcj\1ivb,0,5,605.28 KB (619808 bytes),NO,2008-09-09 12:16:14 | ligand001.pdb,2026-05-30 14:45:42 | README.txt,CSD-derived context,curation_or_validation
<DATA_ROOT>\data_raw\csd_mof_collection\astex_related\extracted\astex_non_native_set\astex_non_native_set\1vcj\1nsb,data_raw\csd_mof_collection\astex_related\extracted\astex_non_native_set\astex_non_native_set\1vcj\1nsb,0,4,1.28 MB (1339563 bytes),NO,2008-09-09 12:16:18 | other.pdb,2026-05-30 14:45:42 | README.txt,CSD-derived context,curation_or_validation
<DATA_ROOT>\data_raw\csd_mof_collection\astex_related\extracted\astex_non_native_set\astex_non_native_set\1vcj\1nsc,data_raw\csd_mof_collection\astex_related\extracted\astex_non_native_set\astex_non_native_set\1vcj\1nsc,0,6,1.30 MB (1363570 bytes),NO,2008-09-09 12:16:22 | water.pdb,2026-05-30 14:45:42 | README.txt,CSD-derived context,curation_or_validation
<DATA_ROOT>\data_raw\csd_mof_collection\astex_related\extracted\astex_non_native_set\astex_non_native_set\1vcj\1nsd,data_raw\csd_mof_collection\astex_related\extracted\astex_non_native_set\astex_non_native_set\1vcj\1nsd,0,6,1.30 MB (1362869 bytes),NO,2008-09-09 12:16:26 | water.pdb,2026-05-30 14:45:42 | README.txt,CSD-derived context,curation_or_validation
<DATA_ROOT>\data_raw\csd_mof_collection\astex_related\extracted\astex_non_native_set\astex_non_native_set\1w1p,data_raw\csd_mof_collection\astex_related\extracted\astex_non_native_set\astex_non_native_set\1w1p,10,1,1.05 KB (1076 bytes),NO,2026-05-30 14:45:40 | README.txt,2026-05-30 14:45:40 | README.txt,CSD-derived context,curation_or_validation
<DATA_ROOT>\data_raw\csd_mof_collection\astex_related\extracted\astex_non_native_set\astex_non_native_set\1w1p\1e15,data_raw\csd_mof_collection\astex_related\extracted\astex_non_native_set\astex_non_native_set\1w1p\1e15,0,3,1.38 MB (1442165 bytes),NO,2008-09-09 12:16:32 | protein.mol2,2026-05-30 14:45:42 | README.txt,CSD-derived context,curation_or_validation
<DATA_ROOT>\data_raw\csd_mof_collection\astex_related\extracted\astex_non_native_set\astex_non_native_set\1w1p\1e6r,data_raw\csd_mof_collection\astex_related\extracted\astex_non_native_set\astex_non_native_set\1w1p\1e6r,0,4,1.39 MB (1456537 bytes),NO,2008-09-09 12:16:36 | ligand001.pdb,2026-05-30 14:45:42 | README.txt,CSD-derived context,curation_or_validation
<DATA_ROOT>\data_raw\csd_mof_collection\astex_related\extracted\astex_non_native_set\astex_non_native_set\1w1p\1gpf,data_raw\csd_mof_collection\astex_related\extracted\astex_non_native_set\astex_non_native_set\1w1p\1gpf,0,4,1.40 MB (1473078 bytes),NO,2008-09-09 12:16:42 | other.pdb,2026-05-30 14:45:42 | README.txt,CSD-derived context,curation_or_validation
<DATA_ROOT>\data_raw\csd_mof_collection\astex_related\extracted\astex_non_native_set\astex_non_native_set\1w1p\1h0g,data_raw\csd_mof_collection\astex_related\extracted\astex_non_native_set\astex_non_native_set\1w1p\1h0g,0,6,1.42 MB (1484489 bytes),NO,2008-09-09 12:16:46 | ligand001.pdb,2026-05-30 14:45:42 | README.txt,CSD-derived context,curation_or_validation
<DATA_ROOT>\data_raw\csd_mof_collection\astex_related\extracted\astex_non_native_set\astex_non_native_set\1w1p\1h0i,data_raw\csd_mof_collection\astex_related\extracted\astex_non_native_set\astex_non_native_set\1w1p\1h0i,0,5,1.46 MB (1526627 bytes),NO,2008-09-09 12:16:52 | ligand001.pdb,2026-05-30 14:45:42 | README.txt,CSD-derived context,curation_or_validation
<DATA_ROOT>\data_raw\csd_mof_collection\astex_related\extracted\astex_non_native_set\astex_non_native_set\1w1p\1o6i,data_raw\csd_mof_collection\astex_related\extracted\astex_non_native_set\astex_non_native_set\1w1p\1o6i,0,4,1.51 MB (1584540 bytes),NO,2008-09-09 12:16:56 | other.pdb,2026-05-30 14:45:42 | README.txt,CSD-derived context,curation_or_validation
<DATA_ROOT>\data_raw\csd_mof_collection\astex_related\extracted\astex_non_native_set\astex_non_native_set\1w1p\1ur8,data_raw\csd_mof_collection\astex_related\extracted\astex_non_native_set\astex_non_native_set\1w1p\1ur8,0,6,1.42 MB (1483808 bytes),NO,2008-09-09 12:17:02 | ligand001.pdb,2026-05-30 14:45:42 | README.txt,CSD-derived context,curation_or_validation
<DATA_ROOT>\data_raw\csd_mof_collection\astex_related\extracted\astex_non_native_set\astex_non_native_set\1w1p\1w1t,data_raw\csd_mof_collection\astex_related\extracted\astex_non_native_set\astex_non_native_set\1w1p\1w1t,0,7,1.45 MB (1516923 bytes),NO,2008-09-09 12:17:06 | ligand001.pdb,2026-05-30 14:45:42 | README.txt,CSD-derived context,curation_or_validation
<DATA_ROOT>\data_raw\csd_mof_collection\astex_related\extracted\astex_non_native_set\astex_non_native_set\1w1p\1w1v,data_raw\csd_mof_collection\astex_related\extracted\astex_non_native_set\astex_non_native_set\1w1p\1w1v,0,6,1.45 MB (1523747 bytes),NO,2008-09-09 12:17:10 | ligand001.pdb,2026-05-30 14:45:42 | README.txt,CSD-derived context,curation_or_validation
<DATA_ROOT>\data_raw\csd_mof_collection\astex_related\extracted\astex_non_native_set\astex_non_native_set\1w1p\1w1y,data_raw\csd_mof_collection\astex_related\extracted\astex_non_native_set\astex_non_native_set\1w1p\1w1y,0,7,1.47 MB (1536543 bytes),NO,2008-09-09 12:17:16 | ligand001.pdb,2026-05-30 14:45:42 | README.txt,CSD-derived context,curation_or_validation
<DATA_ROOT>\data_raw\csd_mof_collection\astex_related\extracted\astex_non_native_set\astex_non_native_set\1w2g,data_raw\csd_mof_collection\astex_related\extracted\astex_non_native_set\astex_non_native_set\1w2g,8,1,1.05 KB (1076 bytes),NO,2026-05-30 14:45:40 | README.txt,2026-05-30 14:45:40 | README.txt,CSD-derived context,curation_or_validation
<DATA_ROOT>\data_raw\csd_mof_collection\astex_related\extracted\astex_non_native_set\astex_non_native_set\1w2g\1g3u,data_raw\csd_mof_collection\astex_related\extracted\astex_non_native_set\astex_non_native_set\1w2g\1g3u,0,5,292.75 KB (299780 bytes),NO,2008-09-09 12:17:18 | ligand001.pdb,2026-05-30 14:45:42 | README.txt,CSD-derived context,curation_or_validation
<DATA_ROOT>\data_raw\csd_mof_collection\astex_related\extracted\astex_non_native_set\astex_non_native_set\1w2g\1gsi,data_raw\csd_mof_collection\astex_related\extracted\astex_non_native_set\astex_non_native_set\1w2g\1gsi,0,6,314.32 KB (321860 bytes),NO,2008-09-09 12:17:18 | ligand001.pdb,2026-05-30 14:45:42 | README.txt,CSD-derived context,curation_or_validation
<DATA_ROOT>\data_raw\csd_mof_collection\astex_related\extracted\astex_non_native_set\astex_non_native_set\1w2g\1mrn,data_raw\csd_mof_collection\astex_related\extracted\astex_non_native_set\astex_non_native_set\1w2g\1mrn,0,5,289.23 KB (296174 bytes),NO,2008-09-09 12:17:20 | ligand001.pdb,2026-05-30 14:45:42 | README.txt,CSD-derived context,curation_or_validation
<DATA_ROOT>\data_raw\csd_mof_collection\astex_related\extracted\astex_non_native_set\astex_non_native_set\1w2g\1mrs,data_raw\csd_mof_collection\astex_related\extracted\astex_non_native_set\astex_non_native_set\1w2g\1mrs,0,5,286.08 KB (292948 bytes),NO,2008-09-09 12:17:20 | ligand001.pdb,2026-05-30 14:45:42 | README.txt,CSD-derived context,curation_or_validation
<DATA_ROOT>\data_raw\csd_mof_collection\astex_related\extracted\astex_non_native_set\astex_non_native_set\1w2g\1n5i,data_raw\csd_mof_collection\astex_related\extracted\astex_non_native_set\astex_non_native_set\1w2g\1n5i,0,4,292.15 KB (299165 bytes),NO,2008-09-09 12:17:22 | ligand001.pdb,2026-05-30 14:45:42 | README.txt,CSD-derived context,curation_or_validation
<DATA_ROOT>\data_raw\csd_mof_collection\astex_related\extracted\astex_non_native_set\astex_non_native_set\1w2g\1n5k,data_raw\csd_mof_collection\astex_related\extracted\astex_non_native_set\astex_non_native_set\1w2g\1n5k,0,4,548.20 KB (561354 bytes),NO,2008-09-09 12:17:24 | ligand001.pdb,2026-05-30 14:45:42 | README.txt,CSD-derived context,curation_or_validation
<DATA_ROOT>\data_raw\csd_mof_collection\astex_related\extracted\astex_non_native_set\astex_non_native_set\1w2g\1n5l,data_raw\csd_mof_collection\astex_related\extracted\astex_non_native_set\astex_non_native_set\1w2g\1n5l,0,5,544.67 KB (557738 bytes),NO,2008-09-09 12:17:26 | ligand001.pdb,2026-05-30 14:45:42 | README.txt,CSD-derived context,curation_or_validation
<DATA_ROOT>\data_raw\csd_mof_collection\astex_related\extracted\astex_non_native_set\astex_non_native_set\1w2g\1w2h,data_raw\csd_mof_collection\astex_related\extracted\astex_non_native_set\astex_non_native_set\1w2g\1w2h,0,5,539.82 KB (552773 bytes),NO,2008-09-09 12:17:28 | ligand001.pdb,2026-05-30 14:45:42 | README.txt,CSD-derived context,curation_or_validation
<DATA_ROOT>\data_raw\csd_mof_collection\astex_related\extracted\astex_non_native_set\astex_non_native_set\1xoq,data_raw\csd_mof_collection\astex_related\extracted\astex_non_native_set\astex_non_native_set\1xoq,13,1,1.05 KB (1076 bytes),NO,2026-05-30 14:45:40 | README.txt,2026-05-30 14:45:40 | README.txt,CSD-derived context,curation_or_validation
<DATA_ROOT>\data_raw\csd_mof_collection\astex_related\extracted\astex_non_native_set\astex_non_native_set\1xoq\1tb7,data_raw\csd_mof_collection\astex_related\extracted\astex_non_native_set\astex_non_native_set\1xoq\1tb7,0,5,1008.27 KB (1032472 bytes),NO,2008-09-09 12:17:32 | ligand_other.pdb,2026-05-30 14:45:42 | README.txt,CSD-derived context,curation_or_validation
<DATA_ROOT>\data_raw\csd_mof_collection\astex_related\extracted\astex_non_native_set\astex_non_native_set\1xoq\1tbb,data_raw\csd_mof_collection\astex_related\extracted\astex_non_native_set\astex_non_native_set\1xoq\1tbb,0,4,1006.11 KB (1030254 bytes),NO,2008-09-09 12:17:34 | other.pdb,2026-05-30 14:45:42 | README.txt,CSD-derived context,curation_or_validation
<DATA_ROOT>\data_raw\csd_mof_collection\astex_related\extracted\astex_non_native_set\astex_non_native_set\1xoq\1xom,data_raw\csd_mof_collection\astex_related\extracted\astex_non_native_set\astex_non_native_set\1xoq\1xom,0,4,1021.63 KB (1046148 bytes),NO,2008-09-09 12:17:38 | other.pdb,2026-05-30 14:45:42 | README.txt,CSD-derived context,curation_or_validation
<DATA_ROOT>\data_raw\csd_mof_collection\astex_related\extracted\astex_non_native_set\astex_non_native_set\1xoq\1xon,data_raw\csd_mof_collection\astex_related\extracted\astex_non_native_set\astex_non_native_set\1xoq\1xon,0,4,1019.96 KB (1044437 bytes),NO,2008-09-09 12:17:40 | other.pdb,2026-05-30 14:45:42 | README.txt,CSD-derived context,curation_or_validation
<DATA_ROOT>\data_raw\csd_mof_collection\astex_related\extracted\astex_non_native_set\astex_non_native_set\1xoq\1xor,data_raw\csd_mof_collection\astex_related\extracted\astex_non_native_set\astex_non_native_set\1xoq\1xor,0,6,1008.75 KB (1032958 bytes),NO,2008-09-09 12:17:44 | ligand001.pdb,2026-05-30 14:45:42 | README.txt,CSD-derived context,curation_or_validation
<DATA_ROOT>\data_raw\csd_mof_collection\astex_related\extracted\astex_non_native_set\astex_non_native_set\1xoq\1y2b,data_raw\csd_mof_collection\astex_related\extracted\astex_non_native_set\astex_non_native_set\1xoq\1y2b,0,6,1008.65 KB (1032861 bytes),NO,2008-09-09 12:17:48 | ligand001.pdb,2026-05-30 14:45:42 | README.txt,CSD-derived context,curation_or_validation
<DATA_ROOT>\data_raw\csd_mof_collection\astex_related\extracted\astex_non_native_set\astex_non_native_set\1xoq\1y2c,data_raw\csd_mof_collection\astex_related\extracted\astex_non_native_set\astex_non_native_set\1xoq\1y2c,0,4,1004.73 KB (1028843 bytes),NO,2008-09-09 12:17:50 | other.pdb,2026-05-30 14:45:42 | README.txt,CSD-derived context,curation_or_validation
<DATA_ROOT>\data_raw\csd_mof_collection\astex_related\extracted\astex_non_native_set\astex_non_native_set\1xoq\1y2d,data_raw\csd_mof_collection\astex_related\extracted\astex_non_native_set\astex_non_native_set\1xoq\1y2d,0,4,1.00 MB (1048740 bytes),NO,2008-09-09 12:17:54 | other.pdb,2026-05-30 14:45:42 | README.txt,CSD-derived context,curation_or_validation
<DATA_ROOT>\data_raw\csd_mof_collection\astex_related\extracted\astex_non_native_set\astex_non_native_set\1xoq\1y2e,data_raw\csd_mof_collection\astex_related\extracted\astex_non_native_set\astex_non_native_set\1xoq\1y2e,0,4,982.78 KB (1006367 bytes),NO,2008-09-09 12:17:56 | other.pdb,2026-05-30 14:45:42 | README.txt,CSD-derived context,curation_or_validation
<DATA_ROOT>\data_raw\csd_mof_collection\astex_related\extracted\astex_non_native_set\astex_non_native_set\1xoq\1y2k,data_raw\csd_mof_collection\astex_related\extracted\astex_non_native_set\astex_non_native_set\1xoq\1y2k,0,4,1018.96 KB (1043413 bytes),NO,2008-09-09 12:18:00 | other.pdb,2026-05-30 14:45:42 | README.txt,CSD-derived context,curation_or_validation
<DATA_ROOT>\data_raw\csd_mof_collection\astex_related\extracted\astex_non_native_set\astex_non_native_set\1xoq\1zkn,data_raw\csd_mof_collection\astex_related\extracted\astex_non_native_set\astex_non_native_set\1xoq\1zkn,0,4,1.91 MB (2002474 bytes),NO,2008-09-09 12:18:06 | ligand001.pdb,2026-05-30 14:45:42 | README.txt,CSD-derived context,curation_or_validation
<DATA_ROOT>\data_raw\csd_mof_collection\astex_related\extracted\astex_non_native_set\astex_non_native_set\1xoq\2fm0,data_raw\csd_mof_collection\astex_related\extracted\astex_non_native_set\astex_non_native_set\1xoq\2fm0,0,4,1.93 MB (2021069 bytes),NO,2008-09-09 12:18:12 | ligand001.pdb,2026-05-30 14:45:42 | README.txt,CSD-derived context,curation_or_validation
<DATA_ROOT>\data_raw\csd_mof_collection\astex_related\extracted\astex_non_native_set\astex_non_native_set\1xoq\2fm5,data_raw\csd_mof_collection\astex_related\extracted\astex_non_native_set\astex_non_native_set\1xoq\2fm5,0,4,1.93 MB (2018786 bytes),NO,2008-09-09 12:18:20 | ligand001.pdb,2026-05-30 14:45:42 | README.txt,CSD-derived context,curation_or_validation
<DATA_ROOT>\data_raw\csd_mof_collection\astex_related\extracted\astex_non_native_set\astex_non_native_set\1xoz,data_raw\csd_mof_collection\astex_related\extracted\astex_non_native_set\astex_non_native_set\1xoz,4,1,1.05 KB (1076 bytes),NO,2026-05-30 14:45:40 | README.txt,2026-05-30 14:45:40 | README.txt,CSD-derived context,curation_or_validation
<DATA_ROOT>\data_raw\csd_mof_collection\astex_related\extracted\astex_non_native_set\astex_non_native_set\1xoz\1t9s,data_raw\csd_mof_collection\astex_related\extracted\astex_non_native_set\astex_non_native_set\1xoz\1t9s,0,4,1010.62 KB (1034874 bytes),NO,2008-09-09 12:18:22 | ligand001.pdb,2026-05-30 14:45:42 | README.txt,CSD-derived context,curation_or_validation
<DATA_ROOT>\data_raw\csd_mof_collection\astex_related\extracted\astex_non_native_set\astex_non_native_set\1xoz\1tbf,data_raw\csd_mof_collection\astex_related\extracted\astex_non_native_set\astex_non_native_set\1xoz\1tbf,0,7,511.69 KB (523971 bytes),NO,2008-09-09 12:18:24 | ligand001.pdb,2026-05-30 14:45:42 | README.txt,CSD-derived context,curation_or_validation
<DATA_ROOT>\data_raw\csd_mof_collection\astex_related\extracted\astex_non_native_set\astex_non_native_set\1xoz\1xp0,data_raw\csd_mof_collection\astex_related\extracted\astex_non_native_set\astex_non_native_set\1xoz\1xp0,0,4,496.41 KB (508320 bytes),NO,2008-09-09 12:18:26 | ligand001.pdb,2026-05-30 14:45:42 | README.txt,CSD-derived context,curation_or_validation
<DATA_ROOT>\data_raw\csd_mof_collection\astex_related\extracted\astex_non_native_set\astex_non_native_set\1xoz\2chm,data_raw\csd_mof_collection\astex_related\extracted\astex_non_native_set\astex_non_native_set\1xoz\2chm,0,4,521.97 KB (534499 bytes),NO,2008-09-09 12:18:28 | ligand001.pdb,2026-05-30 14:45:42 | README.txt,CSD-derived context,curation_or_validation
<DATA_ROOT>\data_raw\csd_mof_collection\astex_related\extracted\astex_non_native_set\astex_non_native_set\1ygc,data_raw\csd_mof_collection\astex_related\extracted\astex_non_native_set\astex_non_native_set\1ygc,17,1,1.05 KB (1076 bytes),NO,2026-05-30 14:45:40 | README.txt,2026-05-30 14:45:40 | README.txt,CSD-derived context,curation_or_validation
<DATA_ROOT>\data_raw\csd_mof_collection\astex_related\extracted\astex_non_native_set\astex_non_native_set\1ygc\1cvw,data_raw\csd_mof_collection\astex_related\extracted\astex_non_native_set\astex_non_native_set\1ygc\1cvw,0,4,447.70 KB (458443 bytes),NO,2008-09-09 12:18:30 | ligand001.pdb,2026-05-30 14:45:42 | README.txt,CSD-derived context,curation_or_validation
<DATA_ROOT>\data_raw\csd_mof_collection\astex_related\extracted\astex_non_native_set\astex_non_native_set\1ygc\1dan,data_raw\csd_mof_collection\astex_related\extracted\astex_non_native_set\astex_non_native_set\1ygc\1dan,0,5,851.50 KB (871935 bytes),NO,2008-09-09 12:18:32 | ligand001.pdb,2026-05-30 14:45:42 | README.txt,CSD-derived context,curation_or_validation
<DATA_ROOT>\data_raw\csd_mof_collection\astex_related\extracted\astex_non_native_set\astex_non_native_set\1ygc\1kli,data_raw\csd_mof_collection\astex_related\extracted\astex_non_native_set\astex_non_native_set\1ygc\1kli,0,5,467.52 KB (478739 bytes),NO,2008-09-09 12:18:34 | ligand001.pdb,2026-05-30 14:45:42 | README.txt,CSD-derived context,curation_or_validation
<DATA_ROOT>\data_raw\csd_mof_collection\astex_related\extracted\astex_non_native_set\astex_non_native_set\1ygc\1o5d,data_raw\csd_mof_collection\astex_related\extracted\astex_non_native_set\astex_non_native_set\1ygc\1o5d,0,7,1.11 MB (1163710 bytes),NO,2008-09-09 12:18:38 | ligand001.pdb,2026-05-30 14:45:42 | README.txt,CSD-derived context,curation_or_validation
<DATA_ROOT>\data_raw\csd_mof_collection\astex_related\extracted\astex_non_native_set\astex_non_native_set\1ygc\1w0y,data_raw\csd_mof_collection\astex_related\extracted\astex_non_native_set\astex_non_native_set\1ygc\1w0y,0,4,855.31 KB (875840 bytes),NO,2008-09-09 12:18:42 | ligand001.pdb,2026-05-30 14:45:42 | README.txt,CSD-derived context,curation_or_validation
<DATA_ROOT>\data_raw\csd_mof_collection\astex_related\extracted\astex_non_native_set\astex_non_native_set\1ygc\1w7x,data_raw\csd_mof_collection\astex_related\extracted\astex_non_native_set\astex_non_native_set\1ygc\1w7x,0,4,471.79 KB (483111 bytes),NO,2008-09-09 12:18:42 | ligand001.pdb,2026-05-30 14:45:42 | README.txt,CSD-derived context,curation_or_validation
<DATA_ROOT>\data_raw\csd_mof_collection\astex_related\extracted\astex_non_native_set\astex_non_native_set\1ygc\1wqv,data_raw\csd_mof_collection\astex_related\extracted\astex_non_native_set\astex_non_native_set\1ygc\1wqv,0,4,858.92 KB (879539 bytes),NO,2008-09-09 12:18:46 | ligand001.pdb,2026-05-30 14:45:42 | README.txt,CSD-derived context,curation_or_validation
<DATA_ROOT>\data_raw\csd_mof_collection\astex_related\extracted\astex_non_native_set\astex_non_native_set\1ygc\1wtg,data_raw\csd_mof_collection\astex_related\extracted\astex_non_native_set\astex_non_native_set\1ygc\1wtg,0,4,874.07 KB (895045 bytes),NO,2008-09-09 12:18:48 | ligand001.pdb,2026-05-30 14:45:42 | README.txt,CSD-derived context,curation_or_validation
<DATA_ROOT>\data_raw\csd_mof_collection\astex_related\extracted\astex_non_native_set\astex_non_native_set\1ygc\1wun,data_raw\csd_mof_collection\astex_related\extracted\astex_non_native_set\astex_non_native_set\1ygc\1wun,0,4,861.95 KB (882639 bytes),NO,2008-09-09 12:18:52 | ligand001.pdb,2026-05-30 14:45:42 | README.txt,CSD-derived context,curation_or_validation
<DATA_ROOT>\data_raw\csd_mof_collection\astex_related\extracted\astex_non_native_set\astex_non_native_set\1ygc\1z6j,data_raw\csd_mof_collection\astex_related\extracted\astex_non_native_set\astex_non_native_set\1ygc\1z6j,0,4,878.09 KB (899166 bytes),NO,2008-09-09 12:18:54 | ligand001.pdb,2026-05-30 14:45:42 | README.txt,CSD-derived context,curation_or_validation
<DATA_ROOT>\data_raw\csd_mof_collection\astex_related\extracted\astex_non_native_set\astex_non_native_set\1ygc\2a2q,data_raw\csd_mof_collection\astex_related\extracted\astex_non_native_set\astex_non_native_set\1ygc\2a2q,0,5,885.26 KB (906508 bytes),NO,2008-09-09 12:18:56 | ligand001.pdb,2026-05-30 14:45:42 | README.txt,CSD-derived context,curation_or_validation
<DATA_ROOT>\data_raw\csd_mof_collection\astex_related\extracted\astex_non_native_set\astex_non_native_set\1ygc\2aer,data_raw\csd_mof_collection\astex_related\extracted\astex_non_native_set\astex_non_native_set\1ygc\2aer,0,5,885.63 KB (906884 bytes),NO,2008-09-09 12:19:00 | ligand001.pdb,2026-05-30 14:45:42 | README.txt,CSD-derived context,curation_or_validation
<DATA_ROOT>\data_raw\csd_mof_collection\astex_related\extracted\astex_non_native_set\astex_non_native_set\1ygc\2b7d,data_raw\csd_mof_collection\astex_related\extracted\astex_non_native_set\astex_non_native_set\1ygc\2b7d,0,5,720.34 KB (737633 bytes),NO,2008-09-09 12:19:02 | ligand001.pdb,2026-05-30 14:45:42 | README.txt,CSD-derived context,curation_or_validation
<DATA_ROOT>\data_raw\csd_mof_collection\astex_related\extracted\astex_non_native_set\astex_non_native_set\1ygc\2c4f,data_raw\csd_mof_collection\astex_related\extracted\astex_non_native_set\astex_non_native_set\1ygc\2c4f,0,4,858.31 KB (878913 bytes),NO,2008-09-09 12:19:04 | water.pdb,2026-05-30 14:45:42 | README.txt,CSD-derived context,curation_or_validation
<DATA_ROOT>\data_raw\csd_mof_collection\astex_related\extracted\astex_non_native_set\astex_non_native_set\1ygc\2fir,data_raw\csd_mof_collection\astex_related\extracted\astex_non_native_set\astex_non_native_set\1ygc\2fir,0,5,880.02 KB (901141 bytes),NO,2008-09-09 12:19:08 | ligand001.pdb,2026-05-30 14:45:42 | README.txt,CSD-derived context,curation_or_validation
<DATA_ROOT>\data_raw\csd_mof_collection\astex_related\extracted\astex_non_native_set\astex_non_native_set\1ygc\2flb,data_raw\csd_mof_collection\astex_related\extracted\astex_non_native_set\astex_non_native_set\1ygc\2flb,0,5,726.29 KB (743726 bytes),NO,2008-09-09 12:19:10 | ligand001.pdb,2026-05-30 14:45:42 | README.txt,CSD-derived context,curation_or_validation
<DATA_ROOT>\data_raw\csd_mof_collection\astex_related\extracted\astex_non_native_set\astex_non_native_set\1ygc\2flr,data_raw\csd_mof_collection\astex_related\extracted\astex_non_native_set\astex_non_native_set\1ygc\2flr,0,5,729.96 KB (747484 bytes),NO,2008-09-09 12:19:12 | other.pdb,2026-05-30 14:45:42 | README.txt,CSD-derived context,curation_or_validation
<DATA_ROOT>\data_raw\csd_mof_collection\astex_related\extracted\astex_non_native_set\astex_non_native_set\1yv3,data_raw\csd_mof_collection\astex_related\extracted\astex_non_native_set\astex_non_native_set\1yv3,16,1,1.05 KB (1076 bytes),NO,2026-05-30 14:45:40 | README.txt,2026-05-30 14:45:40 | README.txt,CSD-derived context,curation_or_validation
<DATA_ROOT>\data_raw\csd_mof_collection\astex_related\extracted\astex_non_native_set\astex_non_native_set\1yv3\1d0x,data_raw\csd_mof_collection\astex_related\extracted\astex_non_native_set\astex_non_native_set\1yv3\1d0x,0,3,1.10 MB (1148354 bytes),NO,2008-09-09 12:19:18 | protein.mol2,2026-05-30 14:45:42 | README.txt,CSD-derived context,curation_or_validation
<DATA_ROOT>\data_raw\csd_mof_collection\astex_related\extracted\astex_non_native_set\astex_non_native_set\1yv3\1d0y,data_raw\csd_mof_collection\astex_related\extracted\astex_non_native_set\astex_non_native_set\1yv3\1d0y,0,3,1.09 MB (1145532 bytes),NO,2008-09-09 12:19:20 | protein.mol2,2026-05-30 14:45:42 | README.txt,CSD-derived context,curation_or_validation
<DATA_ROOT>\data_raw\csd_mof_collection\astex_related\extracted\astex_non_native_set\astex_non_native_set\1yv3\1d0z,data_raw\csd_mof_collection\astex_related\extracted\astex_non_native_set\astex_non_native_set\1yv3\1d0z,0,3,1.07 MB (1119276 bytes),NO,2008-09-09 12:19:24 | protein.mol2,2026-05-30 14:45:42 | README.txt,CSD-derived context,curation_or_validation
<DATA_ROOT>\data_raw\csd_mof_collection\astex_related\extracted\astex_non_native_set\astex_non_native_set\1yv3\1d1a,data_raw\csd_mof_collection\astex_related\extracted\astex_non_native_set\astex_non_native_set\1yv3\1d1a,0,3,1.04 MB (1087193 bytes),NO,2008-09-09 12:19:28 | protein.mol2,2026-05-30 14:45:42 | README.txt,CSD-derived context,curation_or_validation
<DATA_ROOT>\data_raw\csd_mof_collection\astex_related\extracted\astex_non_native_set\astex_non_native_set\1yv3\1d1b,data_raw\csd_mof_collection\astex_related\extracted\astex_non_native_set\astex_non_native_set\1yv3\1d1b,0,3,1.06 MB (1110690 bytes),NO,2008-09-09 12:19:30 | water.pdb,2026-05-30 14:45:42 | README.txt,CSD-derived context,curation_or_validation
<DATA_ROOT>\data_raw\csd_mof_collection\astex_related\extracted\astex_non_native_set\astex_non_native_set\1yv3\1d1c,data_raw\csd_mof_collection\astex_related\extracted\astex_non_native_set\astex_non_native_set\1yv3\1d1c,0,3,1.09 MB (1141090 bytes),NO,2008-09-09 12:19:34 | protein.mol2,2026-05-30 14:45:42 | README.txt,CSD-derived context,curation_or_validation
<DATA_ROOT>\data_raw\csd_mof_collection\astex_related\extracted\astex_non_native_set\astex_non_native_set\1yv3\1fmv,data_raw\csd_mof_collection\astex_related\extracted\astex_non_native_set\astex_non_native_set\1yv3\1fmv,0,4,1.08 MB (1133156 bytes),NO,2008-09-09 12:19:38 | other.pdb,2026-05-30 14:45:42 | README.txt,CSD-derived context,curation_or_validation
<DATA_ROOT>\data_raw\csd_mof_collection\astex_related\extracted\astex_non_native_set\astex_non_native_set\1yv3\1fmw,data_raw\csd_mof_collection\astex_related\extracted\astex_non_native_set\astex_non_native_set\1yv3\1fmw,0,4,1.07 MB (1120672 bytes),NO,2008-09-09 12:19:40 | other.pdb,2026-05-30 14:45:42 | README.txt,CSD-derived context,curation_or_validation
<DATA_ROOT>\data_raw\csd_mof_collection\astex_related\extracted\astex_non_native_set\astex_non_native_set\1yv3\1jwy,data_raw\csd_mof_collection\astex_related\extracted\astex_non_native_set\astex_non_native_set\1yv3\1jwy,0,3,1.51 MB (1585418 bytes),NO,2008-09-09 12:19:46 | protein.mol2,2026-05-30 14:45:42 | README.txt,CSD-derived context,curation_or_validation
<DATA_ROOT>\data_raw\csd_mof_collection\astex_related\extracted\astex_non_native_set\astex_non_native_set\1yv3\1jx2,data_raw\csd_mof_collection\astex_related\extracted\astex_non_native_set\astex_non_native_set\1yv3\1jx2,0,3,1.51 MB (1581792 bytes),NO,2008-09-09 12:19:50 | protein.mol2,2026-05-30 14:45:42 | README.txt,CSD-derived context,curation_or_validation
<DATA_ROOT>\data_raw\csd_mof_collection\astex_related\extracted\astex_non_native_set\astex_non_native_set\1yv3\1lvk,data_raw\csd_mof_collection\astex_related\extracted\astex_non_native_set\astex_non_native_set\1yv3\1lvk,0,3,1.05 MB (1096646 bytes),NO,2008-09-09 12:19:54 | other.pdb,2026-05-30 14:45:42 | README.txt,CSD-derived context,curation_or_validation
<DATA_ROOT>\data_raw\csd_mof_collection\astex_related\extracted\astex_non_native_set\astex_non_native_set\1yv3\1mma,data_raw\csd_mof_collection\astex_related\extracted\astex_non_native_set\astex_non_native_set\1yv3\1mma,0,3,1.03 MB (1082214 bytes),NO,2008-09-09 12:19:56 | protein.mol2,2026-05-30 14:45:42 | README.txt,CSD-derived context,curation_or_validation
<DATA_ROOT>\data_raw\csd_mof_collection\astex_related\extracted\astex_non_native_set\astex_non_native_set\1yv3\1mmd,data_raw\csd_mof_collection\astex_related\extracted\astex_non_native_set\astex_non_native_set\1yv3\1mmd,0,3,1.06 MB (1115425 bytes),NO,2008-09-09 12:20:00 | protein.mol2,2026-05-30 14:45:42 | README.txt,CSD-derived context,curation_or_validation
<DATA_ROOT>\data_raw\csd_mof_collection\astex_related\extracted\astex_non_native_set\astex_non_native_set\1yv3\1mmg,data_raw\csd_mof_collection\astex_related\extracted\astex_non_native_set\astex_non_native_set\1yv3\1mmg,0,3,1.06 MB (1111931 bytes),NO,2008-09-09 12:20:04 | protein.mol2,2026-05-30 14:45:42 | README.txt,CSD-derived context,curation_or_validation
<DATA_ROOT>\data_raw\csd_mof_collection\astex_related\extracted\astex_non_native_set\astex_non_native_set\1yv3\1mmn,data_raw\csd_mof_collection\astex_related\extracted\astex_non_native_set\astex_non_native_set\1yv3\1mmn,0,3,1.06 MB (1109620 bytes),NO,2008-09-09 12:20:06 | protein.mol2,2026-05-30 14:45:42 | README.txt,CSD-derived context,curation_or_validation
<DATA_ROOT>\data_raw\csd_mof_collection\astex_related\extracted\astex_non_native_set\astex_non_native_set\1yv3\1vom,data_raw\csd_mof_collection\astex_related\extracted\astex_non_native_set\astex_non_native_set\1yv3\1vom,0,3,1.06 MB (1113150 bytes),NO,2008-09-09 12:20:10 | protein.mol2,2026-05-30 14:45:42 | README.txt,CSD-derived context,curation_or_validation
<DATA_ROOT>\data_raw\csd_mof_collection\astex_related\extracted\astex_non_native_set\astex_non_native_set\1yvf,data_raw\csd_mof_collection\astex_related\extracted\astex_non_native_set\astex_non_native_set\1yvf,1,1,1.05 KB (1076 bytes),NO,2026-05-30 14:45:40 | README.txt,2026-05-30 14:45:40 | README.txt,CSD-derived context,curation_or_validation
<DATA_ROOT>\data_raw\csd_mof_collection\astex_related\extracted\astex_non_native_set\astex_non_native_set\1yvf\1nb4,data_raw\csd_mof_collection\astex_related\extracted\astex_non_native_set\astex_non_native_set\1yvf\1nb4,0,3,1.61 MB (1692404 bytes),NO,2008-09-09 12:20:16 | protein.mol2,2026-05-30 14:45:42 | README.txt,CSD-derived context,curation_or_validation
<DATA_ROOT>\data_raw\csd_mof_collection\astex_related\extracted\astex_non_native_set\astex_non_native_set\1ywr,data_raw\csd_mof_collection\astex_related\extracted\astex_non_native_set\astex_non_native_set\1ywr,36,1,1.05 KB (1076 bytes),NO,2026-05-30 14:45:40 | README.txt,2026-05-30 14:45:40 | README.txt,CSD-derived context,curation_or_validation
<DATA_ROOT>\data_raw\csd_mof_collection\astex_related\extracted\astex_non_native_set\astex_non_native_set\1ywr\1a9u,data_raw\csd_mof_collection\astex_related\extracted\astex_non_native_set\astex_non_native_set\1ywr\1a9u,0,4,523.10 KB (535656 bytes),NO,2008-09-09 12:20:18 | ligand001.pdb,2026-05-30 14:45:42 | README.txt,CSD-derived context,curation_or_validation
<DATA_ROOT>\data_raw\csd_mof_collection\astex_related\extracted\astex_non_native_set\astex_non_native_set\1ywr\1bl6,data_raw\csd_mof_collection\astex_related\extracted\astex_non_native_set\astex_non_native_set\1ywr\1bl6,0,4,521.09 KB (533598 bytes),NO,2008-09-09 12:20:20 | ligand001.pdb,2026-05-30 14:45:42 | README.txt,CSD-derived context,curation_or_validation
<DATA_ROOT>\data_raw\csd_mof_collection\astex_related\extracted\astex_non_native_set\astex_non_native_set\1ywr\1bl7,data_raw\csd_mof_collection\astex_related\extracted\astex_non_native_set\astex_non_native_set\1ywr\1bl7,0,4,520.24 KB (532722 bytes),NO,2008-09-09 12:20:22 | ligand001.pdb,2026-05-30 14:45:42 | README.txt,CSD-derived context,curation_or_validation
<DATA_ROOT>\data_raw\csd_mof_collection\astex_related\extracted\astex_non_native_set\astex_non_native_set\1ywr\1bmk,data_raw\csd_mof_collection\astex_related\extracted\astex_non_native_set\astex_non_native_set\1ywr\1bmk,0,4,522.38 KB (534922 bytes),NO,2008-09-09 12:20:24 | ligand001.pdb,2026-05-30 14:45:42 | README.txt,CSD-derived context,curation_or_validation
<DATA_ROOT>\data_raw\csd_mof_collection\astex_related\extracted\astex_non_native_set\astex_non_native_set\1ywr\1kv1,data_raw\csd_mof_collection\astex_related\extracted\astex_non_native_set\astex_non_native_set\1ywr\1kv1,0,4,490.29 KB (502059 bytes),NO,2008-09-09 12:20:24 | water.pdb,2026-05-30 14:45:42 | README.txt,CSD-derived context,curation_or_validation
<DATA_ROOT>\data_raw\csd_mof_collection\astex_related\extracted\astex_non_native_set\astex_non_native_set\1ywr\1lew,data_raw\csd_mof_collection\astex_related\extracted\astex_non_native_set\astex_non_native_set\1ywr\1lew,0,3,524.12 KB (536697 bytes),NO,2008-09-09 12:20:26 | protein.mol2,2026-05-30 14:45:42 | README.txt,CSD-derived context,curation_or_validation
<DATA_ROOT>\data_raw\csd_mof_collection\astex_related\extracted\astex_non_native_set\astex_non_native_set\1ywr\1lez,data_raw\csd_mof_collection\astex_related\extracted\astex_non_native_set\astex_non_native_set\1ywr\1lez,0,3,521.36 KB (533869 bytes),NO,2008-09-09 12:20:28 | protein.mol2,2026-05-30 14:45:42 | README.txt,CSD-derived context,curation_or_validation
<DATA_ROOT>\data_raw\csd_mof_collection\astex_related\extracted\astex_non_native_set\astex_non_native_set\1ywr\1m7q,data_raw\csd_mof_collection\astex_related\extracted\astex_non_native_set\astex_non_native_set\1ywr\1m7q,0,4,518.99 KB (531442 bytes),NO,2008-09-09 12:20:30 | ligand001.pdb,2026-05-30 14:45:42 | README.txt,CSD-derived context,curation_or_validation
<DATA_ROOT>\data_raw\csd_mof_collection\astex_related\extracted\astex_non_native_set\astex_non_native_set\1ywr\1ouk,data_raw\csd_mof_collection\astex_related\extracted\astex_non_native_set\astex_non_native_set\1ywr\1ouk,0,4,522.56 KB (535101 bytes),NO,2008-09-09 12:20:32 | ligand001.pdb,2026-05-30 14:45:42 | README.txt,CSD-derived context,curation_or_validation
<DATA_ROOT>\data_raw\csd_mof_collection\astex_related\extracted\astex_non_native_set\astex_non_native_set\1ywr\1ouy,data_raw\csd_mof_collection\astex_related\extracted\astex_non_native_set\astex_non_native_set\1ywr\1ouy,0,4,517.81 KB (530234 bytes),NO,2008-09-09 12:20:34 | ligand001.pdb,2026-05-30 14:45:42 | README.txt,CSD-derived context,curation_or_validation
<DATA_ROOT>\data_raw\csd_mof_collection\astex_related\extracted\astex_non_native_set\astex_non_native_set\1ywr\1ove,data_raw\csd_mof_collection\astex_related\extracted\astex_non_native_set\astex_non_native_set\1ywr\1ove,0,5,537.25 KB (550148 bytes),NO,2008-09-09 12:20:36 | ligand001.pdb,2026-05-30 14:45:42 | README.txt,CSD-derived context,curation_or_validation
<DATA_ROOT>\data_raw\csd_mof_collection\astex_related\extracted\astex_non_native_set\astex_non_native_set\1ywr\1oz1,data_raw\csd_mof_collection\astex_related\extracted\astex_non_native_set\astex_non_native_set\1ywr\1oz1,0,5,520.72 KB (533220 bytes),NO,2008-09-09 12:20:36 | other.pdb,2026-05-30 14:45:42 | README.txt,CSD-derived context,curation_or_validation
<DATA_ROOT>\data_raw\csd_mof_collection\astex_related\extracted\astex_non_native_set\astex_non_native_set\1ywr\1p38,data_raw\csd_mof_collection\astex_related\extracted\astex_non_native_set\astex_non_native_set\1ywr\1p38,0,3,522.70 KB (535243 bytes),NO,2008-09-09 12:20:38 | protein.mol2,2026-05-30 14:45:42 | README.txt,CSD-derived context,curation_or_validation
<DATA_ROOT>\data_raw\csd_mof_collection\astex_related\extracted\astex_non_native_set\astex_non_native_set\1ywr\1r39,data_raw\csd_mof_collection\astex_related\extracted\astex_non_native_set\astex_non_native_set\1ywr\1r39,0,3,513.22 KB (525541 bytes),NO,2008-09-09 12:20:40 | protein.mol2,2026-05-30 14:45:42 | README.txt,CSD-derived context,curation_or_validation
<DATA_ROOT>\data_raw\csd_mof_collection\astex_related\extracted\astex_non_native_set\astex_non_native_set\1ywr\1r3c,data_raw\csd_mof_collection\astex_related\extracted\astex_non_native_set\astex_non_native_set\1ywr\1r3c,0,5,529.23 KB (541928 bytes),NO,2008-09-09 12:20:42 | ligand_other.pdb,2026-05-30 14:45:42 | README.txt,CSD-derived context,curation_or_validation
<DATA_ROOT>\data_raw\csd_mof_collection\astex_related\extracted\astex_non_native_set\astex_non_native_set\1ywr\1w7h,data_raw\csd_mof_collection\astex_related\extracted\astex_non_native_set\astex_non_native_set\1ywr\1w7h,0,4,551.02 KB (564240 bytes),NO,2008-09-09 12:20:44 | ligand001.pdb,2026-05-30 14:45:42 | README.txt,CSD-derived context,curation_or_validation
<DATA_ROOT>\data_raw\csd_mof_collection\astex_related\extracted\astex_non_native_set\astex_non_native_set\1ywr\1w82,data_raw\csd_mof_collection\astex_related\extracted\astex_non_native_set\astex_non_native_set\1ywr\1w82,0,4,556.79 KB (570153 bytes),NO,2008-09-09 12:20:46 | ligand001.pdb,2026-05-30 14:45:42 | README.txt,CSD-derived context,curation_or_validation
<DATA_ROOT>\data_raw\csd_mof_collection\astex_related\extracted\astex_non_native_set\astex_non_native_set\1ywr\1w83,data_raw\csd_mof_collection\astex_related\extracted\astex_non_native_set\astex_non_native_set\1ywr\1w83,0,4,545.05 KB (558127 bytes),NO,2008-09-09 12:20:48 | ligand001.pdb,2026-05-30 14:45:42 | README.txt,CSD-derived context,curation_or_validation
<DATA_ROOT>\data_raw\csd_mof_collection\astex_related\extracted\astex_non_native_set\astex_non_native_set\1ywr\1w84,data_raw\csd_mof_collection\astex_related\extracted\astex_non_native_set\astex_non_native_set\1ywr\1w84,0,4,559.57 KB (572998 bytes),NO,2008-09-09 12:20:50 | ligand001.pdb,2026-05-30 14:45:42 | README.txt,CSD-derived context,curation_or_validation
<DATA_ROOT>\data_raw\csd_mof_collection\astex_related\extracted\astex_non_native_set\astex_non_native_set\1ywr\1wbn,data_raw\csd_mof_collection\astex_related\extracted\astex_non_native_set\astex_non_native_set\1ywr\1wbn,0,4,558.85 KB (572265 bytes),NO,2008-09-09 12:20:50 | ligand001.pdb,2026-05-30 14:45:42 | README.txt,CSD-derived context,curation_or_validation
<DATA_ROOT>\data_raw\csd_mof_collection\astex_related\extracted\astex_non_native_set\astex_non_native_set\1ywr\1wbo,data_raw\csd_mof_collection\astex_related\extracted\astex_non_native_set\astex_non_native_set\1ywr\1wbo,0,4,539.50 KB (552446 bytes),NO,2008-09-09 12:20:52 | ligand001.pdb,2026-05-30 14:45:42 | README.txt,CSD-derived context,curation_or_validation
<DATA_ROOT>\data_raw\csd_mof_collection\astex_related\extracted\astex_non_native_set\astex_non_native_set\1ywr\1wbs,data_raw\csd_mof_collection\astex_related\extracted\astex_non_native_set\astex_non_native_set\1ywr\1wbs,0,4,548.53 KB (561697 bytes),NO,2008-09-09 12:20:54 | ligand001.pdb,2026-05-30 14:45:42 | README.txt,CSD-derived context,curation_or_validation
<DATA_ROOT>\data_raw\csd_mof_collection\astex_related\extracted\astex_non_native_set\astex_non_native_set\1ywr\1wbt,data_raw\csd_mof_collection\astex_related\extracted\astex_non_native_set\astex_non_native_set\1ywr\1wbt,0,4,536.39 KB (549268 bytes),NO,2008-09-09 12:20:56 | ligand001.pdb,2026-05-30 14:45:42 | README.txt,CSD-derived context,curation_or_validation
<DATA_ROOT>\data_raw\csd_mof_collection\astex_related\extracted\astex_non_native_set\astex_non_native_set\1ywr\1wbv,data_raw\csd_mof_collection\astex_related\extracted\astex_non_native_set\astex_non_native_set\1ywr\1wbv,0,6,563.16 KB (576671 bytes),NO,2008-09-09 12:20:58 | ligand001.pdb,2026-05-30 14:45:42 | README.txt,CSD-derived context,curation_or_validation
<DATA_ROOT>\data_raw\csd_mof_collection\astex_related\extracted\astex_non_native_set\astex_non_native_set\1ywr\1wbw,data_raw\csd_mof_collection\astex_related\extracted\astex_non_native_set\astex_non_native_set\1ywr\1wbw,0,4,535.86 KB (548724 bytes),NO,2008-09-09 12:21:00 | ligand001.pdb,2026-05-30 14:45:42 | README.txt,CSD-derived context,curation_or_validation
<DATA_ROOT>\data_raw\csd_mof_collection\astex_related\extracted\astex_non_native_set\astex_non_native_set\1ywr\1wfc,data_raw\csd_mof_collection\astex_related\extracted\astex_non_native_set\astex_non_native_set\1ywr\1wfc,0,3,511.62 KB (523903 bytes),NO,2008-09-09 12:21:02 | protein.mol2,2026-05-30 14:45:42 | README.txt,CSD-derived context,curation_or_validation
<DATA_ROOT>\data_raw\csd_mof_collection\astex_related\extracted\astex_non_native_set\astex_non_native_set\1ywr\1yqj,data_raw\csd_mof_collection\astex_related\extracted\astex_non_native_set\astex_non_native_set\1ywr\1yqj,0,4,533.76 KB (546573 bytes),NO,2008-09-09 12:21:02 | water.pdb,2026-05-30 14:45:42 | README.txt,CSD-derived context,curation_or_validation
<DATA_ROOT>\data_raw\csd_mof_collection\astex_related\extracted\astex_non_native_set\astex_non_native_set\1ywr\1zz2,data_raw\csd_mof_collection\astex_related\extracted\astex_non_native_set\astex_non_native_set\1ywr\1zz2,0,4,508.68 KB (520884 bytes),NO,2008-09-09 12:21:04 | ligand001.pdb,2026-05-30 14:45:42 | README.txt,CSD-derived context,curation_or_validation
<DATA_ROOT>\data_raw\csd_mof_collection\astex_related\extracted\astex_non_native_set\astex_non_native_set\1ywr\1zzl,data_raw\csd_mof_collection\astex_related\extracted\astex_non_native_set\astex_non_native_set\1ywr\1zzl,0,4,524.25 KB (536837 bytes),NO,2008-09-09 12:21:06 | ligand001.pdb,2026-05-30 14:45:42 | README.txt,CSD-derived context,curation_or_validation
<DATA_ROOT>\data_raw\csd_mof_collection\astex_related\extracted\astex_non_native_set\astex_non_native_set\1ywr\2bak,data_raw\csd_mof_collection\astex_related\extracted\astex_non_native_set\astex_non_native_set\1ywr\2bak,0,4,500.22 KB (512229 bytes),NO,2008-09-09 12:21:08 | ligand001.pdb,2026-05-30 14:45:42 | README.txt,CSD-derived context,curation_or_validation
<DATA_ROOT>\data_raw\csd_mof_collection\astex_related\extracted\astex_non_native_set\astex_non_native_set\1ywr\2bal,data_raw\csd_mof_collection\astex_related\extracted\astex_non_native_set\astex_non_native_set\1ywr\2bal,0,4,505.09 KB (517212 bytes),NO,2008-09-09 12:21:10 | ligand001.pdb,2026-05-30 14:45:42 | README.txt,CSD-derived context,curation_or_validation
<DATA_ROOT>\data_raw\csd_mof_collection\astex_related\extracted\astex_non_native_set\astex_non_native_set\1ywr\2gfs,data_raw\csd_mof_collection\astex_related\extracted\astex_non_native_set\astex_non_native_set\1ywr\2gfs,0,5,530.35 KB (543078 bytes),NO,2008-09-09 12:21:12 | ligand001.pdb,2026-05-30 14:45:42 | README.txt,CSD-derived context,curation_or_validation
<DATA_ROOT>\data_raw\csd_mof_collection\astex_related\extracted\astex_non_native_set\astex_non_native_set\1ywr\2ghl,data_raw\csd_mof_collection\astex_related\extracted\astex_non_native_set\astex_non_native_set\1ywr\2ghl,0,4,514.36 KB (526709 bytes),NO,2008-09-09 12:21:14 | ligand001.pdb,2026-05-30 14:45:42 | README.txt,CSD-derived context,curation_or_validation
<DATA_ROOT>\data_raw\csd_mof_collection\astex_related\extracted\astex_non_native_set\astex_non_native_set\1ywr\2ghm,data_raw\csd_mof_collection\astex_related\extracted\astex_non_native_set\astex_non_native_set\1ywr\2ghm,0,4,503.02 KB (515093 bytes),NO,2008-09-09 12:21:14 | ligand001.pdb,2026-05-30 14:45:42 | README.txt,CSD-derived context,curation_or_validation
<DATA_ROOT>\data_raw\csd_mof_collection\astex_related\extracted\astex_non_native_set\astex_non_native_set\1ywr\2gtn,data_raw\csd_mof_collection\astex_related\extracted\astex_non_native_set\astex_non_native_set\1ywr\2gtn,0,4,513.63 KB (525953 bytes),NO,2008-09-09 12:21:16 | ligand001.pdb,2026-05-30 14:45:42 | README.txt,CSD-derived context,curation_or_validation
<DATA_ROOT>\data_raw\csd_mof_collection\astex_related\extracted\astex_non_native_set\astex_non_native_set\1ywr\2i0h,data_raw\csd_mof_collection\astex_related\extracted\astex_non_native_set\astex_non_native_set\1ywr\2i0h,0,6,554.33 KB (567638 bytes),NO,2008-09-09 12:21:18 | ligand001.pdb,2026-05-30 14:45:42 | README.txt,CSD-derived context,curation_or_validation
<DATA_ROOT>\data_raw\csd_mof_collection\astex_related\extracted\astex_non_native_set\astex_non_native_set\1z95,data_raw\csd_mof_collection\astex_related\extracted\astex_non_native_set\astex_non_native_set\1z95,1,1,1.05 KB (1076 bytes),NO,2026-05-30 14:45:40 | README.txt,2026-05-30 14:45:40 | README.txt,CSD-derived context,curation_or_validation
<DATA_ROOT>\data_raw\csd_mof_collection\astex_related\extracted\astex_non_native_set\astex_non_native_set\1z95\2ax8,data_raw\csd_mof_collection\astex_related\extracted\astex_non_native_set\astex_non_native_set\1z95\2ax8,0,4,374.05 KB (383027 bytes),NO,2008-09-09 12:21:20 | ligand001.pdb,2026-05-30 14:45:42 | README.txt,CSD-derived context,curation_or_validation
<DATA_ROOT>\data_raw\csd_mof_collection\astex_related\extracted\astex_non_native_set\astex_non_native_set\2bm2,data_raw\csd_mof_collection\astex_related\extracted\astex_non_native_set\astex_non_native_set\2bm2,1,1,1.05 KB (1076 bytes),NO,2026-05-30 14:45:40 | README.txt,2026-05-30 14:45:40 | README.txt,CSD-derived context,curation_or_validation
<DATA_ROOT>\data_raw\csd_mof_collection\astex_related\extracted\astex_non_native_set\astex_non_native_set\2bm2\2fpz,data_raw\csd_mof_collection\astex_related\extracted\astex_non_native_set\astex_non_native_set\2bm2\2fpz,0,4,1.38 MB (1450910 bytes),NO,2008-09-09 12:21:24 | ligand001.pdb,2026-05-30 14:45:42 | README.txt,CSD-derived context,curation_or_validation
<DATA_ROOT>\data_raw\csd_mof_collection\astex_related\extracted\astex_non_native_set\astex_non_native_set\2br1,data_raw\csd_mof_collection\astex_related\extracted\astex_non_native_set\astex_non_native_set\2br1,16,1,1.05 KB (1076 bytes),NO,2026-05-30 14:45:40 | README.txt,2026-05-30 14:45:40 | README.txt,CSD-derived context,curation_or_validation
<DATA_ROOT>\data_raw\csd_mof_collection\astex_related\extracted\astex_non_native_set\astex_non_native_set\2br1\1ia8,data_raw\csd_mof_collection\astex_related\extracted\astex_non_native_set\astex_non_native_set\2br1\1ia8,0,3,408.44 KB (418245 bytes),NO,2008-09-09 12:21:26 | protein.mol2,2026-05-30 14:45:42 | README.txt,CSD-derived context,curation_or_validation
<DATA_ROOT>\data_raw\csd_mof_collection\astex_related\extracted\astex_non_native_set\astex_non_native_set\2br1\1nvq,data_raw\csd_mof_collection\astex_related\extracted\astex_non_native_set\astex_non_native_set\2br1\1nvq,0,4,411.91 KB (421795 bytes),NO,2008-09-09 12:21:28 | ligand001.pdb,2026-05-30 14:45:42 | README.txt,CSD-derived context,curation_or_validation
<DATA_ROOT>\data_raw\csd_mof_collection\astex_related\extracted\astex_non_native_set\astex_non_native_set\2br1\1nvr,data_raw\csd_mof_collection\astex_related\extracted\astex_non_native_set\astex_non_native_set\2br1\1nvr,0,4,413.28 KB (423203 bytes),NO,2008-09-09 12:21:30 | ligand001.pdb,2026-05-30 14:45:42 | README.txt,CSD-derived context,curation_or_validation
<DATA_ROOT>\data_raw\csd_mof_collection\astex_related\extracted\astex_non_native_set\astex_non_native_set\2br1\1nvs,data_raw\csd_mof_collection\astex_related\extracted\astex_non_native_set\astex_non_native_set\2br1\1nvs,0,4,410.70 KB (420555 bytes),NO,2008-09-09 12:21:30 | ligand001.pdb,2026-05-30 14:45:42 | README.txt,CSD-derived context,curation_or_validation
<DATA_ROOT>\data_raw\csd_mof_collection\astex_related\extracted\astex_non_native_set\astex_non_native_set\2br1\1zlt,data_raw\csd_mof_collection\astex_related\extracted\astex_non_native_set\astex_non_native_set\2br1\1zlt,0,4,419.46 KB (429527 bytes),NO,2008-09-09 12:21:32 | ligand001.pdb,2026-05-30 14:45:42 | README.txt,CSD-derived context,curation_or_validation
<DATA_ROOT>\data_raw\csd_mof_collection\astex_related\extracted\astex_non_native_set\astex_non_native_set\2br1\1zys,data_raw\csd_mof_collection\astex_related\extracted\astex_non_native_set\astex_non_native_set\2br1\1zys,0,4,432.38 KB (442758 bytes),NO,2008-09-09 12:21:34 | ligand001.pdb,2026-05-30 14:45:42 | README.txt,CSD-derived context,curation_or_validation
<DATA_ROOT>\data_raw\csd_mof_collection\astex_related\extracted\astex_non_native_set\astex_non_native_set\2br1\2brb,data_raw\csd_mof_collection\astex_related\extracted\astex_non_native_set\astex_non_native_set\2br1\2brb,0,4,414.77 KB (424725 bytes),NO,2008-09-09 12:21:36 | ligand001.pdb,2026-05-30 14:45:42 | README.txt,CSD-derived context,curation_or_validation
<DATA_ROOT>\data_raw\csd_mof_collection\astex_related\extracted\astex_non_native_set\astex_non_native_set\2br1\2brg,data_raw\csd_mof_collection\astex_related\extracted\astex_non_native_set\astex_non_native_set\2br1\2brg,0,4,397.46 KB (406999 bytes),NO,2008-09-09 12:21:36 | ligand001.pdb,2026-05-30 14:45:42 | README.txt,CSD-derived context,curation_or_validation
<DATA_ROOT>\data_raw\csd_mof_collection\astex_related\extracted\astex_non_native_set\astex_non_native_set\2br1\2brh,data_raw\csd_mof_collection\astex_related\extracted\astex_non_native_set\astex_non_native_set\2br1\2brh,0,5,405.16 KB (414888 bytes),NO,2008-09-09 12:21:38 | ligand001.pdb,2026-05-30 14:45:42 | README.txt,CSD-derived context,curation_or_validation
<DATA_ROOT>\data_raw\csd_mof_collection\astex_related\extracted\astex_non_native_set\astex_non_native_set\2br1\2brm,data_raw\csd_mof_collection\astex_related\extracted\astex_non_native_set\astex_non_native_set\2br1\2brm,0,5,405.21 KB (414933 bytes),NO,2008-09-09 12:21:40 | ligand001.pdb,2026-05-30 14:45:42 | README.txt,CSD-derived context,curation_or_validation
<DATA_ROOT>\data_raw\csd_mof_collection\astex_related\extracted\astex_non_native_set\astex_non_native_set\2br1\2bro,data_raw\csd_mof_collection\astex_related\extracted\astex_non_native_set\astex_non_native_set\2br1\2bro,0,4,415.75 KB (425732 bytes),NO,2008-09-09 12:21:42 | ligand001.pdb,2026-05-30 14:45:42 | README.txt,CSD-derived context,curation_or_validation
<DATA_ROOT>\data_raw\csd_mof_collection\astex_related\extracted\astex_non_native_set\astex_non_native_set\2br1\2c3l,data_raw\csd_mof_collection\astex_related\extracted\astex_non_native_set\astex_non_native_set\2br1\2c3l,0,4,408.31 KB (418111 bytes),NO,2008-09-09 12:21:42 | water.pdb,2026-05-30 14:45:42 | README.txt,CSD-derived context,curation_or_validation
<DATA_ROOT>\data_raw\csd_mof_collection\astex_related\extracted\astex_non_native_set\astex_non_native_set\2br1\2cgu,data_raw\csd_mof_collection\astex_related\extracted\astex_non_native_set\astex_non_native_set\2br1\2cgu,0,4,399.95 KB (409549 bytes),NO,2008-09-09 12:21:44 | ligand001.pdb,2026-05-30 14:45:42 | README.txt,CSD-derived context,curation_or_validation
<DATA_ROOT>\data_raw\csd_mof_collection\astex_related\extracted\astex_non_native_set\astex_non_native_set\2br1\2cgw,data_raw\csd_mof_collection\astex_related\extracted\astex_non_native_set\astex_non_native_set\2br1\2cgw,0,4,404.14 KB (413843 bytes),NO,2008-09-09 12:21:46 | ligand001.pdb,2026-05-30 14:45:42 | README.txt,CSD-derived context,curation_or_validation
<DATA_ROOT>\data_raw\csd_mof_collection\astex_related\extracted\astex_non_native_set\astex_non_native_set\2br1\2cgx,data_raw\csd_mof_collection\astex_related\extracted\astex_non_native_set\astex_non_native_set\2br1\2cgx,0,4,402.93 KB (412600 bytes),NO,2008-09-09 12:21:48 | ligand001.pdb,2026-05-30 14:45:42 | README.txt,CSD-derived context,curation_or_validation
<DATA_ROOT>\data_raw\csd_mof_collection\astex_related\extracted\astex_non_native_set\astex_non_native_set\2br1\2hog,data_raw\csd_mof_collection\astex_related\extracted\astex_non_native_set\astex_non_native_set\2br1\2hog,0,4,421.23 KB (431343 bytes),NO,2008-09-09 12:21:48 | water.pdb,2026-05-30 14:45:42 | README.txt,CSD-derived context,curation_or_validation
<DATA_ROOT>\data_raw\csd_mof_collection\astex_related\extracted\astex_non_native_set\astex_non_native_set\2bsm,data_raw\csd_mof_collection\astex_related\extracted\astex_non_native_set\astex_non_native_set\2bsm,32,1,1.05 KB (1076 bytes),NO,2026-05-30 14:45:40 | README.txt,2026-05-30 14:45:40 | README.txt,CSD-derived context,curation_or_validation
<DATA_ROOT>\data_raw\csd_mof_collection\astex_related\extracted\astex_non_native_set\astex_non_native_set\2bsm\1byq,data_raw\csd_mof_collection\astex_related\extracted\astex_non_native_set\astex_non_native_set\2bsm\1byq,0,5,336.38 KB (344448 bytes),NO,2008-09-09 12:21:52 | ligand001.pdb,2026-05-30 14:45:42 | README.txt,CSD-derived context,curation_or_validation
<DATA_ROOT>\data_raw\csd_mof_collection\astex_related\extracted\astex_non_native_set\astex_non_native_set\2bsm\1osf,data_raw\csd_mof_collection\astex_related\extracted\astex_non_native_set\astex_non_native_set\2bsm\1osf,0,4,337.22 KB (345318 bytes),NO,2008-09-09 12:21:52 | ligand001.pdb,2026-05-30 14:45:42 | README.txt,CSD-derived context,curation_or_validation
<DATA_ROOT>\data_raw\csd_mof_collection\astex_related\extracted\astex_non_native_set\astex_non_native_set\2bsm\1uy6,data_raw\csd_mof_collection\astex_related\extracted\astex_non_native_set\astex_non_native_set\2bsm\1uy6,0,5,319.60 KB (327267 bytes),NO,2008-09-09 12:21:54 | ligand001.pdb,2026-05-30 14:45:42 | README.txt,CSD-derived context,curation_or_validation
<DATA_ROOT>\data_raw\csd_mof_collection\astex_related\extracted\astex_non_native_set\astex_non_native_set\2bsm\1uy7,data_raw\csd_mof_collection\astex_related\extracted\astex_non_native_set\astex_non_native_set\2bsm\1uy7,0,5,320.50 KB (328190 bytes),NO,2008-09-09 12:21:56 | ligand001.pdb,2026-05-30 14:45:42 | README.txt,CSD-derived context,curation_or_validation
<DATA_ROOT>\data_raw\csd_mof_collection\astex_related\extracted\astex_non_native_set\astex_non_native_set\2bsm\1uy8,data_raw\csd_mof_collection\astex_related\extracted\astex_non_native_set\astex_non_native_set\2bsm\1uy8,0,4,317.37 KB (324984 bytes),NO,2008-09-09 12:21:56 | ligand001.pdb,2026-05-30 14:45:42 | README.txt,CSD-derived context,curation_or_validation
<DATA_ROOT>\data_raw\csd_mof_collection\astex_related\extracted\astex_non_native_set\astex_non_native_set\2bsm\1uy9,data_raw\csd_mof_collection\astex_related\extracted\astex_non_native_set\astex_non_native_set\2bsm\1uy9,0,5,320.24 KB (327930 bytes),NO,2008-09-09 12:21:58 | ligand001.pdb,2026-05-30 14:45:42 | README.txt,CSD-derived context,curation_or_validation
<DATA_ROOT>\data_raw\csd_mof_collection\astex_related\extracted\astex_non_native_set\astex_non_native_set\2bsm\1uyc,data_raw\csd_mof_collection\astex_related\extracted\astex_non_native_set\astex_non_native_set\2bsm\1uyc,0,5,320.87 KB (328569 bytes),NO,2008-09-09 12:22:00 | ligand001.pdb,2026-05-30 14:45:42 | README.txt,CSD-derived context,curation_or_validation
<DATA_ROOT>\data_raw\csd_mof_collection\astex_related\extracted\astex_non_native_set\astex_non_native_set\2bsm\1uyd,data_raw\csd_mof_collection\astex_related\extracted\astex_non_native_set\astex_non_native_set\2bsm\1uyd,0,5,323.17 KB (330922 bytes),NO,2008-09-09 12:22:00 | ligand001.pdb,2026-05-30 14:45:42 | README.txt,CSD-derived context,curation_or_validation
<DATA_ROOT>\data_raw\csd_mof_collection\astex_related\extracted\astex_non_native_set\astex_non_native_set\2bsm\1uye,data_raw\csd_mof_collection\astex_related\extracted\astex_non_native_set\astex_non_native_set\2bsm\1uye,0,5,323.29 KB (331045 bytes),NO,2008-09-09 12:22:02 | ligand001.pdb,2026-05-30 14:45:42 | README.txt,CSD-derived context,curation_or_validation
<DATA_ROOT>\data_raw\csd_mof_collection\astex_related\extracted\astex_non_native_set\astex_non_native_set\2bsm\1uyf,data_raw\csd_mof_collection\astex_related\extracted\astex_non_native_set\astex_non_native_set\2bsm\1uyf,0,5,323.46 KB (331227 bytes),NO,2008-09-09 12:22:02 | ligand001.pdb,2026-05-30 14:45:42 | README.txt,CSD-derived context,curation_or_validation
<DATA_ROOT>\data_raw\csd_mof_collection\astex_related\extracted\astex_non_native_set\astex_non_native_set\2bsm\1uyg,data_raw\csd_mof_collection\astex_related\extracted\astex_non_native_set\astex_non_native_set\2bsm\1uyg,0,5,317.61 KB (325233 bytes),NO,2008-09-09 12:22:04 | ligand001.pdb,2026-05-30 14:45:42 | README.txt,CSD-derived context,curation_or_validation
<DATA_ROOT>\data_raw\csd_mof_collection\astex_related\extracted\astex_non_native_set\astex_non_native_set\2bsm\1uyh,data_raw\csd_mof_collection\astex_related\extracted\astex_non_native_set\astex_non_native_set\2bsm\1uyh,0,5,318.01 KB (325645 bytes),NO,2008-09-09 12:22:06 | ligand001.pdb,2026-05-30 14:45:42 | README.txt,CSD-derived context,curation_or_validation
<DATA_ROOT>\data_raw\csd_mof_collection\astex_related\extracted\astex_non_native_set\astex_non_native_set\2bsm\1uyi,data_raw\csd_mof_collection\astex_related\extracted\astex_non_native_set\astex_non_native_set\2bsm\1uyi,0,5,319.94 KB (327614 bytes),NO,2008-09-09 12:22:06 | ligand001.pdb,2026-05-30 14:45:42 | README.txt,CSD-derived context,curation_or_validation
<DATA_ROOT>\data_raw\csd_mof_collection\astex_related\extracted\astex_non_native_set\astex_non_native_set\2bsm\1uyk,data_raw\csd_mof_collection\astex_related\extracted\astex_non_native_set\astex_non_native_set\2bsm\1uyk,0,5,311.52 KB (318995 bytes),NO,2008-09-09 12:22:08 | ligand001.pdb,2026-05-30 14:45:42 | README.txt,CSD-derived context,curation_or_validation
<DATA_ROOT>\data_raw\csd_mof_collection\astex_related\extracted\astex_non_native_set\astex_non_native_set\2bsm\1uyl,data_raw\csd_mof_collection\astex_related\extracted\astex_non_native_set\astex_non_native_set\2bsm\1uyl,0,4,318.15 KB (325789 bytes),NO,2008-09-09 12:22:10 | other.pdb,2026-05-30 14:45:42 | README.txt,CSD-derived context,curation_or_validation
<DATA_ROOT>\data_raw\csd_mof_collection\astex_related\extracted\astex_non_native_set\astex_non_native_set\2bsm\1yc1,data_raw\csd_mof_collection\astex_related\extracted\astex_non_native_set\astex_non_native_set\2bsm\1yc1,0,4,326.77 KB (334617 bytes),NO,2008-09-09 12:22:10 | ligand001.pdb,2026-05-30 14:45:42 | README.txt,CSD-derived context,curation_or_validation
<DATA_ROOT>\data_raw\csd_mof_collection\astex_related\extracted\astex_non_native_set\astex_non_native_set\2bsm\1yc3,data_raw\csd_mof_collection\astex_related\extracted\astex_non_native_set\astex_non_native_set\2bsm\1yc3,0,4,321.00 KB (328709 bytes),NO,2008-09-09 12:22:12 | ligand001.pdb,2026-05-30 14:45:42 | README.txt,CSD-derived context,curation_or_validation
<DATA_ROOT>\data_raw\csd_mof_collection\astex_related\extracted\astex_non_native_set\astex_non_native_set\2bsm\1yc4,data_raw\csd_mof_collection\astex_related\extracted\astex_non_native_set\astex_non_native_set\2bsm\1yc4,0,4,319.03 KB (326687 bytes),NO,2008-09-09 12:22:12 | ligand001.pdb,2026-05-30 14:45:42 | README.txt,CSD-derived context,curation_or_validation
<DATA_ROOT>\data_raw\csd_mof_collection\astex_related\extracted\astex_non_native_set\astex_non_native_set\2bsm\1yer,data_raw\csd_mof_collection\astex_related\extracted\astex_non_native_set\astex_non_native_set\2bsm\1yer,0,3,321.46 KB (329180 bytes),NO,2008-09-09 12:22:14 | protein.mol2,2026-05-30 14:45:42 | README.txt,CSD-derived context,curation_or_validation
<DATA_ROOT>\data_raw\csd_mof_collection\astex_related\extracted\astex_non_native_set\astex_non_native_set\2bsm\1yes,data_raw\csd_mof_collection\astex_related\extracted\astex_non_native_set\astex_non_native_set\2bsm\1yes,0,3,322.87 KB (330617 bytes),NO,2008-09-09 12:22:16 | protein.mol2,2026-05-30 14:45:42 | README.txt,CSD-derived context,curation_or_validation
<DATA_ROOT>\data_raw\csd_mof_collection\astex_related\extracted\astex_non_native_set\astex_non_native_set\2bsm\1yet,data_raw\csd_mof_collection\astex_related\extracted\astex_non_native_set\astex_non_native_set\2bsm\1yet,0,4,329.19 KB (337095 bytes),NO,2008-09-09 12:22:16 | ligand001.pdb,2026-05-30 14:45:42 | README.txt,CSD-derived context,curation_or_validation
<DATA_ROOT>\data_raw\csd_mof_collection\astex_related\extracted\astex_non_native_set\astex_non_native_set\2bsm\2bt0,data_raw\csd_mof_collection\astex_related\extracted\astex_non_native_set\astex_non_native_set\2bsm\2bt0,0,5,637.22 KB (652515 bytes),NO,2008-09-09 12:22:18 | ligand001.pdb,2026-05-30 14:45:42 | README.txt,CSD-derived context,curation_or_validation
<DATA_ROOT>\data_raw\csd_mof_collection\astex_related\extracted\astex_non_native_set\astex_non_native_set\2bsm\2byh,data_raw\csd_mof_collection\astex_related\extracted\astex_non_native_set\astex_non_native_set\2bsm\2byh,0,5,328.45 KB (336332 bytes),NO,2008-09-09 12:22:20 | ligand001.pdb,2026-05-30 14:45:42 | README.txt,CSD-derived context,curation_or_validation
<DATA_ROOT>\data_raw\csd_mof_collection\astex_related\extracted\astex_non_native_set\astex_non_native_set\2bsm\2byi,data_raw\csd_mof_collection\astex_related\extracted\astex_non_native_set\astex_non_native_set\2bsm\2byi,0,5,329.06 KB (336955 bytes),NO,2008-09-09 12:22:22 | ligand001.pdb,2026-05-30 14:45:42 | README.txt,CSD-derived context,curation_or_validation
<DATA_ROOT>\data_raw\csd_mof_collection\astex_related\extracted\astex_non_native_set\astex_non_native_set\2bsm\2bz5,data_raw\csd_mof_collection\astex_related\extracted\astex_non_native_set\astex_non_native_set\2bsm\2bz5,0,5,642.89 KB (658324 bytes),NO,2008-09-09 12:22:24 | ligand001.pdb,2026-05-30 14:45:42 | README.txt,CSD-derived context,curation_or_validation
<DATA_ROOT>\data_raw\csd_mof_collection\astex_related\extracted\astex_non_native_set\astex_non_native_set\2bsm\2ccs,data_raw\csd_mof_collection\astex_related\extracted\astex_non_native_set\astex_non_native_set\2bsm\2ccs,0,4,320.91 KB (328611 bytes),NO,2008-09-09 12:22:24 | ligand001.pdb,2026-05-30 14:45:42 | README.txt,CSD-derived context,curation_or_validation
<DATA_ROOT>\data_raw\csd_mof_collection\astex_related\extracted\astex_non_native_set\astex_non_native_set\2bsm\2cct,data_raw\csd_mof_collection\astex_related\extracted\astex_non_native_set\astex_non_native_set\2bsm\2cct,0,4,309.36 KB (316783 bytes),NO,2008-09-09 12:22:26 | ligand001.pdb,2026-05-30 14:45:42 | README.txt,CSD-derived context,curation_or_validation
<DATA_ROOT>\data_raw\csd_mof_collection\astex_related\extracted\astex_non_native_set\astex_non_native_set\2bsm\2cdd,data_raw\csd_mof_collection\astex_related\extracted\astex_non_native_set\astex_non_native_set\2bsm\2cdd,0,5,637.22 KB (652515 bytes),NO,2008-09-09 12:22:28 | ligand001.pdb,2026-05-30 14:45:42 | README.txt,CSD-derived context,curation_or_validation
<DATA_ROOT>\data_raw\csd_mof_collection\astex_related\extracted\astex_non_native_set\astex_non_native_set\2bsm\2fwy,data_raw\csd_mof_collection\astex_related\extracted\astex_non_native_set\astex_non_native_set\2bsm\2fwy,0,5,327.64 KB (335504 bytes),NO,2008-09-09 12:22:30 | ligand001.pdb,2026-05-30 14:45:42 | README.txt,CSD-derived context,curation_or_validation
<DATA_ROOT>\data_raw\csd_mof_collection\astex_related\extracted\astex_non_native_set\astex_non_native_set\2bsm\2fwz,data_raw\csd_mof_collection\astex_related\extracted\astex_non_native_set\astex_non_native_set\2bsm\2fwz,0,5,332.22 KB (340189 bytes),NO,2008-09-09 12:22:30 | ligand001.pdb,2026-05-30 14:45:42 | README.txt,CSD-derived context,curation_or_validation
<DATA_ROOT>\data_raw\csd_mof_collection\astex_related\extracted\astex_non_native_set\astex_non_native_set\2bsm\2h55,data_raw\csd_mof_collection\astex_related\extracted\astex_non_native_set\astex_non_native_set\2bsm\2h55,0,5,331.14 KB (339083 bytes),NO,2008-09-09 12:22:32 | ligand001.pdb,2026-05-30 14:45:42 | README.txt,CSD-derived context,curation_or_validation
<DATA_ROOT>\data_raw\csd_mof_collection\astex_related\extracted\astex_non_native_set\astex_non_native_set\2bsm\2uwd,data_raw\csd_mof_collection\astex_related\extracted\astex_non_native_set\astex_non_native_set\2bsm\2uwd,0,6,322.37 KB (330109 bytes),NO,2008-09-09 12:22:34 | ligand001.pdb,2026-05-30 14:45:42 | README.txt,CSD-derived context,curation_or_validation
<DATA_ROOT>\data_raw\csd_mof_collection\astex_related\extracted\ccdc_astex_set,data_raw\csd_mof_collection\astex_related\extracted\ccdc_astex_set,305,1,980.00 B (980 bytes),NO,2026-05-30 14:45:38 | README.txt,2026-05-30 14:45:38 | README.txt,CSD-derived context,curation_or_validation
<DATA_ROOT>\data_raw\csd_mof_collection\astex_related\extracted\ccdc_astex_set\test1a07,data_raw\csd_mof_collection\astex_related\extracted\ccdc_astex_set\test1a07,0,6,444.24 KB (454906 bytes),NO,2001-06-14 09:55:26 | gold.conf,2026-05-30 14:45:42 | README.txt,CSD-derived context,curation_or_validation
<DATA_ROOT>\data_raw\csd_mof_collection\astex_related\extracted\ccdc_astex_set\test1a0q,data_raw\csd_mof_collection\astex_related\extracted\ccdc_astex_set\test1a0q,0,6,832.06 KB (852030 bytes),NO,2001-06-14 09:55:28 | gold.conf,2026-05-30 14:45:42 | README.txt,CSD-derived context,curation_or_validation
<DATA_ROOT>\data_raw\csd_mof_collection\astex_related\extracted\ccdc_astex_set\test1a1b,data_raw\csd_mof_collection\astex_related\extracted\ccdc_astex_set\test1a1b,0,6,427.08 KB (437327 bytes),NO,2001-06-14 09:55:24 | water.mol2,2026-05-30 14:45:42 | README.txt,CSD-derived context,curation_or_validation
<DATA_ROOT>\data_raw\csd_mof_collection\astex_related\extracted\ccdc_astex_set\test1a1e,data_raw\csd_mof_collection\astex_related\extracted\ccdc_astex_set\test1a1e,0,6,435.70 KB (446152 bytes),NO,2001-06-14 09:55:24 | gold.conf,2026-05-30 14:45:42 | README.txt,CSD-derived context,curation_or_validation
<DATA_ROOT>\data_raw\csd_mof_collection\astex_related\extracted\ccdc_astex_set\test1a28,data_raw\csd_mof_collection\astex_related\extracted\ccdc_astex_set\test1a28,0,6,536.56 KB (549441 bytes),NO,2001-06-14 09:55:22 | gold.conf,2026-05-30 14:45:42 | README.txt,CSD-derived context,curation_or_validation
<DATA_ROOT>\data_raw\csd_mof_collection\astex_related\extracted\ccdc_astex_set\test1a42,data_raw\csd_mof_collection\astex_related\extracted\ccdc_astex_set\test1a42,0,6,533.81 KB (546622 bytes),NO,2001-07-25 09:48:26 | gold.conf,2026-05-30 14:45:42 | README.txt,CSD-derived context,curation_or_validation
<DATA_ROOT>\data_raw\csd_mof_collection\astex_related\extracted\ccdc_astex_set\test1a4g,data_raw\csd_mof_collection\astex_related\extracted\ccdc_astex_set\test1a4g,0,6,1.51 MB (1583493 bytes),NO,2001-06-14 09:55:20 | water.mol2,2026-05-30 14:45:42 | README.txt,CSD-derived context,curation_or_validation
<DATA_ROOT>\data_raw\csd_mof_collection\astex_related\extracted\ccdc_astex_set\test1a4k,data_raw\csd_mof_collection\astex_related\extracted\ccdc_astex_set\test1a4k,0,6,848.57 KB (868935 bytes),NO,2001-06-14 09:55:20 | gold.conf,2026-05-30 14:45:42 | README.txt,CSD-derived context,curation_or_validation
<DATA_ROOT>\data_raw\csd_mof_collection\astex_related\extracted\ccdc_astex_set\test1a4q,data_raw\csd_mof_collection\astex_related\extracted\ccdc_astex_set\test1a4q,0,6,1.51 MB (1586640 bytes),NO,2001-06-14 09:55:16 | water.mol2,2026-05-30 14:45:42 | README.txt,CSD-derived context,curation_or_validation
<DATA_ROOT>\data_raw\csd_mof_collection\astex_related\extracted\ccdc_astex_set\test1a6w,data_raw\csd_mof_collection\astex_related\extracted\ccdc_astex_set\test1a6w,0,6,447.35 KB (458089 bytes),NO,2001-06-14 09:55:16 | gold.conf,2026-05-30 14:45:42 | README.txt,CSD-derived context,curation_or_validation
<DATA_ROOT>\data_raw\csd_mof_collection\astex_related\extracted\ccdc_astex_set\test1a9u,data_raw\csd_mof_collection\astex_related\extracted\ccdc_astex_set\test1a9u,0,6,718.50 KB (735748 bytes),NO,2001-06-14 09:55:14 | gold.conf,2026-05-30 14:45:42 | README.txt,CSD-derived context,curation_or_validation
<DATA_ROOT>\data_raw\csd_mof_collection\astex_related\extracted\ccdc_astex_set\test1aaq,data_raw\csd_mof_collection\astex_related\extracted\ccdc_astex_set\test1aaq,0,5,377.21 KB (386262 bytes),NO,2001-06-14 09:55:38 | gold.conf,2026-05-30 14:45:42 | README.txt,CSD-derived context,curation_or_validation
<DATA_ROOT>\data_raw\csd_mof_collection\astex_related\extracted\ccdc_astex_set\test1abe,data_raw\csd_mof_collection\astex_related\extracted\ccdc_astex_set\test1abe,0,8,603.07 KB (617544 bytes),NO,2001-06-14 09:55:38 | gold.conf,2026-05-30 14:45:42 | README.txt,CSD-derived context,curation_or_validation
<DATA_ROOT>\data_raw\csd_mof_collection\astex_related\extracted\ccdc_astex_set\test1abf,data_raw\csd_mof_collection\astex_related\extracted\ccdc_astex_set\test1abf,0,8,600.82 KB (615241 bytes),NO,2001-06-14 09:55:36 | gold.conf,2026-05-30 14:45:42 | README.txt,CSD-derived context,curation_or_validation
<DATA_ROOT>\data_raw\csd_mof_collection\astex_related\extracted\ccdc_astex_set\test1acj,data_raw\csd_mof_collection\astex_related\extracted\ccdc_astex_set\test1acj,0,5,246.32 KB (252233 bytes),NO,2001-06-14 09:55:36 | gold.conf,2026-05-30 14:45:42 | README.txt,CSD-derived context,curation_or_validation
<DATA_ROOT>\data_raw\csd_mof_collection\astex_related\extracted\ccdc_astex_set\test1acl,data_raw\csd_mof_collection\astex_related\extracted\ccdc_astex_set\test1acl,0,5,197.37 KB (202106 bytes),NO,2001-06-14 09:55:36 | gold.conf,2026-05-30 14:45:42 | README.txt,CSD-derived context,curation_or_validation
<DATA_ROOT>\data_raw\csd_mof_collection\astex_related\extracted\ccdc_astex_set\test1acm,data_raw\csd_mof_collection\astex_related\extracted\ccdc_astex_set\test1acm,0,5,272.28 KB (278815 bytes),NO,2001-06-14 09:55:34 | gold.conf,2026-05-30 14:45:42 | README.txt,CSD-derived context,curation_or_validation
<DATA_ROOT>\data_raw\csd_mof_collection\astex_related\extracted\ccdc_astex_set\test1aco,data_raw\csd_mof_collection\astex_related\extracted\ccdc_astex_set\test1aco,0,5,256.25 KB (262403 bytes),NO,2001-06-14 09:55:34 | gold.conf,2026-05-30 14:45:42 | README.txt,CSD-derived context,curation_or_validation
<DATA_ROOT>\data_raw\csd_mof_collection\astex_related\extracted\ccdc_astex_set\test1aec,data_raw\csd_mof_collection\astex_related\extracted\ccdc_astex_set\test1aec,0,5,118.30 KB (121135 bytes),NO,2001-06-14 09:55:34 | gold.conf,2026-05-30 14:45:42 | README.txt,CSD-derived context,curation_or_validation
<DATA_ROOT>\data_raw\csd_mof_collection\astex_related\extracted\ccdc_astex_set\test1aha,data_raw\csd_mof_collection\astex_related\extracted\ccdc_astex_set\test1aha,0,5,198.26 KB (203014 bytes),NO,2001-06-14 09:55:32 | gold.conf,2026-05-30 14:45:42 | README.txt,CSD-derived context,curation_or_validation
<DATA_ROOT>\data_raw\csd_mof_collection\astex_related\extracted\ccdc_astex_set\test1ai5,data_raw\csd_mof_collection\astex_related\extracted\ccdc_astex_set\test1ai5,0,6,572.76 KB (586503 bytes),NO,2001-06-14 09:55:32 | gold.conf,2026-05-30 14:45:42 | README.txt,CSD-derived context,curation_or_validation
<DATA_ROOT>\data_raw\csd_mof_collection\astex_related\extracted\ccdc_astex_set\test1aj7,data_raw\csd_mof_collection\astex_related\extracted\ccdc_astex_set\test1aj7,0,5,812.63 KB (832135 bytes),NO,2001-06-14 09:55:32 | gold.conf,2026-05-30 14:45:42 | README.txt,CSD-derived context,curation_or_validation
<DATA_ROOT>\data_raw\csd_mof_collection\astex_related\extracted\ccdc_astex_set\test1ake,data_raw\csd_mof_collection\astex_related\extracted\ccdc_astex_set\test1ake,0,6,908.04 KB (929830 bytes),NO,2001-06-14 09:55:30 | gold.conf,2026-05-30 14:45:42 | README.txt,CSD-derived context,curation_or_validation
<DATA_ROOT>\data_raw\csd_mof_collection\astex_related\extracted\ccdc_astex_set\test1aoe,data_raw\csd_mof_collection\astex_related\extracted\ccdc_astex_set\test1aoe,0,6,885.80 KB (907064 bytes),NO,2001-06-14 09:55:28 | gold.conf,2026-05-30 14:45:42 | README.txt,CSD-derived context,curation_or_validation
<DATA_ROOT>\data_raw\csd_mof_collection\astex_related\extracted\ccdc_astex_set\test1apt,data_raw\csd_mof_collection\astex_related\extracted\ccdc_astex_set\test1apt,0,5,322.86 KB (330611 bytes),NO,2001-06-14 09:55:42 | gold.conf,2026-05-30 14:45:42 | README.txt,CSD-derived context,curation_or_validation
<DATA_ROOT>\data_raw\csd_mof_collection\astex_related\extracted\ccdc_astex_set\test1apu,data_raw\csd_mof_collection\astex_related\extracted\ccdc_astex_set\test1apu,0,6,610.37 KB (625018 bytes),NO,2001-06-14 09:55:42 | gold.conf,2026-05-30 14:45:42 | README.txt,CSD-derived context,curation_or_validation
<DATA_ROOT>\data_raw\csd_mof_collection\astex_related\extracted\ccdc_astex_set\test1aqw,data_raw\csd_mof_collection\astex_related\extracted\ccdc_astex_set\test1aqw,0,6,861.52 KB (882196 bytes),NO,2001-06-14 09:55:40 | gold.conf,2026-05-30 14:45:42 | README.txt,CSD-derived context,curation_or_validation
<DATA_ROOT>\data_raw\csd_mof_collection\astex_related\extracted\ccdc_astex_set\test1ase,data_raw\csd_mof_collection\astex_related\extracted\ccdc_astex_set\test1ase,0,5,322.69 KB (330437 bytes),NO,2001-07-30 16:31:32 | gold.conf,2026-05-30 14:45:42 | README.txt,CSD-derived context,curation_or_validation
<DATA_ROOT>\data_raw\csd_mof_collection\astex_related\extracted\ccdc_astex_set\test1atl,data_raw\csd_mof_collection\astex_related\extracted\ccdc_astex_set\test1atl,0,5,262.14 KB (268436 bytes),NO,2001-06-14 09:55:38 | gold.conf,2026-05-30 14:45:42 | README.txt,CSD-derived context,curation_or_validation
<DATA_ROOT>\data_raw\csd_mof_collection\astex_related\extracted\ccdc_astex_set\test1azm,data_raw\csd_mof_collection\astex_related\extracted\ccdc_astex_set\test1azm,0,5,498.62 KB (510585 bytes),NO,2001-06-14 09:55:38 | gold.conf,2026-05-30 14:45:42 | README.txt,CSD-derived context,curation_or_validation
<DATA_ROOT>\data_raw\csd_mof_collection\astex_related\extracted\ccdc_astex_set\test1b58,data_raw\csd_mof_collection\astex_related\extracted\ccdc_astex_set\test1b58,0,6,515.28 KB (527646 bytes),NO,2001-06-14 09:54:48 | gold.conf,2026-05-30 14:45:42 | README.txt,CSD-derived context,curation_or_validation
<DATA_ROOT>\data_raw\csd_mof_collection\astex_related\extracted\ccdc_astex_set\test1b59,data_raw\csd_mof_collection\astex_related\extracted\ccdc_astex_set\test1b59,0,6,719.47 KB (736733 bytes),NO,2001-07-30 17:18:24 | gold.conf,2026-05-30 14:45:42 | README.txt,CSD-derived context,curation_or_validation
<DATA_ROOT>\data_raw\csd_mof_collection\astex_related\extracted\ccdc_astex_set\test1b6n,data_raw\csd_mof_collection\astex_related\extracted\ccdc_astex_set\test1b6n,0,6,412.42 KB (422320 bytes),NO,2001-06-14 09:54:46 | gold.conf,2026-05-30 14:45:42 | README.txt,CSD-derived context,curation_or_validation
<DATA_ROOT>\data_raw\csd_mof_collection\astex_related\extracted\ccdc_astex_set\test1b9v,data_raw\csd_mof_collection\astex_related\extracted\ccdc_astex_set\test1b9v,0,6,768.73 KB (787182 bytes),NO,2001-06-14 09:54:44 | water.mol2,2026-05-30 14:45:42 | README.txt,CSD-derived context,curation_or_validation
<DATA_ROOT>\data_raw\csd_mof_collection\astex_related\extracted\ccdc_astex_set\test1baf,data_raw\csd_mof_collection\astex_related\extracted\ccdc_astex_set\test1baf,0,5,181.16 KB (185511 bytes),NO,2001-06-14 09:54:54 | gold.conf,2026-05-30 14:45:42 | README.txt,CSD-derived context,curation_or_validation
<DATA_ROOT>\data_raw\csd_mof_collection\astex_related\extracted\ccdc_astex_set\test1bbp,data_raw\csd_mof_collection\astex_related\extracted\ccdc_astex_set\test1bbp,0,5,395.67 KB (405165 bytes),NO,2001-06-14 09:54:54 | gold.conf,2026-05-30 14:45:42 | README.txt,CSD-derived context,curation_or_validation
<DATA_ROOT>\data_raw\csd_mof_collection\astex_related\extracted\ccdc_astex_set\test1bgo,data_raw\csd_mof_collection\astex_related\extracted\ccdc_astex_set\test1bgo,0,6,438.82 KB (449349 bytes),NO,2001-06-14 09:54:52 | gold.conf,2026-05-30 14:45:42 | README.txt,CSD-derived context,curation_or_validation
<DATA_ROOT>\data_raw\csd_mof_collection\astex_related\extracted\ccdc_astex_set\test1bl7,data_raw\csd_mof_collection\astex_related\extracted\ccdc_astex_set\test1bl7,0,6,715.97 KB (733158 bytes),NO,2001-06-14 09:54:52 | gold.conf,2026-05-30 14:45:42 | README.txt,CSD-derived context,curation_or_validation
<DATA_ROOT>\data_raw\csd_mof_collection\astex_related\extracted\ccdc_astex_set\test1blh,data_raw\csd_mof_collection\astex_related\extracted\ccdc_astex_set\test1blh,0,5,134.16 KB (137379 bytes),NO,2001-06-14 09:54:52 | gold.conf,2026-05-30 14:45:42 | README.txt,CSD-derived context,curation_or_validation
<DATA_ROOT>\data_raw\csd_mof_collection\astex_related\extracted\ccdc_astex_set\test1bma,data_raw\csd_mof_collection\astex_related\extracted\ccdc_astex_set\test1bma,0,5,272.01 KB (278536 bytes),NO,2001-06-14 09:54:50 | gold.conf,2026-05-30 14:45:42 | README.txt,CSD-derived context,curation_or_validation
<DATA_ROOT>\data_raw\csd_mof_collection\astex_related\extracted\ccdc_astex_set\test1bmq,data_raw\csd_mof_collection\astex_related\extracted\ccdc_astex_set\test1bmq,0,5,524.26 KB (536839 bytes),NO,2001-07-30 17:29:44 | gold.conf,2026-05-30 14:45:42 | README.txt,CSD-derived context,curation_or_validation
<DATA_ROOT>\data_raw\csd_mof_collection\astex_related\extracted\ccdc_astex_set\test1byb,data_raw\csd_mof_collection\astex_related\extracted\ccdc_astex_set\test1byb,0,5,569.26 KB (582926 bytes),NO,2001-06-14 09:54:56 | gold.conf,2026-05-30 14:45:42 | README.txt,CSD-derived context,curation_or_validation
<DATA_ROOT>\data_raw\csd_mof_collection\astex_related\extracted\ccdc_astex_set\test1byg,data_raw\csd_mof_collection\astex_related\extracted\ccdc_astex_set\test1byg,0,6,536.24 KB (549105 bytes),NO,2001-06-14 09:54:54 | gold.conf,2026-05-30 14:45:42 | README.txt,CSD-derived context,curation_or_validation
<DATA_ROOT>\data_raw\csd_mof_collection\astex_related\extracted\ccdc_astex_set\test1c12,data_raw\csd_mof_collection\astex_related\extracted\ccdc_astex_set\test1c12,0,6,562.33 KB (575826 bytes),NO,2001-06-14 09:55:00 | gold.conf,2026-05-30 14:45:42 | README.txt,CSD-derived context,curation_or_validation
<DATA_ROOT>\data_raw\csd_mof_collection\astex_related\extracted\ccdc_astex_set\test1c1e,data_raw\csd_mof_collection\astex_related\extracted\ccdc_astex_set\test1c1e,0,6,309.98 KB (317417 bytes),NO,2001-06-14 09:55:00 | gold.conf,2026-05-30 14:45:42 | README.txt,CSD-derived context,curation_or_validation
<DATA_ROOT>\data_raw\csd_mof_collection\astex_related\extracted\ccdc_astex_set\test1c2t,data_raw\csd_mof_collection\astex_related\extracted\ccdc_astex_set\test1c2t,0,6,433.41 KB (443809 bytes),NO,2001-06-14 09:54:58 | water.mol2,2026-05-30 14:45:42 | README.txt,CSD-derived context,curation_or_validation
<DATA_ROOT>\data_raw\csd_mof_collection\astex_related\extracted\ccdc_astex_set\test1c5c,data_raw\csd_mof_collection\astex_related\extracted\ccdc_astex_set\test1c5c,0,6,846.17 KB (866479 bytes),NO,2001-06-14 09:54:58 | gold.conf,2026-05-30 14:45:42 | README.txt,CSD-derived context,curation_or_validation
<DATA_ROOT>\data_raw\csd_mof_collection\astex_related\extracted\ccdc_astex_set\test1c5x,data_raw\csd_mof_collection\astex_related\extracted\ccdc_astex_set\test1c5x,0,6,641.07 KB (656451 bytes),NO,2001-06-14 09:54:58 | gold.conf,2026-05-30 14:45:42 | README.txt,CSD-derived context,curation_or_validation
<DATA_ROOT>\data_raw\csd_mof_collection\astex_related\extracted\ccdc_astex_set\test1c83,data_raw\csd_mof_collection\astex_related\extracted\ccdc_astex_set\test1c83,0,6,646.99 KB (662517 bytes),NO,2001-06-14 09:54:56 | gold.conf,2026-05-30 14:45:42 | README.txt,CSD-derived context,curation_or_validation
<DATA_ROOT>\data_raw\csd_mof_collection\astex_related\extracted\ccdc_astex_set\test1cbs,data_raw\csd_mof_collection\astex_related\extracted\ccdc_astex_set\test1cbs,0,5,249.37 KB (255358 bytes),NO,2001-06-14 09:55:08 | gold.conf,2026-05-30 14:45:42 | README.txt,CSD-derived context,curation_or_validation
<DATA_ROOT>\data_raw\csd_mof_collection\astex_related\extracted\ccdc_astex_set\test1cbx,data_raw\csd_mof_collection\astex_related\extracted\ccdc_astex_set\test1cbx,0,5,270.39 KB (276883 bytes),NO,2001-06-14 09:55:08 | gold.conf,2026-05-30 14:45:42 | README.txt,CSD-derived context,curation_or_validation
<DATA_ROOT>\data_raw\csd_mof_collection\astex_related\extracted\ccdc_astex_set\test1cdg,data_raw\csd_mof_collection\astex_related\extracted\ccdc_astex_set\test1cdg,0,5,153.08 KB (156758 bytes),NO,2001-06-14 09:55:08 | gold.conf,2026-05-30 14:45:42 | README.txt,CSD-derived context,curation_or_validation
<DATA_ROOT>\data_raw\csd_mof_collection\astex_related\extracted\ccdc_astex_set\test1cf8,data_raw\csd_mof_collection\astex_related\extracted\ccdc_astex_set\test1cf8,0,6,856.87 KB (877433 bytes),NO,2001-06-14 09:55:06 | gold.conf,2026-05-30 14:45:42 | README.txt,CSD-derived context,curation_or_validation
<DATA_ROOT>\data_raw\csd_mof_collection\astex_related\extracted\ccdc_astex_set\test1cil,data_raw\csd_mof_collection\astex_related\extracted\ccdc_astex_set\test1cil,0,5,301.71 KB (308949 bytes),NO,2001-06-14 09:55:06 | gold.conf,2026-05-30 14:45:42 | README.txt,CSD-derived context,curation_or_validation
<DATA_ROOT>\data_raw\csd_mof_collection\astex_related\extracted\ccdc_astex_set\test1cin,data_raw\csd_mof_collection\astex_related\extracted\ccdc_astex_set\test1cin,0,6,538.89 KB (551825 bytes),NO,2001-06-14 09:55:04 | gold.conf,2026-05-30 14:45:42 | README.txt,CSD-derived context,curation_or_validation
<DATA_ROOT>\data_raw\csd_mof_collection\astex_related\extracted\ccdc_astex_set\test1ckp,data_raw\csd_mof_collection\astex_related\extracted\ccdc_astex_set\test1ckp,0,6,578.33 KB (592208 bytes),NO,2001-06-14 09:55:04 | gold.conf,2026-05-30 14:45:42 | README.txt,CSD-derived context,curation_or_validation
<DATA_ROOT>\data_raw\csd_mof_collection\astex_related\extracted\ccdc_astex_set\test1cle,data_raw\csd_mof_collection\astex_related\extracted\ccdc_astex_set\test1cle,0,6,649.24 KB (664825 bytes),NO,2001-06-14 09:55:04 | gold.conf,2026-05-30 14:45:42 | README.txt,CSD-derived context,curation_or_validation
<DATA_ROOT>\data_raw\csd_mof_collection\astex_related\extracted\ccdc_astex_set\test1com,data_raw\csd_mof_collection\astex_related\extracted\ccdc_astex_set\test1com,0,5,175.83 KB (180053 bytes),NO,2001-06-14 09:55:02 | gold.conf,2026-05-30 14:45:42 | README.txt,CSD-derived context,curation_or_validation
<DATA_ROOT>\data_raw\csd_mof_collection\astex_related\extracted\ccdc_astex_set\test1coy,data_raw\csd_mof_collection\astex_related\extracted\ccdc_astex_set\test1coy,0,5,404.01 KB (413702 bytes),NO,2001-06-14 09:55:02 | gold.conf,2026-05-30 14:45:42 | README.txt,CSD-derived context,curation_or_validation
<DATA_ROOT>\data_raw\csd_mof_collection\astex_related\extracted\ccdc_astex_set\test1cps,data_raw\csd_mof_collection\astex_related\extracted\ccdc_astex_set\test1cps,0,5,599.17 KB (613545 bytes),NO,2001-06-14 09:55:14 | gold.conf,2026-05-30 14:45:42 | README.txt,CSD-derived context,curation_or_validation
<DATA_ROOT>\data_raw\csd_mof_collection\astex_related\extracted\ccdc_astex_set\test1cqp,data_raw\csd_mof_collection\astex_related\extracted\ccdc_astex_set\test1cqp,0,6,779.46 KB (798172 bytes),NO,2001-06-14 09:55:12 | gold.conf,2026-05-30 14:45:42 | README.txt,CSD-derived context,curation_or_validation
<DATA_ROOT>\data_raw\csd_mof_collection\astex_related\extracted\ccdc_astex_set\test1ctr,data_raw\csd_mof_collection\astex_related\extracted\ccdc_astex_set\test1ctr,0,5,213.46 KB (218581 bytes),NO,2001-06-14 09:55:12 | gold.conf,2026-05-30 14:45:42 | README.txt,CSD-derived context,curation_or_validation
<DATA_ROOT>\data_raw\csd_mof_collection\astex_related\extracted\ccdc_astex_set\test1ctt,data_raw\csd_mof_collection\astex_related\extracted\ccdc_astex_set\test1ctt,0,6,561.76 KB (575240 bytes),NO,2001-06-14 09:55:12 | gold.conf,2026-05-30 14:45:42 | README.txt,CSD-derived context,curation_or_validation
<DATA_ROOT>\data_raw\csd_mof_collection\astex_related\extracted\ccdc_astex_set\test1cvu,data_raw\csd_mof_collection\astex_related\extracted\ccdc_astex_set\test1cvu,0,6,583.38 KB (597379 bytes),NO,2001-06-14 09:55:10 | gold.conf,2026-05-30 14:45:42 | README.txt,CSD-derived context,curation_or_validation
<DATA_ROOT>\data_raw\csd_mof_collection\astex_related\extracted\ccdc_astex_set\test1cx2,data_raw\csd_mof_collection\astex_related\extracted\ccdc_astex_set\test1cx2,0,5,525.21 KB (537817 bytes),NO,2001-06-14 09:55:08 | gold.conf,2026-05-30 14:45:42 | README.txt,CSD-derived context,curation_or_validation
<DATA_ROOT>\data_raw\csd_mof_collection\astex_related\extracted\ccdc_astex_set\test1d0l,data_raw\csd_mof_collection\astex_related\extracted\ccdc_astex_set\test1d0l,0,6,647.47 KB (663009 bytes),NO,2001-06-14 09:54:16 | gold.conf,2026-05-30 14:45:42 | README.txt,CSD-derived context,curation_or_validation
<DATA_ROOT>\data_raw\csd_mof_collection\astex_related\extracted\ccdc_astex_set\test1d3h,data_raw\csd_mof_collection\astex_related\extracted\ccdc_astex_set\test1d3h,0,6,738.12 KB (755838 bytes),NO,2001-06-14 09:54:16 | gold.conf,2026-05-30 14:45:42 | README.txt,CSD-derived context,curation_or_validation
<DATA_ROOT>\data_raw\csd_mof_collection\astex_related\extracted\ccdc_astex_set\test1d4p,data_raw\csd_mof_collection\astex_related\extracted\ccdc_astex_set\test1d4p,0,6,630.32 KB (645444 bytes),NO,2001-06-14 09:54:14 | gold.conf,2026-05-30 14:45:42 | README.txt,CSD-derived context,curation_or_validation
<DATA_ROOT>\data_raw\csd_mof_collection\astex_related\extracted\ccdc_astex_set\test1dbb,data_raw\csd_mof_collection\astex_related\extracted\ccdc_astex_set\test1dbb,0,5,253.91 KB (260007 bytes),NO,2001-06-14 09:54:24 | gold.conf,2026-05-30 14:45:42 | README.txt,CSD-derived context,curation_or_validation
<DATA_ROOT>\data_raw\csd_mof_collection\astex_related\extracted\ccdc_astex_set\test1dbj,data_raw\csd_mof_collection\astex_related\extracted\ccdc_astex_set\test1dbj,0,5,234.58 KB (240211 bytes),NO,2001-06-14 09:54:22 | gold.conf,2026-05-30 14:45:42 | README.txt,CSD-derived context,curation_or_validation
<DATA_ROOT>\data_raw\csd_mof_collection\astex_related\extracted\ccdc_astex_set\test1dbm,data_raw\csd_mof_collection\astex_related\extracted\ccdc_astex_set\test1dbm,0,5,767.21 KB (785618 bytes),NO,2001-06-14 09:54:22 | gold.conf,2026-05-30 14:45:42 | README.txt,CSD-derived context,curation_or_validation
<DATA_ROOT>\data_raw\csd_mof_collection\astex_related\extracted\ccdc_astex_set\test1dd7,data_raw\csd_mof_collection\astex_related\extracted\ccdc_astex_set\test1dd7,0,6,689.91 KB (706465 bytes),NO,2001-06-14 09:54:20 | water.mol2,2026-05-30 14:45:42 | README.txt,CSD-derived context,curation_or_validation
<DATA_ROOT>\data_raw\csd_mof_collection\astex_related\extracted\ccdc_astex_set\test1dg5,data_raw\csd_mof_collection\astex_related\extracted\ccdc_astex_set\test1dg5,0,6,341.46 KB (349656 bytes),NO,2001-06-14 09:54:20 | gold.conf,2026-05-30 14:45:42 | README.txt,CSD-derived context,curation_or_validation
<DATA_ROOT>\data_raw\csd_mof_collection\astex_related\extracted\ccdc_astex_set\test1dhf,data_raw\csd_mof_collection\astex_related\extracted\ccdc_astex_set\test1dhf,0,6,374.18 KB (383157 bytes),NO,2001-06-14 09:54:20 | gold.conf,2026-05-30 14:45:42 | README.txt,CSD-derived context,curation_or_validation
<DATA_ROOT>\data_raw\csd_mof_collection\astex_related\extracted\ccdc_astex_set\test1did,data_raw\csd_mof_collection\astex_related\extracted\ccdc_astex_set\test1did,0,5,178.50 KB (182789 bytes),NO,2001-06-15 12:58:36 | ligand_reference.mol2,2026-05-30 14:45:42 | README.txt,CSD-derived context,curation_or_validation
<DATA_ROOT>\data_raw\csd_mof_collection\astex_related\extracted\ccdc_astex_set\test1die,data_raw\csd_mof_collection\astex_related\extracted\ccdc_astex_set\test1die,0,5,356.04 KB (364590 bytes),NO,2001-06-14 09:54:18 | gold.conf,2026-05-30 14:45:42 | README.txt,CSD-derived context,curation_or_validation
<DATA_ROOT>\data_raw\csd_mof_collection\astex_related\extracted\ccdc_astex_set\test1dmp,data_raw\csd_mof_collection\astex_related\extracted\ccdc_astex_set\test1dmp,0,5,399.39 KB (408980 bytes),NO,2001-06-14 09:54:18 | gold.conf,2026-05-30 14:45:42 | README.txt,CSD-derived context,curation_or_validation
<DATA_ROOT>\data_raw\csd_mof_collection\astex_related\extracted\ccdc_astex_set\test1dog,data_raw\csd_mof_collection\astex_related\extracted\ccdc_astex_set\test1dog,0,6,472.90 KB (484251 bytes),NO,2001-06-14 09:54:18 | gold.conf,2026-05-30 14:45:42 | README.txt,CSD-derived context,curation_or_validation
<DATA_ROOT>\data_raw\csd_mof_collection\astex_related\extracted\ccdc_astex_set\test1dr1,data_raw\csd_mof_collection\astex_related\extracted\ccdc_astex_set\test1dr1,0,5,295.86 KB (302959 bytes),NO,2001-06-14 09:54:28 | gold.conf,2026-05-30 14:45:42 | README.txt,CSD-derived context,curation_or_validation
<DATA_ROOT>\data_raw\csd_mof_collection\astex_related\extracted\ccdc_astex_set\test1dwb,data_raw\csd_mof_collection\astex_related\extracted\ccdc_astex_set\test1dwb,0,6,604.83 KB (619343 bytes),NO,2001-06-14 09:54:26 | gold.conf,2026-05-30 14:45:42 | README.txt,CSD-derived context,curation_or_validation
<DATA_ROOT>\data_raw\csd_mof_collection\astex_related\extracted\ccdc_astex_set\test1dwc,data_raw\csd_mof_collection\astex_related\extracted\ccdc_astex_set\test1dwc,0,6,576.96 KB (590803 bytes),NO,2001-06-14 09:54:26 | gold.conf,2026-05-30 14:45:42 | README.txt,CSD-derived context,curation_or_validation
<DATA_ROOT>\data_raw\csd_mof_collection\astex_related\extracted\ccdc_astex_set\test1dwd,data_raw\csd_mof_collection\astex_related\extracted\ccdc_astex_set\test1dwd,0,5,269.00 KB (275452 bytes),NO,2001-06-14 09:54:24 | gold.conf,2026-05-30 14:45:42 | README.txt,CSD-derived context,curation_or_validation
<DATA_ROOT>\data_raw\csd_mof_collection\astex_related\extracted\ccdc_astex_set\test1dy9,data_raw\csd_mof_collection\astex_related\extracted\ccdc_astex_set\test1dy9,0,6,385.45 KB (394701 bytes),NO,2001-06-14 09:54:24 | gold.conf,2026-05-30 14:45:42 | README.txt,CSD-derived context,curation_or_validation
<DATA_ROOT>\data_raw\csd_mof_collection\astex_related\extracted\ccdc_astex_set\test1eap,data_raw\csd_mof_collection\astex_related\extracted\ccdc_astex_set\test1eap,0,5,288.83 KB (295761 bytes),NO,2001-06-14 09:54:38 | gold.conf,2026-05-30 14:45:42 | README.txt,CSD-derived context,curation_or_validation
<DATA_ROOT>\data_raw\csd_mof_collection\astex_related\extracted\ccdc_astex_set\test1ebg,data_raw\csd_mof_collection\astex_related\extracted\ccdc_astex_set\test1ebg,0,6,508.29 KB (520485 bytes),NO,2001-06-14 09:54:38 | gold.conf,2026-05-30 14:45:42 | README.txt,CSD-derived context,curation_or_validation
<DATA_ROOT>\data_raw\csd_mof_collection\astex_related\extracted\ccdc_astex_set\test1eed,data_raw\csd_mof_collection\astex_related\extracted\ccdc_astex_set\test1eed,0,5,413.69 KB (423618 bytes),NO,2001-06-14 09:54:36 | gold.conf,2026-05-30 14:45:42 | README.txt,CSD-derived context,curation_or_validation
<DATA_ROOT>\data_raw\csd_mof_collection\astex_related\extracted\ccdc_astex_set\test1ei1,data_raw\csd_mof_collection\astex_related\extracted\ccdc_astex_set\test1ei1,0,6,1.52 MB (1591476 bytes),NO,2001-06-14 09:54:34 | water.mol2,2026-05-30 14:45:42 | README.txt,CSD-derived context,curation_or_validation
<DATA_ROOT>\data_raw\csd_mof_collection\astex_related\extracted\ccdc_astex_set\test1ejn,data_raw\csd_mof_collection\astex_related\extracted\ccdc_astex_set\test1ejn,0,6,509.33 KB (521552 bytes),NO,2001-06-14 09:54:34 | gold.conf,2026-05-30 14:45:42 | README.txt,CSD-derived context,curation_or_validation
<DATA_ROOT>\data_raw\csd_mof_collection\astex_related\extracted\ccdc_astex_set\test1ela,data_raw\csd_mof_collection\astex_related\extracted\ccdc_astex_set\test1ela,0,6,461.65 KB (472732 bytes),NO,2001-06-14 09:54:32 | gold.conf,2026-05-30 14:45:42 | README.txt,CSD-derived context,curation_or_validation
<DATA_ROOT>\data_raw\csd_mof_collection\astex_related\extracted\ccdc_astex_set\test1elb,data_raw\csd_mof_collection\astex_related\extracted\ccdc_astex_set\test1elb,0,6,458.67 KB (469674 bytes),NO,2001-06-14 09:54:32 | gold.conf,2026-05-30 14:45:42 | README.txt,CSD-derived context,curation_or_validation
<DATA_ROOT>\data_raw\csd_mof_collection\astex_related\extracted\ccdc_astex_set\test1elc,data_raw\csd_mof_collection\astex_related\extracted\ccdc_astex_set\test1elc,0,6,459.33 KB (470350 bytes),NO,2001-06-14 09:54:30 | gold.conf,2026-05-30 14:45:42 | README.txt,CSD-derived context,curation_or_validation
<DATA_ROOT>\data_raw\csd_mof_collection\astex_related\extracted\ccdc_astex_set\test1eld,data_raw\csd_mof_collection\astex_related\extracted\ccdc_astex_set\test1eld,0,6,456.10 KB (467047 bytes),NO,2001-06-14 09:54:30 | gold.conf,2026-05-30 14:45:42 | README.txt,CSD-derived context,curation_or_validation
<DATA_ROOT>\data_raw\csd_mof_collection\astex_related\extracted\ccdc_astex_set\test1ele,data_raw\csd_mof_collection\astex_related\extracted\ccdc_astex_set\test1ele,0,6,455.78 KB (466720 bytes),NO,2001-06-14 09:54:30 | gold.conf,2026-05-30 14:45:42 | README.txt,CSD-derived context,curation_or_validation
<DATA_ROOT>\data_raw\csd_mof_collection\astex_related\extracted\ccdc_astex_set\test1eoc,data_raw\csd_mof_collection\astex_related\extracted\ccdc_astex_set\test1eoc,0,6,879.81 KB (900926 bytes),NO,2001-06-14 09:54:28 | gold.conf,2026-05-30 14:45:42 | README.txt,CSD-derived context,curation_or_validation
<DATA_ROOT>\data_raw\csd_mof_collection\astex_related\extracted\ccdc_astex_set\test1epb,data_raw\csd_mof_collection\astex_related\extracted\ccdc_astex_set\test1epb,0,5,285.62 KB (292479 bytes),NO,2001-06-14 09:54:44 | gold.conf,2026-05-30 14:45:42 | README.txt,CSD-derived context,curation_or_validation
<DATA_ROOT>\data_raw\csd_mof_collection\astex_related\extracted\ccdc_astex_set\test1epo,data_raw\csd_mof_collection\astex_related\extracted\ccdc_astex_set\test1epo,0,6,626.63 KB (641674 bytes),NO,2001-06-14 09:54:44 | gold.conf,2026-05-30 14:45:42 | README.txt,CSD-derived context,curation_or_validation
<DATA_ROOT>\data_raw\csd_mof_collection\astex_related\extracted\ccdc_astex_set\test1eta,data_raw\csd_mof_collection\astex_related\extracted\ccdc_astex_set\test1eta,0,5,195.73 KB (200424 bytes),NO,2001-06-14 09:54:42 | gold.conf,2026-05-30 14:45:42 | README.txt,CSD-derived context,curation_or_validation
<DATA_ROOT>\data_raw\csd_mof_collection\astex_related\extracted\ccdc_astex_set\test1etr,data_raw\csd_mof_collection\astex_related\extracted\ccdc_astex_set\test1etr,0,5,297.83 KB (304976 bytes),NO,2001-06-14 09:54:42 | gold.conf,2026-05-30 14:45:42 | README.txt,CSD-derived context,curation_or_validation
<DATA_ROOT>\data_raw\csd_mof_collection\astex_related\extracted\ccdc_astex_set\test1ets,data_raw\csd_mof_collection\astex_related\extracted\ccdc_astex_set\test1ets,0,6,682.00 KB (698363 bytes),NO,2001-06-14 09:54:42 | gold.conf,2026-05-30 14:45:42 | README.txt,CSD-derived context,curation_or_validation
<DATA_ROOT>\data_raw\csd_mof_collection\astex_related\extracted\ccdc_astex_set\test1ett,data_raw\csd_mof_collection\astex_related\extracted\ccdc_astex_set\test1ett,0,6,642.62 KB (658041 bytes),NO,2001-06-14 09:54:40 | gold.conf,2026-05-30 14:45:42 | README.txt,CSD-derived context,curation_or_validation
<DATA_ROOT>\data_raw\csd_mof_collection\astex_related\extracted\ccdc_astex_set\test1etz,data_raw\csd_mof_collection\astex_related\extracted\ccdc_astex_set\test1etz,0,6,839.24 KB (859379 bytes),NO,2001-06-14 09:54:40 | gold.conf,2026-05-30 14:45:42 | README.txt,CSD-derived context,curation_or_validation
<DATA_ROOT>\data_raw\csd_mof_collection\astex_related\extracted\ccdc_astex_set\test1f0r,data_raw\csd_mof_collection\astex_related\extracted\ccdc_astex_set\test1f0r,0,6,596.95 KB (611272 bytes),NO,2001-06-14 09:54:02 | gold.conf,2026-05-30 14:45:42 | README.txt,CSD-derived context,curation_or_validation
<DATA_ROOT>\data_raw\csd_mof_collection\astex_related\extracted\ccdc_astex_set\test1f0s,data_raw\csd_mof_collection\astex_related\extracted\ccdc_astex_set\test1f0s,0,6,573.40 KB (587158 bytes),NO,2001-06-14 09:54:00 | gold.conf,2026-05-30 14:45:42 | README.txt,CSD-derived context,curation_or_validation
<DATA_ROOT>\data_raw\csd_mof_collection\astex_related\extracted\ccdc_astex_set\test1f3d,data_raw\csd_mof_collection\astex_related\extracted\ccdc_astex_set\test1f3d,0,6,878.26 KB (899341 bytes),NO,2001-06-14 09:54:00 | gold.conf,2026-05-30 14:45:42 | README.txt,CSD-derived context,curation_or_validation
<DATA_ROOT>\data_raw\csd_mof_collection\astex_related\extracted\ccdc_astex_set\test1fax,data_raw\csd_mof_collection\astex_related\extracted\ccdc_astex_set\test1fax,0,5,565.17 KB (578730 bytes),NO,2001-06-14 09:54:10 | gold.conf,2026-05-30 14:45:42 | README.txt,CSD-derived context,curation_or_validation
<DATA_ROOT>\data_raw\csd_mof_collection\astex_related\extracted\ccdc_astex_set\test1fbl,data_raw\csd_mof_collection\astex_related\extracted\ccdc_astex_set\test1fbl,0,6,778.61 KB (797294 bytes),NO,2001-06-14 09:54:10 | gold.conf,2026-05-30 14:45:42 | README.txt,CSD-derived context,curation_or_validation
<DATA_ROOT>\data_raw\csd_mof_collection\astex_related\extracted\ccdc_astex_set\test1fen,data_raw\csd_mof_collection\astex_related\extracted\ccdc_astex_set\test1fen,0,5,284.29 KB (291115 bytes),NO,2001-06-14 09:54:08 | gold.conf,2026-05-30 14:45:42 | README.txt,CSD-derived context,curation_or_validation
<DATA_ROOT>\data_raw\csd_mof_collection\astex_related\extracted\ccdc_astex_set\test1fgi,data_raw\csd_mof_collection\astex_related\extracted\ccdc_astex_set\test1fgi,0,6,563.97 KB (577504 bytes),NO,2001-06-14 09:54:06 | water.mol2,2026-05-30 14:45:42 | README.txt,CSD-derived context,curation_or_validation
<DATA_ROOT>\data_raw\csd_mof_collection\astex_related\extracted\ccdc_astex_set\test1fig,data_raw\csd_mof_collection\astex_related\extracted\ccdc_astex_set\test1fig,0,6,804.92 KB (824235 bytes),NO,2001-06-14 09:54:06 | gold.conf,2026-05-30 14:45:42 | README.txt,CSD-derived context,curation_or_validation
<DATA_ROOT>\data_raw\csd_mof_collection\astex_related\extracted\ccdc_astex_set\test1fkg,data_raw\csd_mof_collection\astex_related\extracted\ccdc_astex_set\test1fkg,0,5,168.02 KB (172049 bytes),NO,2001-06-14 09:54:06 | gold.conf,2026-05-30 14:45:42 | README.txt,CSD-derived context,curation_or_validation
<DATA_ROOT>\data_raw\csd_mof_collection\astex_related\extracted\ccdc_astex_set\test1fki,data_raw\csd_mof_collection\astex_related\extracted\ccdc_astex_set\test1fki,0,5,196.10 KB (200806 bytes),NO,2001-06-14 09:54:06 | gold.conf,2026-05-30 14:45:42 | README.txt,CSD-derived context,curation_or_validation
<DATA_ROOT>\data_raw\csd_mof_collection\astex_related\extracted\ccdc_astex_set\test1fl3,data_raw\csd_mof_collection\astex_related\extracted\ccdc_astex_set\test1fl3,0,6,815.58 KB (835154 bytes),NO,2001-06-14 09:54:04 | gold.conf,2026-05-30 14:45:42 | README.txt,CSD-derived context,curation_or_validation
<DATA_ROOT>\data_raw\csd_mof_collection\astex_related\extracted\ccdc_astex_set\test1flr,data_raw\csd_mof_collection\astex_related\extracted\ccdc_astex_set\test1flr,0,6,885.84 KB (907098 bytes),NO,2001-06-14 09:54:04 | gold.conf,2026-05-30 14:45:42 | README.txt,CSD-derived context,curation_or_validation
<DATA_ROOT>\data_raw\csd_mof_collection\astex_related\extracted\ccdc_astex_set\test1frp,data_raw\csd_mof_collection\astex_related\extracted\ccdc_astex_set\test1frp,0,5,377.35 KB (386409 bytes),NO,2001-06-14 09:54:12 | gold.conf,2026-05-30 14:45:42 | README.txt,CSD-derived context,curation_or_validation
<DATA_ROOT>\data_raw\csd_mof_collection\astex_related\extracted\ccdc_astex_set\test1ghb,data_raw\csd_mof_collection\astex_related\extracted\ccdc_astex_set\test1ghb,0,5,258.79 KB (264997 bytes),NO,2001-06-14 09:54:12 | gold.conf,2026-05-30 14:45:42 | README.txt,CSD-derived context,curation_or_validation
<DATA_ROOT>\data_raw\csd_mof_collection\astex_related\extracted\ccdc_astex_set\test1glp,data_raw\csd_mof_collection\astex_related\extracted\ccdc_astex_set\test1glp,0,5,335.71 KB (343767 bytes),NO,2001-06-14 09:54:12 | gold.conf,2026-05-30 14:45:42 | README.txt,CSD-derived context,curation_or_validation
<DATA_ROOT>\data_raw\csd_mof_collection\astex_related\extracted\ccdc_astex_set\test1glq,data_raw\csd_mof_collection\astex_related\extracted\ccdc_astex_set\test1glq,0,5,287.28 KB (294170 bytes),NO,2001-06-14 09:54:12 | gold.conf,2026-05-30 14:45:42 | README.txt,CSD-derived context,curation_or_validation
<DATA_ROOT>\data_raw\csd_mof_collection\astex_related\extracted\ccdc_astex_set\test1gpy,data_raw\csd_mof_collection\astex_related\extracted\ccdc_astex_set\test1gpy,0,6,341.88 KB (350084 bytes),NO,2001-06-14 09:54:14 | gold.conf,2026-05-30 14:45:42 | README.txt,CSD-derived context,curation_or_validation
<DATA_ROOT>\data_raw\csd_mof_collection\astex_related\extracted\ccdc_astex_set\test1hak,data_raw\csd_mof_collection\astex_related\extracted\ccdc_astex_set\test1hak,0,6,388.68 KB (398006 bytes),NO,2001-06-14 09:56:12 | gold.conf,2026-05-30 14:45:42 | README.txt,CSD-derived context,curation_or_validation
<DATA_ROOT>\data_raw\csd_mof_collection\astex_related\extracted\ccdc_astex_set\test1hdc,data_raw\csd_mof_collection\astex_related\extracted\ccdc_astex_set\test1hdc,0,5,392.59 KB (402014 bytes),NO,2001-06-14 09:56:10 | gold.conf,2026-05-30 14:45:42 | README.txt,CSD-derived context,curation_or_validation
<DATA_ROOT>\data_raw\csd_mof_collection\astex_related\extracted\ccdc_astex_set\test1hdy,data_raw\csd_mof_collection\astex_related\extracted\ccdc_astex_set\test1hdy,0,5,257.83 KB (264017 bytes),NO,2001-06-14 09:56:10 | gold.conf,2026-05-30 14:45:42 | README.txt,CSD-derived context,curation_or_validation
<DATA_ROOT>\data_raw\csd_mof_collection\astex_related\extracted\ccdc_astex_set\test1hef,data_raw\csd_mof_collection\astex_related\extracted\ccdc_astex_set\test1hef,0,5,342.67 KB (350896 bytes),NO,2001-06-14 09:56:10 | gold.conf,2026-05-30 14:45:42 | README.txt,CSD-derived context,curation_or_validation
<DATA_ROOT>\data_raw\csd_mof_collection\astex_related\extracted\ccdc_astex_set\test1hfc,data_raw\csd_mof_collection\astex_related\extracted\ccdc_astex_set\test1hfc,0,5,231.17 KB (236716 bytes),NO,2001-06-14 09:56:08 | gold.conf,2026-05-30 14:45:42 | README.txt,CSD-derived context,curation_or_validation
<DATA_ROOT>\data_raw\csd_mof_collection\astex_related\extracted\ccdc_astex_set\test1hiv,data_raw\csd_mof_collection\astex_related\extracted\ccdc_astex_set\test1hiv,0,6,403.87 KB (413565 bytes),NO,2001-06-14 09:56:08 | gold.conf,2026-05-30 14:45:42 | README.txt,CSD-derived context,curation_or_validation
<DATA_ROOT>\data_raw\csd_mof_collection\astex_related\extracted\ccdc_astex_set\test1hos,data_raw\csd_mof_collection\astex_related\extracted\ccdc_astex_set\test1hos,0,6,397.42 KB (406955 bytes),NO,2001-06-14 09:56:08 | gold.conf,2026-05-30 14:45:42 | README.txt,CSD-derived context,curation_or_validation
<DATA_ROOT>\data_raw\csd_mof_collection\astex_related\extracted\ccdc_astex_set\test1hpv,data_raw\csd_mof_collection\astex_related\extracted\ccdc_astex_set\test1hpv,0,6,406.97 KB (416734 bytes),NO,2001-06-14 09:56:18 | gold.conf,2026-05-30 14:45:42 | README.txt,CSD-derived context,curation_or_validation
<DATA_ROOT>\data_raw\csd_mof_collection\astex_related\extracted\ccdc_astex_set\test1hri,data_raw\csd_mof_collection\astex_related\extracted\ccdc_astex_set\test1hri,0,5,374.11 KB (383093 bytes),NO,2001-06-14 09:56:16 | gold.conf,2026-05-30 14:45:42 | README.txt,CSD-derived context,curation_or_validation
<DATA_ROOT>\data_raw\csd_mof_collection\astex_related\extracted\ccdc_astex_set\test1hsb,data_raw\csd_mof_collection\astex_related\extracted\ccdc_astex_set\test1hsb,0,6,760.28 KB (778530 bytes),NO,2001-06-14 09:56:16 | gold.conf,2026-05-30 14:45:42 | README.txt,CSD-derived context,curation_or_validation
<DATA_ROOT>\data_raw\csd_mof_collection\astex_related\extracted\ccdc_astex_set\test1hsl,data_raw\csd_mof_collection\astex_related\extracted\ccdc_astex_set\test1hsl,0,5,212.25 KB (217346 bytes),NO,2001-06-14 09:56:14 | gold.conf,2026-05-30 14:45:42 | README.txt,CSD-derived context,curation_or_validation
<DATA_ROOT>\data_raw\csd_mof_collection\astex_related\extracted\ccdc_astex_set\test1htf,data_raw\csd_mof_collection\astex_related\extracted\ccdc_astex_set\test1htf,0,8,424.37 KB (434556 bytes),NO,2001-06-14 09:56:14 | gold.conf,2026-05-30 14:45:42 | README.txt,CSD-derived context,curation_or_validation
<DATA_ROOT>\data_raw\csd_mof_collection\astex_related\extracted\ccdc_astex_set\test1hti,data_raw\csd_mof_collection\astex_related\extracted\ccdc_astex_set\test1hti,0,5,348.03 KB (356381 bytes),NO,2001-06-14 09:56:14 | gold.conf,2026-05-30 14:45:42 | README.txt,CSD-derived context,curation_or_validation
<DATA_ROOT>\data_raw\csd_mof_collection\astex_related\extracted\ccdc_astex_set\test1hvr,data_raw\csd_mof_collection\astex_related\extracted\ccdc_astex_set\test1hvr,0,5,400.73 KB (410351 bytes),NO,2001-06-14 09:56:12 | gold.conf,2026-05-30 14:45:42 | README.txt,CSD-derived context,curation_or_validation
<DATA_ROOT>\data_raw\csd_mof_collection\astex_related\extracted\ccdc_astex_set\test1hyt,data_raw\csd_mof_collection\astex_related\extracted\ccdc_astex_set\test1hyt,0,5,595.47 KB (609766 bytes),NO,2001-06-14 09:56:12 | gold.conf,2026-05-30 14:45:42 | README.txt,CSD-derived context,curation_or_validation
<DATA_ROOT>\data_raw\csd_mof_collection\astex_related\extracted\ccdc_astex_set\test1ibg,data_raw\csd_mof_collection\astex_related\extracted\ccdc_astex_set\test1ibg,0,6,827.61 KB (847469 bytes),NO,2001-06-14 09:56:20 | gold.conf,2026-05-30 14:45:42 | README.txt,CSD-derived context,curation_or_validation
<DATA_ROOT>\data_raw\csd_mof_collection\astex_related\extracted\ccdc_astex_set\test1icn,data_raw\csd_mof_collection\astex_related\extracted\ccdc_astex_set\test1icn,0,5,274.53 KB (281121 bytes),NO,2001-06-14 09:56:20 | gold.conf,2026-05-30 14:45:42 | README.txt,CSD-derived context,curation_or_validation
<DATA_ROOT>\data_raw\csd_mof_collection\astex_related\extracted\ccdc_astex_set\test1ida,data_raw\csd_mof_collection\astex_related\extracted\ccdc_astex_set\test1ida,0,5,383.12 KB (392313 bytes),NO,2001-06-14 09:56:20 | gold.conf,2026-05-30 14:45:42 | README.txt,CSD-derived context,curation_or_validation
<DATA_ROOT>\data_raw\csd_mof_collection\astex_related\extracted\ccdc_astex_set\test1igj,data_raw\csd_mof_collection\astex_related\extracted\ccdc_astex_set\test1igj,0,5,309.62 KB (317051 bytes),NO,2001-06-14 09:56:18 | gold.conf,2026-05-30 14:45:42 | README.txt,CSD-derived context,curation_or_validation
<DATA_ROOT>\data_raw\csd_mof_collection\astex_related\extracted\ccdc_astex_set\test1imb,data_raw\csd_mof_collection\astex_related\extracted\ccdc_astex_set\test1imb,0,5,315.77 KB (323351 bytes),NO,2001-06-14 09:56:18 | gold.conf,2026-05-30 14:45:42 | README.txt,CSD-derived context,curation_or_validation
<DATA_ROOT>\data_raw\csd_mof_collection\astex_related\extracted\ccdc_astex_set\test1ivb,data_raw\csd_mof_collection\astex_related\extracted\ccdc_astex_set\test1ivb,0,5,405.71 KB (415449 bytes),NO,2001-06-14 09:56:26 | gold.conf,2026-05-30 14:45:42 | README.txt,CSD-derived context,curation_or_validation
<DATA_ROOT>\data_raw\csd_mof_collection\astex_related\extracted\ccdc_astex_set\test1ivc,data_raw\csd_mof_collection\astex_related\extracted\ccdc_astex_set\test1ivc,0,5,778.52 KB (797208 bytes),NO,2001-06-14 09:56:24 | gold.conf,2026-05-30 14:45:42 | README.txt,CSD-derived context,curation_or_validation
<DATA_ROOT>\data_raw\csd_mof_collection\astex_related\extracted\ccdc_astex_set\test1ivd,data_raw\csd_mof_collection\astex_related\extracted\ccdc_astex_set\test1ivd,0,6,814.43 KB (833973 bytes),NO,2001-06-14 09:56:24 | gold.conf,2026-05-30 14:45:42 | README.txt,CSD-derived context,curation_or_validation
<DATA_ROOT>\data_raw\csd_mof_collection\astex_related\extracted\ccdc_astex_set\test1ive,data_raw\csd_mof_collection\astex_related\extracted\ccdc_astex_set\test1ive,0,5,272.43 KB (278968 bytes),NO,2001-06-14 09:56:22 | gold.conf,2026-05-30 14:45:42 | README.txt,CSD-derived context,curation_or_validation
<DATA_ROOT>\data_raw\csd_mof_collection\astex_related\extracted\ccdc_astex_set\test1ivq,data_raw\csd_mof_collection\astex_related\extracted\ccdc_astex_set\test1ivq,0,6,383.07 KB (392268 bytes),NO,2001-06-14 09:56:22 | gold.conf,2026-05-30 14:45:42 | README.txt,CSD-derived context,curation_or_validation
<DATA_ROOT>\data_raw\csd_mof_collection\astex_related\extracted\ccdc_astex_set\test1jao,data_raw\csd_mof_collection\astex_related\extracted\ccdc_astex_set\test1jao,0,6,335.93 KB (343996 bytes),NO,2001-06-14 09:56:06 | gold.conf,2026-05-30 14:45:42 | README.txt,CSD-derived context,curation_or_validation
<DATA_ROOT>\data_raw\csd_mof_collection\astex_related\extracted\ccdc_astex_set\test1jap,data_raw\csd_mof_collection\astex_related\extracted\ccdc_astex_set\test1jap,0,6,348.80 KB (357170 bytes),NO,2001-06-14 09:56:04 | gold.conf,2026-05-30 14:45:42 | README.txt,CSD-derived context,curation_or_validation
<DATA_ROOT>\data_raw\csd_mof_collection\astex_related\extracted\ccdc_astex_set\test1kel,data_raw\csd_mof_collection\astex_related\extracted\ccdc_astex_set\test1kel,0,5,269.46 KB (275930 bytes),NO,2001-06-14 09:56:06 | gold.conf,2026-05-30 14:45:42 | README.txt,CSD-derived context,curation_or_validation
<DATA_ROOT>\data_raw\csd_mof_collection\astex_related\extracted\ccdc_astex_set\test1kno,data_raw\csd_mof_collection\astex_related\extracted\ccdc_astex_set\test1kno,0,5,814.63 KB (834186 bytes),NO,2001-06-14 09:56:06 | gold.conf,2026-05-30 14:45:42 | README.txt,CSD-derived context,curation_or_validation
<DATA_ROOT>\data_raw\csd_mof_collection\astex_related\extracted\ccdc_astex_set\test1lah,data_raw\csd_mof_collection\astex_related\extracted\ccdc_astex_set\test1lah,0,5,278.99 KB (285684 bytes),NO,2001-06-14 09:55:52 | gold.conf,2026-05-30 14:45:42 | README.txt,CSD-derived context,curation_or_validation
<DATA_ROOT>\data_raw\csd_mof_collection\astex_related\extracted\ccdc_astex_set\test1lcp,data_raw\csd_mof_collection\astex_related\extracted\ccdc_astex_set\test1lcp,0,5,290.16 KB (297122 bytes),NO,2001-06-14 09:55:50 | gold.conf,2026-05-30 14:45:42 | README.txt,CSD-derived context,curation_or_validation
<DATA_ROOT>\data_raw\csd_mof_collection\astex_related\extracted\ccdc_astex_set\test1ldm,data_raw\csd_mof_collection\astex_related\extracted\ccdc_astex_set\test1ldm,0,5,199.14 KB (203917 bytes),NO,2001-06-14 09:55:50 | gold.conf,2026-05-30 14:45:42 | README.txt,CSD-derived context,curation_or_validation
<DATA_ROOT>\data_raw\csd_mof_collection\astex_related\extracted\ccdc_astex_set\test1lic,data_raw\csd_mof_collection\astex_related\extracted\ccdc_astex_set\test1lic,0,5,252.69 KB (258751 bytes),NO,2001-06-14 09:55:50 | gold.conf,2026-05-30 14:45:42 | README.txt,CSD-derived context,curation_or_validation
<DATA_ROOT>\data_raw\csd_mof_collection\astex_related\extracted\ccdc_astex_set\test1lkk,data_raw\csd_mof_collection\astex_related\extracted\ccdc_astex_set\test1lkk,0,6,244.50 KB (250365 bytes),NO,2001-06-14 09:55:48 | gold.conf,2026-05-30 14:45:42 | README.txt,CSD-derived context,curation_or_validation
<DATA_ROOT>\data_raw\csd_mof_collection\astex_related\extracted\ccdc_astex_set\test1lmo,data_raw\csd_mof_collection\astex_related\extracted\ccdc_astex_set\test1lmo,0,5,187.34 KB (191839 bytes),NO,2001-06-14 09:55:48 | gold.conf,2026-05-30 14:45:42 | README.txt,CSD-derived context,curation_or_validation
<DATA_ROOT>\data_raw\csd_mof_collection\astex_related\extracted\ccdc_astex_set\test1lna,data_raw\csd_mof_collection\astex_related\extracted\ccdc_astex_set\test1lna,0,5,261.41 KB (267682 bytes),NO,2001-06-14 09:55:48 | gold.conf,2026-05-30 14:45:42 | README.txt,CSD-derived context,curation_or_validation
<DATA_ROOT>\data_raw\csd_mof_collection\astex_related\extracted\ccdc_astex_set\test1lpm,data_raw\csd_mof_collection\astex_related\extracted\ccdc_astex_set\test1lpm,0,5,492.59 KB (504413 bytes),NO,2001-06-14 09:55:54 | gold.conf,2026-05-30 14:45:42 | README.txt,CSD-derived context,curation_or_validation
<DATA_ROOT>\data_raw\csd_mof_collection\astex_related\extracted\ccdc_astex_set\test1lst,data_raw\csd_mof_collection\astex_related\extracted\ccdc_astex_set\test1lst,0,5,226.21 KB (231639 bytes),NO,2001-06-14 09:55:54 | gold.conf,2026-05-30 14:45:42 | README.txt,CSD-derived context,curation_or_validation
<DATA_ROOT>\data_raw\csd_mof_collection\astex_related\extracted\ccdc_astex_set\test1lyb,data_raw\csd_mof_collection\astex_related\extracted\ccdc_astex_set\test1lyb,0,6,705.36 KB (722290 bytes),NO,2001-06-14 09:55:52 | water.mol2,2026-05-30 14:45:42 | README.txt,CSD-derived context,curation_or_validation
<DATA_ROOT>\data_raw\csd_mof_collection\astex_related\extracted\ccdc_astex_set\test1lyl,data_raw\csd_mof_collection\astex_related\extracted\ccdc_astex_set\test1lyl,0,6,705.42 KB (722345 bytes),NO,2001-06-14 09:55:52 | gold.conf,2026-05-30 14:45:42 | README.txt,CSD-derived context,curation_or_validation
<DATA_ROOT>\data_raw\csd_mof_collection\astex_related\extracted\ccdc_astex_set\test1mbi,data_raw\csd_mof_collection\astex_related\extracted\ccdc_astex_set\test1mbi,0,6,324.90 KB (332696 bytes),NO,2001-06-14 09:56:00 | gold.conf,2026-05-30 14:45:42 | README.txt,CSD-derived context,curation_or_validation
<DATA_ROOT>\data_raw\csd_mof_collection\astex_related\extracted\ccdc_astex_set\test1mcq,data_raw\csd_mof_collection\astex_related\extracted\ccdc_astex_set\test1mcq,0,5,826.54 KB (846378 bytes),NO,2001-06-14 09:56:00 | gold.conf,2026-05-30 14:45:42 | README.txt,CSD-derived context,curation_or_validation
<DATA_ROOT>\data_raw\csd_mof_collection\astex_related\extracted\ccdc_astex_set\test1mcr,data_raw\csd_mof_collection\astex_related\extracted\ccdc_astex_set\test1mcr,0,5,206.29 KB (211237 bytes),NO,2001-06-14 09:55:58 | gold.conf,2026-05-30 14:45:42 | README.txt,CSD-derived context,curation_or_validation
<DATA_ROOT>\data_raw\csd_mof_collection\astex_related\extracted\ccdc_astex_set\test1mdr,data_raw\csd_mof_collection\astex_related\extracted\ccdc_astex_set\test1mdr,0,5,246.31 KB (252224 bytes),NO,2001-06-14 09:55:58 | gold.conf,2026-05-30 14:45:42 | README.txt,CSD-derived context,curation_or_validation
<DATA_ROOT>\data_raw\csd_mof_collection\astex_related\extracted\ccdc_astex_set\test1ml1,data_raw\csd_mof_collection\astex_related\extracted\ccdc_astex_set\test1ml1,0,6,752.09 KB (770137 bytes),NO,2001-06-14 09:55:58 | gold.conf,2026-05-30 14:45:42 | README.txt,CSD-derived context,curation_or_validation
<DATA_ROOT>\data_raw\csd_mof_collection\astex_related\extracted\ccdc_astex_set\test1mld,data_raw\csd_mof_collection\astex_related\extracted\ccdc_astex_set\test1mld,0,5,288.57 KB (295496 bytes),NO,2001-06-14 09:55:58 | gold.conf,2026-05-30 14:45:42 | README.txt,CSD-derived context,curation_or_validation
<DATA_ROOT>\data_raw\csd_mof_collection\astex_related\extracted\ccdc_astex_set\test1mmb,data_raw\csd_mof_collection\astex_related\extracted\ccdc_astex_set\test1mmb,0,6,358.42 KB (367025 bytes),NO,2001-06-14 09:55:56 | gold.conf,2026-05-30 14:45:42 | README.txt,CSD-derived context,curation_or_validation
<DATA_ROOT>\data_raw\csd_mof_collection\astex_related\extracted\ccdc_astex_set\test1mmq,data_raw\csd_mof_collection\astex_related\extracted\ccdc_astex_set\test1mmq,0,5,232.06 KB (237634 bytes),NO,2001-06-14 09:55:56 | gold.conf,2026-05-30 14:45:42 | README.txt,CSD-derived context,curation_or_validation
<DATA_ROOT>\data_raw\csd_mof_collection\astex_related\extracted\ccdc_astex_set\test1mnc,data_raw\csd_mof_collection\astex_related\extracted\ccdc_astex_set\test1mnc,0,6,310.78 KB (318239 bytes),NO,2001-06-14 09:55:56 | gold.conf,2026-05-30 14:45:42 | README.txt,CSD-derived context,curation_or_validation
<DATA_ROOT>\data_raw\csd_mof_collection\astex_related\extracted\ccdc_astex_set\test1mrg,data_raw\csd_mof_collection\astex_related\extracted\ccdc_astex_set\test1mrg,0,5,255.70 KB (261839 bytes),NO,2001-06-14 09:56:04 | gold.conf,2026-05-30 14:45:42 | README.txt,CSD-derived context,curation_or_validation
<DATA_ROOT>\data_raw\csd_mof_collection\astex_related\extracted\ccdc_astex_set\test1mrk,data_raw\csd_mof_collection\astex_related\extracted\ccdc_astex_set\test1mrk,0,5,284.23 KB (291056 bytes),NO,2001-06-14 09:56:04 | gold.conf,2026-05-30 14:45:42 | README.txt,CSD-derived context,curation_or_validation
<DATA_ROOT>\data_raw\csd_mof_collection\astex_related\extracted\ccdc_astex_set\test1mts,data_raw\csd_mof_collection\astex_related\extracted\ccdc_astex_set\test1mts,0,6,451.65 KB (462494 bytes),NO,2001-06-14 09:56:04 | gold.conf,2026-05-30 14:45:42 | README.txt,CSD-derived context,curation_or_validation
<DATA_ROOT>\data_raw\csd_mof_collection\astex_related\extracted\ccdc_astex_set\test1mtw,data_raw\csd_mof_collection\astex_related\extracted\ccdc_astex_set\test1mtw,0,6,491.72 KB (503524 bytes),NO,2001-06-14 09:56:02 | gold.conf,2026-05-30 14:45:42 | README.txt,CSD-derived context,curation_or_validation
<DATA_ROOT>\data_raw\csd_mof_collection\astex_related\extracted\ccdc_astex_set\test1mup,data_raw\csd_mof_collection\astex_related\extracted\ccdc_astex_set\test1mup,0,5,309.88 KB (317318 bytes),NO,2001-06-14 09:56:02 | gold.conf,2026-05-30 14:45:42 | README.txt,CSD-derived context,curation_or_validation
<DATA_ROOT>\data_raw\csd_mof_collection\astex_related\extracted\ccdc_astex_set\test1nco,data_raw\csd_mof_collection\astex_related\extracted\ccdc_astex_set\test1nco,0,5,235.03 KB (240669 bytes),NO,2001-06-14 09:55:44 | gold.conf,2026-05-30 14:45:42 | README.txt,CSD-derived context,curation_or_validation
<DATA_ROOT>\data_raw\csd_mof_collection\astex_related\extracted\ccdc_astex_set\test1ngp,data_raw\csd_mof_collection\astex_related\extracted\ccdc_astex_set\test1ngp,0,6,439.70 KB (450248 bytes),NO,2001-06-14 09:55:44 | gold.conf,2026-05-30 14:45:42 | README.txt,CSD-derived context,curation_or_validation
<DATA_ROOT>\data_raw\csd_mof_collection\astex_related\extracted\ccdc_astex_set\test1nis,data_raw\csd_mof_collection\astex_related\extracted\ccdc_astex_set\test1nis,0,5,300.37 KB (307578 bytes),NO,2001-06-14 09:55:44 | gold.conf,2026-05-30 14:45:42 | README.txt,CSD-derived context,curation_or_validation
<DATA_ROOT>\data_raw\csd_mof_collection\astex_related\extracted\ccdc_astex_set\test1nsd,data_raw\csd_mof_collection\astex_related\extracted\ccdc_astex_set\test1nsd,0,6,886.35 KB (907622 bytes),NO,2001-06-14 09:55:46 | gold.conf,2026-05-30 14:45:42 | README.txt,CSD-derived context,curation_or_validation
<DATA_ROOT>\data_raw\csd_mof_collection\astex_related\extracted\ccdc_astex_set\test1okl,data_raw\csd_mof_collection\astex_related\extracted\ccdc_astex_set\test1okl,0,6,529.22 KB (541921 bytes),NO,2001-06-14 09:55:48 | gold.conf,2026-05-30 14:45:42 | README.txt,CSD-derived context,curation_or_validation
<DATA_ROOT>\data_raw\csd_mof_collection\astex_related\extracted\ccdc_astex_set\test1okm,data_raw\csd_mof_collection\astex_related\extracted\ccdc_astex_set\test1okm,0,6,545.66 KB (558755 bytes),NO,2001-06-14 09:55:46 | gold.conf,2026-05-30 14:45:42 | README.txt,CSD-derived context,curation_or_validation
<DATA_ROOT>\data_raw\csd_mof_collection\astex_related\extracted\ccdc_astex_set\test1pbd,data_raw\csd_mof_collection\astex_related\extracted\ccdc_astex_set\test1pbd,0,5,234.57 KB (240196 bytes),NO,2001-06-14 09:56:54 | gold.conf,2026-05-30 14:45:42 | README.txt,CSD-derived context,curation_or_validation
<DATA_ROOT>\data_raw\csd_mof_collection\astex_related\extracted\ccdc_astex_set\test1pdz,data_raw\csd_mof_collection\astex_related\extracted\ccdc_astex_set\test1pdz,0,6,837.68 KB (857782 bytes),NO,2001-06-14 09:56:54 | gold.conf,2026-05-30 14:45:42 | README.txt,CSD-derived context,curation_or_validation
<DATA_ROOT>\data_raw\csd_mof_collection\astex_related\extracted\ccdc_astex_set\test1pgp,data_raw\csd_mof_collection\astex_related\extracted\ccdc_astex_set\test1pgp,0,6,940.84 KB (963422 bytes),NO,2001-06-14 09:56:54 | gold.conf,2026-05-30 14:45:42 | README.txt,CSD-derived context,curation_or_validation
<DATA_ROOT>\data_raw\csd_mof_collection\astex_related\extracted\ccdc_astex_set\test1pha,data_raw\csd_mof_collection\astex_related\extracted\ccdc_astex_set\test1pha,0,5,229.65 KB (235157 bytes),NO,2001-06-14 09:56:52 | gold.conf,2026-05-30 14:45:42 | README.txt,CSD-derived context,curation_or_validation
<DATA_ROOT>\data_raw\csd_mof_collection\astex_related\extracted\ccdc_astex_set\test1phd,data_raw\csd_mof_collection\astex_related\extracted\ccdc_astex_set\test1phd,0,5,386.49 KB (395765 bytes),NO,2001-06-14 09:56:52 | gold.conf,2026-05-30 14:45:42 | README.txt,CSD-derived context,curation_or_validation
<DATA_ROOT>\data_raw\csd_mof_collection\astex_related\extracted\ccdc_astex_set\test1phf,data_raw\csd_mof_collection\astex_related\extracted\ccdc_astex_set\test1phf,0,6,816.76 KB (836359 bytes),NO,2001-06-14 09:56:50 | gold.conf,2026-05-30 14:45:42 | README.txt,CSD-derived context,curation_or_validation
<DATA_ROOT>\data_raw\csd_mof_collection\astex_related\extracted\ccdc_astex_set\test1phg,data_raw\csd_mof_collection\astex_related\extracted\ccdc_astex_set\test1phg,0,5,360.78 KB (369442 bytes),NO,2001-06-14 09:56:50 | gold.conf,2026-05-30 14:45:42 | README.txt,CSD-derived context,curation_or_validation
<DATA_ROOT>\data_raw\csd_mof_collection\astex_related\extracted\ccdc_astex_set\test1poc,data_raw\csd_mof_collection\astex_related\extracted\ccdc_astex_set\test1poc,0,5,235.50 KB (241148 bytes),NO,2001-06-14 09:56:48 | gold.conf,2026-05-30 14:45:42 | README.txt,CSD-derived context,curation_or_validation
<DATA_ROOT>\data_raw\csd_mof_collection\astex_related\extracted\ccdc_astex_set\test1ppc,data_raw\csd_mof_collection\astex_related\extracted\ccdc_astex_set\test1ppc,0,6,427.86 KB (438131 bytes),NO,2001-06-14 09:57:00 | gold.conf,2026-05-30 14:45:42 | README.txt,CSD-derived context,curation_or_validation
<DATA_ROOT>\data_raw\csd_mof_collection\astex_related\extracted\ccdc_astex_set\test1pph,data_raw\csd_mof_collection\astex_related\extracted\ccdc_astex_set\test1pph,0,6,432.48 KB (442860 bytes),NO,2001-06-14 09:57:00 | gold.conf,2026-05-30 14:45:42 | README.txt,CSD-derived context,curation_or_validation
<DATA_ROOT>\data_raw\csd_mof_collection\astex_related\extracted\ccdc_astex_set\test1ppi,data_raw\csd_mof_collection\astex_related\extracted\ccdc_astex_set\test1ppi,0,6,506.28 KB (518427 bytes),NO,2001-06-14 09:57:00 | gold.conf,2026-05-30 14:45:42 | README.txt,CSD-derived context,curation_or_validation
<DATA_ROOT>\data_raw\csd_mof_collection\astex_related\extracted\ccdc_astex_set\test1ppl,data_raw\csd_mof_collection\astex_related\extracted\ccdc_astex_set\test1ppl,0,6,637.25 KB (652549 bytes),NO,2001-06-14 09:56:58 | gold.conf,2026-05-30 14:45:42 | README.txt,CSD-derived context,curation_or_validation
<DATA_ROOT>\data_raw\csd_mof_collection\astex_related\extracted\ccdc_astex_set\test1pso,data_raw\csd_mof_collection\astex_related\extracted\ccdc_astex_set\test1pso,0,6,636.60 KB (651883 bytes),NO,2001-06-14 09:56:56 | gold.conf,2026-05-30 14:45:42 | README.txt,CSD-derived context,curation_or_validation
<DATA_ROOT>\data_raw\csd_mof_collection\astex_related\extracted\ccdc_astex_set\test1ptv,data_raw\csd_mof_collection\astex_related\extracted\ccdc_astex_set\test1ptv,0,6,627.05 KB (642104 bytes),NO,2001-06-14 09:56:54 | water.mol2,2026-05-30 14:45:42 | README.txt,CSD-derived context,curation_or_validation
<DATA_ROOT>\data_raw\csd_mof_collection\astex_related\extracted\ccdc_astex_set\test1qbr,data_raw\csd_mof_collection\astex_related\extracted\ccdc_astex_set\test1qbr,0,5,402.62 KB (412279 bytes),NO,2001-06-14 09:57:06 | gold.conf,2026-05-30 14:45:42 | README.txt,CSD-derived context,curation_or_validation
<DATA_ROOT>\data_raw\csd_mof_collection\astex_related\extracted\ccdc_astex_set\test1qbt,data_raw\csd_mof_collection\astex_related\extracted\ccdc_astex_set\test1qbt,0,5,405.17 KB (414893 bytes),NO,2001-06-14 09:57:04 | gold.conf,2026-05-30 14:45:42 | README.txt,CSD-derived context,curation_or_validation
<DATA_ROOT>\data_raw\csd_mof_collection\astex_related\extracted\ccdc_astex_set\test1qbu,data_raw\csd_mof_collection\astex_related\extracted\ccdc_astex_set\test1qbu,0,5,400.29 KB (409892 bytes),NO,2001-06-14 09:57:04 | gold.conf,2026-05-30 14:45:42 | README.txt,CSD-derived context,curation_or_validation
<DATA_ROOT>\data_raw\csd_mof_collection\astex_related\extracted\ccdc_astex_set\test1qcf,data_raw\csd_mof_collection\astex_related\extracted\ccdc_astex_set\test1qcf,0,6,928.83 KB (951126 bytes),NO,2001-06-14 09:57:04 | gold.conf,2026-05-30 14:45:42 | README.txt,CSD-derived context,curation_or_validation
<DATA_ROOT>\data_raw\csd_mof_collection\astex_related\extracted\ccdc_astex_set\test1qh7,data_raw\csd_mof_collection\astex_related\extracted\ccdc_astex_set\test1qh7,0,6,456.27 KB (467222 bytes),NO,2001-06-14 09:57:02 | gold.conf,2026-05-30 14:45:42 | README.txt,CSD-derived context,curation_or_validation
<DATA_ROOT>\data_raw\csd_mof_collection\astex_related\extracted\ccdc_astex_set\test1ql7,data_raw\csd_mof_collection\astex_related\extracted\ccdc_astex_set\test1ql7,0,6,431.16 KB (441509 bytes),NO,2001-06-14 09:57:02 | gold.conf,2026-05-30 14:45:42 | README.txt,CSD-derived context,curation_or_validation
<DATA_ROOT>\data_raw\csd_mof_collection\astex_related\extracted\ccdc_astex_set\test1qpe,data_raw\csd_mof_collection\astex_related\extracted\ccdc_astex_set\test1qpe,0,6,585.40 KB (599453 bytes),NO,2001-06-14 09:57:06 | water.mol2,2026-05-30 14:45:42 | README.txt,CSD-derived context,curation_or_validation
<DATA_ROOT>\data_raw\csd_mof_collection\astex_related\extracted\ccdc_astex_set\test1qpq,data_raw\csd_mof_collection\astex_related\extracted\ccdc_astex_set\test1qpq,0,5,417.38 KB (427399 bytes),NO,2001-06-14 09:57:06 | gold.conf,2026-05-30 14:45:42 | README.txt,CSD-derived context,curation_or_validation
<DATA_ROOT>\data_raw\csd_mof_collection\astex_related\extracted\ccdc_astex_set\test1rbp,data_raw\csd_mof_collection\astex_related\extracted\ccdc_astex_set\test1rbp,0,6,390.24 KB (399609 bytes),NO,2001-06-14 09:56:40 | gold.conf,2026-05-30 14:45:42 | README.txt,CSD-derived context,curation_or_validation
<DATA_ROOT>\data_raw\csd_mof_collection\astex_related\extracted\ccdc_astex_set\test1rds,data_raw\csd_mof_collection\astex_related\extracted\ccdc_astex_set\test1rds,0,5,198.28 KB (203039 bytes),NO,2001-06-14 09:56:40 | gold.conf,2026-05-30 14:45:42 | README.txt,CSD-derived context,curation_or_validation
<DATA_ROOT>\data_raw\csd_mof_collection\astex_related\extracted\ccdc_astex_set\test1rne,data_raw\csd_mof_collection\astex_related\extracted\ccdc_astex_set\test1rne,0,5,474.50 KB (485892 bytes),NO,2001-06-14 09:56:40 | gold.conf,2026-05-30 14:45:42 | README.txt,CSD-derived context,curation_or_validation
<DATA_ROOT>\data_raw\csd_mof_collection\astex_related\extracted\ccdc_astex_set\test1rnt,data_raw\csd_mof_collection\astex_related\extracted\ccdc_astex_set\test1rnt,0,6,203.61 KB (208499 bytes),NO,2001-06-14 09:56:38 | gold.conf,2026-05-30 14:45:42 | README.txt,CSD-derived context,curation_or_validation
<DATA_ROOT>\data_raw\csd_mof_collection\astex_related\extracted\ccdc_astex_set\test1rob,data_raw\csd_mof_collection\astex_related\extracted\ccdc_astex_set\test1rob,0,5,187.35 KB (191846 bytes),NO,2001-06-14 09:56:38 | gold.conf,2026-05-30 14:45:42 | README.txt,CSD-derived context,curation_or_validation
<DATA_ROOT>\data_raw\csd_mof_collection\astex_related\extracted\ccdc_astex_set\test1rt2,data_raw\csd_mof_collection\astex_related\extracted\ccdc_astex_set\test1rt2,0,6,1.90 MB (1987092 bytes),NO,2001-06-14 09:56:40 | water.mol2,2026-05-30 14:45:42 | README.txt,CSD-derived context,curation_or_validation
<DATA_ROOT>\data_raw\csd_mof_collection\astex_related\extracted\ccdc_astex_set\test1sln,data_raw\csd_mof_collection\astex_related\extracted\ccdc_astex_set\test1sln,0,6,352.83 KB (361298 bytes),NO,2001-06-14 09:56:46 | gold.conf,2026-05-30 14:45:42 | README.txt,CSD-derived context,curation_or_validation
<DATA_ROOT>\data_raw\csd_mof_collection\astex_related\extracted\ccdc_astex_set\test1slt,data_raw\csd_mof_collection\astex_related\extracted\ccdc_astex_set\test1slt,0,5,123.09 KB (126041 bytes),NO,2001-06-14 09:56:44 | gold.conf,2026-05-30 14:45:44 | README.txt,CSD-derived context,curation_or_validation
<DATA_ROOT>\data_raw\csd_mof_collection\astex_related\extracted\ccdc_astex_set\test1snc,data_raw\csd_mof_collection\astex_related\extracted\ccdc_astex_set\test1snc,0,5,188.75 KB (193279 bytes),NO,2001-06-14 09:56:44 | gold.conf,2026-05-30 14:45:44 | README.txt,CSD-derived context,curation_or_validation
<DATA_ROOT>\data_raw\csd_mof_collection\astex_related\extracted\ccdc_astex_set\test1srf,data_raw\csd_mof_collection\astex_related\extracted\ccdc_astex_set\test1srf,0,6,426.03 KB (436254 bytes),NO,2001-06-14 09:56:48 | gold.conf,2026-05-30 14:45:44 | README.txt,CSD-derived context,curation_or_validation
<DATA_ROOT>\data_raw\csd_mof_collection\astex_related\extracted\ccdc_astex_set\test1srg,data_raw\csd_mof_collection\astex_related\extracted\ccdc_astex_set\test1srg,0,6,423.10 KB (433258 bytes),NO,2001-06-14 09:56:48 | gold.conf,2026-05-30 14:45:44 | README.txt,CSD-derived context,curation_or_validation
<DATA_ROOT>\data_raw\csd_mof_collection\astex_related\extracted\ccdc_astex_set\test1srh,data_raw\csd_mof_collection\astex_related\extracted\ccdc_astex_set\test1srh,0,6,423.02 KB (433177 bytes),NO,2001-06-14 09:56:46 | gold.conf,2026-05-30 14:45:44 | README.txt,CSD-derived context,curation_or_validation
<DATA_ROOT>\data_raw\csd_mof_collection\astex_related\extracted\ccdc_astex_set\test1srj,data_raw\csd_mof_collection\astex_related\extracted\ccdc_astex_set\test1srj,0,5,239.01 KB (244747 bytes),NO,2001-06-14 09:56:46 | gold.conf,2026-05-30 14:45:44 | README.txt,CSD-derived context,curation_or_validation
<DATA_ROOT>\data_raw\csd_mof_collection\astex_related\extracted\ccdc_astex_set\test1stp,data_raw\csd_mof_collection\astex_related\extracted\ccdc_astex_set\test1stp,0,5,166.34 KB (170329 bytes),NO,2001-06-14 09:56:46 | gold.conf,2026-05-30 14:45:44 | README.txt,CSD-derived context,curation_or_validation
<DATA_ROOT>\data_raw\csd_mof_collection\astex_related\extracted\ccdc_astex_set\test1tdb,data_raw\csd_mof_collection\astex_related\extracted\ccdc_astex_set\test1tdb,0,5,305.33 KB (312656 bytes),NO,2001-06-14 09:56:32 | gold.conf,2026-05-30 14:45:44 | README.txt,CSD-derived context,curation_or_validation
<DATA_ROOT>\data_raw\csd_mof_collection\astex_related\extracted\ccdc_astex_set\test1tka,data_raw\csd_mof_collection\astex_related\extracted\ccdc_astex_set\test1tka,0,5,486.34 KB (498015 bytes),NO,2001-06-14 09:56:32 | gold.conf,2026-05-30 14:45:44 | README.txt,CSD-derived context,curation_or_validation
<DATA_ROOT>\data_raw\csd_mof_collection\astex_related\extracted\ccdc_astex_set\test1tlp,data_raw\csd_mof_collection\astex_related\extracted\ccdc_astex_set\test1tlp,0,6,639.71 KB (655067 bytes),NO,2001-06-14 09:56:32 | gold.conf,2026-05-30 14:45:44 | README.txt,CSD-derived context,curation_or_validation
<DATA_ROOT>\data_raw\csd_mof_collection\astex_related\extracted\ccdc_astex_set\test1tmn,data_raw\csd_mof_collection\astex_related\extracted\ccdc_astex_set\test1tmn,0,5,604.77 KB (619284 bytes),NO,2001-06-14 09:56:30 | gold.conf,2026-05-30 14:45:44 | README.txt,CSD-derived context,curation_or_validation
<DATA_ROOT>\data_raw\csd_mof_collection\astex_related\extracted\ccdc_astex_set\test1tng,data_raw\csd_mof_collection\astex_related\extracted\ccdc_astex_set\test1tng,0,5,235.49 KB (241144 bytes),NO,2001-06-14 09:56:30 | gold.conf,2026-05-30 14:45:44 | README.txt,CSD-derived context,curation_or_validation
<DATA_ROOT>\data_raw\csd_mof_collection\astex_related\extracted\ccdc_astex_set\test1tnh,data_raw\csd_mof_collection\astex_related\extracted\ccdc_astex_set\test1tnh,0,6,449.55 KB (460339 bytes),NO,2001-06-14 09:56:30 | gold.conf,2026-05-30 14:45:44 | README.txt,CSD-derived context,curation_or_validation
<DATA_ROOT>\data_raw\csd_mof_collection\astex_related\extracted\ccdc_astex_set\test1tni,data_raw\csd_mof_collection\astex_related\extracted\ccdc_astex_set\test1tni,0,5,260.66 KB (266920 bytes),NO,2001-06-14 09:56:28 | gold.conf,2026-05-30 14:45:44 | README.txt,CSD-derived context,curation_or_validation
<DATA_ROOT>\data_raw\csd_mof_collection\astex_related\extracted\ccdc_astex_set\test1tnl,data_raw\csd_mof_collection\astex_related\extracted\ccdc_astex_set\test1tnl,0,5,231.23 KB (236775 bytes),NO,2001-06-14 09:56:28 | gold.conf,2026-05-30 14:45:44 | README.txt,CSD-derived context,curation_or_validation
<DATA_ROOT>\data_raw\csd_mof_collection\astex_related\extracted\ccdc_astex_set\test1tph,data_raw\csd_mof_collection\astex_related\extracted\ccdc_astex_set\test1tph,0,5,265.91 KB (272288 bytes),NO,2001-06-14 09:56:36 | gold.conf,2026-05-30 14:45:44 | README.txt,CSD-derived context,curation_or_validation
<DATA_ROOT>\data_raw\csd_mof_collection\astex_related\extracted\ccdc_astex_set\test1tpp,data_raw\csd_mof_collection\astex_related\extracted\ccdc_astex_set\test1tpp,0,5,258.11 KB (264309 bytes),NO,2001-06-14 09:56:34 | gold.conf,2026-05-30 14:45:44 | README.txt,CSD-derived context,curation_or_validation
<DATA_ROOT>\data_raw\csd_mof_collection\astex_related\extracted\ccdc_astex_set\test1trk,data_raw\csd_mof_collection\astex_related\extracted\ccdc_astex_set\test1trk,0,5,534.43 KB (547257 bytes),NO,2001-06-14 09:56:34 | gold.conf,2026-05-30 14:45:44 | README.txt,CSD-derived context,curation_or_validation
<DATA_ROOT>\data_raw\csd_mof_collection\astex_related\extracted\ccdc_astex_set\test1tyl,data_raw\csd_mof_collection\astex_related\extracted\ccdc_astex_set\test1tyl,0,5,123.78 KB (126749 bytes),NO,2001-06-14 09:56:34 | gold.conf,2026-05-30 14:45:44 | README.txt,CSD-derived context,curation_or_validation
<DATA_ROOT>\data_raw\csd_mof_collection\astex_related\extracted\ccdc_astex_set\test1ukz,data_raw\csd_mof_collection\astex_related\extracted\ccdc_astex_set\test1ukz,0,5,273.18 KB (279736 bytes),NO,2001-06-14 09:56:36 | gold.conf,2026-05-30 14:45:44 | README.txt,CSD-derived context,curation_or_validation
<DATA_ROOT>\data_raw\csd_mof_collection\astex_related\extracted\ccdc_astex_set\test1ulb,data_raw\csd_mof_collection\astex_related\extracted\ccdc_astex_set\test1ulb,0,5,199.81 KB (204608 bytes),NO,2001-06-14 09:56:36 | gold.conf,2026-05-30 14:45:44 | README.txt,CSD-derived context,curation_or_validation
<DATA_ROOT>\data_raw\csd_mof_collection\astex_related\extracted\ccdc_astex_set\test1uvs,data_raw\csd_mof_collection\astex_related\extracted\ccdc_astex_set\test1uvs,0,6,540.04 KB (553000 bytes),NO,2001-06-14 09:56:38 | gold.conf,2026-05-30 14:45:44 | README.txt,CSD-derived context,curation_or_validation
<DATA_ROOT>\data_raw\csd_mof_collection\astex_related\extracted\ccdc_astex_set\test1uvt,data_raw\csd_mof_collection\astex_related\extracted\ccdc_astex_set\test1uvt,0,6,556.21 KB (569563 bytes),NO,2001-06-14 09:56:38 | gold.conf,2026-05-30 14:45:44 | README.txt,CSD-derived context,curation_or_validation
<DATA_ROOT>\data_raw\csd_mof_collection\astex_related\extracted\ccdc_astex_set\test1vgc,data_raw\csd_mof_collection\astex_related\extracted\ccdc_astex_set\test1vgc,0,6,452.66 KB (463525 bytes),NO,2001-06-14 09:56:26 | gold.conf,2026-05-30 14:45:44 | README.txt,CSD-derived context,curation_or_validation
<DATA_ROOT>\data_raw\csd_mof_collection\astex_related\extracted\ccdc_astex_set\test1vrh,data_raw\csd_mof_collection\astex_related\extracted\ccdc_astex_set\test1vrh,0,5,408.29 KB (418087 bytes),NO,2001-06-14 09:56:26 | gold.conf,2026-05-30 14:45:44 | README.txt,CSD-derived context,curation_or_validation
<DATA_ROOT>\data_raw\csd_mof_collection\astex_related\extracted\ccdc_astex_set\test1wap,data_raw\csd_mof_collection\astex_related\extracted\ccdc_astex_set\test1wap,0,5,244.39 KB (250258 bytes),NO,2001-06-14 09:56:28 | gold.conf,2026-05-30 14:45:44 | README.txt,CSD-derived context,curation_or_validation
<DATA_ROOT>\data_raw\csd_mof_collection\astex_related\extracted\ccdc_astex_set\test1xid,data_raw\csd_mof_collection\astex_related\extracted\ccdc_astex_set\test1xid,0,5,187.94 KB (192453 bytes),NO,2001-06-14 09:57:10 | gold.conf,2026-05-30 14:45:44 | README.txt,CSD-derived context,curation_or_validation
<DATA_ROOT>\data_raw\csd_mof_collection\astex_related\extracted\ccdc_astex_set\test1xie,data_raw\csd_mof_collection\astex_related\extracted\ccdc_astex_set\test1xie,0,5,189.32 KB (193860 bytes),NO,2001-06-14 09:57:08 | gold.conf,2026-05-30 14:45:44 | README.txt,CSD-derived context,curation_or_validation
<DATA_ROOT>\data_raw\csd_mof_collection\astex_related\extracted\ccdc_astex_set\test1xkb,data_raw\csd_mof_collection\astex_related\extracted\ccdc_astex_set\test1xkb,0,6,399.09 KB (408664 bytes),NO,2001-06-14 09:57:08 | gold.conf,2026-05-30 14:45:44 | README.txt,CSD-derived context,curation_or_validation
<DATA_ROOT>\data_raw\csd_mof_collection\astex_related\extracted\ccdc_astex_set\test1ydr,data_raw\csd_mof_collection\astex_related\extracted\ccdc_astex_set\test1ydr,0,6,759.32 KB (777547 bytes),NO,2001-06-14 09:57:14 | gold.conf,2026-05-30 14:45:44 | README.txt,CSD-derived context,curation_or_validation
<DATA_ROOT>\data_raw\csd_mof_collection\astex_related\extracted\ccdc_astex_set\test1yds,data_raw\csd_mof_collection\astex_related\extracted\ccdc_astex_set\test1yds,0,6,731.09 KB (748637 bytes),NO,2001-06-14 09:57:12 | gold.conf,2026-05-30 14:45:44 | README.txt,CSD-derived context,curation_or_validation
<DATA_ROOT>\data_raw\csd_mof_collection\astex_related\extracted\ccdc_astex_set\test1ydt,data_raw\csd_mof_collection\astex_related\extracted\ccdc_astex_set\test1ydt,0,6,734.19 KB (751815 bytes),NO,2001-06-14 09:57:10 | water.mol2,2026-05-30 14:45:44 | README.txt,CSD-derived context,curation_or_validation
<DATA_ROOT>\data_raw\csd_mof_collection\astex_related\extracted\ccdc_astex_set\test1yee,data_raw\csd_mof_collection\astex_related\extracted\ccdc_astex_set\test1yee,0,6,849.42 KB (869806 bytes),NO,2001-06-14 09:57:10 | gold.conf,2026-05-30 14:45:44 | README.txt,CSD-derived context,curation_or_validation
<DATA_ROOT>\data_raw\csd_mof_collection\astex_related\extracted\ccdc_astex_set\test25c8,data_raw\csd_mof_collection\astex_related\extracted\ccdc_astex_set\test25c8,0,6,856.28 KB (876829 bytes),NO,2001-06-14 09:53:38 | gold.conf,2026-05-30 14:45:44 | README.txt,CSD-derived context,curation_or_validation
<DATA_ROOT>\data_raw\csd_mof_collection\astex_related\extracted\ccdc_astex_set\test2aad,data_raw\csd_mof_collection\astex_related\extracted\ccdc_astex_set\test2aad,0,6,402.03 KB (411676 bytes),NO,2001-06-14 09:53:46 | gold.conf,2026-05-30 14:45:44 | README.txt,CSD-derived context,curation_or_validation
<DATA_ROOT>\data_raw\csd_mof_collection\astex_related\extracted\ccdc_astex_set\test2ack,data_raw\csd_mof_collection\astex_related\extracted\ccdc_astex_set\test2ack,0,6,507.71 KB (519892 bytes),NO,2001-06-14 09:53:46 | gold.conf,2026-05-30 14:45:44 | README.txt,CSD-derived context,curation_or_validation
<DATA_ROOT>\data_raw\csd_mof_collection\astex_related\extracted\ccdc_astex_set\test2ada,data_raw\csd_mof_collection\astex_related\extracted\ccdc_astex_set\test2ada,0,5,337.95 KB (346065 bytes),NO,2001-06-14 09:53:46 | gold.conf,2026-05-30 14:45:44 | README.txt,CSD-derived context,curation_or_validation
<DATA_ROOT>\data_raw\csd_mof_collection\astex_related\extracted\ccdc_astex_set\test2ak3,data_raw\csd_mof_collection\astex_related\extracted\ccdc_astex_set\test2ak3,0,5,218.39 KB (223635 bytes),NO,2001-06-14 09:53:44 | gold.conf,2026-05-30 14:45:44 | README.txt,CSD-derived context,curation_or_validation
<DATA_ROOT>\data_raw\csd_mof_collection\astex_related\extracted\ccdc_astex_set\test2cgr,data_raw\csd_mof_collection\astex_related\extracted\ccdc_astex_set\test2cgr,0,5,227.53 KB (232988 bytes),NO,2001-06-14 09:53:42 | gold.conf,2026-05-30 14:45:44 | README.txt,CSD-derived context,curation_or_validation
<DATA_ROOT>\data_raw\csd_mof_collection\astex_related\extracted\ccdc_astex_set\test2cht,data_raw\csd_mof_collection\astex_related\extracted\ccdc_astex_set\test2cht,0,5,215.27 KB (220433 bytes),NO,2001-06-14 09:53:42 | gold.conf,2026-05-30 14:45:44 | README.txt,CSD-derived context,curation_or_validation
<DATA_ROOT>\data_raw\csd_mof_collection\astex_related\extracted\ccdc_astex_set\test2cmd,data_raw\csd_mof_collection\astex_related\extracted\ccdc_astex_set\test2cmd,0,5,244.00 KB (249853 bytes),NO,2001-06-14 09:53:42 | gold.conf,2026-05-30 14:45:44 | README.txt,CSD-derived context,curation_or_validation
<DATA_ROOT>\data_raw\csd_mof_collection\astex_related\extracted\ccdc_astex_set\test2cpp,data_raw\csd_mof_collection\astex_related\extracted\ccdc_astex_set\test2cpp,0,6,848.90 KB (869276 bytes),NO,2001-06-14 09:53:44 | gold.conf,2026-05-30 14:45:44 | README.txt,CSD-derived context,curation_or_validation
<DATA_ROOT>\data_raw\csd_mof_collection\astex_related\extracted\ccdc_astex_set\test2ctc,data_raw\csd_mof_collection\astex_related\extracted\ccdc_astex_set\test2ctc,0,5,274.18 KB (280765 bytes),NO,2001-06-14 09:53:42 | gold.conf,2026-05-30 14:45:44 | README.txt,CSD-derived context,curation_or_validation
<DATA_ROOT>\data_raw\csd_mof_collection\astex_related\extracted\ccdc_astex_set\test2dbl,data_raw\csd_mof_collection\astex_related\extracted\ccdc_astex_set\test2dbl,0,5,232.68 KB (238266 bytes),NO,2001-06-14 09:53:40 | gold.conf,2026-05-30 14:45:44 | README.txt,CSD-derived context,curation_or_validation
<DATA_ROOT>\data_raw\csd_mof_collection\astex_related\extracted\ccdc_astex_set\test2er7,data_raw\csd_mof_collection\astex_related\extracted\ccdc_astex_set\test2er7,0,6,612.96 KB (627669 bytes),NO,2001-06-14 09:53:40 | gold.conf,2026-05-30 14:45:44 | README.txt,CSD-derived context,curation_or_validation
<DATA_ROOT>\data_raw\csd_mof_collection\astex_related\extracted\ccdc_astex_set\test2fox,data_raw\csd_mof_collection\astex_related\extracted\ccdc_astex_set\test2fox,0,6,297.65 KB (304796 bytes),NO,2001-06-14 09:53:38 | gold.conf,2026-05-30 14:45:44 | README.txt,CSD-derived context,curation_or_validation
<DATA_ROOT>\data_raw\csd_mof_collection\astex_related\extracted\ccdc_astex_set\test2gbp,data_raw\csd_mof_collection\astex_related\extracted\ccdc_astex_set\test2gbp,0,5,276.91 KB (283555 bytes),NO,2001-06-14 09:53:40 | gold.conf,2026-05-30 14:45:44 | README.txt,CSD-derived context,curation_or_validation
<DATA_ROOT>\data_raw\csd_mof_collection\astex_related\extracted\ccdc_astex_set\test2h4n,data_raw\csd_mof_collection\astex_related\extracted\ccdc_astex_set\test2h4n,0,6,518.36 KB (530797 bytes),NO,2001-06-14 09:53:48 | gold.conf,2026-05-30 14:45:44 | README.txt,CSD-derived context,curation_or_validation
<DATA_ROOT>\data_raw\csd_mof_collection\astex_related\extracted\ccdc_astex_set\test2ifb,data_raw\csd_mof_collection\astex_related\extracted\ccdc_astex_set\test2ifb,0,6,287.78 KB (294689 bytes),NO,2001-06-14 09:53:48 | gold.conf,2026-05-30 14:45:44 | README.txt,CSD-derived context,curation_or_validation
<DATA_ROOT>\data_raw\csd_mof_collection\astex_related\extracted\ccdc_astex_set\test2lgs,data_raw\csd_mof_collection\astex_related\extracted\ccdc_astex_set\test2lgs,0,5,245.27 KB (251158 bytes),NO,2001-06-14 09:53:46 | gold.conf,2026-05-30 14:45:44 | README.txt,CSD-derived context,curation_or_validation
<DATA_ROOT>\data_raw\csd_mof_collection\astex_related\extracted\ccdc_astex_set\test2mcp,data_raw\csd_mof_collection\astex_related\extracted\ccdc_astex_set\test2mcp,0,5,137.64 KB (140948 bytes),NO,2001-06-14 09:53:48 | gold.conf,2026-05-30 14:45:44 | README.txt,CSD-derived context,curation_or_validation
<DATA_ROOT>\data_raw\csd_mof_collection\astex_related\extracted\ccdc_astex_set\test2mip,data_raw\csd_mof_collection\astex_related\extracted\ccdc_astex_set\test2mip,0,9,1.45 MB (1518345 bytes),NO,2001-06-14 09:53:46 | gold.conf,2026-05-30 14:45:44 | README.txt,CSD-derived context,curation_or_validation
<DATA_ROOT>\data_raw\csd_mof_collection\astex_related\extracted\ccdc_astex_set\test2pcp,data_raw\csd_mof_collection\astex_related\extracted\ccdc_astex_set\test2pcp,0,6,911.08 KB (932943 bytes),NO,2001-06-14 09:53:56 | gold.conf,2026-05-30 14:45:44 | README.txt,CSD-derived context,curation_or_validation
<DATA_ROOT>\data_raw\csd_mof_collection\astex_related\extracted\ccdc_astex_set\test2phh,data_raw\csd_mof_collection\astex_related\extracted\ccdc_astex_set\test2phh,0,5,287.85 KB (294762 bytes),NO,2001-06-14 09:53:54 | gold.conf,2026-05-30 14:45:44 | README.txt,CSD-derived context,curation_or_validation
<DATA_ROOT>\data_raw\csd_mof_collection\astex_related\extracted\ccdc_astex_set\test2pk4,data_raw\csd_mof_collection\astex_related\extracted\ccdc_astex_set\test2pk4,0,5,113.74 KB (116471 bytes),NO,2001-06-14 09:53:54 | gold.conf,2026-05-30 14:45:44 | README.txt,CSD-derived context,curation_or_validation
<DATA_ROOT>\data_raw\csd_mof_collection\astex_related\extracted\ccdc_astex_set\test2plv,data_raw\csd_mof_collection\astex_related\extracted\ccdc_astex_set\test2plv,0,5,453.57 KB (464460 bytes),NO,2001-06-14 09:53:54 | gold.conf,2026-05-30 14:45:44 | README.txt,CSD-derived context,curation_or_validation
<DATA_ROOT>\data_raw\csd_mof_collection\astex_related\extracted\ccdc_astex_set\test2qwk,data_raw\csd_mof_collection\astex_related\extracted\ccdc_astex_set\test2qwk,0,6,790.79 KB (809767 bytes),NO,2001-06-14 09:53:56 | water.mol2,2026-05-30 14:45:44 | README.txt,CSD-derived context,curation_or_validation
<DATA_ROOT>\data_raw\csd_mof_collection\astex_related\extracted\ccdc_astex_set\test2r04,data_raw\csd_mof_collection\astex_related\extracted\ccdc_astex_set\test2r04,0,6,559.40 KB (572823 bytes),NO,2001-06-14 09:53:52 | gold.conf,2026-05-30 14:45:44 | README.txt,CSD-derived context,curation_or_validation
<DATA_ROOT>\data_raw\csd_mof_collection\astex_related\extracted\ccdc_astex_set\test2r07,data_raw\csd_mof_collection\astex_related\extracted\ccdc_astex_set\test2r07,0,5,415.13 KB (425094 bytes),NO,2001-06-14 09:53:52 | gold.conf,2026-05-30 14:45:44 | README.txt,CSD-derived context,curation_or_validation
<DATA_ROOT>\data_raw\csd_mof_collection\astex_related\extracted\ccdc_astex_set\test2sim,data_raw\csd_mof_collection\astex_related\extracted\ccdc_astex_set\test2sim,0,5,297.69 KB (304834 bytes),NO,2001-06-14 09:53:52 | gold.conf,2026-05-30 14:45:44 | README.txt,CSD-derived context,curation_or_validation
<DATA_ROOT>\data_raw\csd_mof_collection\astex_related\extracted\ccdc_astex_set\test2tmn,data_raw\csd_mof_collection\astex_related\extracted\ccdc_astex_set\test2tmn,0,6,633.69 KB (648901 bytes),NO,2001-06-14 09:53:50 | gold.conf,2026-05-30 14:45:44 | README.txt,CSD-derived context,curation_or_validation
<DATA_ROOT>\data_raw\csd_mof_collection\astex_related\extracted\ccdc_astex_set\test2tsc,data_raw\csd_mof_collection\astex_related\extracted\ccdc_astex_set\test2tsc,0,6,422.04 KB (432168 bytes),NO,2001-06-14 09:53:50 | gold.conf,2026-05-30 14:45:44 | README.txt,CSD-derived context,curation_or_validation
<DATA_ROOT>\data_raw\csd_mof_collection\astex_related\extracted\ccdc_astex_set\test2yhx,data_raw\csd_mof_collection\astex_related\extracted\ccdc_astex_set\test2yhx,0,5,251.71 KB (257755 bytes),NO,2001-06-14 09:53:58 | gold.conf,2026-05-30 14:45:44 | README.txt,CSD-derived context,curation_or_validation
<DATA_ROOT>\data_raw\csd_mof_collection\astex_related\extracted\ccdc_astex_set\test2ypi,data_raw\csd_mof_collection\astex_related\extracted\ccdc_astex_set\test2ypi,0,6,478.16 KB (489632 bytes),NO,2001-06-14 09:53:58 | gold.conf,2026-05-30 14:45:44 | README.txt,CSD-derived context,curation_or_validation
<DATA_ROOT>\data_raw\csd_mof_collection\astex_related\extracted\ccdc_astex_set\test3cla,data_raw\csd_mof_collection\astex_related\extracted\ccdc_astex_set\test3cla,0,5,219.23 KB (224489 bytes),NO,2001-06-14 09:53:30 | gold.conf,2026-05-30 14:45:44 | README.txt,CSD-derived context,curation_or_validation
<DATA_ROOT>\data_raw\csd_mof_collection\astex_related\extracted\ccdc_astex_set\test3cpa,data_raw\csd_mof_collection\astex_related\extracted\ccdc_astex_set\test3cpa,0,5,625.41 KB (640417 bytes),NO,2001-06-14 09:53:32 | gold.conf,2026-05-30 14:45:44 | README.txt,CSD-derived context,curation_or_validation
<DATA_ROOT>\data_raw\csd_mof_collection\astex_related\extracted\ccdc_astex_set\test3erd,data_raw\csd_mof_collection\astex_related\extracted\ccdc_astex_set\test3erd,0,6,503.29 KB (515367 bytes),NO,2001-06-14 09:53:30 | gold.conf,2026-05-30 14:45:44 | README.txt,CSD-derived context,curation_or_validation
<DATA_ROOT>\data_raw\csd_mof_collection\astex_related\extracted\ccdc_astex_set\test3ert,data_raw\csd_mof_collection\astex_related\extracted\ccdc_astex_set\test3ert,0,6,506.11 KB (518255 bytes),NO,2001-06-14 09:53:28 | gold.conf,2026-05-30 14:45:44 | README.txt,CSD-derived context,curation_or_validation
<DATA_ROOT>\data_raw\csd_mof_collection\astex_related\extracted\ccdc_astex_set\test3gch,data_raw\csd_mof_collection\astex_related\extracted\ccdc_astex_set\test3gch,0,5,165.98 KB (169964 bytes),NO,2001-06-14 09:53:28 | gold.conf,2026-05-30 14:45:44 | README.txt,CSD-derived context,curation_or_validation
<DATA_ROOT>\data_raw\csd_mof_collection\astex_related\extracted\ccdc_astex_set\test3gpb,data_raw\csd_mof_collection\astex_related\extracted\ccdc_astex_set\test3gpb,0,6,1.80 MB (1892464 bytes),NO,2001-07-25 11:08:58 | water.mol2,2026-05-30 14:45:44 | README.txt,CSD-derived context,curation_or_validation
<DATA_ROOT>\data_raw\csd_mof_collection\astex_related\extracted\ccdc_astex_set\test3hvt,data_raw\csd_mof_collection\astex_related\extracted\ccdc_astex_set\test3hvt,0,5,217.81 KB (223033 bytes),NO,2001-06-14 09:53:34 | gold.conf,2026-05-30 14:45:44 | README.txt,CSD-derived context,curation_or_validation
<DATA_ROOT>\data_raw\csd_mof_collection\astex_related\extracted\ccdc_astex_set\test3mth,data_raw\csd_mof_collection\astex_related\extracted\ccdc_astex_set\test3mth,0,6,208.21 KB (213203 bytes),NO,2001-06-14 09:53:34 | gold.conf,2026-05-30 14:45:44 | README.txt,CSD-derived context,curation_or_validation
<DATA_ROOT>\data_raw\csd_mof_collection\astex_related\extracted\ccdc_astex_set\test3nos,data_raw\csd_mof_collection\astex_related\extracted\ccdc_astex_set\test3nos,0,6,765.83 KB (784206 bytes),NO,2001-06-14 09:53:32 | gold.conf,2026-05-30 14:45:44 | README.txt,CSD-derived context,curation_or_validation
<DATA_ROOT>\data_raw\csd_mof_collection\astex_related\extracted\ccdc_astex_set\test3pgh,data_raw\csd_mof_collection\astex_related\extracted\ccdc_astex_set\test3pgh,0,5,1.09 MB (1142064 bytes),NO,2001-06-14 09:53:36 | gold.conf,2026-05-30 14:45:44 | README.txt,CSD-derived context,curation_or_validation
<DATA_ROOT>\data_raw\csd_mof_collection\astex_related\extracted\ccdc_astex_set\test3ptb,data_raw\csd_mof_collection\astex_related\extracted\ccdc_astex_set\test3ptb,0,5,212.13 KB (217221 bytes),NO,2001-06-14 09:53:36 | gold.conf,2026-05-30 14:45:44 | README.txt,CSD-derived context,curation_or_validation
<DATA_ROOT>\data_raw\csd_mof_collection\astex_related\extracted\ccdc_astex_set\test3tpi,data_raw\csd_mof_collection\astex_related\extracted\ccdc_astex_set\test3tpi,0,5,217.20 KB (222411 bytes),NO,2001-06-14 09:53:34 | gold.conf,2026-05-30 14:45:44 | README.txt,CSD-derived context,curation_or_validation
<DATA_ROOT>\data_raw\csd_mof_collection\astex_related\extracted\ccdc_astex_set\test4aah,data_raw\csd_mof_collection\astex_related\extracted\ccdc_astex_set\test4aah,0,6,594.76 KB (609039 bytes),NO,2001-06-14 09:53:24 | gold.conf,2026-05-30 14:45:44 | README.txt,CSD-derived context,curation_or_validation
<DATA_ROOT>\data_raw\csd_mof_collection\astex_related\extracted\ccdc_astex_set\test4cox,data_raw\csd_mof_collection\astex_related\extracted\ccdc_astex_set\test4cox,0,5,463.36 KB (474482 bytes),NO,2001-06-14 09:53:24 | gold.conf,2026-05-30 14:45:44 | README.txt,CSD-derived context,curation_or_validation
<DATA_ROOT>\data_raw\csd_mof_collection\astex_related\extracted\ccdc_astex_set\test4cts,data_raw\csd_mof_collection\astex_related\extracted\ccdc_astex_set\test4cts,0,5,292.33 KB (299345 bytes),NO,2001-06-14 09:53:24 | gold.conf,2026-05-30 14:45:44 | README.txt,CSD-derived context,curation_or_validation
<DATA_ROOT>\data_raw\csd_mof_collection\astex_related\extracted\ccdc_astex_set\test4dfr,data_raw\csd_mof_collection\astex_related\extracted\ccdc_astex_set\test4dfr,0,5,329.08 KB (336983 bytes),NO,2001-06-14 09:53:20 | gold.conf,2026-05-30 14:45:44 | README.txt,CSD-derived context,curation_or_validation
<DATA_ROOT>\data_raw\csd_mof_collection\astex_related\extracted\ccdc_astex_set\test4er2,data_raw\csd_mof_collection\astex_related\extracted\ccdc_astex_set\test4er2,0,6,606.71 KB (621272 bytes),NO,2001-06-14 09:53:22 | gold.conf,2026-05-30 14:45:44 | README.txt,CSD-derived context,curation_or_validation
<DATA_ROOT>\data_raw\csd_mof_collection\astex_related\extracted\ccdc_astex_set\test4est,data_raw\csd_mof_collection\astex_related\extracted\ccdc_astex_set\test4est,0,5,395.23 KB (404712 bytes),NO,2001-06-14 09:53:22 | gold.conf,2026-05-30 14:45:44 | README.txt,CSD-derived context,curation_or_validation
<DATA_ROOT>\data_raw\csd_mof_collection\astex_related\extracted\ccdc_astex_set\test4fab,data_raw\csd_mof_collection\astex_related\extracted\ccdc_astex_set\test4fab,0,5,218.46 KB (223708 bytes),NO,2001-06-14 09:53:20 | gold.conf,2026-05-30 14:45:44 | README.txt,CSD-derived context,curation_or_validation
<DATA_ROOT>\data_raw\csd_mof_collection\astex_related\extracted\ccdc_astex_set\test4fbp,data_raw\csd_mof_collection\astex_related\extracted\ccdc_astex_set\test4fbp,0,6,577.07 KB (590923 bytes),NO,2001-06-14 09:53:20 | gold.conf,2026-05-30 14:45:44 | README.txt,CSD-derived context,curation_or_validation
<DATA_ROOT>\data_raw\csd_mof_collection\astex_related\extracted\ccdc_astex_set\test4lbd,data_raw\csd_mof_collection\astex_related\extracted\ccdc_astex_set\test4lbd,0,6,495.32 KB (507204 bytes),NO,2001-06-14 09:53:26 | gold.conf,2026-05-30 14:45:44 | README.txt,CSD-derived context,curation_or_validation
<DATA_ROOT>\data_raw\csd_mof_collection\astex_related\extracted\ccdc_astex_set\test4phv,data_raw\csd_mof_collection\astex_related\extracted\ccdc_astex_set\test4phv,0,5,296.25 KB (303363 bytes),NO,2001-06-14 09:53:28 | gold.conf,2026-05-30 14:45:44 | README.txt,CSD-derived context,curation_or_validation
<DATA_ROOT>\data_raw\csd_mof_collection\astex_related\extracted\ccdc_astex_set\test4tpi,data_raw\csd_mof_collection\astex_related\extracted\ccdc_astex_set\test4tpi,0,6,561.50 KB (574976 bytes),NO,2001-06-14 09:53:26 | gold.conf,2026-05-30 14:45:44 | README.txt,CSD-derived context,curation_or_validation
<DATA_ROOT>\data_raw\csd_mof_collection\astex_related\extracted\ccdc_astex_set\test5abp,data_raw\csd_mof_collection\astex_related\extracted\ccdc_astex_set\test5abp,0,8,647.66 KB (663203 bytes),NO,2001-06-14 09:53:18 | gold.conf,2026-05-30 14:45:44 | README.txt,CSD-derived context,curation_or_validation
<DATA_ROOT>\data_raw\csd_mof_collection\astex_related\extracted\ccdc_astex_set\test5cpp,data_raw\csd_mof_collection\astex_related\extracted\ccdc_astex_set\test5cpp,0,6,848.39 KB (868750 bytes),NO,2001-06-14 09:53:18 | gold.conf,2026-05-30 14:45:44 | README.txt,CSD-derived context,curation_or_validation
<DATA_ROOT>\data_raw\csd_mof_collection\astex_related\extracted\ccdc_astex_set\test5er1,data_raw\csd_mof_collection\astex_related\extracted\ccdc_astex_set\test5er1,0,6,601.78 KB (616224 bytes),NO,2001-06-14 09:53:16 | gold.conf,2026-05-30 14:45:44 | README.txt,CSD-derived context,curation_or_validation
<DATA_ROOT>\data_raw\csd_mof_collection\astex_related\extracted\ccdc_astex_set\test5p2p,data_raw\csd_mof_collection\astex_related\extracted\ccdc_astex_set\test5p2p,0,5,159.06 KB (162875 bytes),NO,2001-06-14 09:53:18 | gold.conf,2026-05-30 14:45:44 | README.txt,CSD-derived context,curation_or_validation
<DATA_ROOT>\data_raw\csd_mof_collection\astex_related\extracted\ccdc_astex_set\test6abp,data_raw\csd_mof_collection\astex_related\extracted\ccdc_astex_set\test6abp,0,5,244.51 KB (250380 bytes),NO,2001-06-14 09:53:16 | gold.conf,2026-05-30 14:45:44 | README.txt,CSD-derived context,curation_or_validation
<DATA_ROOT>\data_raw\csd_mof_collection\astex_related\extracted\ccdc_astex_set\test6cpa,data_raw\csd_mof_collection\astex_related\extracted\ccdc_astex_set\test6cpa,0,6,641.62 KB (657024 bytes),NO,2001-06-14 09:53:14 | gold.conf,2026-05-30 14:45:44 | README.txt,CSD-derived context,curation_or_validation
<DATA_ROOT>\data_raw\csd_mof_collection\astex_related\extracted\ccdc_astex_set\test6rnt,data_raw\csd_mof_collection\astex_related\extracted\ccdc_astex_set\test6rnt,0,5,110.85 KB (113507 bytes),NO,2001-06-14 09:53:16 | gold.conf,2026-05-30 14:45:44 | README.txt,CSD-derived context,curation_or_validation
<DATA_ROOT>\data_raw\csd_mof_collection\astex_related\extracted\ccdc_astex_set\test6rsa,data_raw\csd_mof_collection\astex_related\extracted\ccdc_astex_set\test6rsa,0,5,220.46 KB (225752 bytes),NO,2001-06-14 09:53:16 | gold.conf,2026-05-30 14:45:44 | README.txt,CSD-derived context,curation_or_validation
<DATA_ROOT>\data_raw\csd_mof_collection\astex_related\extracted\ccdc_astex_set\test7cpa,data_raw\csd_mof_collection\astex_related\extracted\ccdc_astex_set\test7cpa,0,6,664.20 KB (680139 bytes),NO,2001-06-14 09:53:14 | gold.conf,2026-05-30 14:45:44 | README.txt,CSD-derived context,curation_or_validation
<DATA_ROOT>\data_raw\csd_mof_collection\astex_related\extracted\ccdc_astex_set\test7tim,data_raw\csd_mof_collection\astex_related\extracted\ccdc_astex_set\test7tim,0,5,139.75 KB (143108 bytes),NO,2001-06-14 09:53:14 | gold.conf,2026-05-30 14:45:44 | README.txt,CSD-derived context,curation_or_validation
<DATA_ROOT>\data_raw\csd_mof_collection\astex_related\extracted\ccdc_astex_set\test8gch,data_raw\csd_mof_collection\astex_related\extracted\ccdc_astex_set\test8gch,0,5,270.84 KB (277343 bytes),NO,2001-06-14 09:57:14 | gold.conf,2026-05-30 14:45:44 | README.txt,CSD-derived context,curation_or_validation
<DATA_ROOT>\data_raw\csd_mof_collection\csd_modified_original,data_raw\csd_mof_collection\csd_modified_original,2,1,929.00 B (929 bytes),NO,2026-05-30 14:45:38 | README.txt,2026-05-30 14:45:38 | README.txt,CSD-derived context,curation_or_validation
<DATA_ROOT>\data_raw\csd_mof_collection\csd_modified_original\archives,data_raw\csd_mof_collection\csd_modified_original\archives,0,2,8.62 MB (9040569 bytes),NO,2026-05-30 08:57:52 | original_set.tar.gz,2026-05-30 14:45:44 | README.txt,CSD-derived context,curation_or_validation
<DATA_ROOT>\data_raw\csd_mof_collection\csd_modified_original\extracted,data_raw\csd_mof_collection\csd_modified_original\extracted,1,1,959.00 B (959 bytes),NO,2026-05-30 14:45:44 | README.txt,2026-05-30 14:45:44 | README.txt,CSD-derived context,curation_or_validation
<DATA_ROOT>\data_raw\csd_mof_collection\csd_modified_original\extracted\original_set,data_raw\csd_mof_collection\csd_modified_original\extracted\original_set,133,1,998.00 B (998 bytes),NO,2026-05-30 14:45:44 | README.txt,2026-05-30 14:45:44 | README.txt,CSD-derived context,curation_or_validation
<DATA_ROOT>\data_raw\csd_mof_collection\csd_modified_original\extracted\original_set\test1aaq,data_raw\csd_mof_collection\csd_modified_original\extracted\original_set\test1aaq,0,8,760.76 KB (779022 bytes),NO,1995-11-21 08:26:16 | ligand.mol2,2026-05-30 14:45:44 | README.txt,CSD-derived context,curation_or_validation
<DATA_ROOT>\data_raw\csd_mof_collection\csd_modified_original\extracted\original_set\test1abe,data_raw\csd_mof_collection\csd_modified_original\extracted\original_set\test1abe,0,6,214.89 KB (220043 bytes),NO,1995-11-21 08:28:50 | ligand.mol2,2026-05-30 14:45:44 | README.txt,CSD-derived context,curation_or_validation
<DATA_ROOT>\data_raw\csd_mof_collection\csd_modified_original\extracted\original_set\test1acj,data_raw\csd_mof_collection\csd_modified_original\extracted\original_set\test1acj,0,8,473.47 KB (484833 bytes),NO,1995-11-21 08:29:52 | ligand.mol2,2026-05-30 14:45:44 | README.txt,CSD-derived context,curation_or_validation
<DATA_ROOT>\data_raw\csd_mof_collection\csd_modified_original\extracted\original_set\test1ack,data_raw\csd_mof_collection\csd_modified_original\extracted\original_set\test1ack,0,9,838.67 KB (858796 bytes),NO,1995-11-21 08:32:16 | protein.mol2,2026-05-30 14:45:44 | README.txt,CSD-derived context,curation_or_validation
<DATA_ROOT>\data_raw\csd_mof_collection\csd_modified_original\extracted\original_set\test1acm,data_raw\csd_mof_collection\csd_modified_original\extracted\original_set\test1acm,0,7,279.29 KB (285990 bytes),NO,1995-11-21 08:37:28 | ligand.mol2,2026-05-30 14:45:44 | README.txt,CSD-derived context,curation_or_validation
<DATA_ROOT>\data_raw\csd_mof_collection\csd_modified_original\extracted\original_set\test1aco,data_raw\csd_mof_collection\csd_modified_original\extracted\original_set\test1aco,0,6,260.79 KB (267050 bytes),NO,1996-01-08 11:53:44 | ligand.mol2,2026-05-30 14:45:44 | README.txt,CSD-derived context,curation_or_validation
<DATA_ROOT>\data_raw\csd_mof_collection\csd_modified_original\extracted\original_set\test1aec,data_raw\csd_mof_collection\csd_modified_original\extracted\original_set\test1aec,0,6,130.62 KB (133750 bytes),NO,1996-01-10 15:29:32 | ligand_reference.mol2,2026-05-30 14:45:44 | README.txt,CSD-derived context,curation_or_validation
<DATA_ROOT>\data_raw\csd_mof_collection\csd_modified_original\extracted\original_set\test1aha,data_raw\csd_mof_collection\csd_modified_original\extracted\original_set\test1aha,0,6,201.10 KB (205926 bytes),NO,1995-11-21 08:41:44 | ligand.mol2,2026-05-30 14:45:44 | README.txt,CSD-derived context,curation_or_validation
<DATA_ROOT>\data_raw\csd_mof_collection\csd_modified_original\extracted\original_set\test1apt,data_raw\csd_mof_collection\csd_modified_original\extracted\original_set\test1apt,0,6,341.65 KB (349851 bytes),NO,1995-11-21 08:42:26 | ligand.mol2,2026-05-30 14:45:44 | README.txt,CSD-derived context,curation_or_validation
<DATA_ROOT>\data_raw\csd_mof_collection\csd_modified_original\extracted\original_set\test1ase,data_raw\csd_mof_collection\csd_modified_original\extracted\original_set\test1ase,0,6,317.55 KB (325169 bytes),NO,1996-03-28 11:11:52 | protein.mol2,2026-05-30 14:45:44 | README.txt,CSD-derived context,curation_or_validation
<DATA_ROOT>\data_raw\csd_mof_collection\csd_modified_original\extracted\original_set\test1atl,data_raw\csd_mof_collection\csd_modified_original\extracted\original_set\test1atl,0,5,265.22 KB (271587 bytes),NO,1997-01-31 13:41:58 | protein.mol2,2026-05-30 14:45:44 | README.txt,CSD-derived context,curation_or_validation
<DATA_ROOT>\data_raw\csd_mof_collection\csd_modified_original\extracted\original_set\test1azm,data_raw\csd_mof_collection\csd_modified_original\extracted\original_set\test1azm,0,6,502.40 KB (514457 bytes),NO,1995-11-30 11:51:20 | protein.mol2,2026-05-30 14:45:44 | README.txt,CSD-derived context,curation_or_validation
<DATA_ROOT>\data_raw\csd_mof_collection\csd_modified_original\extracted\original_set\test1baf,data_raw\csd_mof_collection\csd_modified_original\extracted\original_set\test1baf,0,6,193.64 KB (198290 bytes),NO,1995-11-21 08:46:22 | ligand_reference.mol2,2026-05-30 14:45:44 | README.txt,CSD-derived context,curation_or_validation
<DATA_ROOT>\data_raw\csd_mof_collection\csd_modified_original\extracted\original_set\test1bbp,data_raw\csd_mof_collection\csd_modified_original\extracted\original_set\test1bbp,0,5,403.76 KB (413451 bytes),NO,1997-01-31 14:11:00 | protein.mol2,2026-05-30 14:45:44 | README.txt,CSD-derived context,curation_or_validation
<DATA_ROOT>\data_raw\csd_mof_collection\csd_modified_original\extracted\original_set\test1blh,data_raw\csd_mof_collection\csd_modified_original\extracted\original_set\test1blh,0,6,138.74 KB (142067 bytes),NO,1996-01-29 13:49:32 | ligand.mol2,2026-05-30 14:45:44 | README.txt,CSD-derived context,curation_or_validation
<DATA_ROOT>\data_raw\csd_mof_collection\csd_modified_original\extracted\original_set\test1bma,data_raw\csd_mof_collection\csd_modified_original\extracted\original_set\test1bma,0,5,276.98 KB (283623 bytes),NO,1997-02-03 09:42:38 | protein.mol2,2026-05-30 14:45:44 | README.txt,CSD-derived context,curation_or_validation
<DATA_ROOT>\data_raw\csd_mof_collection\csd_modified_original\extracted\original_set\test1byb,data_raw\csd_mof_collection\csd_modified_original\extracted\original_set\test1byb,0,5,581.40 KB (595351 bytes),NO,1997-02-03 14:11:22 | protein.mol2,2026-05-30 14:45:44 | README.txt,CSD-derived context,curation_or_validation
<DATA_ROOT>\data_raw\csd_mof_collection\csd_modified_original\extracted\original_set\test1cbs,data_raw\csd_mof_collection\csd_modified_original\extracted\original_set\test1cbs,0,5,253.03 KB (259099 bytes),NO,1997-02-03 14:27:28 | protein.mol2,2026-05-30 14:45:44 | README.txt,CSD-derived context,curation_or_validation
<DATA_ROOT>\data_raw\csd_mof_collection\csd_modified_original\extracted\original_set\test1cbx,data_raw\csd_mof_collection\csd_modified_original\extracted\original_set\test1cbx,0,6,276.30 KB (282936 bytes),NO,1995-11-21 08:47:46 | ligand.mol2,2026-05-30 14:45:44 | README.txt,CSD-derived context,curation_or_validation
<DATA_ROOT>\data_raw\csd_mof_collection\csd_modified_original\extracted\original_set\test1cdg,data_raw\csd_mof_collection\csd_modified_original\extracted\original_set\test1cdg,0,5,158.97 KB (162789 bytes),NO,1997-02-03 14:53:54 | protein.mol2,2026-05-30 14:45:44 | README.txt,CSD-derived context,curation_or_validation
<DATA_ROOT>\data_raw\csd_mof_collection\csd_modified_original\extracted\original_set\test1cil,data_raw\csd_mof_collection\csd_modified_original\extracted\original_set\test1cil,0,5,293.99 KB (301042 bytes),NO,1997-02-03 15:36:12 | protein.mol2,2026-05-30 14:45:44 | README.txt,CSD-derived context,curation_or_validation
<DATA_ROOT>\data_raw\csd_mof_collection\csd_modified_original\extracted\original_set\test1com,data_raw\csd_mof_collection\csd_modified_original\extracted\original_set\test1com,0,5,178.21 KB (182483 bytes),NO,1997-02-11 08:50:22 | protein.mol2,2026-05-30 14:45:44 | README.txt,CSD-derived context,curation_or_validation
<DATA_ROOT>\data_raw\csd_mof_collection\csd_modified_original\extracted\original_set\test1coy,data_raw\csd_mof_collection\csd_modified_original\extracted\original_set\test1coy,0,6,414.39 KB (424340 bytes),NO,1995-11-21 08:48:46 | ligand.mol2,2026-05-30 14:45:44 | README.txt,CSD-derived context,curation_or_validation
<DATA_ROOT>\data_raw\csd_mof_collection\csd_modified_original\extracted\original_set\test1cps,data_raw\csd_mof_collection\csd_modified_original\extracted\original_set\test1cps,0,6,605.68 KB (620218 bytes),NO,1995-11-30 12:30:40 | ligand.mol2,2026-05-30 14:45:44 | README.txt,CSD-derived context,curation_or_validation
<DATA_ROOT>\data_raw\csd_mof_collection\csd_modified_original\extracted\original_set\test1ctr,data_raw\csd_mof_collection\csd_modified_original\extracted\original_set\test1ctr,0,5,217.24 KB (222452 bytes),NO,1997-02-11 09:05:50 | protein.mol2,2026-05-30 14:45:44 | README.txt,CSD-derived context,curation_or_validation
<DATA_ROOT>\data_raw\csd_mof_collection\csd_modified_original\extracted\original_set\test1dbb,data_raw\csd_mof_collection\csd_modified_original\extracted\original_set\test1dbb,0,6,265.18 KB (271543 bytes),NO,1995-11-21 08:51:12 | ligand.mol2,2026-05-30 14:45:44 | README.txt,CSD-derived context,curation_or_validation
<DATA_ROOT>\data_raw\csd_mof_collection\csd_modified_original\extracted\original_set\test1dbj,data_raw\csd_mof_collection\csd_modified_original\extracted\original_set\test1dbj,0,6,245.13 KB (251012 bytes),NO,1996-03-05 13:22:00 | ligand.mol2,2026-05-30 14:45:44 | README.txt,CSD-derived context,curation_or_validation
<DATA_ROOT>\data_raw\csd_mof_collection\csd_modified_original\extracted\original_set\test1did,data_raw\csd_mof_collection\csd_modified_original\extracted\original_set\test1did,0,6,184.24 KB (188658 bytes),NO,1996-01-14 17:39:40 | protein.mol2,2026-05-30 14:45:44 | README.txt,CSD-derived context,curation_or_validation
<DATA_ROOT>\data_raw\csd_mof_collection\csd_modified_original\extracted\original_set\test1die,data_raw\csd_mof_collection\csd_modified_original\extracted\original_set\test1die,0,6,362.03 KB (370723 bytes),NO,1996-03-27 12:57:56 | ligand.mol2,2026-05-30 14:45:44 | README.txt,CSD-derived context,curation_or_validation
<DATA_ROOT>\data_raw\csd_mof_collection\csd_modified_original\extracted\original_set\test1dr1,data_raw\csd_mof_collection\csd_modified_original\extracted\original_set\test1dr1,0,6,302.85 KB (310116 bytes),NO,1996-02-06 14:07:24 | ligand.mol2,2026-05-30 14:45:44 | README.txt,CSD-derived context,curation_or_validation
<DATA_ROOT>\data_raw\csd_mof_collection\csd_modified_original\extracted\original_set\test1dwd,data_raw\csd_mof_collection\csd_modified_original\extracted\original_set\test1dwd,0,6,274.55 KB (281143 bytes),NO,1996-03-08 18:36:58 | ligand.mol2,2026-05-30 14:45:44 | README.txt,CSD-derived context,curation_or_validation
<DATA_ROOT>\data_raw\csd_mof_collection\csd_modified_original\extracted\original_set\test1eap,data_raw\csd_mof_collection\csd_modified_original\extracted\original_set\test1eap,0,6,298.27 KB (305430 bytes),NO,1996-03-05 13:22:12 | ligand.mol2,2026-05-30 14:45:44 | README.txt,CSD-derived context,curation_or_validation
<DATA_ROOT>\data_raw\csd_mof_collection\csd_modified_original\extracted\original_set\test1eed,data_raw\csd_mof_collection\csd_modified_original\extracted\original_set\test1eed,0,6,443.18 KB (453821 bytes),NO,1996-03-14 17:33:06 | protein.mol2,2026-05-30 14:45:44 | README.txt,CSD-derived context,curation_or_validation
<DATA_ROOT>\data_raw\csd_mof_collection\csd_modified_original\extracted\original_set\test1epb,data_raw\csd_mof_collection\csd_modified_original\extracted\original_set\test1epb,0,6,295.59 KB (302687 bytes),NO,1995-11-21 08:55:38 | ligand.mol2,2026-05-30 14:45:44 | README.txt,CSD-derived context,curation_or_validation
<DATA_ROOT>\data_raw\csd_mof_collection\csd_modified_original\extracted\original_set\test1eta,data_raw\csd_mof_collection\csd_modified_original\extracted\original_set\test1eta,0,6,203.22 KB (208102 bytes),NO,1996-02-05 17:23:12 | ligand.mol2,2026-05-30 14:45:44 | README.txt,CSD-derived context,curation_or_validation
<DATA_ROOT>\data_raw\csd_mof_collection\csd_modified_original\extracted\original_set\test1etr,data_raw\csd_mof_collection\csd_modified_original\extracted\original_set\test1etr,0,6,313.59 KB (321118 bytes),NO,1996-02-27 10:17:42 | ligand.mol2,2026-05-30 14:45:44 | README.txt,CSD-derived context,curation_or_validation
<DATA_ROOT>\data_raw\csd_mof_collection\csd_modified_original\extracted\original_set\test1fen,data_raw\csd_mof_collection\csd_modified_original\extracted\original_set\test1fen,0,5,287.84 KB (294751 bytes),NO,1997-02-04 08:42:48 | protein.mol2,2026-05-30 14:45:44 | README.txt,CSD-derived context,curation_or_validation
<DATA_ROOT>\data_raw\csd_mof_collection\csd_modified_original\extracted\original_set\test1fkg,data_raw\csd_mof_collection\csd_modified_original\extracted\original_set\test1fkg,0,6,182.64 KB (187019 bytes),NO,1996-03-08 18:36:18 | ligand.mol2,2026-05-30 14:45:44 | README.txt,CSD-derived context,curation_or_validation
<DATA_ROOT>\data_raw\csd_mof_collection\csd_modified_original\extracted\original_set\test1fki,data_raw\csd_mof_collection\csd_modified_original\extracted\original_set\test1fki,0,6,212.60 KB (217706 bytes),NO,1996-03-27 13:02:06 | protein.mol2,2026-05-30 14:45:44 | README.txt,CSD-derived context,curation_or_validation
<DATA_ROOT>\data_raw\csd_mof_collection\csd_modified_original\extracted\original_set\test1frp,data_raw\csd_mof_collection\csd_modified_original\extracted\original_set\test1frp,0,5,378.83 KB (387925 bytes),NO,1997-02-04 09:30:30 | protein.mol2,2026-05-30 14:45:44 | README.txt,CSD-derived context,curation_or_validation
<DATA_ROOT>\data_raw\csd_mof_collection\csd_modified_original\extracted\original_set\test1ghb,data_raw\csd_mof_collection\csd_modified_original\extracted\original_set\test1ghb,0,6,258.62 KB (264824 bytes),NO,1996-03-06 12:39:48 | ligand.mol2,2026-05-30 14:45:44 | README.txt,CSD-derived context,curation_or_validation
<DATA_ROOT>\data_raw\csd_mof_collection\csd_modified_original\extracted\original_set\test1glp,data_raw\csd_mof_collection\csd_modified_original\extracted\original_set\test1glp,0,5,339.37 KB (347512 bytes),NO,1997-02-05 16:25:32 | protein.mol2,2026-05-30 14:45:44 | README.txt,CSD-derived context,curation_or_validation
<DATA_ROOT>\data_raw\csd_mof_collection\csd_modified_original\extracted\original_set\test1glq,data_raw\csd_mof_collection\csd_modified_original\extracted\original_set\test1glq,0,6,300.71 KB (307929 bytes),NO,1996-03-15 18:14:06 | ligand.mol2,2026-05-30 14:45:44 | README.txt,CSD-derived context,curation_or_validation
<DATA_ROOT>\data_raw\csd_mof_collection\csd_modified_original\extracted\original_set\test1hdc,data_raw\csd_mof_collection\csd_modified_original\extracted\original_set\test1hdc,0,6,413.65 KB (423575 bytes),NO,1996-02-06 14:07:26 | ligand.mol2,2026-05-30 14:45:44 | README.txt,CSD-derived context,curation_or_validation
<DATA_ROOT>\data_raw\csd_mof_collection\csd_modified_original\extracted\original_set\test1hdy,data_raw\csd_mof_collection\csd_modified_original\extracted\original_set\test1hdy,0,6,258.48 KB (264680 bytes),NO,1996-03-05 13:21:58 | protein.mol2,2026-05-30 14:45:44 | README.txt,CSD-derived context,curation_or_validation
<DATA_ROOT>\data_raw\csd_mof_collection\csd_modified_original\extracted\original_set\test1hef,data_raw\csd_mof_collection\csd_modified_original\extracted\original_set\test1hef,0,8,392.10 KB (401509 bytes),NO,1996-03-13 14:09:06 | ligand.mol2,2026-05-30 14:45:44 | README.txt,CSD-derived context,curation_or_validation
<DATA_ROOT>\data_raw\csd_mof_collection\csd_modified_original\extracted\original_set\test1hfc,data_raw\csd_mof_collection\csd_modified_original\extracted\original_set\test1hfc,0,5,235.78 KB (241437 bytes),NO,1997-02-07 09:03:38 | protein.mol2,2026-05-30 14:45:44 | README.txt,CSD-derived context,curation_or_validation
<DATA_ROOT>\data_raw\csd_mof_collection\csd_modified_original\extracted\original_set\test1hri,data_raw\csd_mof_collection\csd_modified_original\extracted\original_set\test1hri,0,6,382.46 KB (391641 bytes),NO,1996-02-08 15:47:18 | protein.mol2,2026-05-30 14:45:44 | README.txt,CSD-derived context,curation_or_validation
<DATA_ROOT>\data_raw\csd_mof_collection\csd_modified_original\extracted\original_set\test1hsl,data_raw\csd_mof_collection\csd_modified_original\extracted\original_set\test1hsl,0,6,216.63 KB (221826 bytes),NO,1996-06-05 18:09:22 | ligand_reference.mol2,2026-05-30 14:45:44 | README.txt,CSD-derived context,curation_or_validation
<DATA_ROOT>\data_raw\csd_mof_collection\csd_modified_original\extracted\original_set\test1hyt,data_raw\csd_mof_collection\csd_modified_original\extracted\original_set\test1hyt,0,7,602.42 KB (616877 bytes),NO,1995-11-29 17:24:48 | ligand_reference.mol2,2026-05-30 14:45:44 | README.txt,CSD-derived context,curation_or_validation
<DATA_ROOT>\data_raw\csd_mof_collection\csd_modified_original\extracted\original_set\test1icn,data_raw\csd_mof_collection\csd_modified_original\extracted\original_set\test1icn,0,6,285.63 KB (292488 bytes),NO,1995-11-29 16:52:56 | protein.mol2,2026-05-30 14:45:44 | README.txt,CSD-derived context,curation_or_validation
<DATA_ROOT>\data_raw\csd_mof_collection\csd_modified_original\extracted\original_set\test1ida,data_raw\csd_mof_collection\csd_modified_original\extracted\original_set\test1ida,0,9,1.44 MB (1509033 bytes),NO,1996-02-28 14:37:24 | ligand.mol2,2026-05-30 14:45:44 | README.txt,CSD-derived context,curation_or_validation
<DATA_ROOT>\data_raw\csd_mof_collection\csd_modified_original\extracted\original_set\test1igj,data_raw\csd_mof_collection\csd_modified_original\extracted\original_set\test1igj,0,6,344.36 KB (352621 bytes),NO,1996-03-28 13:00:08 | protein.mol2,2026-05-30 14:45:44 | README.txt,CSD-derived context,curation_or_validation
<DATA_ROOT>\data_raw\csd_mof_collection\csd_modified_original\extracted\original_set\test1imb,data_raw\csd_mof_collection\csd_modified_original\extracted\original_set\test1imb,0,5,318.04 KB (325675 bytes),NO,1997-02-11 10:15:24 | protein.mol2,2026-05-30 14:45:44 | README.txt,CSD-derived context,curation_or_validation
<DATA_ROOT>\data_raw\csd_mof_collection\csd_modified_original\extracted\original_set\test1ive,data_raw\csd_mof_collection\csd_modified_original\extracted\original_set\test1ive,0,6,277.23 KB (283879 bytes),NO,1996-02-16 12:57:34 | ligand.mol2,2026-05-30 14:45:44 | README.txt,CSD-derived context,curation_or_validation
<DATA_ROOT>\data_raw\csd_mof_collection\csd_modified_original\extracted\original_set\test1lah,data_raw\csd_mof_collection\csd_modified_original\extracted\original_set\test1lah,0,5,279.97 KB (286688 bytes),NO,1997-02-11 10:25:30 | protein.mol2,2026-05-30 14:45:44 | README.txt,CSD-derived context,curation_or_validation
<DATA_ROOT>\data_raw\csd_mof_collection\csd_modified_original\extracted\original_set\test1lcp,data_raw\csd_mof_collection\csd_modified_original\extracted\original_set\test1lcp,0,5,281.20 KB (287952 bytes),NO,1997-02-07 09:24:18 | protein.mol2,2026-05-30 14:45:44 | README.txt,CSD-derived context,curation_or_validation
<DATA_ROOT>\data_raw\csd_mof_collection\csd_modified_original\extracted\original_set\test1ldm,data_raw\csd_mof_collection\csd_modified_original\extracted\original_set\test1ldm,0,9,587.52 KB (601619 bytes),NO,1996-03-28 11:08:26 | ligand_no_h.mol2,2026-05-30 14:45:44 | README.txt,CSD-derived context,curation_or_validation
<DATA_ROOT>\data_raw\csd_mof_collection\csd_modified_original\extracted\original_set\test1lic,data_raw\csd_mof_collection\csd_modified_original\extracted\original_set\test1lic,0,7,268.60 KB (275051 bytes),NO,1996-04-21 12:10:42 | protein.mol2,2026-05-30 14:45:44 | README.txt,CSD-derived context,curation_or_validation
<DATA_ROOT>\data_raw\csd_mof_collection\csd_modified_original\extracted\original_set\test1lmo,data_raw\csd_mof_collection\csd_modified_original\extracted\original_set\test1lmo,0,5,193.17 KB (197809 bytes),NO,1997-02-07 09:46:26 | protein.mol2,2026-05-30 14:45:44 | README.txt,CSD-derived context,curation_or_validation
<DATA_ROOT>\data_raw\csd_mof_collection\csd_modified_original\extracted\original_set\test1lna,data_raw\csd_mof_collection\csd_modified_original\extracted\original_set\test1lna,0,5,264.96 KB (271324 bytes),NO,1997-02-07 10:13:26 | ligand_reference.mol2,2026-05-30 14:45:44 | README.txt,CSD-derived context,curation_or_validation
<DATA_ROOT>\data_raw\csd_mof_collection\csd_modified_original\extracted\original_set\test1lpm,data_raw\csd_mof_collection\csd_modified_original\extracted\original_set\test1lpm,0,5,496.40 KB (508316 bytes),NO,1997-02-11 10:44:02 | protein.mol2,2026-05-30 14:45:44 | README.txt,CSD-derived context,curation_or_validation
<DATA_ROOT>\data_raw\csd_mof_collection\csd_modified_original\extracted\original_set\test1lst,data_raw\csd_mof_collection\csd_modified_original\extracted\original_set\test1lst,0,6,231.16 KB (236711 bytes),NO,1995-11-23 10:31:52 | ligand.mol2,2026-05-30 14:45:44 | README.txt,CSD-derived context,curation_or_validation
<DATA_ROOT>\data_raw\csd_mof_collection\csd_modified_original\extracted\original_set\test1mcr,data_raw\csd_mof_collection\csd_modified_original\extracted\original_set\test1mcr,0,6,215.31 KB (220475 bytes),NO,1995-11-23 17:32:02 | ligand.mol2,2026-05-30 14:45:44 | README.txt,CSD-derived context,curation_or_validation
<DATA_ROOT>\data_raw\csd_mof_collection\csd_modified_original\extracted\original_set\test1mdr,data_raw\csd_mof_collection\csd_modified_original\extracted\original_set\test1mdr,0,6,251.15 KB (257173 bytes),NO,1996-02-21 17:18:12 | protein.mol2,2026-05-30 14:45:44 | README.txt,CSD-derived context,curation_or_validation
<DATA_ROOT>\data_raw\csd_mof_collection\csd_modified_original\extracted\original_set\test1mmq,data_raw\csd_mof_collection\csd_modified_original\extracted\original_set\test1mmq,0,5,237.22 KB (242914 bytes),NO,1997-02-07 11:14:24 | protein.mol2,2026-05-30 14:45:44 | README.txt,CSD-derived context,curation_or_validation
<DATA_ROOT>\data_raw\csd_mof_collection\csd_modified_original\extracted\original_set\test1mrg,data_raw\csd_mof_collection\csd_modified_original\extracted\original_set\test1mrg,0,5,247.91 KB (253858 bytes),NO,1997-02-07 11:35:34 | protein.mol2,2026-05-30 14:45:44 | README.txt,CSD-derived context,curation_or_validation
<DATA_ROOT>\data_raw\csd_mof_collection\csd_modified_original\extracted\original_set\test1mrk,data_raw\csd_mof_collection\csd_modified_original\extracted\original_set\test1mrk,0,6,292.79 KB (299820 bytes),NO,1996-02-16 12:57:20 | ligand.mol2,2026-05-30 14:45:44 | README.txt,CSD-derived context,curation_or_validation
<DATA_ROOT>\data_raw\csd_mof_collection\csd_modified_original\extracted\original_set\test1mup,data_raw\csd_mof_collection\csd_modified_original\extracted\original_set\test1mup,0,6,312.71 KB (320214 bytes),NO,1996-03-08 18:44:38 | ligand.mol2,2026-05-30 14:45:44 | README.txt,CSD-derived context,curation_or_validation
<DATA_ROOT>\data_raw\csd_mof_collection\csd_modified_original\extracted\original_set\test1nco,data_raw\csd_mof_collection\csd_modified_original\extracted\original_set\test1nco,0,5,244.81 KB (250687 bytes),NO,1997-02-07 11:53:00 | protein.mol2,2026-05-30 14:45:44 | README.txt,CSD-derived context,curation_or_validation
<DATA_ROOT>\data_raw\csd_mof_collection\csd_modified_original\extracted\original_set\test1nis,data_raw\csd_mof_collection\csd_modified_original\extracted\original_set\test1nis,0,6,306.14 KB (313485 bytes),NO,1996-03-20 13:08:44 | ligand.mol2,2026-05-30 14:45:44 | README.txt,CSD-derived context,curation_or_validation
<DATA_ROOT>\data_raw\csd_mof_collection\csd_modified_original\extracted\original_set\test1pbd,data_raw\csd_mof_collection\csd_modified_original\extracted\original_set\test1pbd,0,6,237.29 KB (242981 bytes),NO,1995-11-27 08:24:40 | ligand.mol2,2026-05-30 14:45:44 | README.txt,CSD-derived context,curation_or_validation
<DATA_ROOT>\data_raw\csd_mof_collection\csd_modified_original\extracted\original_set\test1pha,data_raw\csd_mof_collection\csd_modified_original\extracted\original_set\test1pha,0,7,441.80 KB (452407 bytes),NO,1996-01-08 11:02:56 | protein_no_min.mol2,2026-05-30 14:45:44 | README.txt,CSD-derived context,curation_or_validation
<DATA_ROOT>\data_raw\csd_mof_collection\csd_modified_original\extracted\original_set\test1phd,data_raw\csd_mof_collection\csd_modified_original\extracted\original_set\test1phd,0,6,389.33 KB (398677 bytes),NO,1996-01-07 18:37:12 | protein.mol2,2026-05-30 14:45:44 | README.txt,CSD-derived context,curation_or_validation
<DATA_ROOT>\data_raw\csd_mof_collection\csd_modified_original\extracted\original_set\test1phg,data_raw\csd_mof_collection\csd_modified_original\extracted\original_set\test1phg,0,6,367.43 KB (376249 bytes),NO,1996-02-08 17:56:16 | ligand_reference.mol2,2026-05-30 14:45:44 | README.txt,CSD-derived context,curation_or_validation
<DATA_ROOT>\data_raw\csd_mof_collection\csd_modified_original\extracted\original_set\test1poc,data_raw\csd_mof_collection\csd_modified_original\extracted\original_set\test1poc,0,6,251.00 KB (257029 bytes),NO,1996-03-06 19:08:04 | ligand.mol2,2026-05-30 14:45:44 | README.txt,CSD-derived context,curation_or_validation
<DATA_ROOT>\data_raw\csd_mof_collection\csd_modified_original\extracted\original_set\test1rds,data_raw\csd_mof_collection\csd_modified_original\extracted\original_set\test1rds,0,6,214.62 KB (219773 bytes),NO,1996-02-06 13:59:50 | ligand.mol2,2026-05-30 14:45:44 | README.txt,CSD-derived context,curation_or_validation
<DATA_ROOT>\data_raw\csd_mof_collection\csd_modified_original\extracted\original_set\test1rne,data_raw\csd_mof_collection\csd_modified_original\extracted\original_set\test1rne,0,6,500.37 KB (512383 bytes),NO,1996-02-07 13:32:04 | protein.mol2,2026-05-30 14:45:44 | README.txt,CSD-derived context,curation_or_validation
<DATA_ROOT>\data_raw\csd_mof_collection\csd_modified_original\extracted\original_set\test1rob,data_raw\csd_mof_collection\csd_modified_original\extracted\original_set\test1rob,0,6,188.88 KB (193409 bytes),NO,1996-04-01 21:03:32 | ligand.mol2,2026-05-30 14:45:44 | README.txt,CSD-derived context,curation_or_validation
<DATA_ROOT>\data_raw\csd_mof_collection\csd_modified_original\extracted\original_set\test1slt,data_raw\csd_mof_collection\csd_modified_original\extracted\original_set\test1slt,0,6,137.80 KB (141112 bytes),NO,1995-11-27 08:49:00 | ligand.mol2,2026-05-30 14:45:44 | README.txt,CSD-derived context,curation_or_validation
<DATA_ROOT>\data_raw\csd_mof_collection\csd_modified_original\extracted\original_set\test1snc,data_raw\csd_mof_collection\csd_modified_original\extracted\original_set\test1snc,0,5,191.38 KB (195968 bytes),NO,1997-02-10 11:51:38 | protein.mol2,2026-05-30 14:45:44 | README.txt,CSD-derived context,curation_or_validation
<DATA_ROOT>\data_raw\csd_mof_collection\csd_modified_original\extracted\original_set\test1srj,data_raw\csd_mof_collection\csd_modified_original\extracted\original_set\test1srj,0,6,247.03 KB (252957 bytes),NO,1996-02-06 14:02:06 | ligand.mol2,2026-05-30 14:45:44 | README.txt,CSD-derived context,curation_or_validation
<DATA_ROOT>\data_raw\csd_mof_collection\csd_modified_original\extracted\original_set\test1stp,data_raw\csd_mof_collection\csd_modified_original\extracted\original_set\test1stp,0,6,173.40 KB (177562 bytes),NO,1996-03-01 11:50:02 | protein.mol2,2026-05-30 14:45:44 | README.txt,CSD-derived context,curation_or_validation
<DATA_ROOT>\data_raw\csd_mof_collection\csd_modified_original\extracted\original_set\test1tdb,data_raw\csd_mof_collection\csd_modified_original\extracted\original_set\test1tdb,0,6,313.37 KB (320889 bytes),NO,1996-03-28 12:06:50 | ligand_reference.mol2,2026-05-30 14:45:44 | README.txt,CSD-derived context,curation_or_validation
<DATA_ROOT>\data_raw\csd_mof_collection\csd_modified_original\extracted\original_set\test1tka,data_raw\csd_mof_collection\csd_modified_original\extracted\original_set\test1tka,0,6,478.47 KB (489956 bytes),NO,1996-02-08 15:49:14 | ligand.mol2,2026-05-30 14:45:44 | README.txt,CSD-derived context,curation_or_validation
<DATA_ROOT>\data_raw\csd_mof_collection\csd_modified_original\extracted\original_set\test1tmn,data_raw\csd_mof_collection\csd_modified_original\extracted\original_set\test1tmn,0,6,620.52 KB (635409 bytes),NO,1996-03-27 13:41:06 | protein.mol2,2026-05-30 14:45:44 | README.txt,CSD-derived context,curation_or_validation
<DATA_ROOT>\data_raw\csd_mof_collection\csd_modified_original\extracted\original_set\test1tng,data_raw\csd_mof_collection\csd_modified_original\extracted\original_set\test1tng,0,5,236.22 KB (241885 bytes),NO,1997-02-07 16:55:00 | ligand_reference.mol2,2026-05-30 14:45:44 | README.txt,CSD-derived context,curation_or_validation
<DATA_ROOT>\data_raw\csd_mof_collection\csd_modified_original\extracted\original_set\test1tni,data_raw\csd_mof_collection\csd_modified_original\extracted\original_set\test1tni,0,5,261.72 KB (267998 bytes),NO,1997-02-07 17:03:34 | ligand_reference.mol2,2026-05-30 14:45:44 | README.txt,CSD-derived context,curation_or_validation
<DATA_ROOT>\data_raw\csd_mof_collection\csd_modified_original\extracted\original_set\test1tnl,data_raw\csd_mof_collection\csd_modified_original\extracted\original_set\test1tnl,0,5,231.75 KB (237316 bytes),NO,1997-02-10 12:19:32 | ligand_reference.mol2,2026-05-30 14:45:44 | README.txt,CSD-derived context,curation_or_validation
<DATA_ROOT>\data_raw\csd_mof_collection\csd_modified_original\extracted\original_set\test1tph,data_raw\csd_mof_collection\csd_modified_original\extracted\original_set\test1tph,0,5,265.42 KB (271790 bytes),NO,1997-02-10 14:36:32 | protein.mol2,2026-05-30 14:45:44 | README.txt,CSD-derived context,curation_or_validation
<DATA_ROOT>\data_raw\csd_mof_collection\csd_modified_original\extracted\original_set\test1tpp,data_raw\csd_mof_collection\csd_modified_original\extracted\original_set\test1tpp,0,6,262.94 KB (269255 bytes),NO,1996-03-06 13:38:56 | ligand.mol2,2026-05-30 14:45:44 | README.txt,CSD-derived context,curation_or_validation
<DATA_ROOT>\data_raw\csd_mof_collection\csd_modified_original\extracted\original_set\test1trk,data_raw\csd_mof_collection\csd_modified_original\extracted\original_set\test1trk,0,5,537.62 KB (550524 bytes),NO,1997-02-10 15:07:28 | protein.mol2,2026-05-30 14:45:44 | README.txt,CSD-derived context,curation_or_validation
<DATA_ROOT>\data_raw\csd_mof_collection\csd_modified_original\extracted\original_set\test1tyl,data_raw\csd_mof_collection\csd_modified_original\extracted\original_set\test1tyl,0,5,124.58 KB (127572 bytes),NO,1997-02-10 15:41:24 | ligand_reference.mol2,2026-05-30 14:45:44 | README.txt,CSD-derived context,curation_or_validation
<DATA_ROOT>\data_raw\csd_mof_collection\csd_modified_original\extracted\original_set\test1ukz,data_raw\csd_mof_collection\csd_modified_original\extracted\original_set\test1ukz,0,5,276.48 KB (283119 bytes),NO,1997-02-11 08:08:02 | protein.mol2,2026-05-30 14:45:44 | README.txt,CSD-derived context,curation_or_validation
<DATA_ROOT>\data_raw\csd_mof_collection\csd_modified_original\extracted\original_set\test1ulb,data_raw\csd_mof_collection\csd_modified_original\extracted\original_set\test1ulb,0,6,202.95 KB (207819 bytes),NO,1996-02-29 19:12:18 | ligand.mol2,2026-05-30 14:45:44 | README.txt,CSD-derived context,curation_or_validation
<DATA_ROOT>\data_raw\csd_mof_collection\csd_modified_original\extracted\original_set\test1wap,data_raw\csd_mof_collection\csd_modified_original\extracted\original_set\test1wap,0,5,245.93 KB (251836 bytes),NO,1997-02-11 11:54:50 | protein.mol2,2026-05-30 14:45:44 | README.txt,CSD-derived context,curation_or_validation
<DATA_ROOT>\data_raw\csd_mof_collection\csd_modified_original\extracted\original_set\test1xid,data_raw\csd_mof_collection\csd_modified_original\extracted\original_set\test1xid,0,6,193.10 KB (197738 bytes),NO,1996-03-27 13:47:04 | ligand.mol2,2026-05-30 14:45:44 | README.txt,CSD-derived context,curation_or_validation
<DATA_ROOT>\data_raw\csd_mof_collection\csd_modified_original\extracted\original_set\test1xie,data_raw\csd_mof_collection\csd_modified_original\extracted\original_set\test1xie,0,6,195.33 KB (200019 bytes),NO,1996-01-14 17:45:48 | ligand.mol2,2026-05-30 14:45:44 | README.txt,CSD-derived context,curation_or_validation
<DATA_ROOT>\data_raw\csd_mof_collection\csd_modified_original\extracted\original_set\test2ada,data_raw\csd_mof_collection\csd_modified_original\extracted\original_set\test2ada,0,6,346.70 KB (355020 bytes),NO,1996-03-05 13:22:04 | ligand.mol2,2026-05-30 14:45:44 | README.txt,CSD-derived context,curation_or_validation
<DATA_ROOT>\data_raw\csd_mof_collection\csd_modified_original\extracted\original_set\test2ak3,data_raw\csd_mof_collection\csd_modified_original\extracted\original_set\test2ak3,0,6,226.91 KB (232360 bytes),NO,1996-02-08 15:47:30 | protein.mol2,2026-05-30 14:45:44 | README.txt,CSD-derived context,curation_or_validation
<DATA_ROOT>\data_raw\csd_mof_collection\csd_modified_original\extracted\original_set\test2cgr,data_raw\csd_mof_collection\csd_modified_original\extracted\original_set\test2cgr,0,6,238.04 KB (243758 bytes),NO,1995-11-21 08:56:18 | ligand.mol2,2026-05-30 14:45:44 | README.txt,CSD-derived context,curation_or_validation
<DATA_ROOT>\data_raw\csd_mof_collection\csd_modified_original\extracted\original_set\test2cht,data_raw\csd_mof_collection\csd_modified_original\extracted\original_set\test2cht,0,6,222.31 KB (227647 bytes),NO,1995-11-21 08:57:36 | ligand.mol2,2026-05-30 14:45:44 | README.txt,CSD-derived context,curation_or_validation
<DATA_ROOT>\data_raw\csd_mof_collection\csd_modified_original\extracted\original_set\test2cmd,data_raw\csd_mof_collection\csd_modified_original\extracted\original_set\test2cmd,0,5,245.88 KB (251780 bytes),NO,1997-02-04 09:08:02 | ligand_reference.mol2,2026-05-30 14:45:44 | README.txt,CSD-derived context,curation_or_validation
<DATA_ROOT>\data_raw\csd_mof_collection\csd_modified_original\extracted\original_set\test2ctc,data_raw\csd_mof_collection\csd_modified_original\extracted\original_set\test2ctc,0,6,278.81 KB (285499 bytes),NO,1996-02-16 12:57:28 | ligand.mol2,2026-05-30 14:45:44 | README.txt,CSD-derived context,curation_or_validation
<DATA_ROOT>\data_raw\csd_mof_collection\csd_modified_original\extracted\original_set\test2dbl,data_raw\csd_mof_collection\csd_modified_original\extracted\original_set\test2dbl,0,6,247.73 KB (253672 bytes),NO,1996-03-11 21:24:54 | protein.mol2,2026-05-30 14:45:44 | README.txt,CSD-derived context,curation_or_validation
<DATA_ROOT>\data_raw\csd_mof_collection\csd_modified_original\extracted\original_set\test2gbp,data_raw\csd_mof_collection\csd_modified_original\extracted\original_set\test2gbp,0,5,279.28 KB (285987 bytes),NO,1997-02-07 10:29:18 | ligand_reference.mol2,2026-05-30 14:45:44 | README.txt,CSD-derived context,curation_or_validation
<DATA_ROOT>\data_raw\csd_mof_collection\csd_modified_original\extracted\original_set\test2lgs,data_raw\csd_mof_collection\csd_modified_original\extracted\original_set\test2lgs,0,5,246.51 KB (252431 bytes),NO,1997-02-11 12:13:30 | protein.mol2,2026-05-30 14:45:44 | README.txt,CSD-derived context,curation_or_validation
<DATA_ROOT>\data_raw\csd_mof_collection\csd_modified_original\extracted\original_set\test2mcp,data_raw\csd_mof_collection\csd_modified_original\extracted\original_set\test2mcp,0,6,142.21 KB (145623 bytes),NO,1996-03-14 17:48:00 | ligand.mol2,2026-05-30 14:45:44 | README.txt,CSD-derived context,curation_or_validation
<DATA_ROOT>\data_raw\csd_mof_collection\csd_modified_original\extracted\original_set\test2mth,data_raw\csd_mof_collection\csd_modified_original\extracted\original_set\test2mth,0,6,127.48 KB (130538 bytes),NO,1996-02-16 12:57:40 | ligand.mol2,2026-05-30 14:45:44 | README.txt,CSD-derived context,curation_or_validation
<DATA_ROOT>\data_raw\csd_mof_collection\csd_modified_original\extracted\original_set\test2phh,data_raw\csd_mof_collection\csd_modified_original\extracted\original_set\test2phh,0,6,290.89 KB (297873 bytes),NO,1996-03-04 11:05:18 | ligand.mol2,2026-05-30 14:45:44 | README.txt,CSD-derived context,curation_or_validation
<DATA_ROOT>\data_raw\csd_mof_collection\csd_modified_original\extracted\original_set\test2pk4,data_raw\csd_mof_collection\csd_modified_original\extracted\original_set\test2pk4,0,6,118.00 KB (120831 bytes),NO,1995-11-27 08:30:44 | ligand.mol2,2026-05-30 14:45:44 | README.txt,CSD-derived context,curation_or_validation
<DATA_ROOT>\data_raw\csd_mof_collection\csd_modified_original\extracted\original_set\test2plv,data_raw\csd_mof_collection\csd_modified_original\extracted\original_set\test2plv,0,6,466.25 KB (477444 bytes),NO,1996-03-27 22:56:44 | protein.mol2,2026-05-30 14:45:44 | README.txt,CSD-derived context,curation_or_validation
<DATA_ROOT>\data_raw\csd_mof_collection\csd_modified_original\extracted\original_set\test2r07,data_raw\csd_mof_collection\csd_modified_original\extracted\original_set\test2r07,0,6,425.28 KB (435487 bytes),NO,1996-03-08 18:34:10 | ligand.mol2,2026-05-30 14:45:44 | README.txt,CSD-derived context,curation_or_validation
<DATA_ROOT>\data_raw\csd_mof_collection\csd_modified_original\extracted\original_set\test2sim,data_raw\csd_mof_collection\csd_modified_original\extracted\original_set\test2sim,0,6,308.17 KB (315561 bytes),NO,1996-02-08 15:48:28 | ligand_reference.mol2,2026-05-30 14:45:44 | README.txt,CSD-derived context,curation_or_validation
<DATA_ROOT>\data_raw\csd_mof_collection\csd_modified_original\extracted\original_set\test2yhx,data_raw\csd_mof_collection\csd_modified_original\extracted\original_set\test2yhx,0,6,261.86 KB (268148 bytes),NO,1995-11-27 08:51:40 | ligand.mol2,2026-05-30 14:45:44 | README.txt,CSD-derived context,curation_or_validation
<DATA_ROOT>\data_raw\csd_mof_collection\csd_modified_original\extracted\original_set\test3aah,data_raw\csd_mof_collection\csd_modified_original\extracted\original_set\test3aah,0,6,430.84 KB (441178 bytes),NO,1996-02-16 12:57:24 | ligand.mol2,2026-05-30 14:45:44 | README.txt,CSD-derived context,curation_or_validation
<DATA_ROOT>\data_raw\csd_mof_collection\csd_modified_original\extracted\original_set\test3cla,data_raw\csd_mof_collection\csd_modified_original\extracted\original_set\test3cla,0,6,227.20 KB (232648 bytes),NO,1996-03-27 22:31:44 | ligand.mol2,2026-05-30 14:45:44 | README.txt,CSD-derived context,curation_or_validation
<DATA_ROOT>\data_raw\csd_mof_collection\csd_modified_original\extracted\original_set\test3cpa,data_raw\csd_mof_collection\csd_modified_original\extracted\original_set\test3cpa,0,6,611.12 KB (625782 bytes),NO,1995-12-04 10:00:42 | protein.mol2,2026-05-30 14:45:44 | README.txt,CSD-derived context,curation_or_validation
<DATA_ROOT>\data_raw\csd_mof_collection\csd_modified_original\extracted\original_set\test3gch,data_raw\csd_mof_collection\csd_modified_original\extracted\original_set\test3gch,0,6,170.13 KB (174213 bytes),NO,1996-01-31 14:18:14 | protein.mol2,2026-05-30 14:45:44 | README.txt,CSD-derived context,curation_or_validation
<DATA_ROOT>\data_raw\csd_mof_collection\csd_modified_original\extracted\original_set\test3hvt,data_raw\csd_mof_collection\csd_modified_original\extracted\original_set\test3hvt,0,6,225.16 KB (230560 bytes),NO,1996-02-08 18:16:34 | protein.mol2,2026-05-30 14:45:44 | README.txt,CSD-derived context,curation_or_validation
<DATA_ROOT>\data_raw\csd_mof_collection\csd_modified_original\extracted\original_set\test3ptb,data_raw\csd_mof_collection\csd_modified_original\extracted\original_set\test3ptb,0,6,214.83 KB (219990 bytes),NO,1996-03-01 11:51:16 | protein.mol2,2026-05-30 14:45:44 | README.txt,CSD-derived context,curation_or_validation
<DATA_ROOT>\data_raw\csd_mof_collection\csd_modified_original\extracted\original_set\test3tpi,data_raw\csd_mof_collection\csd_modified_original\extracted\original_set\test3tpi,0,6,225.54 KB (230953 bytes),NO,1996-03-01 11:49:54 | ligand.mol2,2026-05-30 14:45:44 | README.txt,CSD-derived context,curation_or_validation
<DATA_ROOT>\data_raw\csd_mof_collection\csd_modified_original\extracted\original_set\test4cts,data_raw\csd_mof_collection\csd_modified_original\extracted\original_set\test4cts,0,6,295.87 KB (302972 bytes),NO,1996-03-06 12:39:52 | ligand.mol2,2026-05-30 14:45:44 | README.txt,CSD-derived context,curation_or_validation
<DATA_ROOT>\data_raw\csd_mof_collection\csd_modified_original\extracted\original_set\test4dfr,data_raw\csd_mof_collection\csd_modified_original\extracted\original_set\test4dfr,0,6,342.66 KB (350886 bytes),NO,1996-03-01 11:50:06 | protein.mol2,2026-05-30 14:45:44 | README.txt,CSD-derived context,curation_or_validation
<DATA_ROOT>\data_raw\csd_mof_collection\csd_modified_original\extracted\original_set\test4est,data_raw\csd_mof_collection\csd_modified_original\extracted\original_set\test4est,0,6,411.07 KB (420939 bytes),NO,1996-03-28 11:18:52 | ligand.mol2,2026-05-30 14:45:44 | README.txt,CSD-derived context,curation_or_validation
<DATA_ROOT>\data_raw\csd_mof_collection\csd_modified_original\extracted\original_set\test4fab,data_raw\csd_mof_collection\csd_modified_original\extracted\original_set\test4fab,0,6,225.82 KB (231241 bytes),NO,1996-03-27 22:47:08 | protein.mol2,2026-05-30 14:45:44 | README.txt,CSD-derived context,curation_or_validation
<DATA_ROOT>\data_raw\csd_mof_collection\csd_modified_original\extracted\original_set\test4phv,data_raw\csd_mof_collection\csd_modified_original\extracted\original_set\test4phv,0,7,587.92 KB (602026 bytes),NO,1996-04-20 20:46:44 | ligand.mol2,2026-05-30 14:45:44 | README.txt,CSD-derived context,curation_or_validation
<DATA_ROOT>\data_raw\csd_mof_collection\csd_modified_original\extracted\original_set\test5p2p,data_raw\csd_mof_collection\csd_modified_original\extracted\original_set\test5p2p,0,6,172.30 KB (176438 bytes),NO,1996-02-23 12:05:30 | ligand_reference.mol2,2026-05-30 14:45:44 | README.txt,CSD-derived context,curation_or_validation
<DATA_ROOT>\data_raw\csd_mof_collection\csd_modified_original\extracted\original_set\test6abp,data_raw\csd_mof_collection\csd_modified_original\extracted\original_set\test6abp,0,6,249.87 KB (255862 bytes),NO,1996-03-08 10:05:22 | ligand.mol2,2026-05-30 14:45:44 | README.txt,CSD-derived context,curation_or_validation
<DATA_ROOT>\data_raw\csd_mof_collection\csd_modified_original\extracted\original_set\test6rnt,data_raw\csd_mof_collection\csd_modified_original\extracted\original_set\test6rnt,0,6,119.92 KB (122796 bytes),NO,1995-11-27 08:34:50 | ligand.mol2,2026-05-30 14:45:44 | README.txt,CSD-derived context,curation_or_validation
<DATA_ROOT>\data_raw\csd_mof_collection\csd_modified_original\extracted\original_set\test6rsa,data_raw\csd_mof_collection\csd_modified_original\extracted\original_set\test6rsa,0,6,220.45 KB (225738 bytes),NO,1996-03-04 11:14:36 | protein.mol2,2026-05-30 14:45:44 | README.txt,CSD-derived context,curation_or_validation
<DATA_ROOT>\data_raw\csd_mof_collection\csd_modified_original\extracted\original_set\test7tim,data_raw\csd_mof_collection\csd_modified_original\extracted\original_set\test7tim,0,6,142.29 KB (145705 bytes),NO,1996-03-29 18:58:34 | ligand.mol2,2026-05-30 14:45:44 | README.txt,CSD-derived context,curation_or_validation
<DATA_ROOT>\data_raw\csd_mof_collection\csd_modified_original\extracted\original_set\test8gch,data_raw\csd_mof_collection\csd_modified_original\extracted\original_set\test8gch,0,6,281.36 KB (288113 bytes),NO,1996-03-05 13:21:54 | ligand.mol2,2026-05-30 14:45:44 | README.txt,CSD-derived context,curation_or_validation
<DATA_ROOT>\data_raw\csd_mof_collection\csd_mof_collection,data_raw\csd_mof_collection\csd_mof_collection,2,1,920.00 B (920 bytes),NO,2026-05-30 14:45:38 | README.txt,2026-05-30 14:45:38 | README.txt,CSD-derived context,curation_or_validation
<DATA_ROOT>\data_raw\csd_mof_collection\csd_mof_collection\archives,data_raw\csd_mof_collection\csd_mof_collection\archives,0,2,140.59 MB (147415845 bytes),NO,2026-05-30 08:56:48 | csd_mof_collection_601.zip,2026-05-30 14:45:44 | README.txt,CSD-derived context,curation_or_validation
<DATA_ROOT>\data_raw\csd_mof_collection\csd_mof_collection\extracted,data_raw\csd_mof_collection\csd_mof_collection\extracted,1,1,950.00 B (950 bytes),NO,2026-05-30 14:45:44 | README.txt,2026-05-30 14:45:44 | README.txt,CSD-derived context,curation_or_validation
<DATA_ROOT>\data_raw\csd_mof_collection\csd_mof_collection\extracted\csd_mof_collection_601,data_raw\csd_mof_collection\csd_mof_collection\extracted\csd_mof_collection_601,1,1,1019.00 B (1019 bytes),NO,2026-05-30 14:45:44 | README.txt,2026-05-30 14:45:44 | README.txt,CSD-derived context,curation_or_validation
<DATA_ROOT>\data_raw\csd_mof_collection\csd_mof_collection\extracted\csd_mof_collection_601\CSD_MOF_Collection,data_raw\csd_mof_collection\csd_mof_collection\extracted\csd_mof_collection_601\CSD_MOF_Collection,0,15456,612.66 MB (642422850 bytes),NO,2025-11-27 11:50:32 | 00_README.txt,2026-05-30 14:45:44 | README.txt,CSD-derived context,curation_or_validation
<DATA_ROOT>\data_raw\csd_mof_collection\other,data_raw\csd_mof_collection\other,2,1,881.00 B (881 bytes),NO,2026-05-30 14:45:38 | README.txt,2026-05-30 14:45:38 | README.txt,CSD-derived context,curation_or_validation
<DATA_ROOT>\data_raw\csd_mof_collection\other\archives,data_raw\csd_mof_collection\other\archives,0,2,73.48 MB (77047508 bytes),NO,2026-05-30 08:56:48 | csd_modified.zip,2026-05-30 14:45:44 | README.txt,CSD-derived context,curation_or_validation
<DATA_ROOT>\data_raw\csd_mof_collection\other\extracted,data_raw\csd_mof_collection\other\extracted,1,1,911.00 B (911 bytes),NO,2026-05-30 14:45:44 | README.txt,2026-05-30 14:45:44 | README.txt,CSD-derived context,curation_or_validation
<DATA_ROOT>\data_raw\csd_mof_collection\other\extracted\csd_modified,data_raw\csd_mof_collection\other\extracted\csd_modified,1,1,950.00 B (950 bytes),NO,2026-05-30 14:45:44 | README.txt,2026-05-30 14:45:44 | README.txt,CSD-derived context,curation_or_validation
<DATA_ROOT>\data_raw\csd_mof_collection\other\extracted\csd_modified\CSD-modified,data_raw\csd_mof_collection\other\extracted\csd_modified\CSD-modified,1,4,6.69 MB (7019779 bytes),NO,2025-02-27 23:44:24 | CR_data_CSD_modified_20250227.csv,2026-05-30 14:45:44 | README.txt,CSD-derived context,curation_or_validation
<DATA_ROOT>\data_raw\csd_mof_collection\other\extracted\csd_modified\CSD-modified\cifs,data_raw\csd_mof_collection\other\extracted\csd_modified\CSD-modified\cifs,2,1,1004.00 B (1004 bytes),NO,2026-05-30 14:45:44 | README.txt,2026-05-30 14:45:44 | README.txt,CSD-derived context,structure_or_cif_metadata
<DATA_ROOT>\data_raw\csd_mof_collection\other\extracted\csd_modified\CSD-modified\cifs\CR,data_raw\csd_mof_collection\other\extracted\csd_modified\CSD-modified\cifs\CR,3,1,1013.00 B (1013 bytes),NO,2026-05-30 14:45:44 | README.txt,2026-05-30 14:45:44 | README.txt,CSD-derived context,structure_or_cif_metadata
<DATA_ROOT>\data_raw\csd_mof_collection\other\extracted\csd_modified\CSD-modified\cifs\CR\ASR,data_raw\csd_mof_collection\other\extracted\csd_modified\CSD-modified\cifs\CR\ASR,0,5592,83.42 MB (87470397 bytes),NO,2024-10-05 23:54:06 | 0000[Ag][nan]3[ASR]1.cif,2026-05-30 14:45:44 | README.txt,CSD-derived context,structure_or_cif_metadata
<DATA_ROOT>\data_raw\csd_mof_collection\other\extracted\csd_modified\CSD-modified\cifs\CR\FSR,data_raw\csd_mof_collection\other\extracted\csd_modified\CSD-modified\cifs\CR\FSR,0,3787,52.68 MB (55239702 bytes),NO,2024-10-05 23:59:40 | 0000[Co][nan]3[FSR]1.cif,2026-05-30 14:45:44 | README.txt,CSD-derived context,structure_or_cif_metadata
<DATA_ROOT>\data_raw\csd_mof_collection\other\extracted\csd_modified\CSD-modified\cifs\CR\Ion,data_raw\csd_mof_collection\other\extracted\csd_modified\CSD-modified\cifs\CR\Ion,0,459,9.59 MB (10051166 bytes),NO,2024-10-05 23:59:24 | 1983[In][qtz]3[ION]1.cif,2026-05-30 14:45:44 | README.txt,CSD-derived context,structure_or_cif_metadata
<DATA_ROOT>\data_raw\csd_mof_collection\other\extracted\csd_modified\CSD-modified\cifs\NCR,data_raw\csd_mof_collection\other\extracted\csd_modified\CSD-modified\cifs\NCR,0,10442,218.96 MB (229593824 bytes),NO,2024-08-14 23:32:00 | ZACHIX_ion_pacman.cif,2026-05-30 14:45:44 | README.txt,CSD-derived context,structure_or_cif_metadata
<DATA_ROOT>\data_raw\csd_mof_collection\teaching_subset,data_raw\csd_mof_collection\teaching_subset,2,1,911.00 B (911 bytes),NO,2026-05-30 14:45:38 | README.txt,2026-05-30 14:45:38 | README.txt,CSD-derived context,curation_or_validation
<DATA_ROOT>\data_raw\csd_mof_collection\teaching_subset\archives,data_raw\csd_mof_collection\teaching_subset\archives,0,2,1.91 MB (2006895 bytes),NO,2026-05-30 08:57:38 | teaching_subset_cifs.zip,2026-05-30 14:45:44 | README.txt,CSD-derived context,curation_or_validation
<DATA_ROOT>\data_raw\csd_mof_collection\teaching_subset\extracted,data_raw\csd_mof_collection\teaching_subset\extracted,1,1,941.00 B (941 bytes),NO,2026-05-30 14:45:44 | README.txt,2026-05-30 14:45:44 | README.txt,CSD-derived context,curation_or_validation
<DATA_ROOT>\data_raw\csd_mof_collection\teaching_subset\extracted\teaching_subset_cifs,data_raw\csd_mof_collection\teaching_subset\extracted\teaching_subset_cifs,0,1006,5.42 MB (5684024 bytes),NO,2025-08-06 16:51:16 | ABABEL.cif,2026-05-30 14:45:44 | README.txt,CSD-derived context,structure_or_cif_metadata
<DATA_ROOT>\data_raw\csd_mof_collection\validation_overlays,data_raw\csd_mof_collection\validation_overlays,2,1,923.00 B (923 bytes),NO,2026-05-30 14:45:38 | README.txt,2026-05-30 14:45:38 | README.txt,CSD-derived context,curation_or_validation
<DATA_ROOT>\data_raw\csd_mof_collection\validation_overlays\archives,data_raw\csd_mof_collection\validation_overlays\archives,0,2,563.79 KB (577321 bytes),NO,2026-05-30 08:57:42 | validation_overlays.tar.bz2,2026-05-30 14:45:44 | README.txt,CSD-derived context,curation_or_validation
<DATA_ROOT>\data_raw\csd_mof_collection\validation_overlays\extracted,data_raw\csd_mof_collection\validation_overlays\extracted,1,1,953.00 B (953 bytes),NO,2026-05-30 14:45:44 | README.txt,2026-05-30 14:45:44 | README.txt,CSD-derived context,curation_or_validation
<DATA_ROOT>\data_raw\csd_mof_collection\validation_overlays\extracted\validation_overlays,data_raw\csd_mof_collection\validation_overlays\extracted\validation_overlays,0,122,4.43 MB (4649310 bytes),NO,2012-10-10 12:24:38 | O60885.sdf,2026-05-30 14:45:44 | README.txt,CSD-derived context,curation_or_validation
<DATA_ROOT>\data_raw\mosaec_db,data_raw\mosaec_db,5,1,741.00 B (741 bytes),NO,2026-05-30 14:40:52 | README.txt,2026-05-30 14:40:52 | README.txt,MOSAEC-DB,general_metadata
<DATA_ROOT>\data_raw\mosaec_db\database,data_raw\mosaec_db\database,0,4,88.70 MB (93012811 bytes),NO,2026-05-30 08:47:14 | readme.md,2026-05-30 14:45:44 | README.txt,MOSAEC-DB,general_metadata
<DATA_ROOT>\data_raw\mosaec_db\descriptors,data_raw\mosaec_db\descriptors,2,1,872.00 B (872 bytes),NO,2026-05-30 14:45:44 | README.txt,2026-05-30 14:45:44 | README.txt,MOSAEC-DB,descriptor_matrix
<DATA_ROOT>\data_raw\mosaec_db\descriptors\archives,data_raw\mosaec_db\descriptors\archives,0,2,885.09 MB (928086268 bytes),NO,2026-05-30 08:51:24 | descriptors.tar.gz,2026-05-30 14:45:44 | README.txt,MOSAEC-DB,descriptor_matrix
<DATA_ROOT>\data_raw\mosaec_db\descriptors\extracted,data_raw\mosaec_db\descriptors\extracted,1,1,902.00 B (902 bytes),NO,2026-05-30 14:45:44 | README.txt,2026-05-30 14:45:44 | README.txt,MOSAEC-DB,descriptor_matrix
<DATA_ROOT>\data_raw\mosaec_db\descriptors\extracted\descriptors,data_raw\mosaec_db\descriptors\extracted\descriptors,1,1,938.00 B (938 bytes),NO,2026-05-30 14:45:44 | README.txt,2026-05-30 14:45:44 | README.txt,MOSAEC-DB,descriptor_matrix
<DATA_ROOT>\data_raw\mosaec_db\descriptors\extracted\descriptors\descriptors,data_raw\mosaec_db\descriptors\extracted\descriptors\descriptors,0,5,2.92 GB (3130736703 bytes),NO,2025-07-04 17:26:00 | APRDF_mosaec-db.csv,2026-05-30 14:45:44 | README.txt,MOSAEC-DB,descriptor_matrix
<DATA_ROOT>\data_raw\mosaec_db\misc_data,data_raw\mosaec_db\misc_data,2,1,866.00 B (866 bytes),NO,2026-05-30 14:45:44 | README.txt,2026-05-30 14:45:44 | README.txt,MOSAEC-DB,general_metadata
<DATA_ROOT>\data_raw\mosaec_db\misc_data\archives,data_raw\mosaec_db\misc_data\archives,0,2,1019.05 KB (1043506 bytes),NO,2026-05-30 08:47:10 | misc_data.tar.gz,2026-05-30 14:45:44 | README.txt,MOSAEC-DB,general_metadata
<DATA_ROOT>\data_raw\mosaec_db\misc_data\extracted,data_raw\mosaec_db\misc_data\extracted,1,1,896.00 B (896 bytes),NO,2026-05-30 14:45:44 | README.txt,2026-05-30 14:45:44 | README.txt,MOSAEC-DB,general_metadata
<DATA_ROOT>\data_raw\mosaec_db\misc_data\extracted\misc_data,data_raw\mosaec_db\misc_data\extracted\misc_data,1,1,926.00 B (926 bytes),NO,2026-05-30 14:45:44 | README.txt,2026-05-30 14:45:44 | README.txt,MOSAEC-DB,general_metadata
<DATA_ROOT>\data_raw\mosaec_db\misc_data\extracted\misc_data\misc_data,data_raw\mosaec_db\misc_data\extracted\misc_data\misc_data,0,2,5.63 MB (5908472 bytes),NO,2025-07-04 17:31:22 | PDD_duplicate_thresh0.15.csv,2026-05-30 14:45:44 | README.txt,MOSAEC-DB,general_metadata
<DATA_ROOT>\data_raw\mosaec_db\scripts,data_raw\mosaec_db\scripts,2,1,860.00 B (860 bytes),NO,2026-05-30 14:45:44 | README.txt,2026-05-30 14:45:44 | README.txt,MOSAEC-DB,general_metadata
<DATA_ROOT>\data_raw\mosaec_db\scripts\archives,data_raw\mosaec_db\scripts\archives,0,2,5.37 KB (5500 bytes),NO,2026-05-30 08:47:16 | scripts.tar.gz,2026-05-30 14:45:44 | README.txt,MOSAEC-DB,general_metadata
<DATA_ROOT>\data_raw\mosaec_db\scripts\extracted,data_raw\mosaec_db\scripts\extracted,1,1,890.00 B (890 bytes),NO,2026-05-30 14:45:44 | README.txt,2026-05-30 14:45:44 | README.txt,MOSAEC-DB,general_metadata
<DATA_ROOT>\data_raw\mosaec_db\scripts\extracted\scripts,data_raw\mosaec_db\scripts\extracted\scripts,1,1,914.00 B (914 bytes),NO,2026-05-30 14:45:44 | README.txt,2026-05-30 14:45:44 | README.txt,MOSAEC-DB,general_metadata
<DATA_ROOT>\data_raw\mosaec_db\scripts\extracted\scripts\scripts,data_raw\mosaec_db\scripts\extracted\scripts\scripts,0,3,16.25 KB (16638 bytes),NO,2025-07-04 17:18:52 | clean_csd_mofs.py,2026-05-30 14:45:44 | README.txt,MOSAEC-DB,general_metadata
<DATA_ROOT>\data_raw\mosaec_db\subsets,data_raw\mosaec_db\subsets,2,1,860.00 B (860 bytes),NO,2026-05-30 14:45:44 | README.txt,2026-05-30 14:45:44 | README.txt,MOSAEC-DB,general_metadata
<DATA_ROOT>\data_raw\mosaec_db\subsets\archives,data_raw\mosaec_db\subsets\archives,0,2,115.71 MB (121326019 bytes),NO,2026-05-30 08:48:38 | subsets.tar.gz,2026-05-30 14:45:44 | README.txt,MOSAEC-DB,general_metadata
<DATA_ROOT>\data_raw\mosaec_db\subsets\extracted,data_raw\mosaec_db\subsets\extracted,1,1,890.00 B (890 bytes),NO,2026-05-30 14:45:44 | README.txt,2026-05-30 14:45:44 | README.txt,MOSAEC-DB,general_metadata
<DATA_ROOT>\data_raw\mosaec_db\subsets\extracted\subsets,data_raw\mosaec_db\subsets\extracted\subsets,1,1,914.00 B (914 bytes),NO,2026-05-30 14:45:44 | README.txt,2026-05-30 14:45:44 | README.txt,MOSAEC-DB,general_metadata
<DATA_ROOT>\data_raw\mosaec_db\subsets\extracted\subsets\subsets,data_raw\mosaec_db\subsets\extracted\subsets\subsets,1,17,3.28 MB (3440963 bytes),NO,2025-07-04 17:33:58 | diverse-charged-func-3k.txt,2026-05-30 14:45:44 | README.txt,MOSAEC-DB,general_metadata
<DATA_ROOT>\data_raw\mosaec_db\subsets\extracted\subsets\subsets\details_sampling,data_raw\mosaec_db\subsets\extracted\subsets\subsets\details_sampling,0,15,413.44 MB (433527408 bytes),NO,2025-07-04 17:33:58 | diverse-charged-func-3k.csv,2026-05-30 14:45:44 | README.txt,MOSAEC-DB,general_metadata
<DATA_ROOT>\data_raw\qmof,data_raw\qmof,3,1,723.00 B (723 bytes),NO,2026-05-30 14:40:52 | README.txt,2026-05-30 14:40:52 | README.txt,QMOF,quantum_properties
<DATA_ROOT>\data_raw\qmof\figshare_full_archive,data_raw\qmof\figshare_full_archive,1,1,887.00 B (887 bytes),NO,2026-05-30 14:45:44 | README.txt,2026-05-30 14:45:44 | README.txt,QMOF,quantum_properties
<DATA_ROOT>\data_raw\qmof\figshare_full_archive\archives,data_raw\qmof\figshare_full_archive\archives,0,2,519.98 MB (545243378 bytes),NO,2026-05-29 09:53:18 | 13147324.zip,2026-05-30 14:45:44 | README.txt,QMOF,quantum_properties
<DATA_ROOT>\data_raw\qmof\main_archive,data_raw\qmof\main_archive,2,1,860.00 B (860 bytes),NO,2026-05-30 14:45:44 | README.txt,2026-05-30 14:45:44 | README.txt,QMOF,quantum_properties
<DATA_ROOT>\data_raw\qmof\main_archive\archives,data_raw\qmof\main_archive\archives,0,2,373.93 MB (392089191 bytes),NO,2026-05-29 09:52:52 | qmof_database.zip,2026-05-30 14:45:44 | README.txt,QMOF,quantum_properties
<DATA_ROOT>\data_raw\qmof\main_archive\extracted,data_raw\qmof\main_archive\extracted,1,1,890.00 B (890 bytes),NO,2026-05-30 14:45:44 | README.txt,2026-05-30 14:45:44 | README.txt,QMOF,quantum_properties
<DATA_ROOT>\data_raw\qmof\main_archive\extracted\qmof_database,data_raw\qmof\main_archive\extracted\qmof_database,1,1,932.00 B (932 bytes),NO,2026-05-30 14:45:44 | README.txt,2026-05-30 14:45:44 | README.txt,QMOF,quantum_properties
<DATA_ROOT>\data_raw\qmof\main_archive\extracted\qmof_database\qmof_database,data_raw\qmof\main_archive\extracted\qmof_database\qmof_database,1,7,3.17 GB (3398757621 bytes),NO,2025-11-14 21:08:14 | qmof.csv,2026-05-30 14:45:44 | README.txt,QMOF,quantum_properties
<DATA_ROOT>\data_raw\qmof\main_archive\extracted\qmof_database\qmof_database\scripts,data_raw\qmof\main_archive\extracted\qmof_database\qmof_database\scripts,0,3,3.59 KB (3675 bytes),NO,2025-11-14 21:21:48 | json_to_csv.py,2026-05-30 14:45:44 | README.txt,QMOF,quantum_properties
<DATA_ROOT>\data_raw\qmof\thermo_archive,data_raw\qmof\thermo_archive,2,1,866.00 B (866 bytes),NO,2026-05-30 14:45:44 | README.txt,2026-05-30 14:45:44 | README.txt,QMOF,quantum_properties
<DATA_ROOT>\data_raw\qmof\thermo_archive\archives,data_raw\qmof\thermo_archive\archives,0,2,145.87 MB (152958124 bytes),NO,2026-05-29 09:51:32 | qmof_thermo_database.zip,2026-05-30 14:45:44 | README.txt,QMOF,quantum_properties
<DATA_ROOT>\data_raw\qmof\thermo_archive\extracted,data_raw\qmof\thermo_archive\extracted,1,1,896.00 B (896 bytes),NO,2026-05-30 14:45:44 | README.txt,2026-05-30 14:45:44 | README.txt,QMOF,quantum_properties
<DATA_ROOT>\data_raw\qmof\thermo_archive\extracted\qmof_thermo_database,data_raw\qmof\thermo_archive\extracted\qmof_thermo_database,1,1,959.00 B (959 bytes),NO,2026-05-30 14:45:44 | README.txt,2026-05-30 14:45:44 | README.txt,QMOF,quantum_properties
<DATA_ROOT>\data_raw\qmof\thermo_archive\extracted\qmof_thermo_database\qmof_thermo_database,data_raw\qmof\thermo_archive\extracted\qmof_thermo_database\qmof_thermo_database,0,6,1.03 GB (1108355282 bytes),0,1995-11-21 08:26:16 | ligand.mol2,2026-06-04 11:25:05 | make_folder_format_inventory_live.py,QMOF,quantum_properties
