left_file,left_path,left_resource,left_role,left_id_column,left_unique_ids_profiled,right_file,right_path,right_resource,right_role,right_id_column,right_unique_ids_profiled,intersection_ids_profiled,left_retention_fraction,right_retention_fraction
mosaec_db.csv,<DATA_ROOT>\data_raw\mosaec_db\database\mosaec_db.csv,MOSAEC-DB,general_metadata,cif,80000,GEOM_mosaec-db.csv,<DATA_ROOT>\data_raw\mosaec_db\descriptors\extracted\descriptors\descriptors\GEOM_mosaec-db.csv,MOSAEC-DB,descriptor_matrix,cif,80000,78176,0.9772,0.9772
mosaec_db.csv,<DATA_ROOT>\data_raw\mosaec_db\database\mosaec_db.csv,MOSAEC-DB,general_metadata,cif,80000,mosaec_db.xlsx,<DATA_ROOT>\data_raw\mosaec_db\database\mosaec_db.xlsx,MOSAEC-DB,general_metadata,cif,78176,78176,0.9772,1.0
mosaec_db.csv,<DATA_ROOT>\data_raw\mosaec_db\database\mosaec_db.csv,MOSAEC-DB,general_metadata,refcode,78191,mosaec_db.xlsx,<DATA_ROOT>\data_raw\mosaec_db\database\mosaec_db.xlsx,MOSAEC-DB,general_metadata,refcode,78176,78176,0.9998081620646877,1.0
mosaec_db.xlsx,<DATA_ROOT>\data_raw\mosaec_db\database\mosaec_db.xlsx,MOSAEC-DB,general_metadata,cif,78176,GEOM_mosaec-db.csv,<DATA_ROOT>\data_raw\mosaec_db\descriptors\extracted\descriptors\descriptors\GEOM_mosaec-db.csv,MOSAEC-DB,descriptor_matrix,cif,80000,78176,1.0,0.9772
RAC_mosaec-db.csv,<DATA_ROOT>\data_raw\mosaec_db\descriptors\extracted\descriptors\descriptors\RAC_mosaec-db.csv,MOSAEC-DB,descriptor_matrix,cif,80000,GEOM_mosaec-db.csv,<DATA_ROOT>\data_raw\mosaec_db\descriptors\extracted\descriptors\descriptors\GEOM_mosaec-db.csv,MOSAEC-DB,descriptor_matrix,cif,80000,71237,0.8904625,0.8904625
mosaec_db.csv,<DATA_ROOT>\data_raw\mosaec_db\database\mosaec_db.csv,MOSAEC-DB,general_metadata,cif,80000,RAC_mosaec-db.csv,<DATA_ROOT>\data_raw\mosaec_db\descriptors\extracted\descriptors\descriptors\RAC_mosaec-db.csv,MOSAEC-DB,descriptor_matrix,cif,80000,71237,0.8904625,0.8904625
mosaec_db.xlsx,<DATA_ROOT>\data_raw\mosaec_db\database\mosaec_db.xlsx,MOSAEC-DB,general_metadata,cif,78176,RAC_mosaec-db.csv,<DATA_ROOT>\data_raw\mosaec_db\descriptors\extracted\descriptors\descriptors\RAC_mosaec-db.csv,MOSAEC-DB,descriptor_matrix,cif,80000,71237,0.9112387433483422,0.8904625
PHOM_mosaec-db.csv,<DATA_ROOT>\data_raw\mosaec_db\descriptors\extracted\descriptors\descriptors\PHOM_mosaec-db.csv,MOSAEC-DB,descriptor_matrix,cif,80000,PDD_duplicate_thresh0.15.csv,<DATA_ROOT>\data_raw\mosaec_db\misc_data\extracted\misc_data\misc_data\PDD_duplicate_thresh0.15.csv,MOSAEC-DB,descriptor_matrix,cif,80000,56791,0.7098875,0.7098875
APRDF_mosaec-db.csv,<DATA_ROOT>\data_raw\mosaec_db\descriptors\extracted\descriptors\descriptors\APRDF_mosaec-db.csv,MOSAEC-DB,descriptor_matrix,cif,80000,RAC_mosaec-db.csv,<DATA_ROOT>\data_raw\mosaec_db\descriptors\extracted\descriptors\descriptors\RAC_mosaec-db.csv,MOSAEC-DB,descriptor_matrix,cif,80000,52980,0.66225,0.66225
APRDF_mosaec-db.csv,<DATA_ROOT>\data_raw\mosaec_db\descriptors\extracted\descriptors\descriptors\APRDF_mosaec-db.csv,MOSAEC-DB,descriptor_matrix,cif,80000,PDD_duplicate_thresh0.15.csv,<DATA_ROOT>\data_raw\mosaec_db\misc_data\extracted\misc_data\misc_data\PDD_duplicate_thresh0.15.csv,MOSAEC-DB,descriptor_matrix,cif,80000,51841,0.6480125,0.6480125
APRDF_mosaec-db.csv,<DATA_ROOT>\data_raw\mosaec_db\descriptors\extracted\descriptors\descriptors\APRDF_mosaec-db.csv,MOSAEC-DB,descriptor_matrix,cif,80000,GEOM_mosaec-db.csv,<DATA_ROOT>\data_raw\mosaec_db\descriptors\extracted\descriptors\descriptors\GEOM_mosaec-db.csv,MOSAEC-DB,descriptor_matrix,cif,80000,51688,0.6461,0.6461
mosaec_db.csv,<DATA_ROOT>\data_raw\mosaec_db\database\mosaec_db.csv,MOSAEC-DB,general_metadata,cif,80000,APRDF_mosaec-db.csv,<DATA_ROOT>\data_raw\mosaec_db\descriptors\extracted\descriptors\descriptors\APRDF_mosaec-db.csv,MOSAEC-DB,descriptor_matrix,cif,80000,50736,0.6342,0.6342
mosaec_db.xlsx,<DATA_ROOT>\data_raw\mosaec_db\database\mosaec_db.xlsx,MOSAEC-DB,general_metadata,cif,78176,APRDF_mosaec-db.csv,<DATA_ROOT>\data_raw\mosaec_db\descriptors\extracted\descriptors\descriptors\APRDF_mosaec-db.csv,MOSAEC-DB,descriptor_matrix,cif,80000,50552,0.6466434711420385,0.6319
mosaec_db.csv,<DATA_ROOT>\data_raw\mosaec_db\database\mosaec_db.csv,MOSAEC-DB,general_metadata,cif,80000,PDD_duplicate_thresh0.15.csv,<DATA_ROOT>\data_raw\mosaec_db\misc_data\extracted\misc_data\misc_data\PDD_duplicate_thresh0.15.csv,MOSAEC-DB,descriptor_matrix,cif,80000,48812,0.61015,0.61015
RAC_mosaec-db.csv,<DATA_ROOT>\data_raw\mosaec_db\descriptors\extracted\descriptors\descriptors\RAC_mosaec-db.csv,MOSAEC-DB,descriptor_matrix,cif,80000,PDD_duplicate_thresh0.15.csv,<DATA_ROOT>\data_raw\mosaec_db\misc_data\extracted\misc_data\misc_data\PDD_duplicate_thresh0.15.csv,MOSAEC-DB,descriptor_matrix,cif,80000,48636,0.60795,0.60795
GEOM_mosaec-db.csv,<DATA_ROOT>\data_raw\mosaec_db\descriptors\extracted\descriptors\descriptors\GEOM_mosaec-db.csv,MOSAEC-DB,descriptor_matrix,cif,80000,PDD_duplicate_thresh0.15.csv,<DATA_ROOT>\data_raw\mosaec_db\misc_data\extracted\misc_data\misc_data\PDD_duplicate_thresh0.15.csv,MOSAEC-DB,descriptor_matrix,cif,80000,48267,0.6033375,0.6033375
mosaec_db.xlsx,<DATA_ROOT>\data_raw\mosaec_db\database\mosaec_db.xlsx,MOSAEC-DB,general_metadata,cif,78176,PDD_duplicate_thresh0.15.csv,<DATA_ROOT>\data_raw\mosaec_db\misc_data\extracted\misc_data\misc_data\PDD_duplicate_thresh0.15.csv,MOSAEC-DB,descriptor_matrix,cif,80000,47380,0.6060683585755219,0.59225
PHOM_mosaec-db.csv,<DATA_ROOT>\data_raw\mosaec_db\descriptors\extracted\descriptors\descriptors\PHOM_mosaec-db.csv,MOSAEC-DB,descriptor_matrix,cif,80000,GEOM_mosaec-db.csv,<DATA_ROOT>\data_raw\mosaec_db\descriptors\extracted\descriptors\descriptors\GEOM_mosaec-db.csv,MOSAEC-DB,descriptor_matrix,cif,80000,40149,0.5018625,0.5018625
mosaec_db.csv,<DATA_ROOT>\data_raw\mosaec_db\database\mosaec_db.csv,MOSAEC-DB,general_metadata,cif,80000,PHOM_mosaec-db.csv,<DATA_ROOT>\data_raw\mosaec_db\descriptors\extracted\descriptors\descriptors\PHOM_mosaec-db.csv,MOSAEC-DB,descriptor_matrix,cif,80000,40149,0.5018625,0.5018625
PHOM_mosaec-db.csv,<DATA_ROOT>\data_raw\mosaec_db\descriptors\extracted\descriptors\descriptors\PHOM_mosaec-db.csv,MOSAEC-DB,descriptor_matrix,cif,80000,RAC_mosaec-db.csv,<DATA_ROOT>\data_raw\mosaec_db\descriptors\extracted\descriptors\descriptors\RAC_mosaec-db.csv,MOSAEC-DB,descriptor_matrix,cif,80000,40039,0.5004875,0.5004875
pre_comb_4040_co2.csv,<DATA_ROOT>\data_raw\arc_mof\adsorption\pre_comb_4040_co2.csv,ARC-MOF,adsorption_targets,filename,40009,pre_comb_4040_h2.csv,<DATA_ROOT>\data_raw\arc_mof\adsorption\pre_comb_4040_h2.csv,ARC-MOF,adsorption_targets,filename,40009,40009,1.0,1.0
pre_comb_4040_h2.csv,<DATA_ROOT>\data_raw\arc_mof\adsorption\pre_comb_4040_h2.csv,ARC-MOF,adsorption_targets,filename,40009,methane.csv,<DATA_ROOT>\data_raw\arc_mof\adsorption\methane.csv,ARC-MOF,adsorption_targets,filename,40000,40000,0.9997750506136119,1.0
landfill_co2.csv,<DATA_ROOT>\data_raw\arc_mof\adsorption\landfill_co2.csv,ARC-MOF,adsorption_targets,filename,40000,methane.csv,<DATA_ROOT>\data_raw\arc_mof\adsorption\methane.csv,ARC-MOF,adsorption_targets,filename,40000,40000,1.0,1.0
landfill_co2.csv,<DATA_ROOT>\data_raw\arc_mof\adsorption\landfill_co2.csv,ARC-MOF,adsorption_targets,filename,40000,post_comb_vsa_n2.csv,<DATA_ROOT>\data_raw\arc_mof\adsorption\post_comb_vsa_n2.csv,ARC-MOF,adsorption_targets,filename,40000,40000,1.0,1.0
pre_comb_4040_h2.csv,<DATA_ROOT>\data_raw\arc_mof\adsorption\pre_comb_4040_h2.csv,ARC-MOF,adsorption_targets,filename,40009,post_comb_vsa_n2.csv,<DATA_ROOT>\data_raw\arc_mof\adsorption\post_comb_vsa_n2.csv,ARC-MOF,adsorption_targets,filename,40000,40000,0.9997750506136119,1.0
pre_comb_4040_co2.csv,<DATA_ROOT>\data_raw\arc_mof\adsorption\pre_comb_4040_co2.csv,ARC-MOF,adsorption_targets,filename,40009,methane_purification_ch4.csv,<DATA_ROOT>\data_raw\arc_mof\adsorption\methane_purification_ch4.csv,ARC-MOF,adsorption_targets,filename,40000,40000,0.9997750506136119,1.0
post_comb_vsa_co2.csv,<DATA_ROOT>\data_raw\arc_mof\adsorption\post_comb_vsa_co2.csv,ARC-MOF,adsorption_targets,filename,40000,landfill_co2.csv,<DATA_ROOT>\data_raw\arc_mof\adsorption\landfill_co2.csv,ARC-MOF,adsorption_targets,filename,40000,40000,1.0,1.0
pre_comb_4040_co2.csv,<DATA_ROOT>\data_raw\arc_mof\adsorption\pre_comb_4040_co2.csv,ARC-MOF,adsorption_targets,filename,40009,landfill_co2.csv,<DATA_ROOT>\data_raw\arc_mof\adsorption\landfill_co2.csv,ARC-MOF,adsorption_targets,filename,40000,40000,0.9997750506136119,1.0
post_comb_vsa_co2.csv,<DATA_ROOT>\data_raw\arc_mof\adsorption\post_comb_vsa_co2.csv,ARC-MOF,adsorption_targets,filename,40000,methane_purification_ch4.csv,<DATA_ROOT>\data_raw\arc_mof\adsorption\methane_purification_ch4.csv,ARC-MOF,adsorption_targets,filename,40000,40000,1.0,1.0
post_comb_vsa_co2.csv,<DATA_ROOT>\data_raw\arc_mof\adsorption\post_comb_vsa_co2.csv,ARC-MOF,adsorption_targets,filename,40000,methane.csv,<DATA_ROOT>\data_raw\arc_mof\adsorption\methane.csv,ARC-MOF,adsorption_targets,filename,40000,40000,1.0,1.0
pre_comb_4040_h2.csv,<DATA_ROOT>\data_raw\arc_mof\adsorption\pre_comb_4040_h2.csv,ARC-MOF,adsorption_targets,filename,40009,methane_purification_co2.csv,<DATA_ROOT>\data_raw\arc_mof\adsorption\methane_purification_co2.csv,ARC-MOF,adsorption_targets,filename,40000,40000,0.9997750506136119,1.0
pre_comb_4040_h2.csv,<DATA_ROOT>\data_raw\arc_mof\adsorption\pre_comb_4040_h2.csv,ARC-MOF,adsorption_targets,filename,40009,methane_purification_ch4.csv,<DATA_ROOT>\data_raw\arc_mof\adsorption\methane_purification_ch4.csv,ARC-MOF,adsorption_targets,filename,40000,40000,0.9997750506136119,1.0
pre_comb_4040_h2.csv,<DATA_ROOT>\data_raw\arc_mof\adsorption\pre_comb_4040_h2.csv,ARC-MOF,adsorption_targets,filename,40009,landfill_ch4.csv,<DATA_ROOT>\data_raw\arc_mof\adsorption\landfill_ch4.csv,ARC-MOF,adsorption_targets,filename,40000,40000,0.9997750506136119,1.0
pre_comb_4040_h2.csv,<DATA_ROOT>\data_raw\arc_mof\adsorption\pre_comb_4040_h2.csv,ARC-MOF,adsorption_targets,filename,40009,post_comb_vsa_co2.csv,<DATA_ROOT>\data_raw\arc_mof\adsorption\post_comb_vsa_co2.csv,ARC-MOF,adsorption_targets,filename,40000,40000,0.9997750506136119,1.0
pre_comb_4040_co2.csv,<DATA_ROOT>\data_raw\arc_mof\adsorption\pre_comb_4040_co2.csv,ARC-MOF,adsorption_targets,filename,40009,methane.csv,<DATA_ROOT>\data_raw\arc_mof\adsorption\methane.csv,ARC-MOF,adsorption_targets,filename,40000,40000,0.9997750506136119,1.0
pre_comb_4040_h2.csv,<DATA_ROOT>\data_raw\arc_mof\adsorption\pre_comb_4040_h2.csv,ARC-MOF,adsorption_targets,filename,40009,landfill_co2.csv,<DATA_ROOT>\data_raw\arc_mof\adsorption\landfill_co2.csv,ARC-MOF,adsorption_targets,filename,40000,40000,0.9997750506136119,1.0
pre_comb_4040_co2.csv,<DATA_ROOT>\data_raw\arc_mof\adsorption\pre_comb_4040_co2.csv,ARC-MOF,adsorption_targets,filename,40009,post_comb_vsa_n2.csv,<DATA_ROOT>\data_raw\arc_mof\adsorption\post_comb_vsa_n2.csv,ARC-MOF,adsorption_targets,filename,40000,40000,0.9997750506136119,1.0
landfill_co2.csv,<DATA_ROOT>\data_raw\arc_mof\adsorption\landfill_co2.csv,ARC-MOF,adsorption_targets,filename,40000,landfill_ch4.csv,<DATA_ROOT>\data_raw\arc_mof\adsorption\landfill_ch4.csv,ARC-MOF,adsorption_targets,filename,40000,40000,1.0,1.0
landfill_co2.csv,<DATA_ROOT>\data_raw\arc_mof\adsorption\landfill_co2.csv,ARC-MOF,adsorption_targets,filename,40000,methane_purification_ch4.csv,<DATA_ROOT>\data_raw\arc_mof\adsorption\methane_purification_ch4.csv,ARC-MOF,adsorption_targets,filename,40000,40000,1.0,1.0
landfill_co2.csv,<DATA_ROOT>\data_raw\arc_mof\adsorption\landfill_co2.csv,ARC-MOF,adsorption_targets,filename,40000,methane_purification_co2.csv,<DATA_ROOT>\data_raw\arc_mof\adsorption\methane_purification_co2.csv,ARC-MOF,adsorption_targets,filename,40000,40000,1.0,1.0
post_comb_vsa_co2.csv,<DATA_ROOT>\data_raw\arc_mof\adsorption\post_comb_vsa_co2.csv,ARC-MOF,adsorption_targets,filename,40000,landfill_ch4.csv,<DATA_ROOT>\data_raw\arc_mof\adsorption\landfill_ch4.csv,ARC-MOF,adsorption_targets,filename,40000,40000,1.0,1.0
post_comb_vsa_co2.csv,<DATA_ROOT>\data_raw\arc_mof\adsorption\post_comb_vsa_co2.csv,ARC-MOF,adsorption_targets,filename,40000,post_comb_vsa_n2.csv,<DATA_ROOT>\data_raw\arc_mof\adsorption\post_comb_vsa_n2.csv,ARC-MOF,adsorption_targets,filename,40000,40000,1.0,1.0
pre_comb_4040_co2.csv,<DATA_ROOT>\data_raw\arc_mof\adsorption\pre_comb_4040_co2.csv,ARC-MOF,adsorption_targets,filename,40009,post_comb_vsa_co2.csv,<DATA_ROOT>\data_raw\arc_mof\adsorption\post_comb_vsa_co2.csv,ARC-MOF,adsorption_targets,filename,40000,40000,0.9997750506136119,1.0
pre_comb_4040_co2.csv,<DATA_ROOT>\data_raw\arc_mof\adsorption\pre_comb_4040_co2.csv,ARC-MOF,adsorption_targets,filename,40009,methane_purification_co2.csv,<DATA_ROOT>\data_raw\arc_mof\adsorption\methane_purification_co2.csv,ARC-MOF,adsorption_targets,filename,40000,40000,0.9997750506136119,1.0
post_comb_vsa_co2.csv,<DATA_ROOT>\data_raw\arc_mof\adsorption\post_comb_vsa_co2.csv,ARC-MOF,adsorption_targets,filename,40000,methane_purification_co2.csv,<DATA_ROOT>\data_raw\arc_mof\adsorption\methane_purification_co2.csv,ARC-MOF,adsorption_targets,filename,40000,40000,1.0,1.0
pre_comb_4040_co2.csv,<DATA_ROOT>\data_raw\arc_mof\adsorption\pre_comb_4040_co2.csv,ARC-MOF,adsorption_targets,filename,40009,landfill_ch4.csv,<DATA_ROOT>\data_raw\arc_mof\adsorption\landfill_ch4.csv,ARC-MOF,adsorption_targets,filename,40000,40000,0.9997750506136119,1.0
PHOM_mosaec-db.csv,<DATA_ROOT>\data_raw\mosaec_db\descriptors\extracted\descriptors\descriptors\PHOM_mosaec-db.csv,MOSAEC-DB,descriptor_matrix,cif,80000,APRDF_mosaec-db.csv,<DATA_ROOT>\data_raw\mosaec_db\descriptors\extracted\descriptors\descriptors\APRDF_mosaec-db.csv,MOSAEC-DB,descriptor_matrix,cif,80000,39921,0.4990125,0.4990125
mosaec_db.xlsx,<DATA_ROOT>\data_raw\mosaec_db\database\mosaec_db.xlsx,MOSAEC-DB,general_metadata,cif,78176,PHOM_mosaec-db.csv,<DATA_ROOT>\data_raw\mosaec_db\descriptors\extracted\descriptors\descriptors\PHOM_mosaec-db.csv,MOSAEC-DB,descriptor_matrix,cif,80000,38325,0.4902399713467049,0.4790625
RAC_mosaec-db.csv,<DATA_ROOT>\data_raw\mosaec_db\descriptors\extracted\descriptors\descriptors\RAC_mosaec-db.csv,MOSAEC-DB,descriptor_matrix,cif,80000,diverse-neutral-ligand-20k.csv,<DATA_ROOT>\data_raw\mosaec_db\subsets\extracted\subsets\subsets\details_sampling\diverse-neutral-ligand-20k.csv,MOSAEC-DB,general_metadata,filename,20000,18688,0.2336,0.9344
mosaec_db.csv,<DATA_ROOT>\data_raw\mosaec_db\database\mosaec_db.csv,MOSAEC-DB,general_metadata,cif,80000,diverse-neutral-ligand-20k.csv,<DATA_ROOT>\data_raw\mosaec_db\subsets\extracted\subsets\subsets\details_sampling\diverse-neutral-ligand-20k.csv,MOSAEC-DB,general_metadata,filename,20000,18448,0.2306,0.9224
GEOM_mosaec-db.csv,<DATA_ROOT>\data_raw\mosaec_db\descriptors\extracted\descriptors\descriptors\GEOM_mosaec-db.csv,MOSAEC-DB,descriptor_matrix,cif,80000,diverse-neutral-ligand-20k.csv,<DATA_ROOT>\data_raw\mosaec_db\subsets\extracted\subsets\subsets\details_sampling\diverse-neutral-ligand-20k.csv,MOSAEC-DB,general_metadata,filename,20000,18337,0.2292125,0.91685
mosaec_db.xlsx,<DATA_ROOT>\data_raw\mosaec_db\database\mosaec_db.xlsx,MOSAEC-DB,general_metadata,cif,78176,diverse-neutral-ligand-20k.csv,<DATA_ROOT>\data_raw\mosaec_db\subsets\extracted\subsets\subsets\details_sampling\diverse-neutral-ligand-20k.csv,MOSAEC-DB,general_metadata,filename,20000,18337,0.23456047891936144,0.91685
RAC_mosaec-db.csv,<DATA_ROOT>\data_raw\mosaec_db\descriptors\extracted\descriptors\descriptors\RAC_mosaec-db.csv,MOSAEC-DB,descriptor_matrix,cif,80000,diverse-neutral-func-20k.csv,<DATA_ROOT>\data_raw\mosaec_db\subsets\extracted\subsets\subsets\details_sampling\diverse-neutral-func-20k.csv,MOSAEC-DB,general_metadata,filename,20000,17542,0.219275,0.8771
RAC_mosaec-db.csv,<DATA_ROOT>\data_raw\mosaec_db\descriptors\extracted\descriptors\descriptors\RAC_mosaec-db.csv,MOSAEC-DB,descriptor_matrix,cif,80000,diverse-neutral-linker-20k.csv,<DATA_ROOT>\data_raw\mosaec_db\subsets\extracted\subsets\subsets\details_sampling\diverse-neutral-linker-20k.csv,MOSAEC-DB,general_metadata,filename,20000,17431,0.2178875,0.87155
mosaec_db.csv,<DATA_ROOT>\data_raw\mosaec_db\database\mosaec_db.csv,MOSAEC-DB,general_metadata,cif,80000,diverse-neutral-phom-20k.csv,<DATA_ROOT>\data_raw\mosaec_db\subsets\extracted\subsets\subsets\details_sampling\diverse-neutral-phom-20k.csv,MOSAEC-DB,descriptor_matrix,filename,20000,17022,0.212775,0.8511
PDD_duplicate_thresh0.15.csv,<DATA_ROOT>\data_raw\mosaec_db\misc_data\extracted\misc_data\misc_data\PDD_duplicate_thresh0.15.csv,MOSAEC-DB,descriptor_matrix,cif,80000,diverse-neutral-metal-20k.csv,<DATA_ROOT>\data_raw\mosaec_db\subsets\extracted\subsets\subsets\details_sampling\diverse-neutral-metal-20k.csv,MOSAEC-DB,general_metadata,filename,20000,16992,0.2124,0.8496
mosaec_db.csv,<DATA_ROOT>\data_raw\mosaec_db\database\mosaec_db.csv,MOSAEC-DB,general_metadata,cif,80000,diverse-neutral-func-20k.csv,<DATA_ROOT>\data_raw\mosaec_db\subsets\extracted\subsets\subsets\details_sampling\diverse-neutral-func-20k.csv,MOSAEC-DB,general_metadata,filename,20000,16973,0.2121625,0.84865
mosaec_db.csv,<DATA_ROOT>\data_raw\mosaec_db\database\mosaec_db.csv,MOSAEC-DB,general_metadata,cif,80000,diverse-neutral-linker-20k.csv,<DATA_ROOT>\data_raw\mosaec_db\subsets\extracted\subsets\subsets\details_sampling\diverse-neutral-linker-20k.csv,MOSAEC-DB,general_metadata,filename,20000,16849,0.2106125,0.84245
diverse-neutral-phom-20k.csv,<DATA_ROOT>\data_raw\mosaec_db\subsets\extracted\subsets\subsets\details_sampling\diverse-neutral-phom-20k.csv,MOSAEC-DB,descriptor_matrix,filename,20000,GEOM_mosaec-db.csv,<DATA_ROOT>\data_raw\mosaec_db\descriptors\extracted\descriptors\descriptors\GEOM_mosaec-db.csv,MOSAEC-DB,descriptor_matrix,cif,80000,16806,0.8403,0.210075
mosaec_db.xlsx,<DATA_ROOT>\data_raw\mosaec_db\database\mosaec_db.xlsx,MOSAEC-DB,general_metadata,cif,78176,diverse-neutral-phom-20k.csv,<DATA_ROOT>\data_raw\mosaec_db\subsets\extracted\subsets\subsets\details_sampling\diverse-neutral-phom-20k.csv,MOSAEC-DB,descriptor_matrix,filename,20000,16806,0.21497646336471551,0.8403
mosaec_db.csv,<DATA_ROOT>\data_raw\mosaec_db\database\mosaec_db.csv,MOSAEC-DB,general_metadata,cif,80000,diverse-neutral-geom-20k.csv,<DATA_ROOT>\data_raw\mosaec_db\subsets\extracted\subsets\subsets\details_sampling\diverse-neutral-geom-20k.csv,MOSAEC-DB,descriptor_matrix,filename,20000,16799,0.2099875,0.83995
mosaec_db.xlsx,<DATA_ROOT>\data_raw\mosaec_db\database\mosaec_db.xlsx,MOSAEC-DB,general_metadata,cif,78176,diverse-neutral-func-20k.csv,<DATA_ROOT>\data_raw\mosaec_db\subsets\extracted\subsets\subsets\details_sampling\diverse-neutral-func-20k.csv,MOSAEC-DB,general_metadata,filename,20000,16763,0.21442642243143675,0.83815
GEOM_mosaec-db.csv,<DATA_ROOT>\data_raw\mosaec_db\descriptors\extracted\descriptors\descriptors\GEOM_mosaec-db.csv,MOSAEC-DB,descriptor_matrix,cif,80000,diverse-neutral-func-20k.csv,<DATA_ROOT>\data_raw\mosaec_db\subsets\extracted\subsets\subsets\details_sampling\diverse-neutral-func-20k.csv,MOSAEC-DB,general_metadata,filename,20000,16763,0.2095375,0.83815
PDD_duplicate_thresh0.15.csv,<DATA_ROOT>\data_raw\mosaec_db\misc_data\extracted\misc_data\misc_data\PDD_duplicate_thresh0.15.csv,MOSAEC-DB,descriptor_matrix,cif,80000,diverse-neutral-sbu-20k.csv,<DATA_ROOT>\data_raw\mosaec_db\subsets\extracted\subsets\subsets\details_sampling\diverse-neutral-sbu-20k.csv,MOSAEC-DB,general_metadata,filename,20000,16703,0.2087875,0.83515
mosaec_db.xlsx,<DATA_ROOT>\data_raw\mosaec_db\database\mosaec_db.xlsx,MOSAEC-DB,general_metadata,cif,78176,diverse-neutral-linker-20k.csv,<DATA_ROOT>\data_raw\mosaec_db\subsets\extracted\subsets\subsets\details_sampling\diverse-neutral-linker-20k.csv,MOSAEC-DB,general_metadata,filename,20000,16625,0.2126611747851003,0.83125
GEOM_mosaec-db.csv,<DATA_ROOT>\data_raw\mosaec_db\descriptors\extracted\descriptors\descriptors\GEOM_mosaec-db.csv,MOSAEC-DB,descriptor_matrix,cif,80000,diverse-neutral-linker-20k.csv,<DATA_ROOT>\data_raw\mosaec_db\subsets\extracted\subsets\subsets\details_sampling\diverse-neutral-linker-20k.csv,MOSAEC-DB,general_metadata,filename,20000,16625,0.2078125,0.83125
GEOM_mosaec-db.csv,<DATA_ROOT>\data_raw\mosaec_db\descriptors\extracted\descriptors\descriptors\GEOM_mosaec-db.csv,MOSAEC-DB,descriptor_matrix,cif,80000,diverse-neutral-geom-20k.csv,<DATA_ROOT>\data_raw\mosaec_db\subsets\extracted\subsets\subsets\details_sampling\diverse-neutral-geom-20k.csv,MOSAEC-DB,descriptor_matrix,filename,20000,16580,0.20725,0.829
mosaec_db.xlsx,<DATA_ROOT>\data_raw\mosaec_db\database\mosaec_db.xlsx,MOSAEC-DB,general_metadata,cif,78176,diverse-neutral-geom-20k.csv,<DATA_ROOT>\data_raw\mosaec_db\subsets\extracted\subsets\subsets\details_sampling\diverse-neutral-geom-20k.csv,MOSAEC-DB,descriptor_matrix,filename,20000,16580,0.21208555055259926,0.829
PDD_duplicate_thresh0.15.csv,<DATA_ROOT>\data_raw\mosaec_db\misc_data\extracted\misc_data\misc_data\PDD_duplicate_thresh0.15.csv,MOSAEC-DB,descriptor_matrix,cif,80000,diverse-neutral-linker-20k.csv,<DATA_ROOT>\data_raw\mosaec_db\subsets\extracted\subsets\subsets\details_sampling\diverse-neutral-linker-20k.csv,MOSAEC-DB,general_metadata,filename,20000,16412,0.20515,0.8206
PDD_duplicate_thresh0.15.csv,<DATA_ROOT>\data_raw\mosaec_db\misc_data\extracted\misc_data\misc_data\PDD_duplicate_thresh0.15.csv,MOSAEC-DB,descriptor_matrix,cif,80000,diverse-neutral-ligand-20k.csv,<DATA_ROOT>\data_raw\mosaec_db\subsets\extracted\subsets\subsets\details_sampling\diverse-neutral-ligand-20k.csv,MOSAEC-DB,general_metadata,filename,20000,16261,0.2032625,0.81305
PDD_duplicate_thresh0.15.csv,<DATA_ROOT>\data_raw\mosaec_db\misc_data\extracted\misc_data\misc_data\PDD_duplicate_thresh0.15.csv,MOSAEC-DB,descriptor_matrix,cif,80000,diverse-neutral-func-20k.csv,<DATA_ROOT>\data_raw\mosaec_db\subsets\extracted\subsets\subsets\details_sampling\diverse-neutral-func-20k.csv,MOSAEC-DB,general_metadata,filename,20000,16233,0.2029125,0.81165
pre_comb_4040_h2.csv,<DATA_ROOT>\data_raw\arc_mof\adsorption\pre_comb_4040_h2.csv,ARC-MOF,adsorption_targets,filename,40009,overall_process.csv,<DATA_ROOT>\data_raw\arc_mof\process\overall_process.csv,ARC-MOF,process_targets,filename,16000,16000,0.39991002024544475,1.0
pre_comb_4040_co2.csv,<DATA_ROOT>\data_raw\arc_mof\adsorption\pre_comb_4040_co2.csv,ARC-MOF,adsorption_targets,filename,40009,overall_process.csv,<DATA_ROOT>\data_raw\arc_mof\process\overall_process.csv,ARC-MOF,process_targets,filename,16000,16000,0.39991002024544475,1.0
post_comb_vsa_co2.csv,<DATA_ROOT>\data_raw\arc_mof\adsorption\post_comb_vsa_co2.csv,ARC-MOF,adsorption_targets,filename,40000,overall_process.csv,<DATA_ROOT>\data_raw\arc_mof\process\overall_process.csv,ARC-MOF,process_targets,filename,16000,16000,0.4,1.0
RAC_mosaec-db.csv,<DATA_ROOT>\data_raw\mosaec_db\descriptors\extracted\descriptors\descriptors\RAC_mosaec-db.csv,MOSAEC-DB,descriptor_matrix,cif,80000,diverse-neutral-geom-20k.csv,<DATA_ROOT>\data_raw\mosaec_db\subsets\extracted\subsets\subsets\details_sampling\diverse-neutral-geom-20k.csv,MOSAEC-DB,descriptor_matrix,filename,20000,15762,0.197025,0.7881
diverse-neutral-phom-20k.csv,<DATA_ROOT>\data_raw\mosaec_db\subsets\extracted\subsets\subsets\details_sampling\diverse-neutral-phom-20k.csv,MOSAEC-DB,descriptor_matrix,filename,20000,RAC_mosaec-db.csv,<DATA_ROOT>\data_raw\mosaec_db\descriptors\extracted\descriptors\descriptors\RAC_mosaec-db.csv,MOSAEC-DB,descriptor_matrix,cif,80000,15190,0.7595,0.189875
RAC_mosaec-db.csv,<DATA_ROOT>\data_raw\mosaec_db\descriptors\extracted\descriptors\descriptors\RAC_mosaec-db.csv,MOSAEC-DB,descriptor_matrix,cif,80000,diverse-neutral-metal-20k.csv,<DATA_ROOT>\data_raw\mosaec_db\subsets\extracted\subsets\subsets\details_sampling\diverse-neutral-metal-20k.csv,MOSAEC-DB,general_metadata,filename,20000,14821,0.1852625,0.74105
RAC_mosaec-db.csv,<DATA_ROOT>\data_raw\mosaec_db\descriptors\extracted\descriptors\descriptors\RAC_mosaec-db.csv,MOSAEC-DB,descriptor_matrix,cif,80000,diverse-neutral-sbu-20k.csv,<DATA_ROOT>\data_raw\mosaec_db\subsets\extracted\subsets\subsets\details_sampling\diverse-neutral-sbu-20k.csv,MOSAEC-DB,general_metadata,filename,20000,14497,0.1812125,0.72485
diverse-neutral-phom-20k.csv,<DATA_ROOT>\data_raw\mosaec_db\subsets\extracted\subsets\subsets\details_sampling\diverse-neutral-phom-20k.csv,MOSAEC-DB,descriptor_matrix,filename,20000,PDD_duplicate_thresh0.15.csv,<DATA_ROOT>\data_raw\mosaec_db\misc_data\extracted\misc_data\misc_data\PDD_duplicate_thresh0.15.csv,MOSAEC-DB,descriptor_matrix,cif,80000,13977,0.69885,0.1747125
mosaec_db.csv,<DATA_ROOT>\data_raw\mosaec_db\database\mosaec_db.csv,MOSAEC-DB,general_metadata,cif,80000,diverse-neutral-metal-20k.csv,<DATA_ROOT>\data_raw\mosaec_db\subsets\extracted\subsets\subsets\details_sampling\diverse-neutral-metal-20k.csv,MOSAEC-DB,general_metadata,filename,20000,13833,0.1729125,0.69165
PHOM_mosaec-db.csv,<DATA_ROOT>\data_raw\mosaec_db\descriptors\extracted\descriptors\descriptors\PHOM_mosaec-db.csv,MOSAEC-DB,descriptor_matrix,cif,80000,diverse-neutral-sbu-20k.csv,<DATA_ROOT>\data_raw\mosaec_db\subsets\extracted\subsets\subsets\details_sampling\diverse-neutral-sbu-20k.csv,MOSAEC-DB,general_metadata,filename,20000,13627,0.1703375,0.68135
PHOM_mosaec-db.csv,<DATA_ROOT>\data_raw\mosaec_db\descriptors\extracted\descriptors\descriptors\PHOM_mosaec-db.csv,MOSAEC-DB,descriptor_matrix,cif,80000,diverse-neutral-metal-20k.csv,<DATA_ROOT>\data_raw\mosaec_db\subsets\extracted\subsets\subsets\details_sampling\diverse-neutral-metal-20k.csv,MOSAEC-DB,general_metadata,filename,20000,13443,0.1680375,0.67215
mosaec_db.csv,<DATA_ROOT>\data_raw\mosaec_db\database\mosaec_db.csv,MOSAEC-DB,general_metadata,cif,80000,diverse-neutral-sbu-20k.csv,<DATA_ROOT>\data_raw\mosaec_db\subsets\extracted\subsets\subsets\details_sampling\diverse-neutral-sbu-20k.csv,MOSAEC-DB,general_metadata,filename,20000,13424,0.1678,0.6712
GEOM_mosaec-db.csv,<DATA_ROOT>\data_raw\mosaec_db\descriptors\extracted\descriptors\descriptors\GEOM_mosaec-db.csv,MOSAEC-DB,descriptor_matrix,cif,80000,diverse-neutral-metal-20k.csv,<DATA_ROOT>\data_raw\mosaec_db\subsets\extracted\subsets\subsets\details_sampling\diverse-neutral-metal-20k.csv,MOSAEC-DB,general_metadata,filename,20000,13385,0.1673125,0.66925
mosaec_db.xlsx,<DATA_ROOT>\data_raw\mosaec_db\database\mosaec_db.xlsx,MOSAEC-DB,general_metadata,cif,78176,diverse-neutral-metal-20k.csv,<DATA_ROOT>\data_raw\mosaec_db\subsets\extracted\subsets\subsets\details_sampling\diverse-neutral-metal-20k.csv,MOSAEC-DB,general_metadata,filename,20000,13385,0.17121623004502662,0.66925
mosaec_db.xlsx,<DATA_ROOT>\data_raw\mosaec_db\database\mosaec_db.xlsx,MOSAEC-DB,general_metadata,cif,78176,diverse-neutral-sbu-20k.csv,<DATA_ROOT>\data_raw\mosaec_db\subsets\extracted\subsets\subsets\details_sampling\diverse-neutral-sbu-20k.csv,MOSAEC-DB,general_metadata,filename,20000,12980,0.1660356119525174,0.649
GEOM_mosaec-db.csv,<DATA_ROOT>\data_raw\mosaec_db\descriptors\extracted\descriptors\descriptors\GEOM_mosaec-db.csv,MOSAEC-DB,descriptor_matrix,cif,80000,diverse-neutral-sbu-20k.csv,<DATA_ROOT>\data_raw\mosaec_db\subsets\extracted\subsets\subsets\details_sampling\diverse-neutral-sbu-20k.csv,MOSAEC-DB,general_metadata,filename,20000,12980,0.16225,0.649
PDD_duplicate_thresh0.15.csv,<DATA_ROOT>\data_raw\mosaec_db\misc_data\extracted\misc_data\misc_data\PDD_duplicate_thresh0.15.csv,MOSAEC-DB,descriptor_matrix,cif,80000,diverse-neutral-geom-20k.csv,<DATA_ROOT>\data_raw\mosaec_db\subsets\extracted\subsets\subsets\details_sampling\diverse-neutral-geom-20k.csv,MOSAEC-DB,descriptor_matrix,filename,20000,12943,0.1617875,0.64715
APRDF_mosaec-db.csv,<DATA_ROOT>\data_raw\mosaec_db\descriptors\extracted\descriptors\descriptors\APRDF_mosaec-db.csv,MOSAEC-DB,descriptor_matrix,cif,80000,diverse-neutral-ligand-20k.csv,<DATA_ROOT>\data_raw\mosaec_db\subsets\extracted\subsets\subsets\details_sampling\diverse-neutral-ligand-20k.csv,MOSAEC-DB,general_metadata,filename,20000,12905,0.1613125,0.64525
APRDF_mosaec-db.csv,<DATA_ROOT>\data_raw\mosaec_db\descriptors\extracted\descriptors\descriptors\APRDF_mosaec-db.csv,MOSAEC-DB,descriptor_matrix,cif,80000,diverse-neutral-geom-20k.csv,<DATA_ROOT>\data_raw\mosaec_db\subsets\extracted\subsets\subsets\details_sampling\diverse-neutral-geom-20k.csv,MOSAEC-DB,descriptor_matrix,filename,20000,12868,0.16085,0.6434
mosaec_db.csv,<DATA_ROOT>\data_raw\mosaec_db\database\mosaec_db.csv,MOSAEC-DB,general_metadata,void_fraction_H2,12888,mosaec_db.xlsx,<DATA_ROOT>\data_raw\mosaec_db\database\mosaec_db.xlsx,MOSAEC-DB,general_metadata,void_fraction_H2,12846,12846,0.9967411545623837,1.0
pre_comb_4040_h2.csv,<DATA_ROOT>\data_raw\arc_mof\adsorption\pre_comb_4040_h2.csv,ARC-MOF,adsorption_targets,filename,40009,rdfs.csv,<DATA_ROOT>\data_raw\arc_mof\descriptors\rdfs.csv,ARC-MOF,descriptor_matrix,Structure_Name,80000,12662,0.31647879227173886,0.158275
pre_comb_4040_co2.csv,<DATA_ROOT>\data_raw\arc_mof\adsorption\pre_comb_4040_co2.csv,ARC-MOF,adsorption_targets,filename,40009,rdfs.csv,<DATA_ROOT>\data_raw\arc_mof\descriptors\rdfs.csv,ARC-MOF,descriptor_matrix,Structure_Name,80000,12662,0.31647879227173886,0.158275
post_comb_vsa_co2.csv,<DATA_ROOT>\data_raw\arc_mof\adsorption\post_comb_vsa_co2.csv,ARC-MOF,adsorption_targets,filename,40000,rdfs.csv,<DATA_ROOT>\data_raw\arc_mof\descriptors\rdfs.csv,ARC-MOF,descriptor_matrix,Structure_Name,80000,12660,0.3165,0.15825
APRDF_mosaec-db.csv,<DATA_ROOT>\data_raw\mosaec_db\descriptors\extracted\descriptors\descriptors\APRDF_mosaec-db.csv,MOSAEC-DB,descriptor_matrix,cif,80000,diverse-neutral-phom-20k.csv,<DATA_ROOT>\data_raw\mosaec_db\subsets\extracted\subsets\subsets\details_sampling\diverse-neutral-phom-20k.csv,MOSAEC-DB,descriptor_matrix,filename,20000,12580,0.15725,0.629
APRDF_mosaec-db.csv,<DATA_ROOT>\data_raw\mosaec_db\descriptors\extracted\descriptors\descriptors\APRDF_mosaec-db.csv,MOSAEC-DB,descriptor_matrix,cif,80000,diverse-neutral-func-20k.csv,<DATA_ROOT>\data_raw\mosaec_db\subsets\extracted\subsets\subsets\details_sampling\diverse-neutral-func-20k.csv,MOSAEC-DB,general_metadata,filename,20000,12537,0.1567125,0.62685
PHOM_mosaec-db.csv,<DATA_ROOT>\data_raw\mosaec_db\descriptors\extracted\descriptors\descriptors\PHOM_mosaec-db.csv,MOSAEC-DB,descriptor_matrix,cif,80000,diverse-neutral-func-20k.csv,<DATA_ROOT>\data_raw\mosaec_db\subsets\extracted\subsets\subsets\details_sampling\diverse-neutral-func-20k.csv,MOSAEC-DB,general_metadata,filename,20000,12522,0.156525,0.6261
PHOM_mosaec-db.csv,<DATA_ROOT>\data_raw\mosaec_db\descriptors\extracted\descriptors\descriptors\PHOM_mosaec-db.csv,MOSAEC-DB,descriptor_matrix,cif,80000,diverse-neutral-linker-20k.csv,<DATA_ROOT>\data_raw\mosaec_db\subsets\extracted\subsets\subsets\details_sampling\diverse-neutral-linker-20k.csv,MOSAEC-DB,general_metadata,filename,20000,12510,0.156375,0.6255
APRDF_mosaec-db.csv,<DATA_ROOT>\data_raw\mosaec_db\descriptors\extracted\descriptors\descriptors\APRDF_mosaec-db.csv,MOSAEC-DB,descriptor_matrix,cif,80000,diverse-neutral-sbu-20k.csv,<DATA_ROOT>\data_raw\mosaec_db\subsets\extracted\subsets\subsets\details_sampling\diverse-neutral-sbu-20k.csv,MOSAEC-DB,general_metadata,filename,20000,12485,0.1560625,0.62425
APRDF_mosaec-db.csv,<DATA_ROOT>\data_raw\mosaec_db\descriptors\extracted\descriptors\descriptors\APRDF_mosaec-db.csv,MOSAEC-DB,descriptor_matrix,cif,80000,diverse-neutral-linker-20k.csv,<DATA_ROOT>\data_raw\mosaec_db\subsets\extracted\subsets\subsets\details_sampling\diverse-neutral-linker-20k.csv,MOSAEC-DB,general_metadata,filename,20000,12404,0.15505,0.6202
APRDF_mosaec-db.csv,<DATA_ROOT>\data_raw\mosaec_db\descriptors\extracted\descriptors\descriptors\APRDF_mosaec-db.csv,MOSAEC-DB,descriptor_matrix,cif,80000,diverse-neutral-metal-20k.csv,<DATA_ROOT>\data_raw\mosaec_db\subsets\extracted\subsets\subsets\details_sampling\diverse-neutral-metal-20k.csv,MOSAEC-DB,general_metadata,filename,20000,12329,0.1541125,0.61645
PHOM_mosaec-db.csv,<DATA_ROOT>\data_raw\mosaec_db\descriptors\extracted\descriptors\descriptors\PHOM_mosaec-db.csv,MOSAEC-DB,descriptor_matrix,cif,80000,diverse-neutral-geom-20k.csv,<DATA_ROOT>\data_raw\mosaec_db\subsets\extracted\subsets\subsets\details_sampling\diverse-neutral-geom-20k.csv,MOSAEC-DB,descriptor_matrix,filename,20000,11711,0.1463875,0.58555
PHOM_mosaec-db.csv,<DATA_ROOT>\data_raw\mosaec_db\descriptors\extracted\descriptors\descriptors\PHOM_mosaec-db.csv,MOSAEC-DB,descriptor_matrix,cif,80000,diverse-neutral-phom-20k.csv,<DATA_ROOT>\data_raw\mosaec_db\subsets\extracted\subsets\subsets\details_sampling\diverse-neutral-phom-20k.csv,MOSAEC-DB,descriptor_matrix,filename,20000,11650,0.145625,0.5825
PHOM_mosaec-db.csv,<DATA_ROOT>\data_raw\mosaec_db\descriptors\extracted\descriptors\descriptors\PHOM_mosaec-db.csv,MOSAEC-DB,descriptor_matrix,cif,80000,diverse-neutral-ligand-20k.csv,<DATA_ROOT>\data_raw\mosaec_db\subsets\extracted\subsets\subsets\details_sampling\diverse-neutral-ligand-20k.csv,MOSAEC-DB,general_metadata,filename,20000,11226,0.140325,0.5613
diverse-neutral-metal-20k.csv,<DATA_ROOT>\data_raw\mosaec_db\subsets\extracted\subsets\subsets\details_sampling\diverse-neutral-metal-20k.csv,MOSAEC-DB,general_metadata,filename,20000,diverse-neutral-sbu-20k.csv,<DATA_ROOT>\data_raw\mosaec_db\subsets\extracted\subsets\subsets\details_sampling\diverse-neutral-sbu-20k.csv,MOSAEC-DB,general_metadata,filename,20000,10766,0.5383,0.5383
diverse-neutral-phom-20k.csv,<DATA_ROOT>\data_raw\mosaec_db\subsets\extracted\subsets\subsets\details_sampling\diverse-neutral-phom-20k.csv,MOSAEC-DB,descriptor_matrix,filename,20000,diverse-neutral-geom-20k.csv,<DATA_ROOT>\data_raw\mosaec_db\subsets\extracted\subsets\subsets\details_sampling\diverse-neutral-geom-20k.csv,MOSAEC-DB,descriptor_matrix,filename,20000,10252,0.5126,0.5126
diverse-neutral-func-20k.csv,<DATA_ROOT>\data_raw\mosaec_db\subsets\extracted\subsets\subsets\details_sampling\diverse-neutral-func-20k.csv,MOSAEC-DB,general_metadata,filename,20000,diverse-neutral-linker-20k.csv,<DATA_ROOT>\data_raw\mosaec_db\subsets\extracted\subsets\subsets\details_sampling\diverse-neutral-linker-20k.csv,MOSAEC-DB,general_metadata,filename,20000,9960,0.498,0.498
diverse-neutral-func-20k.csv,<DATA_ROOT>\data_raw\mosaec_db\subsets\extracted\subsets\subsets\details_sampling\diverse-neutral-func-20k.csv,MOSAEC-DB,general_metadata,filename,20000,diverse-neutral-ligand-20k.csv,<DATA_ROOT>\data_raw\mosaec_db\subsets\extracted\subsets\subsets\details_sampling\diverse-neutral-ligand-20k.csv,MOSAEC-DB,general_metadata,filename,20000,9062,0.4531,0.4531
diverse-neutral-linker-20k.csv,<DATA_ROOT>\data_raw\mosaec_db\subsets\extracted\subsets\subsets\details_sampling\diverse-neutral-linker-20k.csv,MOSAEC-DB,general_metadata,filename,20000,diverse-neutral-ligand-20k.csv,<DATA_ROOT>\data_raw\mosaec_db\subsets\extracted\subsets\subsets\details_sampling\diverse-neutral-ligand-20k.csv,MOSAEC-DB,general_metadata,filename,20000,8748,0.4374,0.4374
ASR_mofid.csv,<DATA_ROOT>\data_raw\core_mof_2024\mofid\extracted\mofid_v2\mofid-v2\errors\ASR_mofid.csv,CoRE MOF 2024,topology_or_cluster,cifname,8854,water_data.xlsx,<DATA_ROOT>\data_raw\core_mof_2024\water_gemc\extracted\water\water_data.xlsx,CoRE MOF 2024,general_metadata,name,8447,8445,0.9538061892929749,0.9997632295489522
mosaec_db.xlsx,<DATA_ROOT>\data_raw\mosaec_db\database\mosaec_db.xlsx,MOSAEC-DB,general_metadata,refcode,78176,Framework details.csv,<DATA_ROOT>\data_raw\csd_mof_collection\csd_mof_collection\extracted\csd_mof_collection_601\CSD_MOF_Collection\Framework details.csv,CSD-derived context,curation_or_validation,CSD refcode,15450,7765,0.09932715923045436,0.502588996763754
mosaec_db.csv,<DATA_ROOT>\data_raw\mosaec_db\database\mosaec_db.csv,MOSAEC-DB,general_metadata,refcode,78191,Framework details.csv,<DATA_ROOT>\data_raw\csd_mof_collection\csd_mof_collection\extracted\csd_mof_collection_601\CSD_MOF_Collection\Framework details.csv,CSD-derived context,curation_or_validation,CSD refcode,15450,7765,0.09930810451330715,0.502588996763754
diverse-neutral-linker-20k.csv,<DATA_ROOT>\data_raw\mosaec_db\subsets\extracted\subsets\subsets\details_sampling\diverse-neutral-linker-20k.csv,MOSAEC-DB,general_metadata,filename,20000,diverse-neutral-metal-20k.csv,<DATA_ROOT>\data_raw\mosaec_db\subsets\extracted\subsets\subsets\details_sampling\diverse-neutral-metal-20k.csv,MOSAEC-DB,general_metadata,filename,20000,7484,0.3742,0.3742
unique_data_ASR.csv,<DATA_ROOT>\data_raw\core_mof_2024\mofid\extracted\mofid_v2\mofid-v2\unique\unique_data_ASR.csv,CoRE MOF 2024,topology_or_cluster,refcode,6889,ASR_mofid.csv,<DATA_ROOT>\data_raw\core_mof_2024\mofid\extracted\mofid_v2\mofid-v2\errors\ASR_mofid.csv,CoRE MOF 2024,topology_or_cluster,cifname,8854,6889,1.0,0.7780664106618478
diverse-neutral-linker-20k.csv,<DATA_ROOT>\data_raw\mosaec_db\subsets\extracted\subsets\subsets\details_sampling\diverse-neutral-linker-20k.csv,MOSAEC-DB,general_metadata,filename,20000,diverse-neutral-sbu-20k.csv,<DATA_ROOT>\data_raw\mosaec_db\subsets\extracted\subsets\subsets\details_sampling\diverse-neutral-sbu-20k.csv,MOSAEC-DB,general_metadata,filename,20000,6840,0.342,0.342
unique_data_ASR.csv,<DATA_ROOT>\data_raw\core_mof_2024\mofid\extracted\mofid_v2\mofid-v2\unique\unique_data_ASR.csv,CoRE MOF 2024,topology_or_cluster,refcode,6889,water_data.xlsx,<DATA_ROOT>\data_raw\core_mof_2024\water_gemc\extracted\water\water_data.xlsx,CoRE MOF 2024,general_metadata,name,8447,6528,0.9475976193932356,0.772818752219723
unique_data_ASR.csv,<DATA_ROOT>\data_raw\core_mof_2024\mofid\extracted\mofid_v2\mofid-v2\unique\unique_data_ASR.csv,CoRE MOF 2024,topology_or_cluster,mofid-v1,5611,ASR_mofid.csv,<DATA_ROOT>\data_raw\core_mof_2024\mofid\extracted\mofid_v2\mofid-v2\errors\ASR_mofid.csv,CoRE MOF 2024,topology_or_cluster,mofid,8854,5611,1.0,0.6337248701152022
diverse-neutral-phom-20k.csv,<DATA_ROOT>\data_raw\mosaec_db\subsets\extracted\subsets\subsets\details_sampling\diverse-neutral-phom-20k.csv,MOSAEC-DB,descriptor_matrix,filename,20000,diverse-neutral-metal-20k.csv,<DATA_ROOT>\data_raw\mosaec_db\subsets\extracted\subsets\subsets\details_sampling\diverse-neutral-metal-20k.csv,MOSAEC-DB,general_metadata,filename,20000,5609,0.28045,0.28045
ASR_mofid.csv,<DATA_ROOT>\data_raw\core_mof_2024\mofid\extracted\mofid_v2\mofid-v2\errors\ASR_mofid.csv,CoRE MOF 2024,topology_or_cluster,cifname,8854,CR_data_CSD_modified_20250227.csv,<DATA_ROOT>\data_raw\csd_mof_collection\other\extracted\csd_modified\CSD-modified\CR_data_CSD_modified_20250227.csv,CSD-derived context,curation_or_validation,refcode,9834,5588,0.6311271741585724,0.5682326621923938
water_data.xlsx,<DATA_ROOT>\data_raw\core_mof_2024\water_gemc\extracted\water\water_data.xlsx,CoRE MOF 2024,general_metadata,name,8447,CR_data_CSD_modified_20250227.csv,<DATA_ROOT>\data_raw\csd_mof_collection\other\extracted\csd_modified\CSD-modified\CR_data_CSD_modified_20250227.csv,CSD-derived context,curation_or_validation,refcode,9834,5349,0.6332425713270984,0.5439292251372788
diverse-neutral-phom-20k.csv,<DATA_ROOT>\data_raw\mosaec_db\subsets\extracted\subsets\subsets\details_sampling\diverse-neutral-phom-20k.csv,MOSAEC-DB,descriptor_matrix,filename,20000,diverse-neutral-sbu-20k.csv,<DATA_ROOT>\data_raw\mosaec_db\subsets\extracted\subsets\subsets\details_sampling\diverse-neutral-sbu-20k.csv,MOSAEC-DB,general_metadata,filename,20000,5241,0.26205,0.26205
diverse-neutral-func-20k.csv,<DATA_ROOT>\data_raw\mosaec_db\subsets\extracted\subsets\subsets\details_sampling\diverse-neutral-func-20k.csv,MOSAEC-DB,general_metadata,filename,20000,diverse-neutral-sbu-20k.csv,<DATA_ROOT>\data_raw\mosaec_db\subsets\extracted\subsets\subsets\details_sampling\diverse-neutral-sbu-20k.csv,MOSAEC-DB,general_metadata,filename,20000,5179,0.25895,0.25895
diverse-neutral-func-20k.csv,<DATA_ROOT>\data_raw\mosaec_db\subsets\extracted\subsets\subsets\details_sampling\diverse-neutral-func-20k.csv,MOSAEC-DB,general_metadata,filename,20000,diverse-neutral-metal-20k.csv,<DATA_ROOT>\data_raw\mosaec_db\subsets\extracted\subsets\subsets\details_sampling\diverse-neutral-metal-20k.csv,MOSAEC-DB,general_metadata,filename,20000,5053,0.25265,0.25265
diverse-neutral-metal-20k.csv,<DATA_ROOT>\data_raw\mosaec_db\subsets\extracted\subsets\subsets\details_sampling\diverse-neutral-metal-20k.csv,MOSAEC-DB,general_metadata,filename,20000,diverse-neutral-ligand-20k.csv,<DATA_ROOT>\data_raw\mosaec_db\subsets\extracted\subsets\subsets\details_sampling\diverse-neutral-ligand-20k.csv,MOSAEC-DB,general_metadata,filename,20000,4792,0.2396,0.2396
ASR_mofid.csv,<DATA_ROOT>\data_raw\core_mof_2024\mofid\extracted\mofid_v2\mofid-v2\errors\ASR_mofid.csv,CoRE MOF 2024,topology_or_cluster,mofid,8854,CR_data_CSD_modified_20250227.csv,<DATA_ROOT>\data_raw\csd_mof_collection\other\extracted\csd_modified\CSD-modified\CR_data_CSD_modified_20250227.csv,CSD-derived context,curation_or_validation,mofid-v1,8627,4609,0.5205556810481139,0.5342529268575403
diverse-neutral-ligand-20k.csv,<DATA_ROOT>\data_raw\mosaec_db\subsets\extracted\subsets\subsets\details_sampling\diverse-neutral-ligand-20k.csv,MOSAEC-DB,general_metadata,filename,20000,diverse-neutral-sbu-20k.csv,<DATA_ROOT>\data_raw\mosaec_db\subsets\extracted\subsets\subsets\details_sampling\diverse-neutral-sbu-20k.csv,MOSAEC-DB,general_metadata,filename,20000,4449,0.22245,0.22245
diverse-neutral-geom-20k.csv,<DATA_ROOT>\data_raw\mosaec_db\subsets\extracted\subsets\subsets\details_sampling\diverse-neutral-geom-20k.csv,MOSAEC-DB,descriptor_matrix,filename,20000,diverse-neutral-ligand-20k.csv,<DATA_ROOT>\data_raw\mosaec_db\subsets\extracted\subsets\subsets\details_sampling\diverse-neutral-ligand-20k.csv,MOSAEC-DB,general_metadata,filename,20000,4423,0.22115,0.22115
unique_data_ASR.csv,<DATA_ROOT>\data_raw\core_mof_2024\mofid\extracted\mofid_v2\mofid-v2\unique\unique_data_ASR.csv,CoRE MOF 2024,topology_or_cluster,refcode,6889,CR_data_CSD_modified_20250227.csv,<DATA_ROOT>\data_raw\csd_mof_collection\other\extracted\csd_modified\CSD-modified\CR_data_CSD_modified_20250227.csv,CSD-derived context,curation_or_validation,refcode,9834,4319,0.6269415009435332,0.4391905633516372
diverse-neutral-phom-20k.csv,<DATA_ROOT>\data_raw\mosaec_db\subsets\extracted\subsets\subsets\details_sampling\diverse-neutral-phom-20k.csv,MOSAEC-DB,descriptor_matrix,filename,20000,diverse-neutral-linker-20k.csv,<DATA_ROOT>\data_raw\mosaec_db\subsets\extracted\subsets\subsets\details_sampling\diverse-neutral-linker-20k.csv,MOSAEC-DB,general_metadata,filename,20000,4258,0.2129,0.2129
diverse-neutral-geom-20k.csv,<DATA_ROOT>\data_raw\mosaec_db\subsets\extracted\subsets\subsets\details_sampling\diverse-neutral-geom-20k.csv,MOSAEC-DB,descriptor_matrix,filename,20000,diverse-neutral-func-20k.csv,<DATA_ROOT>\data_raw\mosaec_db\subsets\extracted\subsets\subsets\details_sampling\diverse-neutral-func-20k.csv,MOSAEC-DB,general_metadata,filename,20000,4123,0.20615,0.20615
diverse-neutral-phom-20k.csv,<DATA_ROOT>\data_raw\mosaec_db\subsets\extracted\subsets\subsets\details_sampling\diverse-neutral-phom-20k.csv,MOSAEC-DB,descriptor_matrix,filename,20000,diverse-neutral-ligand-20k.csv,<DATA_ROOT>\data_raw\mosaec_db\subsets\extracted\subsets\subsets\details_sampling\diverse-neutral-ligand-20k.csv,MOSAEC-DB,general_metadata,filename,20000,4121,0.20605,0.20605
diverse-neutral-phom-20k.csv,<DATA_ROOT>\data_raw\mosaec_db\subsets\extracted\subsets\subsets\details_sampling\diverse-neutral-phom-20k.csv,MOSAEC-DB,descriptor_matrix,filename,20000,diverse-neutral-func-20k.csv,<DATA_ROOT>\data_raw\mosaec_db\subsets\extracted\subsets\subsets\details_sampling\diverse-neutral-func-20k.csv,MOSAEC-DB,general_metadata,filename,20000,4039,0.20195,0.20195
diverse-neutral-geom-20k.csv,<DATA_ROOT>\data_raw\mosaec_db\subsets\extracted\subsets\subsets\details_sampling\diverse-neutral-geom-20k.csv,MOSAEC-DB,descriptor_matrix,filename,20000,diverse-neutral-linker-20k.csv,<DATA_ROOT>\data_raw\mosaec_db\subsets\extracted\subsets\subsets\details_sampling\diverse-neutral-linker-20k.csv,MOSAEC-DB,general_metadata,filename,20000,3765,0.18825,0.18825
diverse-neutral-geom-20k.csv,<DATA_ROOT>\data_raw\mosaec_db\subsets\extracted\subsets\subsets\details_sampling\diverse-neutral-geom-20k.csv,MOSAEC-DB,descriptor_matrix,filename,20000,diverse-neutral-sbu-20k.csv,<DATA_ROOT>\data_raw\mosaec_db\subsets\extracted\subsets\subsets\details_sampling\diverse-neutral-sbu-20k.csv,MOSAEC-DB,general_metadata,filename,20000,3709,0.18545,0.18545
diverse-neutral-geom-20k.csv,<DATA_ROOT>\data_raw\mosaec_db\subsets\extracted\subsets\subsets\details_sampling\diverse-neutral-geom-20k.csv,MOSAEC-DB,descriptor_matrix,filename,20000,diverse-neutral-metal-20k.csv,<DATA_ROOT>\data_raw\mosaec_db\subsets\extracted\subsets\subsets\details_sampling\diverse-neutral-metal-20k.csv,MOSAEC-DB,general_metadata,filename,20000,3660,0.183,0.183
unique_data_ASR.csv,<DATA_ROOT>\data_raw\core_mof_2024\mofid\extracted\mofid_v2\mofid-v2\unique\unique_data_ASR.csv,CoRE MOF 2024,topology_or_cluster,mofid-v1,5611,CR_data_CSD_modified_20250227.csv,<DATA_ROOT>\data_raw\csd_mof_collection\other\extracted\csd_modified\CSD-modified\CR_data_CSD_modified_20250227.csv,CSD-derived context,curation_or_validation,mofid-v1,8627,3508,0.6252004990197826,0.4066303465862988
unique_data_ASR.csv,<DATA_ROOT>\data_raw\core_mof_2024\mofid\extracted\mofid_v2\mofid-v2\unique\unique_data_ASR.csv,CoRE MOF 2024,topology_or_cluster,mofid-v2,4767,CR_data_CSD_modified_20250227.csv,<DATA_ROOT>\data_raw\csd_mof_collection\other\extracted\csd_modified\CSD-modified\CR_data_CSD_modified_20250227.csv,CSD-derived context,curation_or_validation,mofid-v2,4289,3007,0.6307950492972519,0.7010958265329914
PDD_duplicate_thresh0.15.csv,<DATA_ROOT>\data_raw\mosaec_db\misc_data\extracted\misc_data\misc_data\PDD_duplicate_thresh0.15.csv,MOSAEC-DB,descriptor_matrix,cif,80000,diverse-charged-metal-3k.csv,<DATA_ROOT>\data_raw\mosaec_db\subsets\extracted\subsets\subsets\details_sampling\diverse-charged-metal-3k.csv,MOSAEC-DB,general_metadata,filename,3000,2574,0.032175,0.858
PDD_duplicate_thresh0.15.csv,<DATA_ROOT>\data_raw\mosaec_db\misc_data\extracted\misc_data\misc_data\PDD_duplicate_thresh0.15.csv,MOSAEC-DB,descriptor_matrix,cif,80000,diverse-charged-sbu-3k.csv,<DATA_ROOT>\data_raw\mosaec_db\subsets\extracted\subsets\subsets\details_sampling\diverse-charged-sbu-3k.csv,MOSAEC-DB,general_metadata,filename,3000,2574,0.032175,0.858
PDD_duplicate_thresh0.15.csv,<DATA_ROOT>\data_raw\mosaec_db\misc_data\extracted\misc_data\misc_data\PDD_duplicate_thresh0.15.csv,MOSAEC-DB,descriptor_matrix,cif,80000,diverse-charged-linker-3k.csv,<DATA_ROOT>\data_raw\mosaec_db\subsets\extracted\subsets\subsets\details_sampling\diverse-charged-linker-3k.csv,MOSAEC-DB,general_metadata,filename,3000,2551,0.0318875,0.8503333333333334
PDD_duplicate_thresh0.15.csv,<DATA_ROOT>\data_raw\mosaec_db\misc_data\extracted\misc_data\misc_data\PDD_duplicate_thresh0.15.csv,MOSAEC-DB,descriptor_matrix,cif,80000,diverse-charged-ligand-3k.csv,<DATA_ROOT>\data_raw\mosaec_db\subsets\extracted\subsets\subsets\details_sampling\diverse-charged-ligand-3k.csv,MOSAEC-DB,general_metadata,filename,3000,2523,0.0315375,0.841
PDD_duplicate_thresh0.15.csv,<DATA_ROOT>\data_raw\mosaec_db\misc_data\extracted\misc_data\misc_data\PDD_duplicate_thresh0.15.csv,MOSAEC-DB,descriptor_matrix,cif,80000,diverse-charged-func-3k.csv,<DATA_ROOT>\data_raw\mosaec_db\subsets\extracted\subsets\subsets\details_sampling\diverse-charged-func-3k.csv,MOSAEC-DB,general_metadata,filename,3000,2520,0.0315,0.84
PHOM_mosaec-db.csv,<DATA_ROOT>\data_raw\mosaec_db\descriptors\extracted\descriptors\descriptors\PHOM_mosaec-db.csv,MOSAEC-DB,descriptor_matrix,cif,80000,diverse-charged-phom-3k.csv,<DATA_ROOT>\data_raw\mosaec_db\subsets\extracted\subsets\subsets\details_sampling\diverse-charged-phom-3k.csv,MOSAEC-DB,descriptor_matrix,filename,3000,2504,0.0313,0.8346666666666667
PHOM_mosaec-db.csv,<DATA_ROOT>\data_raw\mosaec_db\descriptors\extracted\descriptors\descriptors\PHOM_mosaec-db.csv,MOSAEC-DB,descriptor_matrix,cif,80000,diverse-charged-geom-3k.csv,<DATA_ROOT>\data_raw\mosaec_db\subsets\extracted\subsets\subsets\details_sampling\diverse-charged-geom-3k.csv,MOSAEC-DB,descriptor_matrix,filename,3000,2368,0.0296,0.7893333333333333
PHOM_mosaec-db.csv,<DATA_ROOT>\data_raw\mosaec_db\descriptors\extracted\descriptors\descriptors\PHOM_mosaec-db.csv,MOSAEC-DB,descriptor_matrix,cif,80000,diverse-charged-ligand-3k.csv,<DATA_ROOT>\data_raw\mosaec_db\subsets\extracted\subsets\subsets\details_sampling\diverse-charged-ligand-3k.csv,MOSAEC-DB,general_metadata,filename,3000,2342,0.029275,0.7806666666666666
diverse-charged-phom-3k.csv,<DATA_ROOT>\data_raw\mosaec_db\subsets\extracted\subsets\subsets\details_sampling\diverse-charged-phom-3k.csv,MOSAEC-DB,descriptor_matrix,filename,3000,PDD_duplicate_thresh0.15.csv,<DATA_ROOT>\data_raw\mosaec_db\misc_data\extracted\misc_data\misc_data\PDD_duplicate_thresh0.15.csv,MOSAEC-DB,descriptor_matrix,cif,80000,2238,0.746,0.027975
PDD_duplicate_thresh0.15.csv,<DATA_ROOT>\data_raw\mosaec_db\misc_data\extracted\misc_data\misc_data\PDD_duplicate_thresh0.15.csv,MOSAEC-DB,descriptor_matrix,cif,80000,diverse-charged-geom-3k.csv,<DATA_ROOT>\data_raw\mosaec_db\subsets\extracted\subsets\subsets\details_sampling\diverse-charged-geom-3k.csv,MOSAEC-DB,descriptor_matrix,filename,3000,2148,0.02685,0.716
PHOM_mosaec-db.csv,<DATA_ROOT>\data_raw\mosaec_db\descriptors\extracted\descriptors\descriptors\PHOM_mosaec-db.csv,MOSAEC-DB,descriptor_matrix,cif,80000,diverse-charged-linker-3k.csv,<DATA_ROOT>\data_raw\mosaec_db\subsets\extracted\subsets\subsets\details_sampling\diverse-charged-linker-3k.csv,MOSAEC-DB,general_metadata,filename,3000,2112,0.0264,0.704
PHOM_mosaec-db.csv,<DATA_ROOT>\data_raw\mosaec_db\descriptors\extracted\descriptors\descriptors\PHOM_mosaec-db.csv,MOSAEC-DB,descriptor_matrix,cif,80000,diverse-charged-metal-3k.csv,<DATA_ROOT>\data_raw\mosaec_db\subsets\extracted\subsets\subsets\details_sampling\diverse-charged-metal-3k.csv,MOSAEC-DB,general_metadata,filename,3000,2102,0.026275,0.7006666666666667
APRDF_mosaec-db.csv,<DATA_ROOT>\data_raw\mosaec_db\descriptors\extracted\descriptors\descriptors\APRDF_mosaec-db.csv,MOSAEC-DB,descriptor_matrix,cif,80000,diverse-charged-func-3k.csv,<DATA_ROOT>\data_raw\mosaec_db\subsets\extracted\subsets\subsets\details_sampling\diverse-charged-func-3k.csv,MOSAEC-DB,general_metadata,filename,3000,2076,0.02595,0.692
APRDF_mosaec-db.csv,<DATA_ROOT>\data_raw\mosaec_db\descriptors\extracted\descriptors\descriptors\APRDF_mosaec-db.csv,MOSAEC-DB,descriptor_matrix,cif,80000,diverse-charged-ligand-3k.csv,<DATA_ROOT>\data_raw\mosaec_db\subsets\extracted\subsets\subsets\details_sampling\diverse-charged-ligand-3k.csv,MOSAEC-DB,general_metadata,filename,3000,2072,0.0259,0.6906666666666667
APRDF_mosaec-db.csv,<DATA_ROOT>\data_raw\mosaec_db\descriptors\extracted\descriptors\descriptors\APRDF_mosaec-db.csv,MOSAEC-DB,descriptor_matrix,cif,80000,diverse-charged-linker-3k.csv,<DATA_ROOT>\data_raw\mosaec_db\subsets\extracted\subsets\subsets\details_sampling\diverse-charged-linker-3k.csv,MOSAEC-DB,general_metadata,filename,3000,2071,0.0258875,0.6903333333333334
PHOM_mosaec-db.csv,<DATA_ROOT>\data_raw\mosaec_db\descriptors\extracted\descriptors\descriptors\PHOM_mosaec-db.csv,MOSAEC-DB,descriptor_matrix,cif,80000,diverse-charged-sbu-3k.csv,<DATA_ROOT>\data_raw\mosaec_db\subsets\extracted\subsets\subsets\details_sampling\diverse-charged-sbu-3k.csv,MOSAEC-DB,general_metadata,filename,3000,2042,0.025525,0.6806666666666666
APRDF_mosaec-db.csv,<DATA_ROOT>\data_raw\mosaec_db\descriptors\extracted\descriptors\descriptors\APRDF_mosaec-db.csv,MOSAEC-DB,descriptor_matrix,cif,80000,diverse-charged-geom-3k.csv,<DATA_ROOT>\data_raw\mosaec_db\subsets\extracted\subsets\subsets\details_sampling\diverse-charged-geom-3k.csv,MOSAEC-DB,descriptor_matrix,filename,3000,2012,0.02515,0.6706666666666666
PHOM_mosaec-db.csv,<DATA_ROOT>\data_raw\mosaec_db\descriptors\extracted\descriptors\descriptors\PHOM_mosaec-db.csv,MOSAEC-DB,descriptor_matrix,cif,80000,diverse-charged-func-3k.csv,<DATA_ROOT>\data_raw\mosaec_db\subsets\extracted\subsets\subsets\details_sampling\diverse-charged-func-3k.csv,MOSAEC-DB,general_metadata,filename,3000,1993,0.0249125,0.6643333333333333
APRDF_mosaec-db.csv,<DATA_ROOT>\data_raw\mosaec_db\descriptors\extracted\descriptors\descriptors\APRDF_mosaec-db.csv,MOSAEC-DB,descriptor_matrix,cif,80000,diverse-charged-phom-3k.csv,<DATA_ROOT>\data_raw\mosaec_db\subsets\extracted\subsets\subsets\details_sampling\diverse-charged-phom-3k.csv,MOSAEC-DB,descriptor_matrix,filename,3000,1948,0.02435,0.6493333333333333
APRDF_mosaec-db.csv,<DATA_ROOT>\data_raw\mosaec_db\descriptors\extracted\descriptors\descriptors\APRDF_mosaec-db.csv,MOSAEC-DB,descriptor_matrix,cif,80000,diverse-charged-metal-3k.csv,<DATA_ROOT>\data_raw\mosaec_db\subsets\extracted\subsets\subsets\details_sampling\diverse-charged-metal-3k.csv,MOSAEC-DB,general_metadata,filename,3000,1944,0.0243,0.648
APRDF_mosaec-db.csv,<DATA_ROOT>\data_raw\mosaec_db\descriptors\extracted\descriptors\descriptors\APRDF_mosaec-db.csv,MOSAEC-DB,descriptor_matrix,cif,80000,diverse-charged-sbu-3k.csv,<DATA_ROOT>\data_raw\mosaec_db\subsets\extracted\subsets\subsets\details_sampling\diverse-charged-sbu-3k.csv,MOSAEC-DB,general_metadata,filename,3000,1907,0.0238375,0.6356666666666667
ncr_fsr_si.xlsx,<DATA_ROOT>\data_raw\core_mof_2024\diagnostics\ncr_fsr_si.xlsx,CoRE MOF 2024,curation_or_validation,refcode,2127,unmodified_check_for_ncr_si.xlsx,<DATA_ROOT>\data_raw\core_mof_2024\diagnostics\unmodified_check_for_ncr_si.xlsx,CoRE MOF 2024,curation_or_validation,refcode,3692,1872,0.8801128349788434,0.5070422535211268
mosaec_db.csv,<DATA_ROOT>\data_raw\mosaec_db\database\mosaec_db.csv,MOSAEC-DB,general_metadata,metal_id,1853,mosaec_db.xlsx,<DATA_ROOT>\data_raw\mosaec_db\database\mosaec_db.xlsx,MOSAEC-DB,general_metadata,metal_id,1852,1852,0.9994603345925526,1.0
ncr_asr_si.xlsx,<DATA_ROOT>\data_raw\core_mof_2024\diagnostics\ncr_asr_si.xlsx,CoRE MOF 2024,curation_or_validation,refcode,2011,unmodified_check_for_ncr_si.xlsx,<DATA_ROOT>\data_raw\core_mof_2024\diagnostics\unmodified_check_for_ncr_si.xlsx,CoRE MOF 2024,curation_or_validation,refcode,3692,1692,0.8413724515166584,0.4582881906825569
mosaec_db.csv,<DATA_ROOT>\data_raw\mosaec_db\database\mosaec_db.csv,MOSAEC-DB,general_metadata,refcode,78191,full_TSD_data.csv,<DATA_ROOT>\data_raw\mofsimplify\5737968\SciData\SciData\separate_files\thermal_stability\full_TSD_data.csv,Other/unknown,general_metadata,refcode,3132,1653,0.021140540471409754,0.5277777777777778
mosaec_db.xlsx,<DATA_ROOT>\data_raw\mosaec_db\database\mosaec_db.xlsx,MOSAEC-DB,general_metadata,refcode,78176,full_TSD_data.csv,<DATA_ROOT>\data_raw\mofsimplify\5737968\SciData\SciData\separate_files\thermal_stability\full_TSD_data.csv,Other/unknown,general_metadata,refcode,3132,1653,0.021144596807204256,0.5277777777777778
diverse-charged-linker-3k.csv,<DATA_ROOT>\data_raw\mosaec_db\subsets\extracted\subsets\subsets\details_sampling\diverse-charged-linker-3k.csv,MOSAEC-DB,general_metadata,filename,3000,diverse-charged-func-3k.csv,<DATA_ROOT>\data_raw\mosaec_db\subsets\extracted\subsets\subsets\details_sampling\diverse-charged-func-3k.csv,MOSAEC-DB,general_metadata,filename,3000,1476,0.492,0.492
diverse-charged-linker-3k.csv,<DATA_ROOT>\data_raw\mosaec_db\subsets\extracted\subsets\subsets\details_sampling\diverse-charged-linker-3k.csv,MOSAEC-DB,general_metadata,filename,3000,diverse-charged-ligand-3k.csv,<DATA_ROOT>\data_raw\mosaec_db\subsets\extracted\subsets\subsets\details_sampling\diverse-charged-ligand-3k.csv,MOSAEC-DB,general_metadata,filename,3000,1453,0.48433333333333334,0.48433333333333334
diverse-charged-func-3k.csv,<DATA_ROOT>\data_raw\mosaec_db\subsets\extracted\subsets\subsets\details_sampling\diverse-charged-func-3k.csv,MOSAEC-DB,general_metadata,filename,3000,diverse-charged-ligand-3k.csv,<DATA_ROOT>\data_raw\mosaec_db\subsets\extracted\subsets\subsets\details_sampling\diverse-charged-ligand-3k.csv,MOSAEC-DB,general_metadata,filename,3000,1440,0.48,0.48
diverse-charged-metal-3k.csv,<DATA_ROOT>\data_raw\mosaec_db\subsets\extracted\subsets\subsets\details_sampling\diverse-charged-metal-3k.csv,MOSAEC-DB,general_metadata,filename,3000,diverse-charged-sbu-3k.csv,<DATA_ROOT>\data_raw\mosaec_db\subsets\extracted\subsets\subsets\details_sampling\diverse-charged-sbu-3k.csv,MOSAEC-DB,general_metadata,filename,3000,1418,0.4726666666666667,0.4726666666666667
mosaec_db.xlsx,<DATA_ROOT>\data_raw\mosaec_db\database\mosaec_db.xlsx,MOSAEC-DB,general_metadata,refcode,78176,Frameworks with hydrogen added.csv,<DATA_ROOT>\data_raw\csd_mof_collection\csd_mof_collection\extracted\csd_mof_collection_601\CSD_MOF_Collection\Frameworks with hydrogen added.csv,CSD-derived context,curation_or_validation,CSD refcode,4411,1415,0.0181001841997544,0.3207889367490365
mosaec_db.csv,<DATA_ROOT>\data_raw\mosaec_db\database\mosaec_db.csv,MOSAEC-DB,general_metadata,refcode,78191,Frameworks with hydrogen added.csv,<DATA_ROOT>\data_raw\csd_mof_collection\csd_mof_collection\extracted\csd_mof_collection_601\CSD_MOF_Collection\Frameworks with hydrogen added.csv,CSD-derived context,curation_or_validation,CSD refcode,4411,1415,0.018096711897788748,0.3207889367490365
asr_data_si_20250204.csv,<DATA_ROOT>\data_raw\core_mof_2024\metadata\asr_data_si_20250204.csv,CoRE MOF 2024,curation_or_validation,refcode,1372,ASR_mofid.csv,<DATA_ROOT>\data_raw\core_mof_2024\mofid\extracted\mofid_v2\mofid-v2\errors\ASR_mofid.csv,CoRE MOF 2024,topology_or_cluster,cifname,8854,1372,1.0,0.154958210978089
asr_data_si_20250204.csv,<DATA_ROOT>\data_raw\core_mof_2024\metadata\asr_data_si_20250204.csv,CoRE MOF 2024,curation_or_validation,refcode,1372,water_data.xlsx,<DATA_ROOT>\data_raw\core_mof_2024\water_gemc\extracted\water\water_data.xlsx,CoRE MOF 2024,general_metadata,name,8447,1304,0.9504373177842566,0.15437433408310644
diverse-charged-phom-3k.csv,<DATA_ROOT>\data_raw\mosaec_db\subsets\extracted\subsets\subsets\details_sampling\diverse-charged-phom-3k.csv,MOSAEC-DB,descriptor_matrix,filename,3000,diverse-charged-geom-3k.csv,<DATA_ROOT>\data_raw\mosaec_db\subsets\extracted\subsets\subsets\details_sampling\diverse-charged-geom-3k.csv,MOSAEC-DB,descriptor_matrix,filename,3000,1240,0.41333333333333333,0.41333333333333333
asr_data_si_20250204.csv,<DATA_ROOT>\data_raw\core_mof_2024\metadata\asr_data_si_20250204.csv,CoRE MOF 2024,curation_or_validation,mofid-v1,1153,ASR_mofid.csv,<DATA_ROOT>\data_raw\core_mof_2024\mofid\extracted\mofid_v2\mofid-v2\errors\ASR_mofid.csv,CoRE MOF 2024,topology_or_cluster,mofid,8854,1153,1.0,0.13022362773887508
asr_data_si_20250204.csv,<DATA_ROOT>\data_raw\core_mof_2024\metadata\asr_data_si_20250204.csv,CoRE MOF 2024,curation_or_validation,refcode,1372,unique_data_ASR.csv,<DATA_ROOT>\data_raw\core_mof_2024\mofid\extracted\mofid_v2\mofid-v2\unique\unique_data_ASR.csv,CoRE MOF 2024,topology_or_cluster,refcode,6889,1128,0.8221574344023324,0.16373929452750763
mosaec_db.xlsx,<DATA_ROOT>\data_raw\mosaec_db\database\mosaec_db.xlsx,MOSAEC-DB,general_metadata,refcode,78176,train.csv,<DATA_ROOT>\data_raw\mofsimplify\5737968\SciData\SciData\models\thermal\train.csv,Other/unknown,general_metadata,name,2005,1053,0.013469607040523947,0.5251870324189526
mosaec_db.csv,<DATA_ROOT>\data_raw\mosaec_db\database\mosaec_db.csv,MOSAEC-DB,general_metadata,refcode,78191,train.csv,<DATA_ROOT>\data_raw\mofsimplify\5737968\SciData\SciData\models\thermal\train.csv,Other/unknown,general_metadata,refcode,2005,1053,0.013467023058919824,0.5251870324189526
mosaec_db.xlsx,<DATA_ROOT>\data_raw\mosaec_db\database\mosaec_db.xlsx,MOSAEC-DB,general_metadata,refcode,78176,train.csv,<DATA_ROOT>\data_raw\mofsimplify\5737968\SciData\SciData\models\thermal\train.csv,Other/unknown,general_metadata,refcode,2005,1053,0.013469607040523947,0.5251870324189526
mosaec_db.csv,<DATA_ROOT>\data_raw\mosaec_db\database\mosaec_db.csv,MOSAEC-DB,general_metadata,refcode,78191,train.csv,<DATA_ROOT>\data_raw\mofsimplify\5737968\SciData\SciData\models\thermal\train.csv,Other/unknown,general_metadata,name,2005,1053,0.013467023058919824,0.5251870324189526
diverse-charged-linker-3k.csv,<DATA_ROOT>\data_raw\mosaec_db\subsets\extracted\subsets\subsets\details_sampling\diverse-charged-linker-3k.csv,MOSAEC-DB,general_metadata,filename,3000,diverse-charged-sbu-3k.csv,<DATA_ROOT>\data_raw\mosaec_db\subsets\extracted\subsets\subsets\details_sampling\diverse-charged-sbu-3k.csv,MOSAEC-DB,general_metadata,filename,3000,1050,0.35,0.35
mosaec_db.csv,<DATA_ROOT>\data_raw\mosaec_db\database\mosaec_db.csv,MOSAEC-DB,general_metadata,refcode,78191,full_SSD_data.csv,<DATA_ROOT>\data_raw\mofsimplify\5737968\SciData\SciData\separate_files\solvent_removal_stability\full_SSD_data.csv,Other/unknown,general_metadata,refcode,2179,1048,0.013403077080482408,0.4809545663148233
diverse-charged-linker-3k.csv,<DATA_ROOT>\data_raw\mosaec_db\subsets\extracted\subsets\subsets\details_sampling\diverse-charged-linker-3k.csv,MOSAEC-DB,general_metadata,filename,3000,diverse-charged-metal-3k.csv,<DATA_ROOT>\data_raw\mosaec_db\subsets\extracted\subsets\subsets\details_sampling\diverse-charged-metal-3k.csv,MOSAEC-DB,general_metadata,filename,3000,1048,0.34933333333333333,0.34933333333333333
mosaec_db.xlsx,<DATA_ROOT>\data_raw\mosaec_db\database\mosaec_db.xlsx,MOSAEC-DB,general_metadata,refcode,78176,full_SSD_data.csv,<DATA_ROOT>\data_raw\mofsimplify\5737968\SciData\SciData\separate_files\solvent_removal_stability\full_SSD_data.csv,Other/unknown,general_metadata,refcode,2179,1048,0.013405648792468276,0.4809545663148233
RAC_mosaec-db.csv,<DATA_ROOT>\data_raw\mosaec_db\descriptors\extracted\descriptors\descriptors\RAC_mosaec-db.csv,MOSAEC-DB,descriptor_matrix,cif,80000,diverse-charged-func-3k.csv,<DATA_ROOT>\data_raw\mosaec_db\subsets\extracted\subsets\subsets\details_sampling\diverse-charged-func-3k.csv,MOSAEC-DB,general_metadata,filename,3000,1002,0.012525,0.334
RAC_mosaec-db.csv,<DATA_ROOT>\data_raw\mosaec_db\descriptors\extracted\descriptors\descriptors\RAC_mosaec-db.csv,MOSAEC-DB,descriptor_matrix,cif,80000,diverse-charged-sbu-3k.csv,<DATA_ROOT>\data_raw\mosaec_db\subsets\extracted\subsets\subsets\details_sampling\diverse-charged-sbu-3k.csv,MOSAEC-DB,general_metadata,filename,3000,958,0.011975,0.31933333333333336
asr_data_si_20250204.csv,<DATA_ROOT>\data_raw\core_mof_2024\metadata\asr_data_si_20250204.csv,CoRE MOF 2024,curation_or_validation,mofid-v1,1153,unique_data_ASR.csv,<DATA_ROOT>\data_raw\core_mof_2024\mofid\extracted\mofid_v2\mofid-v2\unique\unique_data_ASR.csv,CoRE MOF 2024,topology_or_cluster,mofid-v1,5611,939,0.8143972246313964,0.16734984851185172
RAC_mosaec-db.csv,<DATA_ROOT>\data_raw\mosaec_db\descriptors\extracted\descriptors\descriptors\RAC_mosaec-db.csv,MOSAEC-DB,descriptor_matrix,cif,80000,diverse-charged-metal-3k.csv,<DATA_ROOT>\data_raw\mosaec_db\subsets\extracted\subsets\subsets\details_sampling\diverse-charged-metal-3k.csv,MOSAEC-DB,general_metadata,filename,3000,896,0.0112,0.2986666666666667
RAC_mosaec-db.csv,<DATA_ROOT>\data_raw\mosaec_db\descriptors\extracted\descriptors\descriptors\RAC_mosaec-db.csv,MOSAEC-DB,descriptor_matrix,cif,80000,diverse-charged-linker-3k.csv,<DATA_ROOT>\data_raw\mosaec_db\subsets\extracted\subsets\subsets\details_sampling\diverse-charged-linker-3k.csv,MOSAEC-DB,general_metadata,filename,3000,888,0.0111,0.296
diverse-charged-func-3k.csv,<DATA_ROOT>\data_raw\mosaec_db\subsets\extracted\subsets\subsets\details_sampling\diverse-charged-func-3k.csv,MOSAEC-DB,general_metadata,filename,3000,diverse-charged-sbu-3k.csv,<DATA_ROOT>\data_raw\mosaec_db\subsets\extracted\subsets\subsets\details_sampling\diverse-charged-sbu-3k.csv,MOSAEC-DB,general_metadata,filename,3000,871,0.29033333333333333,0.29033333333333333
diverse-charged-phom-3k.csv,<DATA_ROOT>\data_raw\mosaec_db\subsets\extracted\subsets\subsets\details_sampling\diverse-charged-phom-3k.csv,MOSAEC-DB,descriptor_matrix,filename,3000,diverse-charged-metal-3k.csv,<DATA_ROOT>\data_raw\mosaec_db\subsets\extracted\subsets\subsets\details_sampling\diverse-charged-metal-3k.csv,MOSAEC-DB,general_metadata,filename,3000,844,0.2813333333333333,0.2813333333333333
diverse-charged-ligand-3k.csv,<DATA_ROOT>\data_raw\mosaec_db\subsets\extracted\subsets\subsets\details_sampling\diverse-charged-ligand-3k.csv,MOSAEC-DB,general_metadata,filename,3000,diverse-charged-sbu-3k.csv,<DATA_ROOT>\data_raw\mosaec_db\subsets\extracted\subsets\subsets\details_sampling\diverse-charged-sbu-3k.csv,MOSAEC-DB,general_metadata,filename,3000,804,0.268,0.268
diverse-charged-func-3k.csv,<DATA_ROOT>\data_raw\mosaec_db\subsets\extracted\subsets\subsets\details_sampling\diverse-charged-func-3k.csv,MOSAEC-DB,general_metadata,filename,3000,diverse-charged-metal-3k.csv,<DATA_ROOT>\data_raw\mosaec_db\subsets\extracted\subsets\subsets\details_sampling\diverse-charged-metal-3k.csv,MOSAEC-DB,general_metadata,filename,3000,802,0.2673333333333333,0.2673333333333333
diverse-charged-metal-3k.csv,<DATA_ROOT>\data_raw\mosaec_db\subsets\extracted\subsets\subsets\details_sampling\diverse-charged-metal-3k.csv,MOSAEC-DB,general_metadata,filename,3000,diverse-charged-ligand-3k.csv,<DATA_ROOT>\data_raw\mosaec_db\subsets\extracted\subsets\subsets\details_sampling\diverse-charged-ligand-3k.csv,MOSAEC-DB,general_metadata,filename,3000,793,0.2643333333333333,0.2643333333333333
asr_data_si_20250204.csv,<DATA_ROOT>\data_raw\core_mof_2024\metadata\asr_data_si_20250204.csv,CoRE MOF 2024,curation_or_validation,mofid-v2,1036,unique_data_ASR.csv,<DATA_ROOT>\data_raw\core_mof_2024\mofid\extracted\mofid_v2\mofid-v2\unique\unique_data_ASR.csv,CoRE MOF 2024,topology_or_cluster,mofid-v2,4767,792,0.7644787644787645,0.16614222781623664
diverse-charged-phom-3k.csv,<DATA_ROOT>\data_raw\mosaec_db\subsets\extracted\subsets\subsets\details_sampling\diverse-charged-phom-3k.csv,MOSAEC-DB,descriptor_matrix,filename,3000,diverse-charged-sbu-3k.csv,<DATA_ROOT>\data_raw\mosaec_db\subsets\extracted\subsets\subsets\details_sampling\diverse-charged-sbu-3k.csv,MOSAEC-DB,general_metadata,filename,3000,785,0.26166666666666666,0.26166666666666666
unique_data_ASR.csv,<DATA_ROOT>\data_raw\core_mof_2024\mofid\extracted\mofid_v2\mofid-v2\unique\unique_data_ASR.csv,CoRE MOF 2024,topology_or_cluster,refcode,6889,Type_1_Structures.csv,<DATA_ROOT>\data_raw\core_mof_2024\mofid\extracted\mofid_v2\mofid-v2\errors\Type_1_Structures.csv,CoRE MOF 2024,topology_or_cluster,mof_name,780,780,0.11322398025838293,1.0
ASR_mofid.csv,<DATA_ROOT>\data_raw\core_mof_2024\mofid\extracted\mofid_v2\mofid-v2\errors\ASR_mofid.csv,CoRE MOF 2024,topology_or_cluster,cifname,8854,Type_1_Structures.csv,<DATA_ROOT>\data_raw\core_mof_2024\mofid\extracted\mofid_v2\mofid-v2\errors\Type_1_Structures.csv,CoRE MOF 2024,topology_or_cluster,mof_name,780,780,0.08809577592048791,1.0
ASR_mofid.csv,<DATA_ROOT>\data_raw\core_mof_2024\mofid\extracted\mofid_v2\mofid-v2\errors\ASR_mofid.csv,CoRE MOF 2024,topology_or_cluster,mofid,8854,Type_1_Structures.csv,<DATA_ROOT>\data_raw\core_mof_2024\mofid\extracted\mofid_v2\mofid-v2\errors\Type_1_Structures.csv,CoRE MOF 2024,topology_or_cluster,mofid,780,780,0.08809577592048791,1.0
Type_1_Structures.csv,<DATA_ROOT>\data_raw\core_mof_2024\mofid\extracted\mofid_v2\mofid-v2\errors\Type_1_Structures.csv,CoRE MOF 2024,topology_or_cluster,mof_name,780,water_data.xlsx,<DATA_ROOT>\data_raw\core_mof_2024\water_gemc\extracted\water\water_data.xlsx,CoRE MOF 2024,general_metadata,name,8447,729,0.9346153846153846,0.08630282940689002
mosaec_db.xlsx,<DATA_ROOT>\data_raw\mosaec_db\database\mosaec_db.xlsx,MOSAEC-DB,general_metadata,refcode,78176,train.csv,<DATA_ROOT>\data_raw\mofsimplify\5737968\SciData\SciData\models\solvent\train.csv,Other/unknown,general_metadata,refcode,1394,674,0.008621571837904216,0.4835007173601148
mosaec_db.csv,<DATA_ROOT>\data_raw\mosaec_db\database\mosaec_db.csv,MOSAEC-DB,general_metadata,refcode,78191,train.csv,<DATA_ROOT>\data_raw\mofsimplify\5737968\SciData\SciData\models\solvent\train.csv,Other/unknown,general_metadata,refcode,1394,674,0.008619917893363686,0.4835007173601148
RAC_mosaec-db.csv,<DATA_ROOT>\data_raw\mosaec_db\descriptors\extracted\descriptors\descriptors\RAC_mosaec-db.csv,MOSAEC-DB,descriptor_matrix,cif,80000,diverse-charged-ligand-3k.csv,<DATA_ROOT>\data_raw\mosaec_db\subsets\extracted\subsets\subsets\details_sampling\diverse-charged-ligand-3k.csv,MOSAEC-DB,general_metadata,filename,3000,658,0.008225,0.21933333333333332
mosaec_db.csv,<DATA_ROOT>\data_raw\mosaec_db\database\mosaec_db.csv,MOSAEC-DB,general_metadata,open_metal_id,661,mosaec_db.xlsx,<DATA_ROOT>\data_raw\mosaec_db\database\mosaec_db.xlsx,MOSAEC-DB,general_metadata,open_metal_id,655,655,0.9909228441754917,1.0
diverse-charged-geom-3k.csv,<DATA_ROOT>\data_raw\mosaec_db\subsets\extracted\subsets\subsets\details_sampling\diverse-charged-geom-3k.csv,MOSAEC-DB,descriptor_matrix,filename,3000,diverse-charged-sbu-3k.csv,<DATA_ROOT>\data_raw\mosaec_db\subsets\extracted\subsets\subsets\details_sampling\diverse-charged-sbu-3k.csv,MOSAEC-DB,general_metadata,filename,3000,640,0.21333333333333335,0.21333333333333335
diverse-charged-geom-3k.csv,<DATA_ROOT>\data_raw\mosaec_db\subsets\extracted\subsets\subsets\details_sampling\diverse-charged-geom-3k.csv,MOSAEC-DB,descriptor_matrix,filename,3000,diverse-charged-metal-3k.csv,<DATA_ROOT>\data_raw\mosaec_db\subsets\extracted\subsets\subsets\details_sampling\diverse-charged-metal-3k.csv,MOSAEC-DB,general_metadata,filename,3000,611,0.20366666666666666,0.20366666666666666
unique_data_ASR.csv,<DATA_ROOT>\data_raw\core_mof_2024\mofid\extracted\mofid_v2\mofid-v2\unique\unique_data_ASR.csv,CoRE MOF 2024,topology_or_cluster,name,660,water_data.xlsx,<DATA_ROOT>\data_raw\core_mof_2024\water_gemc\extracted\water\water_data.xlsx,CoRE MOF 2024,general_metadata,structure_name,729,603,0.9136363636363637,0.8271604938271605
diverse-charged-geom-3k.csv,<DATA_ROOT>\data_raw\mosaec_db\subsets\extracted\subsets\subsets\details_sampling\diverse-charged-geom-3k.csv,MOSAEC-DB,descriptor_matrix,filename,3000,diverse-charged-ligand-3k.csv,<DATA_ROOT>\data_raw\mosaec_db\subsets\extracted\subsets\subsets\details_sampling\diverse-charged-ligand-3k.csv,MOSAEC-DB,general_metadata,filename,3000,569,0.18966666666666668,0.18966666666666668
unique_data_ASR.csv,<DATA_ROOT>\data_raw\core_mof_2024\mofid\extracted\mofid_v2\mofid-v2\unique\unique_data_ASR.csv,CoRE MOF 2024,topology_or_cluster,mofid-v1,5611,Type_1_Structures.csv,<DATA_ROOT>\data_raw\core_mof_2024\mofid\extracted\mofid_v2\mofid-v2\errors\Type_1_Structures.csv,CoRE MOF 2024,topology_or_cluster,mofid,780,564,0.10051684191766173,0.7230769230769231
diverse-charged-geom-3k.csv,<DATA_ROOT>\data_raw\mosaec_db\subsets\extracted\subsets\subsets\details_sampling\diverse-charged-geom-3k.csv,MOSAEC-DB,descriptor_matrix,filename,3000,diverse-charged-linker-3k.csv,<DATA_ROOT>\data_raw\mosaec_db\subsets\extracted\subsets\subsets\details_sampling\diverse-charged-linker-3k.csv,MOSAEC-DB,general_metadata,filename,3000,559,0.18633333333333332,0.18633333333333332
diverse-charged-geom-3k.csv,<DATA_ROOT>\data_raw\mosaec_db\subsets\extracted\subsets\subsets\details_sampling\diverse-charged-geom-3k.csv,MOSAEC-DB,descriptor_matrix,filename,3000,diverse-charged-func-3k.csv,<DATA_ROOT>\data_raw\mosaec_db\subsets\extracted\subsets\subsets\details_sampling\diverse-charged-func-3k.csv,MOSAEC-DB,general_metadata,filename,3000,523,0.17433333333333334,0.17433333333333334
mosaec_db.csv,<DATA_ROOT>\data_raw\mosaec_db\database\mosaec_db.csv,MOSAEC-DB,general_metadata,open_metal_id,661,mosaec_db.xlsx,<DATA_ROOT>\data_raw\mosaec_db\database\mosaec_db.xlsx,MOSAEC-DB,general_metadata,metal_id,1852,503,0.7609682299546142,0.27159827213822896
mosaec_db.csv,<DATA_ROOT>\data_raw\mosaec_db\database\mosaec_db.csv,MOSAEC-DB,general_metadata,metal_id,1853,mosaec_db.xlsx,<DATA_ROOT>\data_raw\mosaec_db\database\mosaec_db.xlsx,MOSAEC-DB,general_metadata,open_metal_id,655,500,0.26983270372369134,0.7633587786259542
water_data.xlsx,<DATA_ROOT>\data_raw\core_mof_2024\water_gemc\extracted\water\water_data.xlsx,CoRE MOF 2024,general_metadata,structure_name,729,CR_data_CSD_modified_20250227.csv,<DATA_ROOT>\data_raw\csd_mof_collection\other\extracted\csd_modified\CSD-modified\CR_data_CSD_modified_20250227.csv,CSD-derived context,curation_or_validation,name,563,491,0.6735253772290809,0.872113676731794
diverse-charged-phom-3k.csv,<DATA_ROOT>\data_raw\mosaec_db\subsets\extracted\subsets\subsets\details_sampling\diverse-charged-phom-3k.csv,MOSAEC-DB,descriptor_matrix,filename,3000,diverse-charged-linker-3k.csv,<DATA_ROOT>\data_raw\mosaec_db\subsets\extracted\subsets\subsets\details_sampling\diverse-charged-linker-3k.csv,MOSAEC-DB,general_metadata,filename,3000,487,0.16233333333333333,0.16233333333333333
diverse-charged-phom-3k.csv,<DATA_ROOT>\data_raw\mosaec_db\subsets\extracted\subsets\subsets\details_sampling\diverse-charged-phom-3k.csv,MOSAEC-DB,descriptor_matrix,filename,3000,diverse-charged-func-3k.csv,<DATA_ROOT>\data_raw\mosaec_db\subsets\extracted\subsets\subsets\details_sampling\diverse-charged-func-3k.csv,MOSAEC-DB,general_metadata,filename,3000,485,0.16166666666666665,0.16166666666666665
Ion_mofid.csv,<DATA_ROOT>\data_raw\core_mof_2024\mofid\extracted\mofid_v2\mofid-v2\errors\Ion_mofid.csv,CoRE MOF 2024,topology_or_cluster,cifname,713,CR_data_CSD_modified_20250227.csv,<DATA_ROOT>\data_raw\csd_mof_collection\other\extracted\csd_modified\CSD-modified\CR_data_CSD_modified_20250227.csv,CSD-derived context,curation_or_validation,refcode,9834,458,0.6423562412342216,0.046573113687207644
RAC_mosaec-db.csv,<DATA_ROOT>\data_raw\mosaec_db\descriptors\extracted\descriptors\descriptors\RAC_mosaec-db.csv,MOSAEC-DB,descriptor_matrix,cif,80000,diverse-charged-geom-3k.csv,<DATA_ROOT>\data_raw\mosaec_db\subsets\extracted\subsets\subsets\details_sampling\diverse-charged-geom-3k.csv,MOSAEC-DB,descriptor_matrix,filename,3000,457,0.0057125,0.15233333333333332
Type_1_Structures.csv,<DATA_ROOT>\data_raw\core_mof_2024\mofid\extracted\mofid_v2\mofid-v2\errors\Type_1_Structures.csv,CoRE MOF 2024,topology_or_cluster,mof_name,780,CR_data_CSD_modified_20250227.csv,<DATA_ROOT>\data_raw\csd_mof_collection\other\extracted\csd_modified\CSD-modified\CR_data_CSD_modified_20250227.csv,CSD-derived context,curation_or_validation,refcode,9834,448,0.5743589743589743,0.04555623347569656
diverse-charged-phom-3k.csv,<DATA_ROOT>\data_raw\mosaec_db\subsets\extracted\subsets\subsets\details_sampling\diverse-charged-phom-3k.csv,MOSAEC-DB,descriptor_matrix,filename,3000,diverse-charged-ligand-3k.csv,<DATA_ROOT>\data_raw\mosaec_db\subsets\extracted\subsets\subsets\details_sampling\diverse-charged-ligand-3k.csv,MOSAEC-DB,general_metadata,filename,3000,440,0.14666666666666667,0.14666666666666667
unique_data_ASR.csv,<DATA_ROOT>\data_raw\core_mof_2024\mofid\extracted\mofid_v2\mofid-v2\unique\unique_data_ASR.csv,CoRE MOF 2024,topology_or_cluster,name,660,CR_data_CSD_modified_20250227.csv,<DATA_ROOT>\data_raw\csd_mof_collection\other\extracted\csd_modified\CSD-modified\CR_data_CSD_modified_20250227.csv,CSD-derived context,curation_or_validation,name,563,435,0.6590909090909091,0.7726465364120781
Ion_mofid.csv,<DATA_ROOT>\data_raw\core_mof_2024\mofid\extracted\mofid_v2\mofid-v2\errors\Ion_mofid.csv,CoRE MOF 2024,topology_or_cluster,mofid,713,CR_data_CSD_modified_20250227.csv,<DATA_ROOT>\data_raw\csd_mof_collection\other\extracted\csd_modified\CSD-modified\CR_data_CSD_modified_20250227.csv,CSD-derived context,curation_or_validation,mofid-v1,8627,385,0.5399719495091164,0.04462733279239597
RAC_mosaec-db.csv,<DATA_ROOT>\data_raw\mosaec_db\descriptors\extracted\descriptors\descriptors\RAC_mosaec-db.csv,MOSAEC-DB,descriptor_matrix,cif,80000,diverse-charged-phom-3k.csv,<DATA_ROOT>\data_raw\mosaec_db\subsets\extracted\subsets\subsets\details_sampling\diverse-charged-phom-3k.csv,MOSAEC-DB,descriptor_matrix,filename,3000,357,0.0044625,0.119
ASR_mofid.csv,<DATA_ROOT>\data_raw\core_mof_2024\mofid\extracted\mofid_v2\mofid-v2\errors\ASR_mofid.csv,CoRE MOF 2024,topology_or_cluster,mofid,8854,Type_2_Structures.csv,<DATA_ROOT>\data_raw\core_mof_2024\mofid\extracted\mofid_v2\mofid-v2\errors\Type_2_Structures.csv,CoRE MOF 2024,topology_or_cluster,mofid,348,348,0.03930426925683307,1.0
unique_data_ASR.csv,<DATA_ROOT>\data_raw\core_mof_2024\mofid\extracted\mofid_v2\mofid-v2\unique\unique_data_ASR.csv,CoRE MOF 2024,topology_or_cluster,refcode,6889,Type_2_Structures.csv,<DATA_ROOT>\data_raw\core_mof_2024\mofid\extracted\mofid_v2\mofid-v2\errors\Type_2_Structures.csv,CoRE MOF 2024,topology_or_cluster,mof_name,348,348,0.05051531426912469,1.0
ASR_mofid.csv,<DATA_ROOT>\data_raw\core_mof_2024\mofid\extracted\mofid_v2\mofid-v2\errors\ASR_mofid.csv,CoRE MOF 2024,topology_or_cluster,cifname,8854,Type_2_Structures.csv,<DATA_ROOT>\data_raw\core_mof_2024\mofid\extracted\mofid_v2\mofid-v2\errors\Type_2_Structures.csv,CoRE MOF 2024,topology_or_cluster,mof_name,348,348,0.03930426925683307,1.0
mosaec_db.xlsx,<DATA_ROOT>\data_raw\mosaec_db\database\mosaec_db.xlsx,MOSAEC-DB,general_metadata,refcode,78176,Suspect chemistry frameworks.csv,<DATA_ROOT>\data_raw\csd_mof_collection\csd_mof_collection\extracted\csd_mof_collection_601\CSD_MOF_Collection\Suspect chemistry frameworks.csv,CSD-derived context,curation_or_validation,CSD refcode,1010,337,0.004310785918952108,0.3336633663366337
mosaec_db.csv,<DATA_ROOT>\data_raw\mosaec_db\database\mosaec_db.csv,MOSAEC-DB,general_metadata,refcode,78191,Suspect chemistry frameworks.csv,<DATA_ROOT>\data_raw\csd_mof_collection\csd_mof_collection\extracted\csd_mof_collection_601\CSD_MOF_Collection\Suspect chemistry frameworks.csv,CSD-derived context,curation_or_validation,CSD refcode,1010,337,0.004309958946681843,0.3336633663366337
mosaec_db.xlsx,<DATA_ROOT>\data_raw\mosaec_db\database\mosaec_db.xlsx,MOSAEC-DB,general_metadata,refcode,78176,test.csv,<DATA_ROOT>\data_raw\mofsimplify\5737968\SciData\SciData\models\thermal\test.csv,Other/unknown,general_metadata,name,626,336,0.004297994269340974,0.536741214057508
mosaec_db.csv,<DATA_ROOT>\data_raw\mosaec_db\database\mosaec_db.csv,MOSAEC-DB,general_metadata,refcode,78191,test.csv,<DATA_ROOT>\data_raw\mofsimplify\5737968\SciData\SciData\models\thermal\test.csv,Other/unknown,general_metadata,name,626,336,0.00429716975099436,0.536741214057508
mosaec_db.csv,<DATA_ROOT>\data_raw\mosaec_db\database\mosaec_db.csv,MOSAEC-DB,general_metadata,refcode,78191,test.csv,<DATA_ROOT>\data_raw\mofsimplify\5737968\SciData\SciData\models\thermal\test.csv,Other/unknown,general_metadata,refcode,626,336,0.00429716975099436,0.536741214057508
mosaec_db.xlsx,<DATA_ROOT>\data_raw\mosaec_db\database\mosaec_db.xlsx,MOSAEC-DB,general_metadata,refcode,78176,test.csv,<DATA_ROOT>\data_raw\mofsimplify\5737968\SciData\SciData\models\thermal\test.csv,Other/unknown,general_metadata,refcode,626,336,0.004297994269340974,0.536741214057508
diverse-charged-phom-3k.csv,<DATA_ROOT>\data_raw\mosaec_db\subsets\extracted\subsets\subsets\details_sampling\diverse-charged-phom-3k.csv,MOSAEC-DB,descriptor_matrix,filename,3000,GEOM_mosaec-db.csv,<DATA_ROOT>\data_raw\mosaec_db\descriptors\extracted\descriptors\descriptors\GEOM_mosaec-db.csv,MOSAEC-DB,descriptor_matrix,cif,80000,333,0.111,0.0041625
GEOM_mosaec-db.csv,<DATA_ROOT>\data_raw\mosaec_db\descriptors\extracted\descriptors\descriptors\GEOM_mosaec-db.csv,MOSAEC-DB,descriptor_matrix,cif,80000,diverse-charged-geom-3k.csv,<DATA_ROOT>\data_raw\mosaec_db\subsets\extracted\subsets\subsets\details_sampling\diverse-charged-geom-3k.csv,MOSAEC-DB,descriptor_matrix,filename,3000,320,0.004,0.10666666666666667
Type_2_Structures.csv,<DATA_ROOT>\data_raw\core_mof_2024\mofid\extracted\mofid_v2\mofid-v2\errors\Type_2_Structures.csv,CoRE MOF 2024,topology_or_cluster,mof_name,348,water_data.xlsx,<DATA_ROOT>\data_raw\core_mof_2024\water_gemc\extracted\water\water_data.xlsx,CoRE MOF 2024,general_metadata,name,8447,319,0.9166666666666666,0.037764886942109624
Type_1_Structures.csv,<DATA_ROOT>\data_raw\core_mof_2024\mofid\extracted\mofid_v2\mofid-v2\errors\Type_1_Structures.csv,CoRE MOF 2024,topology_or_cluster,mofid,780,CR_data_CSD_modified_20250227.csv,<DATA_ROOT>\data_raw\csd_mof_collection\other\extracted\csd_modified\CSD-modified\CR_data_CSD_modified_20250227.csv,CSD-derived context,curation_or_validation,mofid-v1,8627,312,0.4,0.03616552683435725
GEOM_mosaec-db.csv,<DATA_ROOT>\data_raw\mosaec_db\descriptors\extracted\descriptors\descriptors\GEOM_mosaec-db.csv,MOSAEC-DB,descriptor_matrix,cif,80000,diverse-charged-metal-3k.csv,<DATA_ROOT>\data_raw\mosaec_db\subsets\extracted\subsets\subsets\details_sampling\diverse-charged-metal-3k.csv,MOSAEC-DB,general_metadata,filename,3000,304,0.0038,0.10133333333333333
GEOM_mosaec-db.csv,<DATA_ROOT>\data_raw\mosaec_db\descriptors\extracted\descriptors\descriptors\GEOM_mosaec-db.csv,MOSAEC-DB,descriptor_matrix,cif,80000,diverse-charged-ligand-3k.csv,<DATA_ROOT>\data_raw\mosaec_db\subsets\extracted\subsets\subsets\details_sampling\diverse-charged-ligand-3k.csv,MOSAEC-DB,general_metadata,filename,3000,296,0.0037,0.09866666666666667
unique_data_ASR.csv,<DATA_ROOT>\data_raw\core_mof_2024\mofid\extracted\mofid_v2\mofid-v2\unique\unique_data_ASR.csv,CoRE MOF 2024,topology_or_cluster,mofid-v1,5611,Type_2_Structures.csv,<DATA_ROOT>\data_raw\core_mof_2024\mofid\extracted\mofid_v2\mofid-v2\errors\Type_2_Structures.csv,CoRE MOF 2024,topology_or_cluster,mofid,348,293,0.05221885581892711,0.8419540229885057
GEOM_mosaec-db.csv,<DATA_ROOT>\data_raw\mosaec_db\descriptors\extracted\descriptors\descriptors\GEOM_mosaec-db.csv,MOSAEC-DB,descriptor_matrix,cif,80000,diverse-charged-linker-3k.csv,<DATA_ROOT>\data_raw\mosaec_db\subsets\extracted\subsets\subsets\details_sampling\diverse-charged-linker-3k.csv,MOSAEC-DB,general_metadata,filename,3000,286,0.003575,0.09533333333333334
GEOM_mosaec-db.csv,<DATA_ROOT>\data_raw\mosaec_db\descriptors\extracted\descriptors\descriptors\GEOM_mosaec-db.csv,MOSAEC-DB,descriptor_matrix,cif,80000,diverse-charged-sbu-3k.csv,<DATA_ROOT>\data_raw\mosaec_db\subsets\extracted\subsets\subsets\details_sampling\diverse-charged-sbu-3k.csv,MOSAEC-DB,general_metadata,filename,3000,282,0.003525,0.094
GEOM_mosaec-db.csv,<DATA_ROOT>\data_raw\mosaec_db\descriptors\extracted\descriptors\descriptors\GEOM_mosaec-db.csv,MOSAEC-DB,descriptor_matrix,cif,80000,diverse-charged-func-3k.csv,<DATA_ROOT>\data_raw\mosaec_db\subsets\extracted\subsets\subsets\details_sampling\diverse-charged-func-3k.csv,MOSAEC-DB,general_metadata,filename,3000,267,0.0033375,0.089
mosaec_db.csv,<DATA_ROOT>\data_raw\mosaec_db\database\mosaec_db.csv,MOSAEC-DB,general_metadata,refcode,78191,val.csv,<DATA_ROOT>\data_raw\mofsimplify\5737968\SciData\SciData\models\thermal\val.csv,Other/unknown,general_metadata,name,501,264,0.0033763476614955684,0.5269461077844312
mosaec_db.xlsx,<DATA_ROOT>\data_raw\mosaec_db\database\mosaec_db.xlsx,MOSAEC-DB,general_metadata,refcode,78176,val.csv,<DATA_ROOT>\data_raw\mofsimplify\5737968\SciData\SciData\models\thermal\val.csv,Other/unknown,general_metadata,name,501,264,0.003376995497339337,0.5269461077844312
mosaec_db.csv,<DATA_ROOT>\data_raw\mosaec_db\database\mosaec_db.csv,MOSAEC-DB,general_metadata,refcode,78191,val.csv,<DATA_ROOT>\data_raw\mofsimplify\5737968\SciData\SciData\models\thermal\val.csv,Other/unknown,general_metadata,refcode,501,264,0.0033763476614955684,0.5269461077844312
mosaec_db.xlsx,<DATA_ROOT>\data_raw\mosaec_db\database\mosaec_db.xlsx,MOSAEC-DB,general_metadata,refcode,78176,val.csv,<DATA_ROOT>\data_raw\mofsimplify\5737968\SciData\SciData\models\thermal\val.csv,Other/unknown,general_metadata,refcode,501,264,0.003376995497339337,0.5269461077844312
Type_2_Structures.csv,<DATA_ROOT>\data_raw\core_mof_2024\mofid\extracted\mofid_v2\mofid-v2\errors\Type_2_Structures.csv,CoRE MOF 2024,topology_or_cluster,mof_name,348,CR_data_CSD_modified_20250227.csv,<DATA_ROOT>\data_raw\csd_mof_collection\other\extracted\csd_modified\CSD-modified\CR_data_CSD_modified_20250227.csv,CSD-derived context,curation_or_validation,refcode,9834,228,0.6551724137931034,0.023184868822452714
mosaec_db.csv,<DATA_ROOT>\data_raw\mosaec_db\database\mosaec_db.csv,MOSAEC-DB,general_metadata,refcode,78191,test.csv,<DATA_ROOT>\data_raw\mofsimplify\5737968\SciData\SciData\models\solvent\test.csv,Other/unknown,general_metadata,refcode,436,206,0.002634574311621542,0.4724770642201835
mosaec_db.xlsx,<DATA_ROOT>\data_raw\mosaec_db\database\mosaec_db.xlsx,MOSAEC-DB,general_metadata,refcode,78176,test.csv,<DATA_ROOT>\data_raw\mofsimplify\5737968\SciData\SciData\models\solvent\test.csv,Other/unknown,general_metadata,refcode,436,206,0.0026350798198935734,0.4724770642201835
Type_2_Structures.csv,<DATA_ROOT>\data_raw\core_mof_2024\mofid\extracted\mofid_v2\mofid-v2\errors\Type_2_Structures.csv,CoRE MOF 2024,topology_or_cluster,mofid,348,CR_data_CSD_modified_20250227.csv,<DATA_ROOT>\data_raw\csd_mof_collection\other\extracted\csd_modified\CSD-modified\CR_data_CSD_modified_20250227.csv,CSD-derived context,curation_or_validation,mofid-v1,8627,187,0.5373563218390804,0.021676133070592327
mosaec_db.xlsx,<DATA_ROOT>\data_raw\mosaec_db\database\mosaec_db.xlsx,MOSAEC-DB,general_metadata,refcode,78176,val.csv,<DATA_ROOT>\data_raw\mofsimplify\5737968\SciData\SciData\models\solvent\val.csv,Other/unknown,general_metadata,refcode,349,168,0.002148997134670487,0.4813753581661891
mosaec_db.csv,<DATA_ROOT>\data_raw\mosaec_db\database\mosaec_db.csv,MOSAEC-DB,general_metadata,refcode,78191,val.csv,<DATA_ROOT>\data_raw\mofsimplify\5737968\SciData\SciData\models\solvent\val.csv,Other/unknown,general_metadata,refcode,349,168,0.00214858487549718,0.4813753581661891
asr_data_si_20250204.csv,<DATA_ROOT>\data_raw\core_mof_2024\metadata\asr_data_si_20250204.csv,CoRE MOF 2024,curation_or_validation,refcode,1372,Type_1_Structures.csv,<DATA_ROOT>\data_raw\core_mof_2024\mofid\extracted\mofid_v2\mofid-v2\errors\Type_1_Structures.csv,CoRE MOF 2024,topology_or_cluster,mof_name,780,160,0.11661807580174927,0.20512820512820512
mosaec_db.xlsx,<DATA_ROOT>\data_raw\mosaec_db\database\mosaec_db.xlsx,MOSAEC-DB,general_metadata,refcode,78176,Charged frameworks.csv,<DATA_ROOT>\data_raw\csd_mof_collection\csd_mof_collection\extracted\csd_mof_collection_601\CSD_MOF_Collection\Charged frameworks.csv,CSD-derived context,curation_or_validation,CSD refcode,2309,156,0.001995497339336881,0.06756171502815071
mosaec_db.csv,<DATA_ROOT>\data_raw\mosaec_db\database\mosaec_db.csv,MOSAEC-DB,general_metadata,refcode,78191,Charged frameworks.csv,<DATA_ROOT>\data_raw\csd_mof_collection\csd_mof_collection\extracted\csd_mof_collection_601\CSD_MOF_Collection\Charged frameworks.csv,CSD-derived context,curation_or_validation,CSD refcode,2309,156,0.0019951145272473813,0.06756171502815071
asr_data_si_20250204.csv,<DATA_ROOT>\data_raw\core_mof_2024\metadata\asr_data_si_20250204.csv,CoRE MOF 2024,curation_or_validation,mofid-v1,1153,Type_1_Structures.csv,<DATA_ROOT>\data_raw\core_mof_2024\mofid\extracted\mofid_v2\mofid-v2\errors\Type_1_Structures.csv,CoRE MOF 2024,topology_or_cluster,mofid,780,127,0.11014744145706852,0.16282051282051282
unmodified_check_for_ncr_si.xlsx,<DATA_ROOT>\data_raw\core_mof_2024\diagnostics\unmodified_check_for_ncr_si.xlsx,CoRE MOF 2024,curation_or_validation,refcode,3692,ncr_ion_si.xlsx,<DATA_ROOT>\data_raw\core_mof_2024\diagnostics\ncr_ion_si.xlsx,CoRE MOF 2024,curation_or_validation,refcode,136,122,0.03304442036836403,0.8970588235294118
summary.csv,<DATA_ROOT>\data_raw\core_mof_2024\mofid\extracted\mofid_v2\mofid-v2\unique\summary.csv,CoRE MOF 2024,topology_or_cluster,name,124,water_data.xlsx,<DATA_ROOT>\data_raw\core_mof_2024\water_gemc\extracted\water\water_data.xlsx,CoRE MOF 2024,general_metadata,structure_name,729,116,0.9354838709677419,0.15912208504801098
ion_data_si_20250204.csv,<DATA_ROOT>\data_raw\core_mof_2024\metadata\ion_data_si_20250204.csv,CoRE MOF 2024,curation_or_validation,refcode,100,Ion_mofid.csv,<DATA_ROOT>\data_raw\core_mof_2024\mofid\extracted\mofid_v2\mofid-v2\errors\Ion_mofid.csv,CoRE MOF 2024,topology_or_cluster,cifname,713,100,1.0,0.1402524544179523
ion_data_si_20250204.csv,<DATA_ROOT>\data_raw\core_mof_2024\metadata\ion_data_si_20250204.csv,CoRE MOF 2024,curation_or_validation,mofid-v1,99,Ion_mofid.csv,<DATA_ROOT>\data_raw\core_mof_2024\mofid\extracted\mofid_v2\mofid-v2\errors\Ion_mofid.csv,CoRE MOF 2024,topology_or_cluster,mofid,713,99,1.0,0.1388499298737728
summary.csv,<DATA_ROOT>\data_raw\core_mof_2024\mofid\extracted\mofid_v2\mofid-v2\unique\summary.csv,CoRE MOF 2024,topology_or_cluster,name,124,CR_data_CSD_modified_20250227.csv,<DATA_ROOT>\data_raw\csd_mof_collection\other\extracted\csd_modified\CSD-modified\CR_data_CSD_modified_20250227.csv,CSD-derived context,curation_or_validation,name,563,83,0.6693548387096774,0.14742451154529307
unique_data_ASR.csv,<DATA_ROOT>\data_raw\core_mof_2024\mofid\extracted\mofid_v2\mofid-v2\unique\unique_data_ASR.csv,CoRE MOF 2024,topology_or_cluster,name,660,summary.csv,<DATA_ROOT>\data_raw\core_mof_2024\mofid\extracted\mofid_v2\mofid-v2\unique\summary.csv,CoRE MOF 2024,topology_or_cluster,name,124,63,0.09545454545454546,0.5080645161290323
Lookup_table_of_nodes.csv,<DATA_ROOT>\data_raw\core_mof_2024\mofid\extracted\mofid_v2\mofid-v2\Lookup_table_of_nodes.csv,CoRE MOF 2024,topology_or_cluster,refcode,414,Framework details.csv,<DATA_ROOT>\data_raw\csd_mof_collection\csd_mof_collection\extracted\csd_mof_collection_601\CSD_MOF_Collection\Framework details.csv,CSD-derived context,curation_or_validation,CSD refcode,15450,60,0.14492753623188406,0.003883495145631068
mosaec_db.csv,<DATA_ROOT>\data_raw\mosaec_db\database\mosaec_db.csv,MOSAEC-DB,general_metadata,refcode,78191,Lookup_table_of_nodes.csv,<DATA_ROOT>\data_raw\core_mof_2024\mofid\extracted\mofid_v2\mofid-v2\Lookup_table_of_nodes.csv,CoRE MOF 2024,topology_or_cluster,refcode,414,53,0.0006778273714366104,0.1280193236714976
mosaec_db.xlsx,<DATA_ROOT>\data_raw\mosaec_db\database\mosaec_db.xlsx,MOSAEC-DB,general_metadata,refcode,78176,Lookup_table_of_nodes.csv,<DATA_ROOT>\data_raw\core_mof_2024\mofid\extracted\mofid_v2\mofid-v2\Lookup_table_of_nodes.csv,CoRE MOF 2024,topology_or_cluster,refcode,414,53,0.0006779574293900941,0.1280193236714976
asr_data_si_20250204.csv,<DATA_ROOT>\data_raw\core_mof_2024\metadata\asr_data_si_20250204.csv,CoRE MOF 2024,curation_or_validation,refcode,1372,Type_2_Structures.csv,<DATA_ROOT>\data_raw\core_mof_2024\mofid\extracted\mofid_v2\mofid-v2\errors\Type_2_Structures.csv,CoRE MOF 2024,topology_or_cluster,mof_name,348,36,0.026239067055393587,0.10344827586206896
ASR_mofid.csv,<DATA_ROOT>\data_raw\core_mof_2024\mofid\extracted\mofid_v2\mofid-v2\errors\ASR_mofid.csv,CoRE MOF 2024,topology_or_cluster,cifname,8854,top35_info.xlsx,<DATA_ROOT>\data_raw\core_mof_2024\tsa\extracted\tsa\TSA\top35_info.xlsx,CoRE MOF 2024,general_metadata,refcode,35,35,0.00395301558617574,1.0
top35_info.xlsx,<DATA_ROOT>\data_raw\core_mof_2024\tsa\extracted\tsa\TSA\top35_info.xlsx,CoRE MOF 2024,general_metadata,refcode,35,water_data.xlsx,<DATA_ROOT>\data_raw\core_mof_2024\water_gemc\extracted\water\water_data.xlsx,CoRE MOF 2024,general_metadata,name,8447,35,1.0,0.004143482893334912
unique_data_ASR.csv,<DATA_ROOT>\data_raw\core_mof_2024\mofid\extracted\mofid_v2\mofid-v2\unique\unique_data_ASR.csv,CoRE MOF 2024,topology_or_cluster,refcode,6889,top35_info.xlsx,<DATA_ROOT>\data_raw\core_mof_2024\tsa\extracted\tsa\TSA\top35_info.xlsx,CoRE MOF 2024,general_metadata,refcode,35,32,0.004645086369574684,0.9142857142857143
asr_data_si_20250204.csv,<DATA_ROOT>\data_raw\core_mof_2024\metadata\asr_data_si_20250204.csv,CoRE MOF 2024,curation_or_validation,mofid-v1,1153,Type_2_Structures.csv,<DATA_ROOT>\data_raw\core_mof_2024\mofid\extracted\mofid_v2\mofid-v2\errors\Type_2_Structures.csv,CoRE MOF 2024,topology_or_cluster,mofid,348,32,0.027753686036426712,0.09195402298850575
ASR_mofid.csv,<DATA_ROOT>\data_raw\core_mof_2024\mofid\extracted\mofid_v2\mofid-v2\errors\ASR_mofid.csv,CoRE MOF 2024,topology_or_cluster,mofid,8854,top35_info.xlsx,<DATA_ROOT>\data_raw\core_mof_2024\tsa\extracted\tsa\TSA\top35_info.xlsx,CoRE MOF 2024,general_metadata,mofid-v1,30,30,0.00338829907386492,1.0
unique_data_ASR.csv,<DATA_ROOT>\data_raw\core_mof_2024\mofid\extracted\mofid_v2\mofid-v2\unique\unique_data_ASR.csv,CoRE MOF 2024,topology_or_cluster,mofid-v1,5611,top35_info.xlsx,<DATA_ROOT>\data_raw\core_mof_2024\tsa\extracted\tsa\TSA\top35_info.xlsx,CoRE MOF 2024,general_metadata,mofid-v1,30,27,0.004811976474781679,0.9
Lookup_table_of_nodes.csv,<DATA_ROOT>\data_raw\core_mof_2024\mofid\extracted\mofid_v2\mofid-v2\Lookup_table_of_nodes.csv,CoRE MOF 2024,topology_or_cluster,refcode,414,full_TSD_data.csv,<DATA_ROOT>\data_raw\mofsimplify\5737968\SciData\SciData\separate_files\thermal_stability\full_TSD_data.csv,Other/unknown,general_metadata,refcode,3132,27,0.06521739130434782,0.008620689655172414
mosaec_db.csv,<DATA_ROOT>\data_raw\mosaec_db\database\mosaec_db.csv,MOSAEC-DB,general_metadata,refcode,78191,blinded_40_elsevier_MOFs.csv,<DATA_ROOT>\data_raw\mofsimplify\5737968\SciData\SciData\blinded_test_set\blinded_40_elsevier_MOFs.csv,Other/unknown,general_metadata,refcode,40,25,0.00031972989218708033,0.625
mosaec_db.xlsx,<DATA_ROOT>\data_raw\mosaec_db\database\mosaec_db.xlsx,MOSAEC-DB,general_metadata,refcode,78176,blinded_40_elsevier_MOFs.csv,<DATA_ROOT>\data_raw\mofsimplify\5737968\SciData\SciData\blinded_test_set\blinded_40_elsevier_MOFs.csv,Other/unknown,general_metadata,refcode,40,25,0.0003197912402783463,0.625
Lookup_table_of_nodes.csv,<DATA_ROOT>\data_raw\core_mof_2024\mofid\extracted\mofid_v2\mofid-v2\Lookup_table_of_nodes.csv,CoRE MOF 2024,topology_or_cluster,refcode,414,Frameworks with hydrogen added.csv,<DATA_ROOT>\data_raw\csd_mof_collection\csd_mof_collection\extracted\csd_mof_collection_601\CSD_MOF_Collection\Frameworks with hydrogen added.csv,CSD-derived context,curation_or_validation,CSD refcode,4411,24,0.057971014492753624,0.005440943096803446
top35_info.xlsx,<DATA_ROOT>\data_raw\core_mof_2024\tsa\extracted\tsa\TSA\top35_info.xlsx,CoRE MOF 2024,general_metadata,refcode,35,CR_data_CSD_modified_20250227.csv,<DATA_ROOT>\data_raw\csd_mof_collection\other\extracted\csd_modified\CSD-modified\CR_data_CSD_modified_20250227.csv,CSD-derived context,curation_or_validation,refcode,9834,22,0.6285714285714286,0.0022371364653243847
top35_info.xlsx,<DATA_ROOT>\data_raw\core_mof_2024\tsa\extracted\tsa\TSA\top35_info.xlsx,CoRE MOF 2024,general_metadata,mofid-v1,30,CR_data_CSD_modified_20250227.csv,<DATA_ROOT>\data_raw\csd_mof_collection\other\extracted\csd_modified\CSD-modified\CR_data_CSD_modified_20250227.csv,CSD-derived context,curation_or_validation,mofid-v1,8627,19,0.6333333333333333,0.0022023878520922684
Lookup_table_of_nodes.csv,<DATA_ROOT>\data_raw\core_mof_2024\mofid\extracted\mofid_v2\mofid-v2\Lookup_table_of_nodes.csv,CoRE MOF 2024,topology_or_cluster,refcode,414,train.csv,<DATA_ROOT>\data_raw\mofsimplify\5737968\SciData\SciData\models\thermal\train.csv,Other/unknown,general_metadata,refcode,2005,18,0.043478260869565216,0.008977556109725686
Lookup_table_of_nodes.csv,<DATA_ROOT>\data_raw\core_mof_2024\mofid\extracted\mofid_v2\mofid-v2\Lookup_table_of_nodes.csv,CoRE MOF 2024,topology_or_cluster,refcode,414,full_SSD_data.csv,<DATA_ROOT>\data_raw\mofsimplify\5737968\SciData\SciData\separate_files\solvent_removal_stability\full_SSD_data.csv,Other/unknown,general_metadata,refcode,2179,18,0.043478260869565216,0.008260670032124828
unique_data_ASR.csv,<DATA_ROOT>\data_raw\core_mof_2024\mofid\extracted\mofid_v2\mofid-v2\unique\unique_data_ASR.csv,CoRE MOF 2024,topology_or_cluster,mofid-v2,4767,top35_info.xlsx,<DATA_ROOT>\data_raw\core_mof_2024\tsa\extracted\tsa\TSA\top35_info.xlsx,CoRE MOF 2024,general_metadata,mofid-v2,21,18,0.003775959723096287,0.8571428571428571
Lookup_table_of_nodes.csv,<DATA_ROOT>\data_raw\core_mof_2024\mofid\extracted\mofid_v2\mofid-v2\Lookup_table_of_nodes.csv,CoRE MOF 2024,topology_or_cluster,refcode,414,train.csv,<DATA_ROOT>\data_raw\mofsimplify\5737968\SciData\SciData\models\thermal\train.csv,Other/unknown,general_metadata,name,2005,18,0.043478260869565216,0.008977556109725686
Lookup_table_of_nodes.csv,<DATA_ROOT>\data_raw\core_mof_2024\mofid\extracted\mofid_v2\mofid-v2\Lookup_table_of_nodes.csv,CoRE MOF 2024,topology_or_cluster,refcode,414,train.csv,<DATA_ROOT>\data_raw\mofsimplify\5737968\SciData\SciData\models\solvent\train.csv,Other/unknown,general_metadata,refcode,1394,11,0.026570048309178744,0.007890961262553802
top35_info.xlsx,<DATA_ROOT>\data_raw\core_mof_2024\tsa\extracted\tsa\TSA\top35_info.xlsx,CoRE MOF 2024,general_metadata,mofid-v2,21,CR_data_CSD_modified_20250227.csv,<DATA_ROOT>\data_raw\csd_mof_collection\other\extracted\csd_modified\CSD-modified\CR_data_CSD_modified_20250227.csv,CSD-derived context,curation_or_validation,mofid-v2,4289,10,0.47619047619047616,0.0023315458148752623
Lookup_table_of_nodes.csv,<DATA_ROOT>\data_raw\core_mof_2024\mofid\extracted\mofid_v2\mofid-v2\Lookup_table_of_nodes.csv,CoRE MOF 2024,topology_or_cluster,refcode,414,Charged frameworks.csv,<DATA_ROOT>\data_raw\csd_mof_collection\csd_mof_collection\extracted\csd_mof_collection_601\CSD_MOF_Collection\Charged frameworks.csv,CSD-derived context,curation_or_validation,CSD refcode,2309,10,0.024154589371980676,0.0043308791684712
ASR_mofid.csv,<DATA_ROOT>\data_raw\core_mof_2024\mofid\extracted\mofid_v2\mofid-v2\errors\ASR_mofid.csv,CoRE MOF 2024,topology_or_cluster,cifname,8854,structure_information.csv,<DATA_ROOT>\data_raw\core_mof_2024\tsa\extracted\tsa\TSA\structure_information.csv,CoRE MOF 2024,structure_or_cif_metadata,Name,9,9,0.0010164897221594759,1.0
structure_information.csv,<DATA_ROOT>\data_raw\core_mof_2024\tsa\extracted\tsa\TSA\structure_information.csv,CoRE MOF 2024,structure_or_cif_metadata,Name,9,water_data.xlsx,<DATA_ROOT>\data_raw\core_mof_2024\water_gemc\extracted\water\water_data.xlsx,CoRE MOF 2024,general_metadata,name,8447,9,1.0,0.0010654670297146917
top35_info.xlsx,<DATA_ROOT>\data_raw\core_mof_2024\tsa\extracted\tsa\TSA\top35_info.xlsx,CoRE MOF 2024,general_metadata,refcode,35,structure_information.csv,<DATA_ROOT>\data_raw\core_mof_2024\tsa\extracted\tsa\TSA\structure_information.csv,CoRE MOF 2024,structure_or_cif_metadata,Name,9,9,0.2571428571428571,1.0
unique_data_ASR.csv,<DATA_ROOT>\data_raw\core_mof_2024\mofid\extracted\mofid_v2\mofid-v2\unique\unique_data_ASR.csv,CoRE MOF 2024,topology_or_cluster,refcode,6889,structure_information.csv,<DATA_ROOT>\data_raw\core_mof_2024\tsa\extracted\tsa\TSA\structure_information.csv,CoRE MOF 2024,structure_or_cif_metadata,Name,9,8,0.001161271592393671,0.8888888888888888
Type_2_Structures.csv,<DATA_ROOT>\data_raw\core_mof_2024\mofid\extracted\mofid_v2\mofid-v2\errors\Type_2_Structures.csv,CoRE MOF 2024,topology_or_cluster,mof_name,348,top35_info.xlsx,<DATA_ROOT>\data_raw\core_mof_2024\tsa\extracted\tsa\TSA\top35_info.xlsx,CoRE MOF 2024,general_metadata,refcode,35,7,0.020114942528735632,0.2
Type_2_Structures.csv,<DATA_ROOT>\data_raw\core_mof_2024\mofid\extracted\mofid_v2\mofid-v2\errors\Type_2_Structures.csv,CoRE MOF 2024,topology_or_cluster,mofid,348,top35_info.xlsx,<DATA_ROOT>\data_raw\core_mof_2024\tsa\extracted\tsa\TSA\top35_info.xlsx,CoRE MOF 2024,general_metadata,mofid-v1,30,7,0.020114942528735632,0.23333333333333334
structure_information.csv,<DATA_ROOT>\data_raw\core_mof_2024\tsa\extracted\tsa\TSA\structure_information.csv,CoRE MOF 2024,structure_or_cif_metadata,Name,9,CR_data_CSD_modified_20250227.csv,<DATA_ROOT>\data_raw\csd_mof_collection\other\extracted\csd_modified\CSD-modified\CR_data_CSD_modified_20250227.csv,CSD-derived context,curation_or_validation,refcode,9834,6,0.6666666666666666,0.0006101281269066504
Lookup_table_of_nodes.csv,<DATA_ROOT>\data_raw\core_mof_2024\mofid\extracted\mofid_v2\mofid-v2\Lookup_table_of_nodes.csv,CoRE MOF 2024,topology_or_cluster,refcode,414,test.csv,<DATA_ROOT>\data_raw\mofsimplify\5737968\SciData\SciData\models\thermal\test.csv,Other/unknown,general_metadata,name,626,6,0.014492753623188406,0.009584664536741214
Lookup_table_of_nodes.csv,<DATA_ROOT>\data_raw\core_mof_2024\mofid\extracted\mofid_v2\mofid-v2\Lookup_table_of_nodes.csv,CoRE MOF 2024,topology_or_cluster,refcode,414,test.csv,<DATA_ROOT>\data_raw\mofsimplify\5737968\SciData\SciData\models\thermal\test.csv,Other/unknown,general_metadata,refcode,626,6,0.014492753623188406,0.009584664536741214
asr_data_si_20250204.csv,<DATA_ROOT>\data_raw\core_mof_2024\metadata\asr_data_si_20250204.csv,CoRE MOF 2024,curation_or_validation,refcode,1372,top35_info.xlsx,<DATA_ROOT>\data_raw\core_mof_2024\tsa\extracted\tsa\TSA\top35_info.xlsx,CoRE MOF 2024,general_metadata,refcode,35,5,0.0036443148688046646,0.14285714285714285
asr_data_si_20250204.csv,<DATA_ROOT>\data_raw\core_mof_2024\metadata\asr_data_si_20250204.csv,CoRE MOF 2024,curation_or_validation,mofid-v2,1036,top35_info.xlsx,<DATA_ROOT>\data_raw\core_mof_2024\tsa\extracted\tsa\TSA\top35_info.xlsx,CoRE MOF 2024,general_metadata,mofid-v2,21,5,0.004826254826254826,0.23809523809523808
asr_data_si_20250204.csv,<DATA_ROOT>\data_raw\core_mof_2024\metadata\asr_data_si_20250204.csv,CoRE MOF 2024,curation_or_validation,mofid-v1,1153,top35_info.xlsx,<DATA_ROOT>\data_raw\core_mof_2024\tsa\extracted\tsa\TSA\top35_info.xlsx,CoRE MOF 2024,general_metadata,mofid-v1,30,4,0.003469210754553339,0.13333333333333333
Lookup_table_of_nodes.csv,<DATA_ROOT>\data_raw\core_mof_2024\mofid\extracted\mofid_v2\mofid-v2\Lookup_table_of_nodes.csv,CoRE MOF 2024,topology_or_cluster,refcode,414,Suspect chemistry frameworks.csv,<DATA_ROOT>\data_raw\csd_mof_collection\csd_mof_collection\extracted\csd_mof_collection_601\CSD_MOF_Collection\Suspect chemistry frameworks.csv,CSD-derived context,curation_or_validation,CSD refcode,1010,4,0.00966183574879227,0.0039603960396039604
Type_1_Structures.csv,<DATA_ROOT>\data_raw\core_mof_2024\mofid\extracted\mofid_v2\mofid-v2\errors\Type_1_Structures.csv,CoRE MOF 2024,topology_or_cluster,mofid,780,Type_2_Structures.csv,<DATA_ROOT>\data_raw\core_mof_2024\mofid\extracted\mofid_v2\mofid-v2\errors\Type_2_Structures.csv,CoRE MOF 2024,topology_or_cluster,mofid,348,4,0.005128205128205128,0.011494252873563218
Lookup_table_of_nodes.csv,<DATA_ROOT>\data_raw\core_mof_2024\mofid\extracted\mofid_v2\mofid-v2\Lookup_table_of_nodes.csv,CoRE MOF 2024,topology_or_cluster,refcode,414,val.csv,<DATA_ROOT>\data_raw\mofsimplify\5737968\SciData\SciData\models\solvent\val.csv,Other/unknown,general_metadata,refcode,349,4,0.00966183574879227,0.011461318051575931
Type_1_Structures.csv,<DATA_ROOT>\data_raw\core_mof_2024\mofid\extracted\mofid_v2\mofid-v2\errors\Type_1_Structures.csv,CoRE MOF 2024,topology_or_cluster,mof_name,780,Type_2_Structures.csv,<DATA_ROOT>\data_raw\core_mof_2024\mofid\extracted\mofid_v2\mofid-v2\errors\Type_2_Structures.csv,CoRE MOF 2024,topology_or_cluster,mof_name,348,4,0.005128205128205128,0.011494252873563218
Lookup_table_of_nodes.csv,<DATA_ROOT>\data_raw\core_mof_2024\mofid\extracted\mofid_v2\mofid-v2\Lookup_table_of_nodes.csv,CoRE MOF 2024,topology_or_cluster,refcode,414,val.csv,<DATA_ROOT>\data_raw\mofsimplify\5737968\SciData\SciData\models\thermal\val.csv,Other/unknown,general_metadata,refcode,501,3,0.007246376811594203,0.005988023952095809
Lookup_table_of_nodes.csv,<DATA_ROOT>\data_raw\core_mof_2024\mofid\extracted\mofid_v2\mofid-v2\Lookup_table_of_nodes.csv,CoRE MOF 2024,topology_or_cluster,refcode,414,test.csv,<DATA_ROOT>\data_raw\mofsimplify\5737968\SciData\SciData\models\solvent\test.csv,Other/unknown,general_metadata,refcode,436,3,0.007246376811594203,0.006880733944954129
Lookup_table_of_nodes.csv,<DATA_ROOT>\data_raw\core_mof_2024\mofid\extracted\mofid_v2\mofid-v2\Lookup_table_of_nodes.csv,CoRE MOF 2024,topology_or_cluster,refcode,414,val.csv,<DATA_ROOT>\data_raw\mofsimplify\5737968\SciData\SciData\models\thermal\val.csv,Other/unknown,general_metadata,name,501,3,0.007246376811594203,0.005988023952095809
fsr_data_si_20250204.csv,<DATA_ROOT>\data_raw\core_mof_2024\metadata\fsr_data_si_20250204.csv,CoRE MOF 2024,curation_or_validation,structure_dimension,2,mc_clusters.csv,<DATA_ROOT>\data_raw\arc_mof\clusters\mc_clusters.csv,ARC-MOF,topology_or_cluster,cluster_id,2765,2,1.0,0.0007233273056057866
asr_data_si_20250204.csv,<DATA_ROOT>\data_raw\core_mof_2024\metadata\asr_data_si_20250204.csv,CoRE MOF 2024,curation_or_validation,structure_dimension,2,func_clusters.csv,<DATA_ROOT>\data_raw\arc_mof\clusters\func_clusters.csv,ARC-MOF,topology_or_cluster,cluster_id,23352,2,1.0,8.564576909900651e-05
fsr_data_si_20250204.csv,<DATA_ROOT>\data_raw\core_mof_2024\metadata\fsr_data_si_20250204.csv,CoRE MOF 2024,curation_or_validation,structure_dimension,2,flig_clusters.csv,<DATA_ROOT>\data_raw\arc_mof\clusters\flig_clusters.csv,ARC-MOF,topology_or_cluster,cluster_id,56726,2,1.0,3.525720128336213e-05
fsr_data_si_20250204.csv,<DATA_ROOT>\data_raw\core_mof_2024\metadata\fsr_data_si_20250204.csv,CoRE MOF 2024,curation_or_validation,structure_dimension,2,unique_data_ASR.csv,<DATA_ROOT>\data_raw\core_mof_2024\mofid\extracted\mofid_v2\mofid-v2\unique\unique_data_ASR.csv,CoRE MOF 2024,topology_or_cluster,structure_dimension,2,2,1.0,1.0
fsr_data_si_20250204.csv,<DATA_ROOT>\data_raw\core_mof_2024\metadata\fsr_data_si_20250204.csv,CoRE MOF 2024,curation_or_validation,structure_dimension,2,top35_info.xlsx,<DATA_ROOT>\data_raw\core_mof_2024\tsa\extracted\tsa\TSA\top35_info.xlsx,CoRE MOF 2024,general_metadata,structure_dimension,2,2,1.0,1.0
asr_data_si_20250204.csv,<DATA_ROOT>\data_raw\core_mof_2024\metadata\asr_data_si_20250204.csv,CoRE MOF 2024,curation_or_validation,structure_dimension,2,SSD_eliminated_RAC_duplicates.csv,<DATA_ROOT>\data_raw\mofsimplify\5737968\SciData\SciData\not_labeled_structures\SSD_eliminated_RAC_duplicates.csv,Other/unknown,structure_or_cif_metadata,duplicate_ID,27,2,1.0,0.07407407407407407
asr_data_si_20250204.csv,<DATA_ROOT>\data_raw\core_mof_2024\metadata\asr_data_si_20250204.csv,CoRE MOF 2024,curation_or_validation,structure_dimension,2,CR_data_CSD_modified_20250227.csv,<DATA_ROOT>\data_raw\csd_mof_collection\other\extracted\csd_modified\CSD-modified\CR_data_CSD_modified_20250227.csv,CSD-derived context,curation_or_validation,structure_dimension,2,2,1.0,1.0
fsr_data_si_20250204.csv,<DATA_ROOT>\data_raw\core_mof_2024\metadata\fsr_data_si_20250204.csv,CoRE MOF 2024,curation_or_validation,structure_dimension,2,SSD_eliminated_RAC_duplicates.csv,<DATA_ROOT>\data_raw\mofsimplify\5737968\SciData\SciData\not_labeled_structures\SSD_eliminated_RAC_duplicates.csv,Other/unknown,structure_or_cif_metadata,duplicate_ID,27,2,1.0,0.07407407407407407
ion_data_si_20250204.csv,<DATA_ROOT>\data_raw\core_mof_2024\metadata\ion_data_si_20250204.csv,CoRE MOF 2024,curation_or_validation,structure_dimension,2,flig_clusters.csv,<DATA_ROOT>\data_raw\arc_mof\clusters\flig_clusters.csv,ARC-MOF,topology_or_cluster,cluster_id,56726,2,1.0,3.525720128336213e-05
fsr_data_si_20250204.csv,<DATA_ROOT>\data_raw\core_mof_2024\metadata\fsr_data_si_20250204.csv,CoRE MOF 2024,curation_or_validation,structure_dimension,2,CR_data_CSD_modified_20250227.csv,<DATA_ROOT>\data_raw\csd_mof_collection\other\extracted\csd_modified\CSD-modified\CR_data_CSD_modified_20250227.csv,CSD-derived context,curation_or_validation,structure_dimension,2,2,1.0,1.0
fsr_data_si_20250204.csv,<DATA_ROOT>\data_raw\core_mof_2024\metadata\fsr_data_si_20250204.csv,CoRE MOF 2024,curation_or_validation,structure_dimension,2,func_clusters.csv,<DATA_ROOT>\data_raw\arc_mof\clusters\func_clusters.csv,ARC-MOF,topology_or_cluster,cluster_id,23352,2,1.0,8.564576909900651e-05
ion_data_si_20250204.csv,<DATA_ROOT>\data_raw\core_mof_2024\metadata\ion_data_si_20250204.csv,CoRE MOF 2024,curation_or_validation,structure_dimension,2,top35_info.xlsx,<DATA_ROOT>\data_raw\core_mof_2024\tsa\extracted\tsa\TSA\top35_info.xlsx,CoRE MOF 2024,general_metadata,structure_dimension,2,2,1.0,1.0
asr_data_si_20250204.csv,<DATA_ROOT>\data_raw\core_mof_2024\metadata\asr_data_si_20250204.csv,CoRE MOF 2024,curation_or_validation,structure_dimension,2,unique_data_ASR.csv,<DATA_ROOT>\data_raw\core_mof_2024\mofid\extracted\mofid_v2\mofid-v2\unique\unique_data_ASR.csv,CoRE MOF 2024,topology_or_cluster,structure_dimension,2,2,1.0,1.0
asr_data_si_20250204.csv,<DATA_ROOT>\data_raw\core_mof_2024\metadata\asr_data_si_20250204.csv,CoRE MOF 2024,curation_or_validation,structure_dimension,2,ion_data_si_20250204.csv,<DATA_ROOT>\data_raw\core_mof_2024\metadata\ion_data_si_20250204.csv,CoRE MOF 2024,curation_or_validation,structure_dimension,2,2,1.0,1.0
fsr_data_si_20250204.csv,<DATA_ROOT>\data_raw\core_mof_2024\metadata\fsr_data_si_20250204.csv,CoRE MOF 2024,curation_or_validation,structure_dimension,2,ion_data_si_20250204.csv,<DATA_ROOT>\data_raw\core_mof_2024\metadata\ion_data_si_20250204.csv,CoRE MOF 2024,curation_or_validation,structure_dimension,2,2,1.0,1.0
unique_data_ASR.csv,<DATA_ROOT>\data_raw\core_mof_2024\mofid\extracted\mofid_v2\mofid-v2\unique\unique_data_ASR.csv,CoRE MOF 2024,topology_or_cluster,structure_dimension,2,mc_clusters.csv,<DATA_ROOT>\data_raw\arc_mof\clusters\mc_clusters.csv,ARC-MOF,topology_or_cluster,cluster_id,2765,2,1.0,0.0007233273056057866
unique_data_ASR.csv,<DATA_ROOT>\data_raw\core_mof_2024\mofid\extracted\mofid_v2\mofid-v2\unique\unique_data_ASR.csv,CoRE MOF 2024,topology_or_cluster,structure_dimension,2,func_clusters.csv,<DATA_ROOT>\data_raw\arc_mof\clusters\func_clusters.csv,ARC-MOF,topology_or_cluster,cluster_id,23352,2,1.0,8.564576909900651e-05
unique_data_ASR.csv,<DATA_ROOT>\data_raw\core_mof_2024\mofid\extracted\mofid_v2\mofid-v2\unique\unique_data_ASR.csv,CoRE MOF 2024,topology_or_cluster,structure_dimension,2,CR_data_CSD_modified_20250227.csv,<DATA_ROOT>\data_raw\csd_mof_collection\other\extracted\csd_modified\CSD-modified\CR_data_CSD_modified_20250227.csv,CSD-derived context,curation_or_validation,structure_dimension,2,2,1.0,1.0
unique_data_ASR.csv,<DATA_ROOT>\data_raw\core_mof_2024\mofid\extracted\mofid_v2\mofid-v2\unique\unique_data_ASR.csv,CoRE MOF 2024,topology_or_cluster,structure_dimension,2,SSD_eliminated_RAC_duplicates.csv,<DATA_ROOT>\data_raw\mofsimplify\5737968\SciData\SciData\not_labeled_structures\SSD_eliminated_RAC_duplicates.csv,Other/unknown,structure_or_cif_metadata,duplicate_ID,27,2,1.0,0.07407407407407407
same_ASR_MOFs_check.xlsx,<DATA_ROOT>\data_raw\core_mof_2024\mofid\extracted\mofid_v2\mofid-v2\unique\same_ASR_MOFs_check.xlsx,CoRE MOF 2024,topology_or_cluster,mofid-v2,3,CR_data_CSD_modified_20250227.csv,<DATA_ROOT>\data_raw\csd_mof_collection\other\extracted\csd_modified\CSD-modified\CR_data_CSD_modified_20250227.csv,CSD-derived context,curation_or_validation,mofid-v2,4289,2,0.6666666666666666,0.00046630916297505244
unique_data_ASR.csv,<DATA_ROOT>\data_raw\core_mof_2024\mofid\extracted\mofid_v2\mofid-v2\unique\unique_data_ASR.csv,CoRE MOF 2024,topology_or_cluster,structure_dimension,2,top35_info.xlsx,<DATA_ROOT>\data_raw\core_mof_2024\tsa\extracted\tsa\TSA\top35_info.xlsx,CoRE MOF 2024,general_metadata,structure_dimension,2,2,1.0,1.0
ion_data_si_20250204.csv,<DATA_ROOT>\data_raw\core_mof_2024\metadata\ion_data_si_20250204.csv,CoRE MOF 2024,curation_or_validation,structure_dimension,2,func_clusters.csv,<DATA_ROOT>\data_raw\arc_mof\clusters\func_clusters.csv,ARC-MOF,topology_or_cluster,cluster_id,23352,2,1.0,8.564576909900651e-05
unique_data_ASR.csv,<DATA_ROOT>\data_raw\core_mof_2024\mofid\extracted\mofid_v2\mofid-v2\unique\unique_data_ASR.csv,CoRE MOF 2024,topology_or_cluster,structure_dimension,2,flig_clusters.csv,<DATA_ROOT>\data_raw\arc_mof\clusters\flig_clusters.csv,ARC-MOF,topology_or_cluster,cluster_id,56726,2,1.0,3.525720128336213e-05
ion_data_si_20250204.csv,<DATA_ROOT>\data_raw\core_mof_2024\metadata\ion_data_si_20250204.csv,CoRE MOF 2024,curation_or_validation,structure_dimension,2,mc_clusters.csv,<DATA_ROOT>\data_raw\arc_mof\clusters\mc_clusters.csv,ARC-MOF,topology_or_cluster,cluster_id,2765,2,1.0,0.0007233273056057866
ion_data_si_20250204.csv,<DATA_ROOT>\data_raw\core_mof_2024\metadata\ion_data_si_20250204.csv,CoRE MOF 2024,curation_or_validation,structure_dimension,2,unique_data_ASR.csv,<DATA_ROOT>\data_raw\core_mof_2024\mofid\extracted\mofid_v2\mofid-v2\unique\unique_data_ASR.csv,CoRE MOF 2024,topology_or_cluster,structure_dimension,2,2,1.0,1.0
asr_data_si_20250204.csv,<DATA_ROOT>\data_raw\core_mof_2024\metadata\asr_data_si_20250204.csv,CoRE MOF 2024,curation_or_validation,structure_dimension,2,flig_clusters.csv,<DATA_ROOT>\data_raw\arc_mof\clusters\flig_clusters.csv,ARC-MOF,topology_or_cluster,cluster_id,56726,2,1.0,3.525720128336213e-05
asr_data_si_20250204.csv,<DATA_ROOT>\data_raw\core_mof_2024\metadata\asr_data_si_20250204.csv,CoRE MOF 2024,curation_or_validation,structure_dimension,2,fsr_data_si_20250204.csv,<DATA_ROOT>\data_raw\core_mof_2024\metadata\fsr_data_si_20250204.csv,CoRE MOF 2024,curation_or_validation,structure_dimension,2,2,1.0,1.0
asr_data_si_20250204.csv,<DATA_ROOT>\data_raw\core_mof_2024\metadata\asr_data_si_20250204.csv,CoRE MOF 2024,curation_or_validation,structure_dimension,2,mc_clusters.csv,<DATA_ROOT>\data_raw\arc_mof\clusters\mc_clusters.csv,ARC-MOF,topology_or_cluster,cluster_id,2765,2,1.0,0.0007233273056057866
asr_data_si_20250204.csv,<DATA_ROOT>\data_raw\core_mof_2024\metadata\asr_data_si_20250204.csv,CoRE MOF 2024,curation_or_validation,structure_dimension,2,top35_info.xlsx,<DATA_ROOT>\data_raw\core_mof_2024\tsa\extracted\tsa\TSA\top35_info.xlsx,CoRE MOF 2024,general_metadata,structure_dimension,2,2,1.0,1.0
ion_data_si_20250204.csv,<DATA_ROOT>\data_raw\core_mof_2024\metadata\ion_data_si_20250204.csv,CoRE MOF 2024,curation_or_validation,structure_dimension,2,CR_data_CSD_modified_20250227.csv,<DATA_ROOT>\data_raw\csd_mof_collection\other\extracted\csd_modified\CSD-modified\CR_data_CSD_modified_20250227.csv,CSD-derived context,curation_or_validation,structure_dimension,2,2,1.0,1.0
ion_data_si_20250204.csv,<DATA_ROOT>\data_raw\core_mof_2024\metadata\ion_data_si_20250204.csv,CoRE MOF 2024,curation_or_validation,structure_dimension,2,SSD_eliminated_RAC_duplicates.csv,<DATA_ROOT>\data_raw\mofsimplify\5737968\SciData\SciData\not_labeled_structures\SSD_eliminated_RAC_duplicates.csv,Other/unknown,structure_or_cif_metadata,duplicate_ID,27,2,1.0,0.07407407407407407
top35_info.xlsx,<DATA_ROOT>\data_raw\core_mof_2024\tsa\extracted\tsa\TSA\top35_info.xlsx,CoRE MOF 2024,general_metadata,structure_dimension,2,func_clusters.csv,<DATA_ROOT>\data_raw\arc_mof\clusters\func_clusters.csv,ARC-MOF,topology_or_cluster,cluster_id,23352,2,1.0,8.564576909900651e-05
top35_info.xlsx,<DATA_ROOT>\data_raw\core_mof_2024\tsa\extracted\tsa\TSA\top35_info.xlsx,CoRE MOF 2024,general_metadata,structure_dimension,2,SSD_eliminated_RAC_duplicates.csv,<DATA_ROOT>\data_raw\mofsimplify\5737968\SciData\SciData\not_labeled_structures\SSD_eliminated_RAC_duplicates.csv,Other/unknown,structure_or_cif_metadata,duplicate_ID,27,2,1.0,0.07407407407407407
top35_info.xlsx,<DATA_ROOT>\data_raw\core_mof_2024\tsa\extracted\tsa\TSA\top35_info.xlsx,CoRE MOF 2024,general_metadata,structure_dimension,2,mc_clusters.csv,<DATA_ROOT>\data_raw\arc_mof\clusters\mc_clusters.csv,ARC-MOF,topology_or_cluster,cluster_id,2765,2,1.0,0.0007233273056057866
top35_info.xlsx,<DATA_ROOT>\data_raw\core_mof_2024\tsa\extracted\tsa\TSA\top35_info.xlsx,CoRE MOF 2024,general_metadata,structure_dimension,2,flig_clusters.csv,<DATA_ROOT>\data_raw\arc_mof\clusters\flig_clusters.csv,ARC-MOF,topology_or_cluster,cluster_id,56726,2,1.0,3.525720128336213e-05
top35_info.xlsx,<DATA_ROOT>\data_raw\core_mof_2024\tsa\extracted\tsa\TSA\top35_info.xlsx,CoRE MOF 2024,general_metadata,structure_dimension,2,CR_data_CSD_modified_20250227.csv,<DATA_ROOT>\data_raw\csd_mof_collection\other\extracted\csd_modified\CSD-modified\CR_data_CSD_modified_20250227.csv,CSD-derived context,curation_or_validation,structure_dimension,2,2,1.0,1.0
asr_data_si_20250204.csv,<DATA_ROOT>\data_raw\core_mof_2024\metadata\asr_data_si_20250204.csv,CoRE MOF 2024,curation_or_validation,name,1,unique_data_ASR.csv,<DATA_ROOT>\data_raw\core_mof_2024\mofid\extracted\mofid_v2\mofid-v2\unique\unique_data_ASR.csv,CoRE MOF 2024,topology_or_cluster,name,660,1,1.0,0.0015151515151515152
unique_data_ASR.csv,<DATA_ROOT>\data_raw\core_mof_2024\mofid\extracted\mofid_v2\mofid-v2\unique\unique_data_ASR.csv,CoRE MOF 2024,topology_or_cluster,name,660,structure_information.csv,<DATA_ROOT>\data_raw\core_mof_2024\tsa\extracted\tsa\TSA\structure_information.csv,CoRE MOF 2024,structure_or_cif_metadata,MOF Name,4,1,0.0015151515151515152,0.25
asr_data_si_20250204.csv,<DATA_ROOT>\data_raw\core_mof_2024\metadata\asr_data_si_20250204.csv,CoRE MOF 2024,curation_or_validation,refcode,1372,structure_information.csv,<DATA_ROOT>\data_raw\core_mof_2024\tsa\extracted\tsa\TSA\structure_information.csv,CoRE MOF 2024,structure_or_cif_metadata,Name,9,1,0.0007288629737609329,0.1111111111111111
unique_data_ASR.csv,<DATA_ROOT>\data_raw\core_mof_2024\mofid\extracted\mofid_v2\mofid-v2\unique\unique_data_ASR.csv,CoRE MOF 2024,topology_or_cluster,name,660,top35_info.xlsx,<DATA_ROOT>\data_raw\core_mof_2024\tsa\extracted\tsa\TSA\top35_info.xlsx,CoRE MOF 2024,general_metadata,name,1,1,0.0015151515151515152,1.0
unique_data_ASR.csv,<DATA_ROOT>\data_raw\core_mof_2024\mofid\extracted\mofid_v2\mofid-v2\unique\unique_data_ASR.csv,CoRE MOF 2024,topology_or_cluster,mofid-v2,4767,same_ASR_MOFs_check.xlsx,<DATA_ROOT>\data_raw\core_mof_2024\mofid\extracted\mofid_v2\mofid-v2\unique\same_ASR_MOFs_check.xlsx,CoRE MOF 2024,topology_or_cluster,mofid-v2,3,1,0.00020977554017201594,0.3333333333333333
Type_2_Structures.csv,<DATA_ROOT>\data_raw\core_mof_2024\mofid\extracted\mofid_v2\mofid-v2\errors\Type_2_Structures.csv,CoRE MOF 2024,topology_or_cluster,mof_name,348,structure_information.csv,<DATA_ROOT>\data_raw\core_mof_2024\tsa\extracted\tsa\TSA\structure_information.csv,CoRE MOF 2024,structure_or_cif_metadata,Name,9,1,0.0028735632183908046,0.1111111111111111
top35_info.xlsx,<DATA_ROOT>\data_raw\core_mof_2024\tsa\extracted\tsa\TSA\top35_info.xlsx,CoRE MOF 2024,general_metadata,name,1,structure_information.csv,<DATA_ROOT>\data_raw\core_mof_2024\tsa\extracted\tsa\TSA\structure_information.csv,CoRE MOF 2024,structure_or_cif_metadata,MOF Name,4,1,1.0,0.25
top35_info.xlsx,<DATA_ROOT>\data_raw\core_mof_2024\tsa\extracted\tsa\TSA\top35_info.xlsx,CoRE MOF 2024,general_metadata,name,1,CR_data_CSD_modified_20250227.csv,<DATA_ROOT>\data_raw\csd_mof_collection\other\extracted\csd_modified\CSD-modified\CR_data_CSD_modified_20250227.csv,CSD-derived context,curation_or_validation,name,563,1,1.0,0.0017761989342806395
top35_info.xlsx,<DATA_ROOT>\data_raw\core_mof_2024\tsa\extracted\tsa\TSA\top35_info.xlsx,CoRE MOF 2024,general_metadata,name,1,water_data.xlsx,<DATA_ROOT>\data_raw\core_mof_2024\water_gemc\extracted\water\water_data.xlsx,CoRE MOF 2024,general_metadata,structure_name,729,1,1.0,0.0013717421124828531
structure_information.csv,<DATA_ROOT>\data_raw\core_mof_2024\tsa\extracted\tsa\TSA\structure_information.csv,CoRE MOF 2024,structure_or_cif_metadata,MOF Name,4,CR_data_CSD_modified_20250227.csv,<DATA_ROOT>\data_raw\csd_mof_collection\other\extracted\csd_modified\CSD-modified\CR_data_CSD_modified_20250227.csv,CSD-derived context,curation_or_validation,name,563,1,0.25,0.0017761989342806395
structure_information.csv,<DATA_ROOT>\data_raw\core_mof_2024\tsa\extracted\tsa\TSA\structure_information.csv,CoRE MOF 2024,structure_or_cif_metadata,MOF Name,4,water_data.xlsx,<DATA_ROOT>\data_raw\core_mof_2024\water_gemc\extracted\water\water_data.xlsx,CoRE MOF 2024,general_metadata,structure_name,729,1,0.25,0.0013717421124828531
