source_table,target_column,descriptor_family,model,split_type,repeat,y_true,y_pred,observed_percentile,predicted_percentile
ARC-MOF::post_comb_vsa_co2.csv__RAC__racs.csv,v/v,RAC,extratrees,descriptor_grouped,2,2.584375,2.6337616833333315,0.6259445843828715,0.536943744752309
ARC-MOF::post_comb_vsa_co2.csv__RAC__racs.csv,v/v,RAC,extratrees,descriptor_grouped,2,9.814432,7.90082024333333,0.8774139378673383,0.8341729638958858
ARC-MOF::post_comb_vsa_co2.csv__RAC__racs.csv,v/v,RAC,extratrees,descriptor_grouped,2,0.333715,0.6010084966666669,0.07766582703610411,0.1112510495382032
ARC-MOF::post_comb_vsa_co2.csv__RAC__racs.csv,v/v,RAC,extratrees,descriptor_grouped,2,1.1443,1.4895257200000025,0.37741393786733834,0.35768261964735515
ARC-MOF::post_comb_vsa_co2.csv__RAC__racs.csv,v/v,RAC,extratrees,descriptor_grouped,2,1.498431,2.218180849999998,0.46683459277917716,0.48404701931150296
ARC-MOF::post_comb_vsa_co2.csv__RAC__racs.csv,v/v,RAC,extratrees,descriptor_grouped,2,2.728701,1.9570912966666685,0.6397984886649875,0.4450041981528128
ARC-MOF::post_comb_vsa_co2.csv__RAC__racs.csv,v/v,RAC,extratrees,descriptor_grouped,2,1.768997,2.679164758333333,0.5121746431570109,0.5424013434089001
ARC-MOF::post_comb_vsa_co2.csv__RAC__racs.csv,v/v,RAC,extratrees,descriptor_grouped,2,5.257791,2.259044823333334,0.7766582703610412,0.489504617968094
ARC-MOF::post_comb_vsa_co2.csv__RAC__racs.csv,v/v,RAC,extratrees,descriptor_grouped,2,1.495161,4.009518735000003,0.4651553316540722,0.6586901763224181
ARC-MOF::post_comb_vsa_co2.csv__RAC__racs.csv,v/v,RAC,extratrees,descriptor_grouped,2,1.195411,2.116039826666668,0.39210747271200674,0.4714525608732158
ARC-MOF::post_comb_vsa_co2.csv__RAC__racs.csv,v/v,RAC,extratrees,descriptor_grouped,2,1.382815,1.6769781433333342,0.4429051217464316,0.3954659949622166
ARC-MOF::post_comb_vsa_co2.csv__RAC__racs.csv,v/v,RAC,extratrees,descriptor_grouped,2,1.751749,1.4397377666666655,0.5088161209068011,0.3408900083963056
ARC-MOF::post_comb_vsa_co2.csv__RAC__racs.csv,v/v,RAC,extratrees,descriptor_grouped,2,0.529431,0.7707720099999996,0.16456759026028547,0.16330814441645675
ARC-MOF::post_comb_vsa_co2.csv__RAC__racs.csv,v/v,RAC,extratrees,descriptor_grouped,2,1.085572,3.005091376666666,0.36439966414777497,0.5780856423173804
ARC-MOF::post_comb_vsa_co2.csv__RAC__racs.csv,v/v,RAC,extratrees,descriptor_grouped,2,3.386038,3.5911547700000006,0.6889168765743073,0.628463476070529
ARC-MOF::post_comb_vsa_co2.csv__RAC__racs.csv,v/v,RAC,extratrees,descriptor_grouped,2,0.692234,0.8906243300000002,0.22753988245172124,0.19605373635600337
ARC-MOF::post_comb_vsa_co2.csv__RAC__racs.csv,v/v,RAC,extratrees,descriptor_grouped,2,9.992045,8.84044206333333,0.8790931989924433,0.8660789252728799
ARC-MOF::post_comb_vsa_co2.csv__RAC__racs.csv,v/v,RAC,extratrees,descriptor_grouped,2,0.190251,0.2399208733333336,0.020570948782535684,0.007136859781696054
ARC-MOF::post_comb_vsa_co2.csv__RAC__racs.csv,v/v,RAC,extratrees,descriptor_grouped,2,1.599666,1.2683644433333328,0.48530646515533166,0.290512174643157
ARC-MOF::post_comb_vsa_co2.csv__RAC__racs.csv,v/v,RAC,extratrees,descriptor_grouped,2,5.301722,2.514069416666668,0.7783375314861462,0.5235096557514693
ARC-MOF::post_comb_vsa_co2.csv__RAC__racs.csv,v/v,RAC,extratrees,descriptor_grouped,2,3.155145,10.005704256666666,0.6721242653232578,0.8900083963056256
ARC-MOF::post_comb_vsa_co2.csv__RAC__racs.csv,v/v,RAC,extratrees,descriptor_grouped,2,0.496651,0.4292331866666662,0.15113350125944586,0.049958018471872374
ARC-MOF::post_comb_vsa_co2.csv__RAC__racs.csv,v/v,RAC,extratrees,descriptor_grouped,2,0.444572,1.011288343333333,0.12594458438287154,0.22544080604534006
ARC-MOF::post_comb_vsa_co2.csv__RAC__racs.csv,v/v,RAC,extratrees,descriptor_grouped,2,4.932598,6.599333343333345,0.7657430730478589,0.7854743912678421
ARC-MOF::post_comb_vsa_co2.csv__RAC__racs.csv,v/v,RAC,extratrees,descriptor_grouped,2,2.175952,1.9022987300000016,0.5747271200671704,0.43912678421494544
ARC-MOF::post_comb_vsa_co2.csv__RAC__racs.csv,v/v,RAC,extratrees,descriptor_grouped,2,10.898339,6.93072287666666,0.8912678421494542,0.7989084802686818
ARC-MOF::post_comb_vsa_co2.csv__RAC__racs.csv,v/v,RAC,extratrees,descriptor_grouped,2,1.805732,2.0658532933333347,0.5197313182199832,0.4626364399664148
ARC-MOF::post_comb_vsa_co2.csv__RAC__racs.csv,v/v,RAC,extratrees,descriptor_grouped,2,0.89477,1.153006069999998,0.2972292191435768,0.2661628883291352
ARC-MOF::post_comb_vsa_co2.csv__RAC__racs.csv,v/v,RAC,extratrees,descriptor_grouped,2,0.64702,1.6201778366666657,0.2086481947942905,0.3853904282115869
ARC-MOF::post_comb_vsa_co2.csv__RAC__racs.csv,v/v,RAC,extratrees,descriptor_grouped,2,2.912697,8.369517920000002,0.6544920235096557,0.8501259445843828
ARC-MOF::post_comb_vsa_co2.csv__RAC__racs.csv,v/v,RAC,extratrees,descriptor_grouped,2,29.799768,11.821997869999988,0.9760705289672544,0.9160369437447523
ARC-MOF::post_comb_vsa_co2.csv__RAC__racs.csv,v/v,RAC,extratrees,descriptor_grouped,2,3.642197,1.355597903333334,0.7036104114189756,0.32073887489504616
ARC-MOF::post_comb_vsa_co2.csv__RAC__racs.csv,v/v,RAC,extratrees,descriptor_grouped,2,3.040225,3.067964673333331,0.6645675902602854,0.5843828715365239
ARC-MOF::post_comb_vsa_co2.csv__RAC__racs.csv,v/v,RAC,extratrees,descriptor_grouped,2,0.939799,1.790351576666668,0.3157010915197313,0.4181360201511335
ARC-MOF::post_comb_vsa_co2.csv__RAC__racs.csv,v/v,RAC,extratrees,descriptor_grouped,2,3.738646,4.290224680000002,0.709487825356843,0.6729638958858103
ARC-MOF::post_comb_vsa_co2.csv__RAC__racs.csv,v/v,RAC,extratrees,descriptor_grouped,2,1.389061,3.811291686666668,0.445424013434089,0.6465155331654072
ARC-MOF::post_comb_vsa_co2.csv__RAC__racs.csv,v/v,RAC,extratrees,descriptor_grouped,2,3.179588,2.220243369999998,0.6746431570109152,0.48446683459277917
ARC-MOF::post_comb_vsa_co2.csv__RAC__racs.csv,v/v,RAC,extratrees,descriptor_grouped,2,3.900818,7.169527129999989,0.7174643157010915,0.8073047858942065
ARC-MOF::post_comb_vsa_co2.csv__RAC__racs.csv,v/v,RAC,extratrees,descriptor_grouped,2,4.482438,10.927731040000015,0.743073047858942,0.9055415617128464
ARC-MOF::post_comb_vsa_co2.csv__RAC__racs.csv,v/v,RAC,extratrees,descriptor_grouped,2,1.074132,1.703352839999999,0.3610411418975651,0.40134340890008396
ARC-MOF::post_comb_vsa_co2.csv__RAC__racs.csv,v/v,RAC,extratrees,descriptor_grouped,2,0.637346,0.6383461733333333,0.20570948782535683,0.12132661628883291
ARC-MOF::post_comb_vsa_co2.csv__RAC__racs.csv,v/v,RAC,extratrees,descriptor_grouped,2,0.171667,0.2745549600000004,0.014273719563392108,0.015113350125944584
ARC-MOF::post_comb_vsa_co2.csv__RAC__racs.csv,v/v,RAC,extratrees,descriptor_grouped,2,0.984571,1.588707076666668,0.3316540722082284,0.382031905961377
ARC-MOF::post_comb_vsa_co2.csv__RAC__racs.csv,v/v,RAC,extratrees,descriptor_grouped,2,3.131342,2.461479296666667,0.6712846347607053,0.5172124265323258
ARC-MOF::post_comb_vsa_co2.csv__RAC__racs.csv,v/v,RAC,extratrees,descriptor_grouped,2,8.85503,9.160012993333348,0.8623005877413937,0.8744752308984047
ARC-MOF::post_comb_vsa_co2.csv__RAC__racs.csv,v/v,RAC,extratrees,descriptor_grouped,2,0.917602,1.142687856666665,0.3052057094878254,0.26280436607892527
ARC-MOF::post_comb_vsa_co2.csv__RAC__racs.csv,v/v,RAC,extratrees,descriptor_grouped,2,0.622716,1.1836733633333352,0.1998320738874895,0.2707808564231738
ARC-MOF::post_comb_vsa_co2.csv__RAC__racs.csv,v/v,RAC,extratrees,descriptor_grouped,2,0.277878,0.3613873533333337,0.05499580184718724,0.03442485306465155
ARC-MOF::post_comb_vsa_co2.csv__RAC__racs.csv,v/v,RAC,extratrees,descriptor_grouped,2,1.973606,1.5704000033333332,0.5474391267842149,0.37825356842989083
ARC-MOF::post_comb_vsa_co2.csv__RAC__racs.csv,v/v,RAC,extratrees,descriptor_grouped,2,0.359153,0.7079751600000002,0.09109991603694374,0.1452560873215785
ARC-MOF::post_comb_vsa_co2.csv__RAC__racs.csv,v/v,RAC,extratrees,descriptor_grouped,2,0.449053,2.735672156666669,0.12804366078925272,0.5470193115029387
ARC-MOF::post_comb_vsa_co2.csv__RAC__racs.csv,v/v,RAC,extratrees,descriptor_grouped,2,14.601857,10.639457209999982,0.9252728799328296,0.9009235936188077
ARC-MOF::post_comb_vsa_co2.csv__RAC__racs.csv,v/v,RAC,extratrees,descriptor_grouped,2,0.994131,1.4987833300000002,0.3350125944584383,0.3614609571788413
ARC-MOF::post_comb_vsa_co2.csv__RAC__racs.csv,v/v,RAC,extratrees,descriptor_grouped,2,2.836669,9.041782039999989,0.6481947942905122,0.8719563392107472
ARC-MOF::post_comb_vsa_co2.csv__RAC__racs.csv,v/v,RAC,extratrees,descriptor_grouped,2,0.840254,1.0164428666666678,0.281696053736356,0.22837951301427373
ARC-MOF::post_comb_vsa_co2.csv__RAC__racs.csv,v/v,RAC,extratrees,descriptor_grouped,2,1.867075,2.78540202,0.5281276238455079,0.5554156171284634
ARC-MOF::post_comb_vsa_co2.csv__RAC__racs.csv,v/v,RAC,extratrees,descriptor_grouped,2,7.838852,4.408353510000001,0.845088161209068,0.6809403862300588
ARC-MOF::post_comb_vsa_co2.csv__RAC__racs.csv,v/v,RAC,extratrees,descriptor_grouped,2,0.571374,0.4264299466666669,0.181360201511335,0.04953820319059614
ARC-MOF::post_comb_vsa_co2.csv__RAC__racs.csv,v/v,RAC,extratrees,descriptor_grouped,2,1.17398,2.7572871300000013,0.38581024349286314,0.5516372795969773
ARC-MOF::post_comb_vsa_co2.csv__RAC__racs.csv,v/v,RAC,extratrees,descriptor_grouped,2,2.514171,7.347978856666667,0.6175482787573467,0.8161209068010076
ARC-MOF::post_comb_vsa_co2.csv__RAC__racs.csv,v/v,RAC,extratrees,descriptor_grouped,2,28.935294,38.79405925333332,0.9748110831234257,0.9907640638119227
ARC-MOF::post_comb_vsa_co2.csv__RAC__racs.csv,v/v,RAC,extratrees,descriptor_grouped,2,0.56825,0.4879660099999997,0.18052057094878254,0.07136859781696053
ARC-MOF::post_comb_vsa_co2.csv__RAC__racs.csv,v/v,RAC,extratrees,descriptor_grouped,2,0.167055,0.2898359066666668,0.0109151973131822,0.020151133501259445
ARC-MOF::post_comb_vsa_co2.csv__RAC__racs.csv,v/v,RAC,extratrees,descriptor_grouped,2,6.899232,7.210308679999998,0.8261964735516373,0.8094038623005877
ARC-MOF::post_comb_vsa_co2.csv__RAC__racs.csv,v/v,RAC,extratrees,descriptor_grouped,2,0.616636,0.5116521633333339,0.19731318219983207,0.07892527287993283
ARC-MOF::post_comb_vsa_co2.csv__RAC__racs.csv,v/v,RAC,extratrees,descriptor_grouped,2,0.813578,0.8005179233333337,0.27246011754827876,0.17296389588581024
ARC-MOF::post_comb_vsa_co2.csv__RAC__racs.csv,v/v,RAC,extratrees,descriptor_grouped,2,0.65781,0.4525337433333334,0.2141057934508816,0.05709487825356843
ARC-MOF::post_comb_vsa_co2.csv__RAC__racs.csv,v/v,RAC,extratrees,descriptor_grouped,2,6.100525,4.902202229999997,0.8089840470193115,0.7107472712006717
ARC-MOF::post_comb_vsa_co2.csv__RAC__racs.csv,v/v,RAC,extratrees,descriptor_grouped,2,2.094083,3.241593530000002,0.5600335852225021,0.600335852225021
ARC-MOF::post_comb_vsa_co2.csv__RAC__racs.csv,v/v,RAC,extratrees,descriptor_grouped,2,2.42481,2.161374118333333,0.6049538203190596,0.47691015952980687
ARC-MOF::post_comb_vsa_co2.csv__RAC__racs.csv,v/v,RAC,extratrees,descriptor_grouped,2,15.484955,12.103993786666669,0.9328295549958019,0.9198152812762385
ARC-MOF::post_comb_vsa_co2.csv__RAC__racs.csv,v/v,RAC,extratrees,descriptor_grouped,2,0.397597,0.9670462533333328,0.10663308144416457,0.21536523929471033
ARC-MOF::post_comb_vsa_co2.csv__RAC__racs.csv,v/v,RAC,extratrees,descriptor_grouped,2,2.940538,7.141642883333323,0.6565910999160369,0.8056255247691015
ARC-MOF::post_comb_vsa_co2.csv__RAC__racs.csv,v/v,RAC,extratrees,descriptor_grouped,2,5.738509,8.011814046666665,0.7959697732997482,0.837951301427372
ARC-MOF::post_comb_vsa_co2.csv__RAC__racs.csv,v/v,RAC,extratrees,descriptor_grouped,2,1.065448,3.565195289999997,0.35768261964735515,0.625104953820319
ARC-MOF::post_comb_vsa_co2.csv__RAC__racs.csv,v/v,RAC,extratrees,descriptor_grouped,2,0.696544,1.0063050800000013,0.23005877413937867,0.22334172963895885
ARC-MOF::post_comb_vsa_co2.csv__RAC__racs.csv,v/v,RAC,extratrees,descriptor_grouped,2,0.249474,0.3484003333333335,0.04240134340890008,0.031486146095717885
ARC-MOF::post_comb_vsa_co2.csv__RAC__racs.csv,v/v,RAC,extratrees,descriptor_grouped,2,4.045036,4.906286966666659,0.7208228379513014,0.7115869017632241
ARC-MOF::post_comb_vsa_co2.csv__RAC__racs.csv,v/v,RAC,extratrees,descriptor_grouped,2,2.423374,5.293113126666667,0.6045340050377834,0.7304785894206549
ARC-MOF::post_comb_vsa_co2.csv__RAC__racs.csv,v/v,RAC,extratrees,descriptor_grouped,2,0.183335,0.2539561333333334,0.018052057094878254,0.010075566750629723
ARC-MOF::post_comb_vsa_co2.csv__RAC__racs.csv,v/v,RAC,extratrees,descriptor_grouped,2,4.952728,10.61628422000001,0.7665827036104114,0.9005037783375315
ARC-MOF::post_comb_vsa_co2.csv__RAC__racs.csv,v/v,RAC,extratrees,descriptor_grouped,2,0.970165,1.1198380999999988,0.32871536523929473,0.25566750629722923
ARC-MOF::post_comb_vsa_co2.csv__RAC__racs.csv,v/v,RAC,extratrees,descriptor_grouped,2,2.522503,2.294497746666666,0.6188077246011755,0.49370277078085645
ARC-MOF::post_comb_vsa_co2.csv__RAC__racs.csv,v/v,RAC,extratrees,descriptor_grouped,2,14.96863,9.404162996666656,0.929471032745592,0.8786733837111671
ARC-MOF::post_comb_vsa_co2.csv__RAC__racs.csv,v/v,RAC,extratrees,descriptor_grouped,2,10.202242,9.002331019999993,0.8807724601175483,0.8706968933669186
ARC-MOF::post_comb_vsa_co2.csv__RAC__racs.csv,v/v,RAC,extratrees,descriptor_grouped,2,0.911642,1.1199912466666673,0.3043660789252729,0.25608732157850544
ARC-MOF::post_comb_vsa_co2.csv__RAC__racs.csv,v/v,RAC,extratrees,descriptor_grouped,2,36.031489,23.43781513666669,0.9853064651553316,0.9785894206549118
ARC-MOF::post_comb_vsa_co2.csv__RAC__racs.csv,v/v,RAC,extratrees,descriptor_grouped,2,0.675255,1.4444851633333344,0.21998320738874896,0.3434089000839631
ARC-MOF::post_comb_vsa_co2.csv__RAC__racs.csv,v/v,RAC,extratrees,descriptor_grouped,2,8.146274,5.899435926666647,0.8505457598656591,0.756926952141058
ARC-MOF::post_comb_vsa_co2.csv__RAC__racs.csv,v/v,RAC,extratrees,descriptor_grouped,2,0.498602,0.9915296733333334,0.15197313182199831,0.21956339210747272
ARC-MOF::post_comb_vsa_co2.csv__RAC__racs.csv,v/v,RAC,extratrees,descriptor_grouped,2,1.967601,2.1065764433333323,0.5465994962216625,0.46977329974811083
ARC-MOF::post_comb_vsa_co2.csv__RAC__racs.csv,v/v,RAC,extratrees,descriptor_grouped,2,1.14347,1.0930453233333326,0.37699412258606213,0.2489504617968094
ARC-MOF::post_comb_vsa_co2.csv__RAC__racs.csv,v/v,RAC,extratrees,descriptor_grouped,2,3.534529,19.712713656666697,0.6960537363560033,0.9680940386230059
ARC-MOF::post_comb_vsa_co2.csv__RAC__racs.csv,v/v,RAC,extratrees,descriptor_grouped,2,2.821895,4.399065146666665,0.6465155331654072,0.6796809403862301
ARC-MOF::post_comb_vsa_co2.csv__RAC__racs.csv,v/v,RAC,extratrees,descriptor_grouped,2,1.327527,3.59145023333334,0.43031066330814444,0.6288832913518052
ARC-MOF::post_comb_vsa_co2.csv__RAC__racs.csv,v/v,RAC,extratrees,descriptor_grouped,2,0.967037,0.8983741400000017,0.32787573467674225,0.19899244332493704
ARC-MOF::post_comb_vsa_co2.csv__RAC__racs.csv,v/v,RAC,extratrees,descriptor_grouped,2,11.069875,5.06559926666667,0.8929471032745592,0.7174643157010915
ARC-MOF::post_comb_vsa_co2.csv__RAC__racs.csv,v/v,RAC,extratrees,descriptor_grouped,2,2.316257,3.174219820000008,0.5881612090680101,0.5948782535684299
ARC-MOF::post_comb_vsa_co2.csv__RAC__racs.csv,v/v,RAC,extratrees,descriptor_grouped,2,8.636471,5.685978846666659,0.8576826196473551,0.7455919395465995
ARC-MOF::post_comb_vsa_co2.csv__RAC__racs.csv,v/v,RAC,extratrees,descriptor_grouped,2,2.571173,10.728581583333334,0.6246851385390428,0.9026028547439127
ARC-MOF::post_comb_vsa_co2.csv__RAC__racs.csv,v/v,RAC,extratrees,descriptor_grouped,2,9.861326,5.843599553333338,0.8778337531486146,0.7527287993282955
ARC-MOF::post_comb_vsa_co2.csv__RAC__racs.csv,v/v,RAC,extratrees,descriptor_grouped,2,0.710272,1.180274343333334,0.2346767422334173,0.2691015952980689
ARC-MOF::post_comb_vsa_co2.csv__RAC__racs.csv,v/v,RAC,extratrees,descriptor_grouped,2,2.011475,2.4328737700000045,0.5524769101595298,0.5130142737195634
ARC-MOF::post_comb_vsa_co2.csv__RAC__racs.csv,v/v,RAC,extratrees,descriptor_grouped,2,0.275603,0.8128330766666658,0.05289672544080604,0.17632241813602015
ARC-MOF::post_comb_vsa_co2.csv__RAC__racs.csv,v/v,RAC,extratrees,descriptor_grouped,2,9.685092,12.105151256666664,0.8753148614609572,0.9202350965575147
ARC-MOF::post_comb_vsa_co2.csv__RAC__racs.csv,v/v,RAC,extratrees,descriptor_grouped,2,0.670408,1.3811152366666652,0.21788413098236775,0.3261964735516373
ARC-MOF::post_comb_vsa_co2.csv__RAC__racs.csv,v/v,RAC,extratrees,descriptor_grouped,2,14.888577,7.267737296666668,0.9286314021830394,0.8106633081444165
ARC-MOF::post_comb_vsa_co2.csv__RAC__racs.csv,v/v,RAC,extratrees,descriptor_grouped,2,1.906626,9.568798703333345,0.5373635600335852,0.882031905961377
ARC-MOF::post_comb_vsa_co2.csv__RAC__racs.csv,v/v,RAC,extratrees,descriptor_grouped,2,17.322265,10.153816943333338,0.9420654911838791,0.892527287993283
ARC-MOF::post_comb_vsa_co2.csv__RAC__racs.csv,v/v,RAC,extratrees,descriptor_grouped,2,0.873574,1.5264901900000032,0.29219143576826195,0.3669185558354324
ARC-MOF::post_comb_vsa_co2.csv__RAC__racs.csv,v/v,RAC,extratrees,descriptor_grouped,2,0.451765,1.37932667333333,0.12930310663308145,0.3245172124265323
ARC-MOF::post_comb_vsa_co2.csv__RAC__racs.csv,v/v,RAC,extratrees,descriptor_grouped,2,1.88269,4.299748973333328,0.5323257766582704,0.6738035264483627
ARC-MOF::post_comb_vsa_co2.csv__RAC__racs.csv,v/v,RAC,extratrees,descriptor_grouped,2,1.566747,3.9857697500000033,0.47858942065491183,0.6565910999160369
ARC-MOF::post_comb_vsa_co2.csv__RAC__racs.csv,v/v,RAC,extratrees,descriptor_grouped,2,19.106592,8.844212816666667,0.9513014273719563,0.8669185558354324
ARC-MOF::post_comb_vsa_co2.csv__RAC__racs.csv,v/v,RAC,extratrees,descriptor_grouped,2,0.479894,1.7207747466666694,0.14147774979009237,0.40470193115029385
ARC-MOF::post_comb_vsa_co2.csv__RAC__racs.csv,v/v,RAC,extratrees,descriptor_grouped,2,1.291716,1.5220407316666644,0.42065491183879095,0.36607892527287994
ARC-MOF::post_comb_vsa_co2.csv__RAC__racs.csv,v/v,RAC,extratrees,descriptor_grouped,2,24.189126,12.790316629999978,0.9680940386230059,0.9252728799328296
ARC-MOF::post_comb_vsa_co2.csv__RAC__racs.csv,v/v,RAC,extratrees,descriptor_grouped,2,0.412888,1.1305404666666683,0.11418975650713686,0.2598656591099916
ARC-MOF::post_comb_vsa_co2.csv__RAC__racs.csv,v/v,RAC,extratrees,descriptor_grouped,2,4.074061,6.201682603333337,0.7216624685138538,0.7682619647355163
ARC-MOF::post_comb_vsa_co2.csv__RAC__racs.csv,v/v,RAC,extratrees,descriptor_grouped,2,0.533536,0.9849962266666672,0.1658270361041142,0.21872376154492024
ARC-MOF::post_comb_vsa_co2.csv__RAC__racs.csv,v/v,RAC,extratrees,descriptor_grouped,2,0.65333,1.2384702700000003,0.20990764063811923,0.28253568429890846
ARC-MOF::post_comb_vsa_co2.csv__RAC__racs.csv,v/v,RAC,extratrees,descriptor_grouped,2,7.666752,20.25121181000001,0.8417296389588581,0.9710327455919395
ARC-MOF::post_comb_vsa_co2.csv__RAC__racs.csv,v/v,RAC,extratrees,descriptor_grouped,2,7.349398,8.157958516666664,0.8350125944584383,0.8434089000839631
ARC-MOF::post_comb_vsa_co2.csv__RAC__racs.csv,v/v,RAC,extratrees,descriptor_grouped,2,15.622037,9.52439480333334,0.9336691855583543,0.8807724601175483
ARC-MOF::post_comb_vsa_co2.csv__RAC__racs.csv,v/v,RAC,extratrees,descriptor_grouped,2,0.793979,2.2211274199999997,0.2665827036104114,0.48530646515533166
ARC-MOF::post_comb_vsa_co2.csv__RAC__racs.csv,v/v,RAC,extratrees,descriptor_grouped,2,0.734521,2.1792119966666665,0.2455919395465995,0.4794290512174643
ARC-MOF::post_comb_vsa_co2.csv__RAC__racs.csv,v/v,RAC,extratrees,descriptor_grouped,2,3.68187,9.088139486666655,0.7065491183879093,0.873215785054576
ARC-MOF::post_comb_vsa_co2.csv__RAC__racs.csv,v/v,RAC,extratrees,descriptor_grouped,2,0.720722,0.4257287800000002,0.23845507976490343,0.0491183879093199
ARC-MOF::post_comb_vsa_co2.csv__RAC__racs.csv,v/v,RAC,extratrees,descriptor_grouped,2,9.595795,12.757752860000004,0.8744752308984047,0.9240134340890008
ARC-MOF::post_comb_vsa_co2.csv__RAC__racs.csv,v/v,RAC,extratrees,descriptor_grouped,2,3.776894,8.471643389999997,0.7124265323257767,0.8530646515533166
ARC-MOF::post_comb_vsa_co2.csv__RAC__racs.csv,v/v,RAC,extratrees,descriptor_grouped,2,0.550182,0.4467279000000007,0.17338371116708648,0.054575986565911
ARC-MOF::post_comb_vsa_co2.csv__RAC__racs.csv,v/v,RAC,extratrees,descriptor_grouped,2,0.32038,0.6464756566666661,0.0743073047858942,0.1255247691015953
ARC-MOF::post_comb_vsa_co2.csv__RAC__racs.csv,v/v,RAC,extratrees,descriptor_grouped,2,2.027414,1.727392030000002,0.5541561712846348,0.4068010075566751
ARC-MOF::post_comb_vsa_co2.csv__RAC__racs.csv,v/v,RAC,extratrees,descriptor_grouped,2,0.930151,1.0570264100000009,0.31192275398824515,0.23719563392107473
ARC-MOF::post_comb_vsa_co2.csv__RAC__racs.csv,v/v,RAC,extratrees,descriptor_grouped,2,2.325335,3.414401493333329,0.589840470193115,0.612510495382032
ARC-MOF::post_comb_vsa_co2.csv__RAC__racs.csv,v/v,RAC,extratrees,descriptor_grouped,2,1.557874,4.502786426666664,0.4760705289672544,0.6859781696053736
ARC-MOF::post_comb_vsa_co2.csv__RAC__racs.csv,v/v,RAC,extratrees,descriptor_grouped,2,0.541391,0.5328124799999993,0.16960537363560033,0.0873215785054576
ARC-MOF::post_comb_vsa_co2.csv__RAC__racs.csv,v/v,RAC,extratrees,descriptor_grouped,2,0.690015,1.0516990133333326,0.22544080604534006,0.235936188077246
ARC-MOF::post_comb_vsa_co2.csv__RAC__racs.csv,v/v,RAC,extratrees,descriptor_grouped,2,2.987857,7.885438503333336,0.6607892527287993,0.8337531486146096
ARC-MOF::post_comb_vsa_co2.csv__RAC__racs.csv,v/v,RAC,extratrees,descriptor_grouped,2,0.441528,0.3043760966666665,0.12426532325776658,0.02434928631402183
ARC-MOF::post_comb_vsa_co2.csv__RAC__racs.csv,v/v,RAC,extratrees,descriptor_grouped,2,1.89207,6.446254131666664,0.5340050377833753,0.7774979009235936
ARC-MOF::post_comb_vsa_co2.csv__RAC__racs.csv,v/v,RAC,extratrees,descriptor_grouped,2,2.887446,3.9234927166666633,0.6523929471032746,0.6540722082283795
ARC-MOF::post_comb_vsa_co2.csv__RAC__racs.csv,v/v,RAC,extratrees,descriptor_grouped,2,1.021659,1.445248313333333,0.3413098236775819,0.3438287153652393
ARC-MOF::post_comb_vsa_co2.csv__RAC__racs.csv,v/v,RAC,extratrees,descriptor_grouped,2,7.874945,7.862182496666665,0.8459277917716205,0.832913518052057
ARC-MOF::post_comb_vsa_co2.csv__RAC__racs.csv,v/v,RAC,extratrees,descriptor_grouped,2,0.451449,0.4477479366666671,0.12846347607052896,0.05499580184718724
ARC-MOF::post_comb_vsa_co2.csv__RAC__racs.csv,v/v,RAC,extratrees,descriptor_grouped,2,2.967444,10.449178726666666,0.6586901763224181,0.8975650713685979
ARC-MOF::post_comb_vsa_co2.csv__RAC__racs.csv,v/v,RAC,extratrees,descriptor_grouped,2,2.392293,4.34946993333333,0.6007556675062973,0.6771620486985727
ARC-MOF::post_comb_vsa_co2.csv__RAC__racs.csv,v/v,RAC,extratrees,descriptor_grouped,2,9.461933,6.510813306666669,0.8727959697732998,0.7812762384550798
ARC-MOF::post_comb_vsa_co2.csv__RAC__racs.csv,v/v,RAC,extratrees,descriptor_grouped,2,5.256717,8.985191176666675,0.7762384550797649,0.8702770780856424
ARC-MOF::post_comb_vsa_co2.csv__RAC__racs.csv,v/v,RAC,extratrees,descriptor_grouped,2,2.731662,3.257559312222221,0.6402183039462637,0.6032745591939547
ARC-MOF::post_comb_vsa_co2.csv__RAC__racs.csv,v/v,RAC,extratrees,descriptor_grouped,2,0.925723,1.065083123333334,0.30940386230058775,0.23971452560873216
ARC-MOF::post_comb_vsa_co2.csv__RAC__racs.csv,v/v,RAC,extratrees,descriptor_grouped,2,5.200276,4.606702293333334,0.7753988245172124,0.6935348446683459
ARC-MOF::post_comb_vsa_co2.csv__RAC__racs.csv,v/v,RAC,extratrees,descriptor_grouped,2,0.985413,2.112205979999999,0.3320738874895046,0.4706129303106633
ARC-MOF::post_comb_vsa_co2.csv__RAC__racs.csv,v/v,RAC,extratrees,descriptor_grouped,2,30.892888,24.28513989666663,0.9785894206549118,0.9815281276238456
ARC-MOF::post_comb_vsa_co2.csv__RAC__racs.csv,v/v,RAC,extratrees,descriptor_grouped,2,4.826359,1.1528314433333322,0.7594458438287154,0.26574307304785894
ARC-MOF::post_comb_vsa_co2.csv__RAC__racs.csv,v/v,RAC,extratrees,descriptor_grouped,2,4.315637,12.222502863333352,0.7342569269521411,0.9206549118387909
ARC-MOF::post_comb_vsa_co2.csv__RAC__racs.csv,v/v,RAC,extratrees,descriptor_grouped,2,1.040224,1.108277876666668,0.34802686817800166,0.2523089840470193
ARC-MOF::post_comb_vsa_co2.csv__RAC__racs.csv,v/v,RAC,extratrees,descriptor_grouped,2,0.55451,1.2035494333333328,0.17548278757346766,0.27329974811083124
ARC-MOF::post_comb_vsa_co2.csv__RAC__racs.csv,v/v,RAC,extratrees,descriptor_grouped,2,1.764576,3.4545286933333297,0.5113350125944585,0.6158690176322418
ARC-MOF::post_comb_vsa_co2.csv__RAC__racs.csv,v/v,RAC,extratrees,descriptor_grouped,2,0.530269,0.5371391066666664,0.16498740554156172,0.08900083963056256
ARC-MOF::post_comb_vsa_co2.csv__RAC__racs.csv,v/v,RAC,extratrees,descriptor_grouped,2,1.177027,1.6985407933333287,0.38623005877413935,0.399664147774979
ARC-MOF::post_comb_vsa_co2.csv__RAC__racs.csv,v/v,RAC,extratrees,descriptor_grouped,2,6.481301,9.16627645333333,0.8198992443324937,0.874895046179681
ARC-MOF::post_comb_vsa_co2.csv__RAC__racs.csv,v/v,RAC,extratrees,descriptor_grouped,2,2.830678,4.441698420000005,0.647774979009236,0.6826196473551638
ARC-MOF::post_comb_vsa_co2.csv__RAC__racs.csv,v/v,RAC,extratrees,descriptor_grouped,2,2.439586,2.9754370800000007,0.6095717884130982,0.5759865659109992
ARC-MOF::post_comb_vsa_co2.csv__RAC__racs.csv,v/v,RAC,extratrees,descriptor_grouped,2,0.42988,0.580341086666667,0.12090680100755667,0.1036943744752309
ARC-MOF::post_comb_vsa_co2.csv__RAC__racs.csv,v/v,RAC,extratrees,descriptor_grouped,2,2.101081,6.138515296666671,0.5629722921914357,0.7657430730478589
ARC-MOF::post_comb_vsa_co2.csv__RAC__racs.csv,v/v,RAC,extratrees,descriptor_grouped,2,0.578176,1.2288735199999996,0.1834592779177162,0.2791771620486986
ARC-MOF::post_comb_vsa_co2.csv__RAC__racs.csv,v/v,RAC,extratrees,descriptor_grouped,2,2.07096,3.397810139999994,0.5575146935348446,0.6099916036943744
ARC-MOF::post_comb_vsa_co2.csv__RAC__racs.csv,v/v,RAC,extratrees,descriptor_grouped,2,0.488003,0.6724395900000004,0.14567590260285473,0.13266162888329136
ARC-MOF::post_comb_vsa_co2.csv__RAC__racs.csv,v/v,RAC,extratrees,descriptor_grouped,2,2.563164,2.4201532866666686,0.6234256926952141,0.5117548278757347
ARC-MOF::post_comb_vsa_co2.csv__RAC__racs.csv,v/v,RAC,extratrees,descriptor_grouped,2,2.139285,1.5022487833333331,0.5688497061293031,0.36314021830394627
ARC-MOF::post_comb_vsa_co2.csv__RAC__racs.csv,v/v,RAC,extratrees,descriptor_grouped,2,0.367781,0.5007026099999998,0.09361880772460117,0.07514693534844669
ARC-MOF::post_comb_vsa_co2.csv__RAC__racs.csv,v/v,RAC,extratrees,descriptor_grouped,2,2.976875,4.074790336666661,0.6599496221662469,0.6612090680100756
ARC-MOF::post_comb_vsa_co2.csv__RAC__racs.csv,v/v,RAC,extratrees,descriptor_grouped,2,0.280682,0.4877038533333335,0.05667506297229219,0.0709487825356843
ARC-MOF::post_comb_vsa_co2.csv__RAC__racs.csv,v/v,RAC,extratrees,descriptor_grouped,2,0.519757,1.1775237533333318,0.16120906801007556,0.2682619647355164
ARC-MOF::post_comb_vsa_co2.csv__RAC__racs.csv,v/v,RAC,extratrees,descriptor_grouped,2,5.58456,8.491412800000015,0.7909319899244333,0.853904282115869
ARC-MOF::post_comb_vsa_co2.csv__RAC__racs.csv,v/v,RAC,extratrees,descriptor_grouped,2,0.135473,0.2376100599999999,0.003778337531486146,0.006717044500419815
ARC-MOF::post_comb_vsa_co2.csv__RAC__racs.csv,v/v,RAC,extratrees,descriptor_grouped,2,17.786746,10.175442226666672,0.9441645675902602,0.8937867338371117
ARC-MOF::post_comb_vsa_co2.csv__RAC__racs.csv,v/v,RAC,extratrees,descriptor_grouped,2,0.582515,1.5351489499999984,0.1847187237615449,0.36859781696053734
ARC-MOF::post_comb_vsa_co2.csv__RAC__racs.csv,v/v,RAC,extratrees,descriptor_grouped,2,3.694235,5.187959146666672,0.7082283795130143,0.7258606213266163
ARC-MOF::post_comb_vsa_co2.csv__RAC__racs.csv,v/v,RAC,extratrees,descriptor_grouped,2,0.172548,0.2923399333333332,0.014693534844668345,0.021410579345088162
ARC-MOF::post_comb_vsa_co2.csv__RAC__racs.csv,v/v,RAC,extratrees,descriptor_grouped,2,2.838583,5.686656953333338,0.6490344248530646,0.7460117548278757
ARC-MOF::post_comb_vsa_co2.csv__RAC__racs.csv,v/v,RAC,extratrees,descriptor_grouped,2,0.544657,0.8346124866666678,0.1712846347607053,0.18261964735516373
ARC-MOF::post_comb_vsa_co2.csv__RAC__racs.csv,v/v,RAC,extratrees,descriptor_grouped,2,1.229167,2.357675143333333,0.40344248530646515,0.5029387069689337
ARC-MOF::post_comb_vsa_co2.csv__RAC__racs.csv,v/v,RAC,extratrees,descriptor_grouped,2,0.561623,0.6105273833333333,0.17758186397984888,0.11586901763224182
ARC-MOF::post_comb_vsa_co2.csv__RAC__racs.csv,v/v,RAC,extratrees,descriptor_grouped,2,20.120927,6.199078929999997,0.9563392107472712,0.7678421494542401
ARC-MOF::post_comb_vsa_co2.csv__RAC__racs.csv,v/v,RAC,extratrees,descriptor_grouped,2,0.799706,1.159679963333333,0.2678421494542401,0.2665827036104114
ARC-MOF::post_comb_vsa_co2.csv__RAC__racs.csv,v/v,RAC,extratrees,descriptor_grouped,2,2.596771,3.03819664333333,0.6280436607892528,0.5814441645675903
ARC-MOF::post_comb_vsa_co2.csv__RAC__racs.csv,v/v,RAC,extratrees,descriptor_grouped,2,0.367886,0.4909920433333334,0.09403862300587741,0.07220822837951302
ARC-MOF::post_comb_vsa_co2.csv__RAC__racs.csv,v/v,RAC,extratrees,descriptor_grouped,2,3.902439,4.441086296666675,0.7178841309823678,0.6821998320738875
ARC-MOF::post_comb_vsa_co2.csv__RAC__racs.csv,v/v,RAC,extratrees,descriptor_grouped,2,1.290966,1.6021304333333324,0.4202350965575147,0.38371116708648195
ARC-MOF::post_comb_vsa_co2.csv__RAC__racs.csv,v/v,RAC,extratrees,descriptor_grouped,2,6.129038,7.56473446999999,0.809823677581864,0.8257766582703611
ARC-MOF::post_comb_vsa_co2.csv__RAC__racs.csv,v/v,RAC,extratrees,descriptor_grouped,2,2.713515,5.0112178033333405,0.6381192275398825,0.7153652392947103
ARC-MOF::post_comb_vsa_co2.csv__RAC__racs.csv,v/v,RAC,extratrees,descriptor_grouped,2,0.691393,1.402662116666666,0.22670025188916876,0.3329135180520571
ARC-MOF::post_comb_vsa_co2.csv__RAC__racs.csv,v/v,RAC,extratrees,descriptor_grouped,2,2.800861,2.3629557333333344,0.644416456759026,0.5054575986565911
ARC-MOF::post_comb_vsa_co2.csv__RAC__racs.csv,v/v,RAC,extratrees,descriptor_grouped,2,1.441148,1.0893339466666672,0.4521410579345088,0.24643157010915198
ARC-MOF::post_comb_vsa_co2.csv__RAC__racs.csv,v/v,RAC,extratrees,descriptor_grouped,2,1.626092,1.318759593333334,0.4903442485306465,0.30730478589420657
ARC-MOF::post_comb_vsa_co2.csv__RAC__racs.csv,v/v,RAC,extratrees,descriptor_grouped,2,0.936639,1.1761096866666667,0.3140218303946264,0.2678421494542401
ARC-MOF::post_comb_vsa_co2.csv__RAC__racs.csv,v/v,RAC,extratrees,descriptor_grouped,2,3.317684,15.113629763333346,0.6838790931989924,0.9445843828715366
ARC-MOF::post_comb_vsa_co2.csv__RAC__racs.csv,v/v,RAC,extratrees,descriptor_grouped,2,1.00148,1.5959663399999986,0.3354324097397145,0.38287153652392947
ARC-MOF::post_comb_vsa_co2.csv__RAC__racs.csv,v/v,RAC,extratrees,descriptor_grouped,2,0.377345,0.6168185066666666,0.09781696053736356,0.117968094038623
ARC-MOF::post_comb_vsa_co2.csv__RAC__racs.csv,v/v,RAC,extratrees,descriptor_grouped,2,0.698675,2.5576748933333366,0.23089840470193115,0.5277078085642317
ARC-MOF::post_comb_vsa_co2.csv__RAC__racs.csv,v/v,RAC,extratrees,descriptor_grouped,2,0.409972,0.8842177999999999,0.11167086481947942,0.19479429051217464
ARC-MOF::post_comb_vsa_co2.csv__RAC__racs.csv,v/v,RAC,extratrees,descriptor_grouped,2,1.081801,1.7166153533333288,0.36314021830394627,0.40428211586901763
ARC-MOF::post_comb_vsa_co2.csv__RAC__racs.csv,v/v,RAC,extratrees,descriptor_grouped,2,2.354279,2.639041686666664,0.5940386230058774,0.5373635600335852
ARC-MOF::post_comb_vsa_co2.csv__RAC__racs.csv,v/v,RAC,extratrees,descriptor_grouped,2,0.829875,1.331884560000003,0.2774979009235936,0.3136020151133501
ARC-MOF::post_comb_vsa_co2.csv__RAC__racs.csv,v/v,RAC,extratrees,descriptor_grouped,2,0.442817,0.8189211833333322,0.1255247691015953,0.17800167926112512
ARC-MOF::post_comb_vsa_co2.csv__RAC__racs.csv,v/v,RAC,extratrees,descriptor_grouped,2,0.259426,0.6662061266666671,0.04659949622166247,0.1309823677581864
ARC-MOF::post_comb_vsa_co2.csv__RAC__racs.csv,v/v,RAC,extratrees,descriptor_grouped,2,8.813773,4.570099626666663,0.8606213266162889,0.6910159529806885
ARC-MOF::post_comb_vsa_co2.csv__RAC__racs.csv,v/v,RAC,extratrees,descriptor_grouped,2,0.414721,0.67798808,0.11502938706968933,0.1351805205709488
ARC-MOF::post_comb_vsa_co2.csv__RAC__racs.csv,v/v,RAC,extratrees,descriptor_grouped,2,32.664845,13.864571270000027,0.9827875734676742,0.9357682619647355
ARC-MOF::post_comb_vsa_co2.csv__RAC__racs.csv,v/v,RAC,extratrees,descriptor_grouped,2,2.972327,6.721944246666689,0.6595298068849706,0.7900923593618808
ARC-MOF::post_comb_vsa_co2.csv__RAC__racs.csv,v/v,RAC,extratrees,descriptor_grouped,2,0.678877,1.3809055233333318,0.2216624685138539,0.3253568429890848
ARC-MOF::post_comb_vsa_co2.csv__RAC__racs.csv,v/v,RAC,extratrees,descriptor_grouped,2,0.694925,1.0883128633333323,0.22921914357682618,0.2455919395465995
ARC-MOF::post_comb_vsa_co2.csv__RAC__racs.csv,v/v,RAC,extratrees,descriptor_grouped,2,2.343933,4.61796157,0.59151973131822,0.6947942905121747
ARC-MOF::post_comb_vsa_co2.csv__RAC__racs.csv,v/v,RAC,extratrees,descriptor_grouped,2,7.709421,2.292698393333328,0.8429890848026869,0.49286314021830396
ARC-MOF::post_comb_vsa_co2.csv__RAC__racs.csv,v/v,RAC,extratrees,descriptor_grouped,2,2.557023,2.295557949999999,0.6230058774139379,0.49412258606213266
ARC-MOF::post_comb_vsa_co2.csv__RAC__racs.csv,v/v,RAC,extratrees,descriptor_grouped,2,1.590447,1.1266151766666677,0.48446683459277917,0.25818639798488663
ARC-MOF::post_comb_vsa_co2.csv__RAC__racs.csv,v/v,RAC,extratrees,descriptor_grouped,2,1.383679,5.49717928,0.4433249370277078,0.739294710327456
ARC-MOF::post_comb_vsa_co2.csv__RAC__racs.csv,v/v,RAC,extratrees,descriptor_grouped,2,0.826747,1.2535279633333336,0.2766582703610411,0.2858942065491184
ARC-MOF::post_comb_vsa_co2.csv__RAC__racs.csv,v/v,RAC,extratrees,descriptor_grouped,2,2.293063,3.035283973333338,0.5864819479429051,0.581024349286314
ARC-MOF::post_comb_vsa_co2.csv__RAC__racs.csv,v/v,RAC,extratrees,descriptor_grouped,2,0.596544,1.3242739566666666,0.19059613769941225,0.30982367758186397
ARC-MOF::post_comb_vsa_co2.csv__RAC__racs.csv,v/v,RAC,extratrees,descriptor_grouped,2,1.7488,2.322125220000001,0.5079764903442485,0.49832073887489503
ARC-MOF::post_comb_vsa_co2.csv__RAC__racs.csv,v/v,RAC,extratrees,descriptor_grouped,2,1.143227,0.8923320133333341,0.3765743073047859,0.1964735516372796
ARC-MOF::post_comb_vsa_co2.csv__RAC__racs.csv,v/v,RAC,extratrees,descriptor_grouped,2,0.266045,0.4589712499999987,0.04869857262804366,0.060453400503778336
ARC-MOF::post_comb_vsa_co2.csv__RAC__racs.csv,v/v,RAC,extratrees,descriptor_grouped,2,11.922371,17.325269920000004,0.9051217464315701,0.9567590260285475
ARC-MOF::post_comb_vsa_co2.csv__RAC__racs.csv,v/v,RAC,extratrees,descriptor_grouped,2,23.063903,5.69797671333333,0.9643157010915198,0.746431570109152
ARC-MOF::post_comb_vsa_co2.csv__RAC__racs.csv,v/v,RAC,extratrees,descriptor_grouped,2,4.911733,10.964008010000002,0.7644836272040302,0.906801007556675
ARC-MOF::post_comb_vsa_co2.csv__RAC__racs.csv,v/v,RAC,extratrees,descriptor_grouped,2,3.284317,3.934375369999998,0.6826196473551638,0.6553316540722083
ARC-MOF::post_comb_vsa_co2.csv__RAC__racs.csv,v/v,RAC,extratrees,descriptor_grouped,2,6.245379,4.943196142222227,0.8127623845507976,0.7124265323257767
ARC-MOF::post_comb_vsa_co2.csv__RAC__racs.csv,v/v,RAC,extratrees,descriptor_grouped,2,3.620422,2.3228095566666678,0.7019311502938707,0.4987405541561713
ARC-MOF::post_comb_vsa_co2.csv__RAC__racs.csv,v/v,RAC,extratrees,descriptor_grouped,2,1.657431,2.19157279,0.49496221662468515,0.4815281276238455
ARC-MOF::post_comb_vsa_co2.csv__RAC__racs.csv,v/v,RAC,extratrees,descriptor_grouped,2,0.844665,4.647898006666675,0.2837951301427372,0.6964735516372796
ARC-MOF::post_comb_vsa_co2.csv__RAC__racs.csv,v/v,RAC,extratrees,descriptor_grouped,2,5.163727,4.393973323333333,0.7741393786733837,0.6788413098236776
ARC-MOF::post_comb_vsa_co2.csv__RAC__racs.csv,v/v,RAC,extratrees,descriptor_grouped,2,0.215575,0.8000016333333337,0.03400503778337532,0.172544080604534
ARC-MOF::post_comb_vsa_co2.csv__RAC__racs.csv,v/v,RAC,extratrees,descriptor_grouped,2,0.992932,1.2772460499999996,0.3341729638958858,0.29345088161209065
ARC-MOF::post_comb_vsa_co2.csv__RAC__racs.csv,v/v,RAC,extratrees,descriptor_grouped,2,2.924991,3.029525526666663,0.6553316540722083,0.5801847187237615
ARC-MOF::post_comb_vsa_co2.csv__RAC__racs.csv,v/v,RAC,extratrees,descriptor_grouped,2,0.491197,1.4989411833333364,0.1486146095717884,0.3618807724601176
ARC-MOF::post_comb_vsa_co2.csv__RAC__racs.csv,v/v,RAC,extratrees,descriptor_grouped,2,3.646761,10.861286010000004,0.7040302267002518,0.9038623005877414
ARC-MOF::post_comb_vsa_co2.csv__RAC__racs.csv,v/v,RAC,extratrees,descriptor_grouped,2,37.789127,37.913650893333376,0.9878253568429891,0.9903442485306465
ARC-MOF::post_comb_vsa_co2.csv__RAC__racs.csv,v/v,RAC,extratrees,descriptor_grouped,2,0.907253,0.7644354233333314,0.30184718723761544,0.15952980688497062
ARC-MOF::post_comb_vsa_co2.csv__RAC__racs.csv,v/v,RAC,extratrees,descriptor_grouped,2,0.883696,1.4802385566666658,0.2955499580184719,0.35558354324097396
ARC-MOF::post_comb_vsa_co2.csv__RAC__racs.csv,v/v,RAC,extratrees,descriptor_grouped,2,2.367976,1.2284220066666651,0.5978169605373636,0.2787573467674223
ARC-MOF::post_comb_vsa_co2.csv__RAC__racs.csv,v/v,RAC,extratrees,descriptor_grouped,2,0.501497,0.5735781933333323,0.15365239294710328,0.09949622166246852
ARC-MOF::post_comb_vsa_co2.csv__RAC__racs.csv,v/v,RAC,extratrees,descriptor_grouped,2,4.650787,3.286358746666659,0.7514693534844669,0.6057934508816121
ARC-MOF::post_comb_vsa_co2.csv__RAC__racs.csv,v/v,RAC,extratrees,descriptor_grouped,2,4.167806,2.873727160000006,0.7279596977329975,0.5659109991603695
ARC-MOF::post_comb_vsa_co2.csv__RAC__racs.csv,v/v,RAC,extratrees,descriptor_grouped,2,6.69083,10.59794747333331,0.8224181360201511,0.899664147774979
ARC-MOF::post_comb_vsa_co2.csv__RAC__racs.csv,v/v,RAC,extratrees,descriptor_grouped,2,0.585549,1.055501416666666,0.18723761544920234,0.23635600335852225
ARC-MOF::post_comb_vsa_co2.csv__RAC__racs.csv,v/v,RAC,extratrees,descriptor_grouped,2,0.95027,1.4892239399999985,0.3198992443324937,0.35726280436607893
ARC-MOF::post_comb_vsa_co2.csv__RAC__racs.csv,v/v,RAC,extratrees,descriptor_grouped,2,0.337789,0.5526344766666661,0.08018471872376154,0.09361880772460117
ARC-MOF::post_comb_vsa_co2.csv__RAC__racs.csv,v/v,RAC,extratrees,descriptor_grouped,2,1.936363,1.2745767966666668,0.5403022670025189,0.29219143576826195
ARC-MOF::post_comb_vsa_co2.csv__RAC__racs.csv,v/v,RAC,extratrees,descriptor_grouped,2,0.967778,1.139019976666667,0.32829554995801846,0.26154492023509657
ARC-MOF::post_comb_vsa_co2.csv__RAC__racs.csv,v/v,RAC,extratrees,descriptor_grouped,2,1.178829,1.089160686666665,0.3874895046179681,0.24601175482787574
ARC-MOF::post_comb_vsa_co2.csv__RAC__racs.csv,v/v,RAC,extratrees,descriptor_grouped,2,18.995415,17.600178943333347,0.9487825356842989,0.9588581024349286
ARC-MOF::post_comb_vsa_co2.csv__RAC__racs.csv,v/v,RAC,extratrees,descriptor_grouped,2,1.27778,2.346179696666669,0.4160369437447523,0.5012594458438288
ARC-MOF::post_comb_vsa_co2.csv__RAC__racs.csv,v/v,RAC,extratrees,descriptor_grouped,2,0.462327,0.6725264816666661,0.13266162888329136,0.13350125944584382
ARC-MOF::post_comb_vsa_co2.csv__RAC__racs.csv,v/v,RAC,extratrees,descriptor_grouped,2,8.001095,7.684360543333329,0.8476070528967254,0.827455919395466
ARC-MOF::post_comb_vsa_co2.csv__RAC__racs.csv,v/v,RAC,extratrees,descriptor_grouped,2,1.131413,2.5979779566666625,0.37531486146095716,0.5323257766582704
ARC-MOF::post_comb_vsa_co2.csv__RAC__racs.csv,v/v,RAC,extratrees,descriptor_grouped,2,7.266526,7.272315072222223,0.832913518052057,0.8119227539882452
ARC-MOF::post_comb_vsa_co2.csv__RAC__racs.csv,v/v,RAC,extratrees,descriptor_grouped,2,0.409969,2.7398379333333387,0.1112510495382032,0.5474391267842149
ARC-MOF::post_comb_vsa_co2.csv__RAC__racs.csv,v/v,RAC,extratrees,descriptor_grouped,2,11.908592,13.066278586666677,0.9042821158690176,0.9282115869017632
ARC-MOF::post_comb_vsa_co2.csv__RAC__racs.csv,v/v,RAC,extratrees,descriptor_grouped,2,2.101752,7.903630349999992,0.563392107472712,0.8350125944584383
ARC-MOF::post_comb_vsa_co2.csv__RAC__racs.csv,v/v,RAC,extratrees,descriptor_grouped,2,2.365397,3.150821860000005,0.5973971452560873,0.589840470193115
ARC-MOF::post_comb_vsa_co2.csv__RAC__racs.csv,v/v,RAC,extratrees,descriptor_grouped,2,2.129223,2.5592695900000018,0.5671704450041981,0.5281276238455079
ARC-MOF::post_comb_vsa_co2.csv__RAC__racs.csv,v/v,RAC,extratrees,descriptor_grouped,2,1.472659,2.6941685266666653,0.45927791771620485,0.5436607892527288
ARC-MOF::post_comb_vsa_co2.csv__RAC__racs.csv,v/v,RAC,extratrees,descriptor_grouped,2,1.469023,2.0961007366666653,0.45885810243492864,0.46767422334172964
ARC-MOF::post_comb_vsa_co2.csv__RAC__racs.csv,v/v,RAC,extratrees,descriptor_grouped,2,2.015254,4.786656706666668,0.5533165407220823,0.7031905961376994
ARC-MOF::post_comb_vsa_co2.csv__RAC__racs.csv,v/v,RAC,extratrees,descriptor_grouped,2,0.253203,0.4508353966666661,0.04450041981528128,0.056255247691015954
ARC-MOF::post_comb_vsa_co2.csv__RAC__racs.csv,v/v,RAC,extratrees,descriptor_grouped,2,12.826928,14.62765180999996,0.9130982367758187,0.9420654911838791
ARC-MOF::post_comb_vsa_co2.csv__RAC__racs.csv,v/v,RAC,extratrees,descriptor_grouped,2,0.391284,2.5328063533333367,0.10411418975650713,0.5251889168765743
ARC-MOF::post_comb_vsa_co2.csv__RAC__racs.csv,v/v,RAC,extratrees,descriptor_grouped,2,0.46331,0.4538310599999994,0.13350125944584382,0.05751469353484467
ARC-MOF::post_comb_vsa_co2.csv__RAC__racs.csv,v/v,RAC,extratrees,descriptor_grouped,2,0.401105,0.3898203166666665,0.10873215785054575,0.041561712846347604
ARC-MOF::post_comb_vsa_co2.csv__RAC__racs.csv,v/v,RAC,extratrees,descriptor_grouped,2,1.163816,1.7043025033333334,0.382031905961377,0.4017632241813602
ARC-MOF::post_comb_vsa_co2.csv__RAC__racs.csv,v/v,RAC,extratrees,descriptor_grouped,2,0.840397,1.4648557833333322,0.28211586901763225,0.3518052057094878
ARC-MOF::post_comb_vsa_co2.csv__RAC__racs.csv,v/v,RAC,extratrees,descriptor_grouped,2,2.006667,4.243284866666668,0.5512174643157011,0.670864819479429
ARC-MOF::post_comb_vsa_co2.csv__RAC__racs.csv,v/v,RAC,extratrees,descriptor_grouped,2,0.391234,0.5358254766666662,0.1036943744752309,0.08816120906801007
ARC-MOF::post_comb_vsa_co2.csv__RAC__racs.csv,v/v,RAC,extratrees,descriptor_grouped,2,19.401253,5.501811843333336,0.9534005037783375,0.7397145256087322
ARC-MOF::post_comb_vsa_co2.csv__RAC__racs.csv,v/v,RAC,extratrees,descriptor_grouped,2,5.142548,4.165379156666665,0.7732997481108312,0.6649874055415617
ARC-MOF::post_comb_vsa_co2.csv__RAC__racs.csv,v/v,RAC,extratrees,descriptor_grouped,2,15.167601,6.533544536666662,0.9311502938706969,0.783375314861461
ARC-MOF::post_comb_vsa_co2.csv__RAC__racs.csv,v/v,RAC,extratrees,descriptor_grouped,2,0.427125,0.4496740966666662,0.11964735516372796,0.05583543240973971
ARC-MOF::post_comb_vsa_co2.csv__RAC__racs.csv,v/v,RAC,extratrees,descriptor_grouped,2,2.722945,6.5688431933333264,0.6389588581024349,0.7837951301427372
ARC-MOF::post_comb_vsa_co2.csv__RAC__racs.csv,v/v,RAC,extratrees,descriptor_grouped,2,3.151769,3.321922843333331,0.6717044500419815,0.6062132661628883
ARC-MOF::post_comb_vsa_co2.csv__RAC__racs.csv,v/v,RAC,extratrees,descriptor_grouped,2,0.210908,0.377115736666667,0.02980688497061293,0.0382031905961377
ARC-MOF::post_comb_vsa_co2.csv__RAC__racs.csv,v/v,RAC,extratrees,descriptor_grouped,2,0.820284,0.845848816666666,0.2741393786733837,0.1847187237615449
ARC-MOF::post_comb_vsa_co2.csv__RAC__racs.csv,v/v,RAC,extratrees,descriptor_grouped,2,0.933952,4.685962263333333,0.3131821998320739,0.6985726280436608
ARC-MOF::post_comb_vsa_co2.csv__RAC__racs.csv,v/v,RAC,extratrees,descriptor_grouped,2,1.150002,16.92890593333338,0.37825356842989083,0.9554995801847187
ARC-MOF::post_comb_vsa_co2.csv__RAC__racs.csv,v/v,RAC,extratrees,descriptor_grouped,2,5.112431,4.531631219999992,0.772879932829555,0.6880772460117548
ARC-MOF::post_comb_vsa_co2.csv__RAC__racs.csv,v/v,RAC,extratrees,descriptor_grouped,2,6.400045,6.207298766666674,0.8190596137699412,0.7695214105793451
ARC-MOF::post_comb_vsa_co2.csv__RAC__racs.csv,v/v,RAC,extratrees,descriptor_grouped,2,20.631899,7.973458043333326,0.9592779177162049,0.8371116708648195
ARC-MOF::post_comb_vsa_co2.csv__RAC__racs.csv,v/v,RAC,extratrees,descriptor_grouped,2,1.279456,53.88844217666659,0.4164567590260285,0.9966414777497901
ARC-MOF::post_comb_vsa_co2.csv__RAC__racs.csv,v/v,RAC,extratrees,descriptor_grouped,2,0.61625,1.369993466666668,0.19689336691855583,0.3228379513014274
ARC-MOF::post_comb_vsa_co2.csv__RAC__racs.csv,v/v,RAC,extratrees,descriptor_grouped,2,0.711409,1.0379829766666653,0.23509655751469352,0.23383711167086482
ARC-MOF::post_comb_vsa_co2.csv__RAC__racs.csv,v/v,RAC,extratrees,descriptor_grouped,2,11.000389,7.942859513333324,0.8921074727120067,0.836272040302267
ARC-MOF::post_comb_vsa_co2.csv__RAC__racs.csv,v/v,RAC,extratrees,descriptor_grouped,2,0.35439,4.692515343333335,0.08816120906801007,0.6994122586062133
ARC-MOF::post_comb_vsa_co2.csv__RAC__racs.csv,v/v,RAC,extratrees,descriptor_grouped,2,3.199777,2.507949144999993,0.6763224181360201,0.5230898404701931
ARC-MOF::post_comb_vsa_co2.csv__RAC__racs.csv,v/v,RAC,extratrees,descriptor_grouped,2,4.642944,8.840819933333352,0.7502099076406381,0.8664987405541562
ARC-MOF::post_comb_vsa_co2.csv__RAC__racs.csv,v/v,RAC,extratrees,descriptor_grouped,2,5.406359,3.799355519999996,0.7842149454240135,0.6452560873215785
ARC-MOF::post_comb_vsa_co2.csv__RAC__racs.csv,v/v,RAC,extratrees,descriptor_grouped,2,2.230196,4.084529506666666,0.5818639798488665,0.662048698572628
ARC-MOF::post_comb_vsa_co2.csv__RAC__racs.csv,v/v,RAC,extratrees,descriptor_grouped,2,2.43645,2.7147056166666634,0.609151973131822,0.5453400503778337
ARC-MOF::post_comb_vsa_co2.csv__RAC__racs.csv,v/v,RAC,extratrees,descriptor_grouped,2,1.191182,1.7324200500000002,0.390848026868178,0.40848026868178
ARC-MOF::post_comb_vsa_co2.csv__RAC__racs.csv,v/v,RAC,extratrees,descriptor_grouped,2,2.399013,1.264568163333334,0.6015952980688497,0.28967254408060455
ARC-MOF::post_comb_vsa_co2.csv__RAC__racs.csv,v/v,RAC,extratrees,descriptor_grouped,2,0.774943,0.9080437999999994,0.2607052896725441,0.20109151973131822
ARC-MOF::post_comb_vsa_co2.csv__RAC__racs.csv,v/v,RAC,extratrees,descriptor_grouped,2,0.304213,0.7011226199999999,0.06633081444164568,0.14231738035264482
ARC-MOF::post_comb_vsa_co2.csv__RAC__racs.csv,v/v,RAC,extratrees,descriptor_grouped,2,1.258147,1.0901915166666676,0.41141897565071367,0.24769101595298068
ARC-MOF::post_comb_vsa_co2.csv__RAC__racs.csv,v/v,RAC,extratrees,descriptor_grouped,2,0.435222,0.4789325933333322,0.12216624685138538,0.06926952141057935
ARC-MOF::post_comb_vsa_co2.csv__RAC__racs.csv,v/v,RAC,extratrees,descriptor_grouped,2,1.134751,0.9555500399999998,0.37573467674223343,0.21242653232577666
ARC-MOF::post_comb_vsa_co2.csv__RAC__racs.csv,v/v,RAC,extratrees,descriptor_grouped,2,4.130673,13.413101319999994,0.7241813602015114,0.9311502938706969
ARC-MOF::post_comb_vsa_co2.csv__RAC__racs.csv,v/v,RAC,extratrees,descriptor_grouped,2,20.571054,13.124965926666643,0.9588581024349286,0.9290512174643157
ARC-MOF::post_comb_vsa_co2.csv__RAC__racs.csv,v/v,RAC,extratrees,descriptor_grouped,2,1.054197,1.0575657566666667,0.3526448362720403,0.23761544920235098
ARC-MOF::post_comb_vsa_co2.csv__RAC__racs.csv,v/v,RAC,extratrees,descriptor_grouped,2,0.178726,1.0013363633333348,0.0163727959697733,0.2216624685138539
ARC-MOF::post_comb_vsa_co2.csv__RAC__racs.csv,v/v,RAC,extratrees,descriptor_grouped,2,1.801511,14.624743320000007,0.5188916876574308,0.9416456759026028
ARC-MOF::post_comb_vsa_co2.csv__RAC__racs.csv,v/v,RAC,extratrees,descriptor_grouped,2,0.62964,0.7910452499999979,0.20235096557514692,0.1712846347607053
ARC-MOF::post_comb_vsa_co2.csv__RAC__racs.csv,v/v,RAC,extratrees,descriptor_grouped,2,2.028946,1.6462120583333333,0.554575986565911,0.3900083963056255
ARC-MOF::post_comb_vsa_co2.csv__RAC__racs.csv,v/v,RAC,extratrees,descriptor_grouped,2,0.649465,1.4937924666666664,0.20906801007556675,0.3589420654911839
ARC-MOF::post_comb_vsa_co2.csv__RAC__racs.csv,v/v,RAC,extratrees,descriptor_grouped,2,1.668979,5.336363900000007,0.49706129303106633,0.7325776658270361
ARC-MOF::post_comb_vsa_co2.csv__RAC__racs.csv,v/v,RAC,extratrees,descriptor_grouped,2,3.946523,6.570564399999999,0.719983207388749,0.7846347607052897
ARC-MOF::post_comb_vsa_co2.csv__RAC__racs.csv,v/v,RAC,extratrees,descriptor_grouped,2,9.176419,14.41760739666667,0.8673383711167086,0.9391267842149454
ARC-MOF::post_comb_vsa_co2.csv__RAC__racs.csv,v/v,RAC,extratrees,descriptor_grouped,2,1.468663,1.9871906833333317,0.45843828715365237,0.44794290512174645
ARC-MOF::post_comb_vsa_co2.csv__RAC__racs.csv,v/v,RAC,extratrees,descriptor_grouped,2,1.258765,1.0157327800000011,0.41183879093198994,0.22795969773299748
ARC-MOF::post_comb_vsa_co2.csv__RAC__racs.csv,v/v,RAC,extratrees,descriptor_grouped,2,7.95459,10.05290879000002,0.846767422334173,0.8912678421494542
ARC-MOF::post_comb_vsa_co2.csv__RAC__racs.csv,v/v,RAC,extratrees,descriptor_grouped,2,3.249365,3.837067299999999,0.6805205709487825,0.6486146095717884
ARC-MOF::post_comb_vsa_co2.csv__RAC__racs.csv,v/v,RAC,extratrees,descriptor_grouped,2,2.22844,4.326915133333332,0.581024349286314,0.6759026028547439
ARC-MOF::post_comb_vsa_co2.csv__RAC__racs.csv,v/v,RAC,extratrees,descriptor_grouped,2,0.729957,1.325688050000001,0.2434928631402183,0.31024349286314024
ARC-MOF::post_comb_vsa_co2.csv__RAC__racs.csv,v/v,RAC,extratrees,descriptor_grouped,2,0.527589,1.4462630133333347,0.16414777497900923,0.34424853064651556
ARC-MOF::post_comb_vsa_co2.csv__RAC__racs.csv,v/v,RAC,extratrees,descriptor_grouped,2,2.345512,2.0124346766666643,0.5919395465994962,0.45256087321578503
ARC-MOF::post_comb_vsa_co2.csv__RAC__racs.csv,v/v,RAC,extratrees,descriptor_grouped,2,3.036585,9.74628713333336,0.663727959697733,0.8858102434928632
ARC-MOF::post_comb_vsa_co2.csv__RAC__racs.csv,v/v,RAC,extratrees,descriptor_grouped,2,1.760396,3.219553466666668,0.5104953820319059,0.5973971452560873
ARC-MOF::post_comb_vsa_co2.csv__RAC__racs.csv,v/v,RAC,extratrees,descriptor_grouped,2,0.851555,1.128947409999999,0.2867338371116709,0.2594458438287154
ARC-MOF::post_comb_vsa_co2.csv__RAC__racs.csv,v/v,RAC,extratrees,descriptor_grouped,2,0.349445,0.4194245133333334,0.08648194794290512,0.04785894206549118
ARC-MOF::post_comb_vsa_co2.csv__RAC__racs.csv,v/v,RAC,extratrees,descriptor_grouped,2,0.250129,2.1327467933333337,0.04324097397145256,0.473551637279597
ARC-MOF::post_comb_vsa_co2.csv__RAC__racs.csv,v/v,RAC,extratrees,descriptor_grouped,2,0.375721,0.6051950799999988,0.09655751469353484,0.11418975650713686
ARC-MOF::post_comb_vsa_co2.csv__RAC__racs.csv,v/v,RAC,extratrees,descriptor_grouped,2,3.42917,3.10518397666667,0.6931150293870697,0.5890008396305626
ARC-MOF::post_comb_vsa_co2.csv__RAC__racs.csv,v/v,RAC,extratrees,descriptor_grouped,2,1.891551,2.4107597066666675,0.5331654072208228,0.5109151973131822
ARC-MOF::post_comb_vsa_co2.csv__RAC__racs.csv,v/v,RAC,extratrees,descriptor_grouped,2,5.809444,1.6623712633333347,0.8005877413937867,0.39252728799328296
ARC-MOF::post_comb_vsa_co2.csv__RAC__racs.csv,v/v,RAC,extratrees,descriptor_grouped,2,0.920683,0.9785934266666668,0.3068849706129303,0.2174643157010915
ARC-MOF::post_comb_vsa_co2.csv__RAC__racs.csv,v/v,RAC,extratrees,descriptor_grouped,2,1.748449,2.826634483333333,0.5075566750629723,0.5600335852225021
ARC-MOF::post_comb_vsa_co2.csv__RAC__racs.csv,v/v,RAC,extratrees,descriptor_grouped,2,0.251786,0.3638379000000001,0.04408060453400504,0.03526448362720403
ARC-MOF::post_comb_vsa_co2.csv__RAC__racs.csv,v/v,RAC,extratrees,descriptor_grouped,2,2.51012,3.829288430000001,0.6167086481947943,0.6481947942905122
ARC-MOF::post_comb_vsa_co2.csv__RAC__racs.csv,v/v,RAC,extratrees,descriptor_grouped,2,1.720363,3.689784399999998,0.5046179680940386,0.6364399664147775
ARC-MOF::post_comb_vsa_co2.csv__RAC__racs.csv,v/v,RAC,extratrees,descriptor_grouped,2,0.170848,0.2594403966666672,0.013853904282115869,0.011754827875734676
ARC-MOF::post_comb_vsa_co2.csv__RAC__racs.csv,v/v,RAC,extratrees,descriptor_grouped,2,7.012973,10.34643848666668,0.8287153652392947,0.8958858102434929
ARC-MOF::post_comb_vsa_co2.csv__RAC__racs.csv,v/v,RAC,extratrees,descriptor_grouped,2,1.056715,0.5898186300000001,0.353904282115869,0.10747271200671704
ARC-MOF::post_comb_vsa_co2.csv__RAC__racs.csv,v/v,RAC,extratrees,descriptor_grouped,2,11.740653,18.079192253333375,0.9017632241813602,0.9622166246851386
ARC-MOF::post_comb_vsa_co2.csv__RAC__racs.csv,v/v,RAC,extratrees,descriptor_grouped,2,1.601654,4.057093309999999,0.48656591099916036,0.6607892527287993
ARC-MOF::post_comb_vsa_co2.csv__RAC__racs.csv,v/v,RAC,extratrees,descriptor_grouped,2,0.206124,0.3523609433333336,0.02686817800167926,0.03190596137699412
ARC-MOF::post_comb_vsa_co2.csv__RAC__racs.csv,v/v,RAC,extratrees,descriptor_grouped,2,2.088329,2.214586086666668,0.5587741393786734,0.4832073887489505
ARC-MOF::post_comb_vsa_co2.csv__RAC__racs.csv,v/v,RAC,extratrees,descriptor_grouped,2,0.56212,1.2768831966666667,0.17800167926112512,0.29303106633081444
ARC-MOF::post_comb_vsa_co2.csv__RAC__racs.csv,v/v,RAC,extratrees,descriptor_grouped,2,0.401462,0.4920721199999997,0.10957178841309824,0.07262804366078925
ARC-MOF::post_comb_vsa_co2.csv__RAC__racs.csv,v/v,RAC,extratrees,descriptor_grouped,2,1.20574,0.8316669166666666,0.3967254408060453,0.1809403862300588
ARC-MOF::post_comb_vsa_co2.csv__RAC__racs.csv,v/v,RAC,extratrees,descriptor_grouped,2,0.607506,1.343691726666665,0.1952141057934509,0.3165407220822838
ARC-MOF::post_comb_vsa_co2.csv__RAC__racs.csv,v/v,RAC,extratrees,descriptor_grouped,2,0.959581,2.383990216666662,0.3240973971452561,0.5083963056255247
ARC-MOF::post_comb_vsa_co2.csv__RAC__racs.csv,v/v,RAC,extratrees,descriptor_grouped,2,2.495174,5.522878139999988,0.6158690176322418,0.7401343408900084
ARC-MOF::post_comb_vsa_co2.csv__RAC__racs.csv,v/v,RAC,extratrees,descriptor_grouped,2,8.911744,8.507961996666667,0.8631402183039463,0.8543240973971452
ARC-MOF::post_comb_vsa_co2.csv__RAC__racs.csv,v/v,RAC,extratrees,descriptor_grouped,2,0.559323,1.7572856600000015,0.1767422334172964,0.4126784214945424
ARC-MOF::post_comb_vsa_co2.csv__RAC__racs.csv,v/v,RAC,extratrees,descriptor_grouped,2,0.551953,0.506546746666667,0.17422334172963896,0.07766582703610411
ARC-MOF::post_comb_vsa_co2.csv__RAC__racs.csv,v/v,RAC,extratrees,descriptor_grouped,2,1.212657,1.3773077166666643,0.399664147774979,0.3240973971452561
ARC-MOF::post_comb_vsa_co2.csv__RAC__racs.csv,v/v,RAC,extratrees,descriptor_grouped,2,1.817384,3.734668183333336,0.5214105793450882,0.6406381192275399
ARC-MOF::post_comb_vsa_co2.csv__RAC__racs.csv,v/v,RAC,extratrees,descriptor_grouped,2,2.442164,9.548347723333322,0.6099916036943744,0.8816120906801007
ARC-MOF::post_comb_vsa_co2.csv__RAC__racs.csv,v/v,RAC,extratrees,descriptor_grouped,2,1.11978,1.5883725233333308,0.3723761544920235,0.38161209068010077
ARC-MOF::post_comb_vsa_co2.csv__RAC__racs.csv,v/v,RAC,extratrees,descriptor_grouped,2,2.958504,5.899848036666671,0.6578505457598657,0.7573467674223342
ARC-MOF::post_comb_vsa_co2.csv__RAC__racs.csv,v/v,RAC,extratrees,descriptor_grouped,2,1.951654,3.575228903333336,0.5415617128463476,0.6276238455079765
ARC-MOF::post_comb_vsa_co2.csv__RAC__racs.csv,v/v,RAC,extratrees,descriptor_grouped,2,0.306938,0.70194772,0.06675062972292191,0.14273719563392107
ARC-MOF::post_comb_vsa_co2.csv__RAC__racs.csv,v/v,RAC,extratrees,descriptor_grouped,2,0.731613,0.8879733499999992,0.24433249370277077,0.19563392107472713
ARC-MOF::post_comb_vsa_co2.csv__RAC__racs.csv,v/v,RAC,extratrees,descriptor_grouped,2,17.13739,14.11403150000001,0.9412258606213266,0.9374475230898405
ARC-MOF::post_comb_vsa_co2.csv__RAC__racs.csv,v/v,RAC,extratrees,descriptor_grouped,2,0.582596,0.5633463533333335,0.18513853904282115,0.09613769941225861
ARC-MOF::post_comb_vsa_co2.csv__RAC__racs.csv,v/v,RAC,extratrees,descriptor_grouped,2,8.18508,6.843374086666663,0.8513853904282116,0.7947103274559194
ARC-MOF::post_comb_vsa_co2.csv__RAC__racs.csv,v/v,RAC,extratrees,descriptor_grouped,2,0.311479,0.6012703966666668,0.06968933669185558,0.11167086481947942
ARC-MOF::post_comb_vsa_co2.csv__RAC__racs.csv,v/v,RAC,extratrees,descriptor_grouped,2,3.21876,10.006944450000004,0.6780016792611251,0.8904282115869018
ARC-MOF::post_comb_vsa_co2.csv__RAC__racs.csv,v/v,RAC,extratrees,descriptor_grouped,2,0.310978,0.5672558866666677,0.06842989084802686,0.09697732997481108
ARC-MOF::post_comb_vsa_co2.csv__RAC__racs.csv,v/v,RAC,extratrees,descriptor_grouped,2,5.372866,3.734139043333333,0.7821158690176322,0.6402183039462637
ARC-MOF::post_comb_vsa_co2.csv__RAC__racs.csv,v/v,RAC,extratrees,descriptor_grouped,2,3.619608,4.449466759999999,0.7015113350125944,0.6834592779177162
ARC-MOF::post_comb_vsa_co2.csv__RAC__racs.csv,v/v,RAC,extratrees,descriptor_grouped,2,3.166249,2.3908647433333305,0.672544080604534,0.5092359361880773
ARC-MOF::post_comb_vsa_co2.csv__RAC__racs.csv,v/v,RAC,extratrees,descriptor_grouped,2,1.964735,1.885379406666666,0.5453400503778337,0.434928631402183
ARC-MOF::post_comb_vsa_co2.csv__RAC__racs.csv,v/v,RAC,extratrees,descriptor_grouped,2,1.85714,2.502837576666665,0.5268681780016793,0.5218303946263644
ARC-MOF::post_comb_vsa_co2.csv__RAC__racs.csv,v/v,RAC,extratrees,descriptor_grouped,2,0.768366,1.0858908100000002,0.25818639798488663,0.244752308984047
ARC-MOF::post_comb_vsa_co2.csv__RAC__racs.csv,v/v,RAC,extratrees,descriptor_grouped,2,6.263058,4.395475013333339,0.8140218303946264,0.6792611251049538
ARC-MOF::post_comb_vsa_co2.csv__RAC__racs.csv,v/v,RAC,extratrees,descriptor_grouped,2,0.663815,1.555722410000001,0.21578505457598657,0.37489504617968095
ARC-MOF::post_comb_vsa_co2.csv__RAC__racs.csv,v/v,RAC,extratrees,descriptor_grouped,2,0.294692,0.4129894666666676,0.06213266162888329,0.04659949622166247
ARC-MOF::post_comb_vsa_co2.csv__RAC__racs.csv,v/v,RAC,extratrees,descriptor_grouped,2,1.298507,3.2231644266666684,0.42401343408900083,0.5978169605373636
ARC-MOF::post_comb_vsa_co2.csv__RAC__racs.csv,v/v,RAC,extratrees,descriptor_grouped,2,10.265803,15.867372586666669,0.882031905961377,0.9500419815281276
ARC-MOF::post_comb_vsa_co2.csv__RAC__racs.csv,v/v,RAC,extratrees,descriptor_grouped,2,1.881711,1.6940051900000022,0.5319059613769941,0.3988245172124265
ARC-MOF::post_comb_vsa_co2.csv__RAC__racs.csv,v/v,RAC,extratrees,descriptor_grouped,2,1.454252,2.0410403266666624,0.4550797649034425,0.45843828715365237
ARC-MOF::post_comb_vsa_co2.csv__RAC__racs.csv,v/v,RAC,extratrees,descriptor_grouped,2,6.237919,4.877853516666669,0.8119227539882452,0.7090680100755667
ARC-MOF::post_comb_vsa_co2.csv__RAC__racs.csv,v/v,RAC,extratrees,descriptor_grouped,2,1.245276,2.0010337833333343,0.40848026868178,0.45046179680940385
ARC-MOF::post_comb_vsa_co2.csv__RAC__racs.csv,v/v,RAC,extratrees,descriptor_grouped,2,1.40166,4.149925943333332,0.44794290512174645,0.6645675902602854
ARC-MOF::post_comb_vsa_co2.csv__RAC__racs.csv,v/v,RAC,extratrees,descriptor_grouped,2,1.196724,1.0982074300000002,0.39252728799328296,0.24937027707808565
ARC-MOF::post_comb_vsa_co2.csv__RAC__racs.csv,v/v,RAC,extratrees,descriptor_grouped,2,2.183091,4.0261487533333336,0.5751469353484466,0.6595298068849706
ARC-MOF::post_comb_vsa_co2.csv__RAC__racs.csv,v/v,RAC,extratrees,descriptor_grouped,2,7.686645,6.2879414166666665,0.8421494542401343,0.7712006717044501
ARC-MOF::post_comb_vsa_co2.csv__RAC__racs.csv,v/v,RAC,extratrees,descriptor_grouped,2,16.965767,4.756272270000004,0.9408060453400504,0.702350965575147
ARC-MOF::post_comb_vsa_co2.csv__RAC__racs.csv,v/v,RAC,extratrees,descriptor_grouped,2,0.668786,1.2054788633333344,0.2170445004198153,0.2741393786733837
ARC-MOF::post_comb_vsa_co2.csv__RAC__racs.csv,v/v,RAC,extratrees,descriptor_grouped,2,1.209709,1.3111367666666665,0.3975650713685978,0.3043660789252729
ARC-MOF::post_comb_vsa_co2.csv__RAC__racs.csv,v/v,RAC,extratrees,descriptor_grouped,2,1.753306,1.6437682666666673,0.5096557514693535,0.3895885810243493
ARC-MOF::post_comb_vsa_co2.csv__RAC__racs.csv,v/v,RAC,extratrees,descriptor_grouped,2,1.204273,1.087539526666668,0.39588581024349284,0.24517212426532325
ARC-MOF::post_comb_vsa_co2.csv__RAC__racs.csv,v/v,RAC,extratrees,descriptor_grouped,2,1.067081,2.4793106433333376,0.3589420654911839,0.5188916876574308
ARC-MOF::post_comb_vsa_co2.csv__RAC__racs.csv,v/v,RAC,extratrees,descriptor_grouped,2,4.945104,6.422370776666672,0.7661628883291351,0.7758186397984886
ARC-MOF::post_comb_vsa_co2.csv__RAC__racs.csv,v/v,RAC,extratrees,descriptor_grouped,2,0.942248,0.5372993966666666,0.3165407220822838,0.08942065491183879
ARC-MOF::post_comb_vsa_co2.csv__RAC__racs.csv,v/v,RAC,extratrees,descriptor_grouped,2,6.94584,11.394096153333324,0.8278757346767422,0.9105793450881612
ARC-MOF::post_comb_vsa_co2.csv__RAC__racs.csv,v/v,RAC,extratrees,descriptor_grouped,2,0.535695,0.560226763333333,0.16750629722921914,0.0948782535684299
ARC-MOF::post_comb_vsa_co2.csv__RAC__racs.csv,v/v,RAC,extratrees,descriptor_grouped,2,5.813337,2.57370935,0.801007556675063,0.5298068849706129
ARC-MOF::post_comb_vsa_co2.csv__RAC__racs.csv,v/v,RAC,extratrees,descriptor_grouped,2,7.584737,6.625264766666663,0.8408900083963057,0.7875734676742233
ARC-MOF::post_comb_vsa_co2.csv__RAC__racs.csv,v/v,RAC,extratrees,descriptor_grouped,2,0.187164,0.2207741833333334,0.019731318219983206,0.003778337531486146
ARC-MOF::post_comb_vsa_co2.csv__RAC__racs.csv,v/v,RAC,extratrees,descriptor_grouped,2,19.192043,25.39721436666675,0.9521410579345088,0.9827875734676742
ARC-MOF::post_comb_vsa_co2.csv__RAC__racs.csv,v/v,RAC,extratrees,descriptor_grouped,2,5.839085,5.226302029999999,0.8018471872376155,0.7275398824517213
ARC-MOF::post_comb_vsa_co2.csv__RAC__racs.csv,v/v,RAC,extratrees,descriptor_grouped,2,1.585377,2.1035056400000007,0.4836272040302267,0.46851385390428213
ARC-MOF::post_comb_vsa_co2.csv__RAC__racs.csv,v/v,RAC,extratrees,descriptor_grouped,2,4.67677,3.766476393333334,0.7523089840470193,0.6427371956339211
ARC-MOF::post_comb_vsa_co2.csv__RAC__racs.csv,v/v,RAC,extratrees,descriptor_grouped,2,1.261528,2.6709864150000016,0.4126784214945424,0.5415617128463476
ARC-MOF::post_comb_vsa_co2.csv__RAC__racs.csv,v/v,RAC,extratrees,descriptor_grouped,2,0.700655,1.0711204466666684,0.23173803526448364,0.2409739714525609
ARC-MOF::post_comb_vsa_co2.csv__RAC__racs.csv,v/v,RAC,extratrees,descriptor_grouped,2,0.52237,1.2594719900000009,0.16204869857262805,0.2875734676742233
ARC-MOF::post_comb_vsa_co2.csv__RAC__racs.csv,v/v,RAC,extratrees,descriptor_grouped,2,2.971114,1.6588188899999985,0.6591099916036943,0.39210747271200674
ARC-MOF::post_comb_vsa_co2.csv__RAC__racs.csv,v/v,RAC,extratrees,descriptor_grouped,2,0.406069,0.9066626300000008,0.11083123425692695,0.1998320738874895
ARC-MOF::post_comb_vsa_co2.csv__RAC__racs.csv,v/v,RAC,extratrees,descriptor_grouped,2,0.410781,0.5862699433333343,0.11293031066330815,0.10621326616288833
ARC-MOF::post_comb_vsa_co2.csv__RAC__racs.csv,v/v,RAC,extratrees,descriptor_grouped,2,1.018804,1.0383223733333344,0.3404701931150294,0.23425692695214106
ARC-MOF::post_comb_vsa_co2.csv__RAC__racs.csv,v/v,RAC,extratrees,descriptor_grouped,2,4.244576,14.012851553333352,0.7300587741393787,0.936607892527288
ARC-MOF::post_comb_vsa_co2.csv__RAC__racs.csv,v/v,RAC,extratrees,descriptor_grouped,2,40.142659,3.426593120000009,0.9886649874055415,0.6137699412258606
ARC-MOF::post_comb_vsa_co2.csv__RAC__racs.csv,v/v,RAC,extratrees,descriptor_grouped,2,0.427148,0.7188877333333336,0.1200671704450042,0.14777497900923595
ARC-MOF::post_comb_vsa_co2.csv__RAC__racs.csv,v/v,RAC,extratrees,descriptor_grouped,2,0.762676,0.6973117700000006,0.25692695214105793,0.14105793450881612
ARC-MOF::post_comb_vsa_co2.csv__RAC__racs.csv,v/v,RAC,extratrees,descriptor_grouped,2,7.369207,3.930420699999999,0.8358522250209908,0.654911838790932
ARC-MOF::post_comb_vsa_co2.csv__RAC__racs.csv,v/v,RAC,extratrees,descriptor_grouped,2,8.629329,8.904685113333326,0.8572628043660789,0.8681780016792612
ARC-MOF::post_comb_vsa_co2.csv__RAC__racs.csv,v/v,RAC,extratrees,descriptor_grouped,2,0.895257,1.7375067166666682,0.2976490344248531,0.41015952980688497
ARC-MOF::post_comb_vsa_co2.csv__RAC__racs.csv,v/v,RAC,extratrees,descriptor_grouped,2,22.456135,3.659043813333329,0.9626364399664148,0.6326616288832914
ARC-MOF::post_comb_vsa_co2.csv__RAC__racs.csv,v/v,RAC,extratrees,descriptor_grouped,2,1.433933,2.3121958133333336,0.45004198152812763,0.4966414777497901
ARC-MOF::post_comb_vsa_co2.csv__RAC__racs.csv,v/v,RAC,extratrees,descriptor_grouped,2,34.160693,13.444583529999996,0.9844668345927792,0.9315701091519731
ARC-MOF::post_comb_vsa_co2.csv__RAC__racs.csv,v/v,RAC,extratrees,descriptor_grouped,2,5.351497,5.976221039999994,0.7812762384550798,0.7602854743912678
ARC-MOF::post_comb_vsa_co2.csv__RAC__racs.csv,v/v,RAC,extratrees,descriptor_grouped,2,2.219246,2.8537487733333378,0.5797649034424853,0.5625524769101595
ARC-MOF::post_comb_vsa_co2.csv__RAC__racs.csv,v/v,RAC,extratrees,descriptor_grouped,2,1.371448,1.672790636666668,0.4412258606213266,0.39420654911838793
ARC-MOF::post_comb_vsa_co2.csv__RAC__racs.csv,v/v,RAC,extratrees,descriptor_grouped,2,0.487163,1.535489886666666,0.1452560873215785,0.3690176322418136
ARC-MOF::post_comb_vsa_co2.csv__RAC__racs.csv,v/v,RAC,extratrees,descriptor_grouped,2,4.751599,4.852945573333325,0.7560873215785054,0.707808564231738
ARC-MOF::post_comb_vsa_co2.csv__RAC__racs.csv,v/v,RAC,extratrees,descriptor_grouped,2,13.562419,15.002906073333316,0.9168765743073047,0.943744752308984
ARC-MOF::post_comb_vsa_co2.csv__RAC__racs.csv,v/v,RAC,extratrees,descriptor_grouped,2,4.470497,1.2294276300000009,0.7426532325776658,0.2795969773299748
ARC-MOF::post_comb_vsa_co2.csv__RAC__racs.csv,v/v,RAC,extratrees,descriptor_grouped,2,17.652965,12.967676310000032,0.9429051217464316,0.9273719563392108
ARC-MOF::post_comb_vsa_co2.csv__RAC__racs.csv,v/v,RAC,extratrees,descriptor_grouped,2,6.680499,7.078642769999996,0.8219983207388749,0.8043660789252729
ARC-MOF::post_comb_vsa_co2.csv__RAC__racs.csv,v/v,RAC,extratrees,descriptor_grouped,2,5.013844,7.770763273333335,0.7707808564231738,0.8299748110831234
ARC-MOF::post_comb_vsa_co2.csv__RAC__racs.csv,v/v,RAC,extratrees,descriptor_grouped,2,19.066931,10.818490456666668,0.9500419815281276,0.9034424853064652
ARC-MOF::post_comb_vsa_co2.csv__RAC__racs.csv,v/v,RAC,extratrees,descriptor_grouped,2,1.460886,9.024993013333338,0.45675902602854745,0.871536523929471
ARC-MOF::post_comb_vsa_co2.csv__RAC__racs.csv,v/v,RAC,extratrees,descriptor_grouped,2,4.390233,2.894109176666664,0.7384550797649034,0.5684298908480269
ARC-MOF::post_comb_vsa_co2.csv__RAC__racs.csv,v/v,RAC,extratrees,descriptor_grouped,2,0.310797,0.4615172733333339,0.06801007556675064,0.061293031066330814
ARC-MOF::post_comb_vsa_co2.csv__RAC__racs.csv,v/v,RAC,extratrees,descriptor_grouped,2,11.273037,18.745118906666697,0.8958858102434929,0.9659949622166247
ARC-MOF::post_comb_vsa_co2.csv__RAC__racs.csv,v/v,RAC,extratrees,descriptor_grouped,2,1.347207,1.4022564599999994,0.43702770780856426,0.33249370277078083
ARC-MOF::post_comb_vsa_co2.csv__RAC__racs.csv,v/v,RAC,extratrees,descriptor_grouped,2,0.380481,0.468223923333333,0.09949622166246852,0.0644416456759026
ARC-MOF::post_comb_vsa_co2.csv__RAC__racs.csv,v/v,RAC,extratrees,descriptor_grouped,2,2.111738,2.623471683333335,0.5646515533165407,0.5356842989084802
ARC-MOF::post_comb_vsa_co2.csv__RAC__racs.csv,v/v,RAC,extratrees,descriptor_grouped,2,0.184902,0.3276906116666671,0.018891687657430732,0.028127623845507977
ARC-MOF::post_comb_vsa_co2.csv__RAC__racs.csv,v/v,RAC,extratrees,descriptor_grouped,2,0.110381,2.856439283333331,0.0008396305625524769,0.5629722921914357
ARC-MOF::post_comb_vsa_co2.csv__RAC__racs.csv,v/v,RAC,extratrees,descriptor_grouped,2,0.775217,6.918791183333323,0.26154492023509657,0.797649034424853
ARC-MOF::post_comb_vsa_co2.csv__RAC__racs.csv,v/v,RAC,extratrees,descriptor_grouped,2,0.448345,0.769605256666668,0.12762384550797648,0.1616288832913518
ARC-MOF::post_comb_vsa_co2.csv__RAC__racs.csv,v/v,RAC,extratrees,descriptor_grouped,2,5.874437,6.1101726633333415,0.8026868178001679,0.7636439966414778
ARC-MOF::post_comb_vsa_co2.csv__RAC__racs.csv,v/v,RAC,extratrees,descriptor_grouped,2,5.465653,21.05741455333332,0.7871536523929471,0.9727120067170445
ARC-MOF::post_comb_vsa_co2.csv__RAC__racs.csv,v/v,RAC,extratrees,descriptor_grouped,2,0.98038,2.8276956766666754,0.33039462636439965,0.5604534005037783
ARC-MOF::post_comb_vsa_co2.csv__RAC__racs.csv,v/v,RAC,extratrees,descriptor_grouped,2,11.971958,7.786033896666677,0.9063811922753988,0.8303946263643996
ARC-MOF::post_comb_vsa_co2.csv__RAC__racs.csv,v/v,RAC,extratrees,descriptor_grouped,2,1.373522,1.4722538866666677,0.44164567590260284,0.3534844668345928
ARC-MOF::post_comb_vsa_co2.csv__RAC__racs.csv,v/v,RAC,extratrees,descriptor_grouped,2,46.711318,41.278371899999954,0.9932829554995802,0.9911838790931989
ARC-MOF::post_comb_vsa_co2.csv__RAC__racs.csv,v/v,RAC,extratrees,descriptor_grouped,2,12.410084,8.264156433333337,0.9097397145256088,0.846767422334173
ARC-MOF::post_comb_vsa_co2.csv__RAC__racs.csv,v/v,RAC,extratrees,descriptor_grouped,2,0.870564,1.047299450000001,0.29135180520570947,0.23551637279596976
ARC-MOF::post_comb_vsa_co2.csv__RAC__racs.csv,v/v,RAC,extratrees,descriptor_grouped,2,1.609473,3.1726492533333346,0.4869857262804366,0.5940386230058774
ARC-MOF::post_comb_vsa_co2.csv__RAC__racs.csv,v/v,RAC,extratrees,descriptor_grouped,2,2.655095,4.393148470000002,0.6322418136020151,0.6784214945424013
ARC-MOF::post_comb_vsa_co2.csv__RAC__racs.csv,v/v,RAC,extratrees,descriptor_grouped,2,2.464759,4.447592423333331,0.6120906801007556,0.68303946263644
ARC-MOF::post_comb_vsa_co2.csv__RAC__racs.csv,v/v,RAC,extratrees,descriptor_grouped,2,4.306877,6.627317169999987,0.7334172963895886,0.7879932829554995
ARC-MOF::post_comb_vsa_co2.csv__RAC__racs.csv,v/v,RAC,extratrees,descriptor_grouped,2,2.152081,1.5890915799999985,0.5713685978169606,0.38245172124265325
ARC-MOF::post_comb_vsa_co2.csv__RAC__racs.csv,v/v,RAC,extratrees,descriptor_grouped,2,5.574034,5.71657868000001,0.790512174643157,0.7489504617968094
ARC-MOF::post_comb_vsa_co2.csv__RAC__racs.csv,v/v,RAC,extratrees,descriptor_grouped,2,2.219551,0.8365285899999991,0.5801847187237615,0.18303946263643997
ARC-MOF::post_comb_vsa_co2.csv__RAC__racs.csv,v/v,RAC,extratrees,descriptor_grouped,2,2.018557,1.5211859866666664,0.5537363560033586,0.36523929471032746
ARC-MOF::post_comb_vsa_co2.csv__RAC__racs.csv,v/v,RAC,extratrees,descriptor_grouped,2,0.328124,0.6923237833333346,0.0764063811922754,0.13937867338371115
ARC-MOF::post_comb_vsa_co2.csv__RAC__racs.csv,v/v,RAC,extratrees,descriptor_grouped,2,7.942844,3.4691794800000064,0.8463476070528967,0.6171284634760705
ARC-MOF::post_comb_vsa_co2.csv__RAC__racs.csv,v/v,RAC,extratrees,descriptor_grouped,2,1.374573,3.802448623333334,0.4424853064651553,0.6456759026028548
ARC-MOF::post_comb_vsa_co2.csv__RAC__racs.csv,v/v,RAC,extratrees,descriptor_grouped,2,1.776005,2.783517233333332,0.5142737195633921,0.554575986565911
ARC-MOF::post_comb_vsa_co2.csv__RAC__racs.csv,v/v,RAC,extratrees,descriptor_grouped,2,3.759953,3.918636096666666,0.7115869017632241,0.6536523929471033
ARC-MOF::post_comb_vsa_co2.csv__RAC__racs.csv,v/v,RAC,extratrees,descriptor_grouped,2,8.503538,7.427233990000004,0.8560033585222502,0.8207388748950462
ARC-MOF::post_comb_vsa_co2.csv__RAC__racs.csv,v/v,RAC,extratrees,descriptor_grouped,2,0.382538,0.7842399166666679,0.09991603694374475,0.16834592779177163
ARC-MOF::post_comb_vsa_co2.csv__RAC__racs.csv,v/v,RAC,extratrees,descriptor_grouped,2,1.318598,1.7907870666666674,0.42863140218303947,0.41855583543240976
ARC-MOF::post_comb_vsa_co2.csv__RAC__racs.csv,v/v,RAC,extratrees,descriptor_grouped,2,32.272253,8.927183706666655,0.9819479429051218,0.8685978169605374
ARC-MOF::post_comb_vsa_co2.csv__RAC__racs.csv,v/v,RAC,extratrees,descriptor_grouped,2,1.339307,1.2762051733333335,0.43282955499580184,0.2926112510495382
ARC-MOF::post_comb_vsa_co2.csv__RAC__racs.csv,v/v,RAC,extratrees,descriptor_grouped,2,0.230185,0.292210556666667,0.036523929471032744,0.020990764063811923
ARC-MOF::post_comb_vsa_co2.csv__RAC__racs.csv,v/v,RAC,extratrees,descriptor_grouped,2,18.338278,19.763028400000007,0.9458438287153652,0.9685138539042821
ARC-MOF::post_comb_vsa_co2.csv__RAC__racs.csv,v/v,RAC,extratrees,descriptor_grouped,2,4.51393,3.0990444799999985,0.7439126784214946,0.5881612090680101
ARC-MOF::post_comb_vsa_co2.csv__RAC__racs.csv,v/v,RAC,extratrees,descriptor_grouped,2,0.805968,1.2265735000000006,0.2707808564231738,0.2783375314861461
ARC-MOF::post_comb_vsa_co2.csv__RAC__racs.csv,v/v,RAC,extratrees,descriptor_grouped,2,3.489115,4.833631116666675,0.6943744752308985,0.7057094878253568
ARC-MOF::post_comb_vsa_co2.csv__RAC__racs.csv,v/v,RAC,extratrees,descriptor_grouped,2,24.848859,42.76100951666659,0.9693534844668346,0.9937027707808564
ARC-MOF::post_comb_vsa_co2.csv__RAC__racs.csv,v/v,RAC,extratrees,descriptor_grouped,2,2.389803,2.2144857900000017,0.5999160369437447,0.4827875734676742
ARC-MOF::post_comb_vsa_co2.csv__RAC__racs.csv,v/v,RAC,extratrees,descriptor_grouped,2,1.571585,3.492107156666662,0.4802686817800168,0.6183879093198993
ARC-MOF::post_comb_vsa_co2.csv__RAC__racs.csv,v/v,RAC,extratrees,descriptor_grouped,2,2.230105,2.9083997800000025,0.5814441645675903,0.5696893366918556
ARC-MOF::post_comb_vsa_co2.csv__RAC__racs.csv,v/v,RAC,extratrees,descriptor_grouped,2,4.556118,1.952321826666665,0.7451721242653233,0.4445843828715365
ARC-MOF::post_comb_vsa_co2.csv__RAC__racs.csv,v/v,RAC,extratrees,descriptor_grouped,2,4.862545,8.93671712999999,0.7615449202350966,0.8690176322418136
ARC-MOF::post_comb_vsa_co2.csv__RAC__racs.csv,v/v,RAC,extratrees,descriptor_grouped,2,0.843136,0.7050460233333337,0.28295549958018473,0.1439966414777498
ARC-MOF::post_comb_vsa_co2.csv__RAC__racs.csv,v/v,RAC,extratrees,descriptor_grouped,2,6.801549,7.543938426666672,0.8245172124265323,0.8240973971452561
ARC-MOF::post_comb_vsa_co2.csv__RAC__racs.csv,v/v,RAC,extratrees,descriptor_grouped,2,0.954162,1.5505524233333323,0.32073887489504616,0.373215785054576
ARC-MOF::post_comb_vsa_co2.csv__RAC__racs.csv,v/v,RAC,extratrees,descriptor_grouped,2,2.678078,10.770103989999996,0.6339210747271201,0.9030226700251889
ARC-MOF::post_comb_vsa_co2.csv__RAC__racs.csv,v/v,RAC,extratrees,descriptor_grouped,2,0.215581,0.6033841366666651,0.03442485306465155,0.11293031066330815
ARC-MOF::post_comb_vsa_co2.csv__RAC__racs.csv,v/v,RAC,extratrees,descriptor_grouped,2,17.942239,28.195931776666683,0.9445843828715366,0.9844668345927792
ARC-MOF::post_comb_vsa_co2.csv__RAC__racs.csv,v/v,RAC,extratrees,descriptor_grouped,2,1.213446,1.9026762966666655,0.40008396305625527,0.4399664147774979
ARC-MOF::post_comb_vsa_co2.csv__RAC__racs.csv,v/v,RAC,extratrees,descriptor_grouped,2,4.142069,2.576103334999992,0.7250209907640638,0.5302267002518891
ARC-MOF::post_comb_vsa_co2.csv__RAC__racs.csv,v/v,RAC,extratrees,descriptor_grouped,2,1.257439,1.4044921133333326,0.4105793450881612,0.3341729638958858
ARC-MOF::post_comb_vsa_co2.csv__RAC__racs.csv,v/v,RAC,extratrees,descriptor_grouped,2,0.804071,1.671864960000001,0.2695214105793451,0.39378673383711166
ARC-MOF::post_comb_vsa_co2.csv__RAC__racs.csv,v/v,RAC,extratrees,descriptor_grouped,2,2.254509,2.354578783333336,0.5827036104114189,0.5025188916876574
ARC-MOF::post_comb_vsa_co2.csv__RAC__racs.csv,v/v,RAC,extratrees,descriptor_grouped,2,1.203775,1.8127663066666695,0.3950461796809404,0.42191435768261965
ARC-MOF::post_comb_vsa_co2.csv__RAC__racs.csv,v/v,RAC,extratrees,descriptor_grouped,2,1.193838,1.9926432633333344,0.3916876574307305,0.44962216624685136
ARC-MOF::post_comb_vsa_co2.csv__RAC__racs.csv,v/v,RAC,extratrees,descriptor_grouped,2,2.689418,7.365898396666671,0.635600335852225,0.818639798488665
ARC-MOF::post_comb_vsa_co2.csv__RAC__racs.csv,v/v,RAC,extratrees,descriptor_grouped,2,0.607143,0.6511969766666662,0.1943744752308984,0.12720403022670027
ARC-MOF::post_comb_vsa_co2.csv__RAC__racs.csv,v/v,RAC,extratrees,descriptor_grouped,2,0.527287,0.8623468000000025,0.163727959697733,0.1889168765743073
ARC-MOF::post_comb_vsa_co2.csv__RAC__racs.csv,v/v,RAC,extratrees,descriptor_grouped,2,1.209479,2.3473060666666625,0.3971452560873216,0.501679261125105
ARC-MOF::post_comb_vsa_co2.csv__RAC__racs.csv,v/v,RAC,extratrees,descriptor_grouped,2,1.098327,2.015985826666668,0.3681780016792611,0.4538203190596138
ARC-MOF::post_comb_vsa_co2.csv__RAC__racs.csv,v/v,RAC,extratrees,descriptor_grouped,2,0.643745,1.2556263566666683,0.20780856423173805,0.2871536523929471
ARC-MOF::post_comb_vsa_co2.csv__RAC__racs.csv,v/v,RAC,extratrees,descriptor_grouped,2,13.528747,8.075750176666661,0.9160369437447523,0.8408900083963057
ARC-MOF::post_comb_vsa_co2.csv__RAC__racs.csv,v/v,RAC,extratrees,descriptor_grouped,2,12.338928,14.29241288999998,0.9093198992443325,0.9382871536523929
ARC-MOF::post_comb_vsa_co2.csv__RAC__racs.csv,v/v,RAC,extratrees,descriptor_grouped,2,0.499972,0.5507879033333333,0.1528127623845508,0.0927791771620487
ARC-MOF::post_comb_vsa_co2.csv__RAC__racs.csv,v/v,RAC,extratrees,descriptor_grouped,2,14.798011,17.980506873333326,0.9265323257766582,0.9601175482787574
ARC-MOF::post_comb_vsa_co2.csv__RAC__racs.csv,v/v,RAC,extratrees,descriptor_grouped,2,1.302859,1.391103783333332,0.4256926952141058,0.32787573467674225
ARC-MOF::post_comb_vsa_co2.csv__RAC__racs.csv,v/v,RAC,extratrees,descriptor_grouped,2,1.141706,1.931158728333333,0.37615449202350965,0.4424853064651553
ARC-MOF::post_comb_vsa_co2.csv__RAC__racs.csv,v/v,RAC,extratrees,descriptor_grouped,2,0.908994,0.7661972200000006,0.30394626364399663,0.16036943744752308
ARC-MOF::post_comb_vsa_co2.csv__RAC__racs.csv,v/v,RAC,extratrees,descriptor_grouped,2,1.849111,2.1640159533333376,0.5247691015952981,0.47732997481108314
ARC-MOF::post_comb_vsa_co2.csv__RAC__racs.csv,v/v,RAC,extratrees,descriptor_grouped,2,1.39753,1.0673640633333312,0.4466834592779177,0.2401343408900084
ARC-MOF::post_comb_vsa_co2.csv__RAC__racs.csv,v/v,RAC,extratrees,descriptor_grouped,2,11.274846,3.477046283333327,0.8963056255247691,0.6175482787573467
ARC-MOF::post_comb_vsa_co2.csv__RAC__racs.csv,v/v,RAC,extratrees,descriptor_grouped,2,4.89539,12.501566729999997,0.7632241813602015,0.9227539882451721
ARC-MOF::post_comb_vsa_co2.csv__RAC__racs.csv,v/v,RAC,extratrees,descriptor_grouped,2,0.861759,0.7580750866666672,0.2892527287993283,0.1582703610411419
ARC-MOF::post_comb_vsa_co2.csv__RAC__racs.csv,v/v,RAC,extratrees,descriptor_grouped,2,0.956922,1.4999731166666652,0.3217884130982368,0.3623005877413938
ARC-MOF::post_comb_vsa_co2.csv__RAC__racs.csv,v/v,RAC,extratrees,descriptor_grouped,2,3.747999,2.8322534833333344,0.7107472712006717,0.5608732157850546
ARC-MOF::post_comb_vsa_co2.csv__RAC__racs.csv,v/v,RAC,extratrees,descriptor_grouped,2,0.728514,0.9068007633333334,0.24265323257766583,0.20025188916876574
ARC-MOF::post_comb_vsa_co2.csv__RAC__racs.csv,v/v,RAC,extratrees,descriptor_grouped,2,14.158422,11.091016553333343,0.9214945424013434,0.9089000839630562
ARC-MOF::post_comb_vsa_co2.csv__RAC__racs.csv,v/v,RAC,extratrees,descriptor_grouped,2,0.285775,0.3577659633333338,0.05877413937867338,0.03316540722082284
ARC-MOF::post_comb_vsa_co2.csv__RAC__racs.csv,v/v,RAC,extratrees,descriptor_grouped,2,1.097474,7.296748603333333,0.36733837111670864,0.8136020151133502
ARC-MOF::post_comb_vsa_co2.csv__RAC__racs.csv,v/v,RAC,extratrees,descriptor_grouped,2,0.535218,2.0228017533333387,0.1670864819479429,0.45424013434089
ARC-MOF::post_comb_vsa_co2.csv__RAC__racs.csv,v/v,RAC,extratrees,descriptor_grouped,2,2.629044,4.047143047222216,0.6314021830394626,0.6599496221662469
ARC-MOF::post_comb_vsa_co2.csv__RAC__racs.csv,v/v,RAC,extratrees,descriptor_grouped,2,6.797407,4.682586413333341,0.8240973971452561,0.6981528127623845
ARC-MOF::post_comb_vsa_co2.csv__RAC__racs.csv,v/v,RAC,extratrees,descriptor_grouped,2,1.485444,1.8125365950000016,0.46137699412258604,0.42149454240134343
ARC-MOF::post_comb_vsa_co2.csv__RAC__racs.csv,v/v,RAC,extratrees,descriptor_grouped,2,5.727349,13.099013473333327,0.7951301427371956,0.9286314021830394
ARC-MOF::post_comb_vsa_co2.csv__RAC__racs.csv,v/v,RAC,extratrees,descriptor_grouped,2,8.292339,9.36488872333334,0.8534844668345928,0.8778337531486146
ARC-MOF::post_comb_vsa_co2.csv__RAC__racs.csv,v/v,RAC,extratrees,descriptor_grouped,2,1.435692,2.281239903333333,0.45046179680940385,0.4920235096557515
ARC-MOF::post_comb_vsa_co2.csv__RAC__racs.csv,v/v,RAC,extratrees,descriptor_grouped,2,0.516991,0.7705433366666667,0.15952980688497062,0.16288832913518053
ARC-MOF::post_comb_vsa_co2.csv__RAC__racs.csv,v/v,RAC,extratrees,descriptor_grouped,2,0.627842,1.3668211900000018,0.2019311502938707,0.3224181360201511
ARC-MOF::post_comb_vsa_co2.csv__RAC__racs.csv,v/v,RAC,extratrees,descriptor_grouped,2,0.442127,0.5196277433333342,0.12510495382031905,0.08270361041141898
ARC-MOF::post_comb_vsa_co2.csv__RAC__racs.csv,v/v,RAC,extratrees,descriptor_grouped,2,14.293106,7.341393700000008,0.9227539882451721,0.8157010915197314
ARC-MOF::post_comb_vsa_co2.csv__RAC__racs.csv,v/v,RAC,extratrees,descriptor_grouped,2,1.292735,1.412098890000003,0.42149454240134343,0.3354324097397145
ARC-MOF::post_comb_vsa_co2.csv__RAC__racs.csv,v/v,RAC,extratrees,descriptor_grouped,2,2.430544,3.4440711866666645,0.6057934508816121,0.6146095717884131
ARC-MOF::post_comb_vsa_co2.csv__RAC__racs.csv,v/v,RAC,extratrees,descriptor_grouped,2,1.69241,5.478026643333334,0.5008396305625524,0.7384550797649034
ARC-MOF::post_comb_vsa_co2.csv__RAC__racs.csv,v/v,RAC,extratrees,descriptor_grouped,2,1.248726,3.7180156833333378,0.40890008396305627,0.6385390428211587
ARC-MOF::post_comb_vsa_co2.csv__RAC__racs.csv,v/v,RAC,extratrees,descriptor_grouped,2,0.269565,0.2705016866666669,0.05079764903442485,0.013853904282115869
ARC-MOF::post_comb_vsa_co2.csv__RAC__racs.csv,v/v,RAC,extratrees,descriptor_grouped,2,0.379646,0.5737050600000002,0.09865659109991604,0.09991603694374475
ARC-MOF::post_comb_vsa_co2.csv__RAC__racs.csv,v/v,RAC,extratrees,descriptor_grouped,2,1.017032,1.331080126666664,0.33921074727120065,0.3131821998320739
ARC-MOF::post_comb_vsa_co2.csv__RAC__racs.csv,v/v,RAC,extratrees,descriptor_grouped,2,0.340831,3.1522398066666653,0.08144416456759027,0.5902602854743912
ARC-MOF::post_comb_vsa_co2.csv__RAC__racs.csv,v/v,RAC,extratrees,descriptor_grouped,2,6.217114,8.027655566666676,0.8110831234256927,0.8387909319899244
ARC-MOF::post_comb_vsa_co2.csv__RAC__racs.csv,v/v,RAC,extratrees,descriptor_grouped,2,7.245006,2.504723000000004,0.8324937027707808,0.5222502099076406
ARC-MOF::post_comb_vsa_co2.csv__RAC__racs.csv,v/v,RAC,extratrees,descriptor_grouped,2,0.616188,0.7072023666666655,0.1964735516372796,0.14441645675902604
ARC-MOF::post_comb_vsa_co2.csv__RAC__racs.csv,v/v,RAC,extratrees,descriptor_grouped,2,1.537513,1.577103273333332,0.4722921914357683,0.3790931989924433
ARC-MOF::post_comb_vsa_co2.csv__RAC__racs.csv,v/v,RAC,extratrees,descriptor_grouped,2,1.337685,1.6996885616666684,0.43157010915197314,0.40008396305625527
ARC-MOF::post_comb_vsa_co2.csv__RAC__racs.csv,v/v,RAC,extratrees,descriptor_grouped,2,1.085523,1.1710002733333338,0.36397984886649876,0.26700251889168763
ARC-MOF::post_comb_vsa_co2.csv__RAC__racs.csv,v/v,RAC,extratrees,descriptor_grouped,2,2.579232,5.606624240000001,0.6255247691015953,0.7434928631402183
ARC-MOF::post_comb_vsa_co2.csv__RAC__racs.csv,v/v,RAC,extratrees,descriptor_grouped,2,1.169043,5.08479658333334,0.38455079764903444,0.7195633921074727
ARC-MOF::post_comb_vsa_co2.csv__RAC__racs.csv,v/v,RAC,extratrees,descriptor_grouped,2,10.371553,17.376988383333345,0.8837111670864819,0.9571788413098237
ARC-MOF::post_comb_vsa_co2.csv__RAC__racs.csv,v/v,RAC,extratrees,descriptor_grouped,2,5.271113,7.348298193333322,0.7774979009235936,0.8165407220822838
ARC-MOF::post_comb_vsa_co2.csv__RAC__racs.csv,v/v,RAC,extratrees,descriptor_grouped,2,0.197622,0.2718007366666667,0.02392947103274559,0.014273719563392108
ARC-MOF::post_comb_vsa_co2.csv__RAC__racs.csv,v/v,RAC,extratrees,descriptor_grouped,2,2.586642,2.1612557399999983,0.6263643996641478,0.47649034424853065
ARC-MOF::post_comb_vsa_co2.csv__RAC__racs.csv,v/v,RAC,extratrees,descriptor_grouped,2,5.927582,4.660895231666669,0.8052057094878253,0.6968933669185559
ARC-MOF::post_comb_vsa_co2.csv__RAC__racs.csv,v/v,RAC,extratrees,descriptor_grouped,2,5.749926,12.029165216666728,0.7980688497061293,0.9185558354324097
ARC-MOF::post_comb_vsa_co2.csv__RAC__racs.csv,v/v,RAC,extratrees,descriptor_grouped,2,0.245152,0.3303216366666675,0.04114189756507137,0.028967254408060455
ARC-MOF::post_comb_vsa_co2.csv__RAC__racs.csv,v/v,RAC,extratrees,descriptor_grouped,2,49.979018,44.21934267666671,0.9953820319059614,0.9941225860621327
ARC-MOF::post_comb_vsa_co2.csv__RAC__racs.csv,v/v,RAC,extratrees,descriptor_grouped,2,5.690496,6.0330335066666585,0.7947103274559194,0.762384550797649
ARC-MOF::post_comb_vsa_co2.csv__RAC__racs.csv,v/v,RAC,extratrees,descriptor_grouped,2,2.319316,3.969675369999998,0.5885810243492863,0.6561712846347607
ARC-MOF::post_comb_vsa_co2.csv__RAC__racs.csv,v/v,RAC,extratrees,descriptor_grouped,2,1.873827,2.0019345566666638,0.5298068849706129,0.4508816120906801
ARC-MOF::post_comb_vsa_co2.csv__RAC__racs.csv,v/v,RAC,extratrees,descriptor_grouped,2,5.739002,2.5556933833333284,0.7963895885810244,0.5268681780016793
ARC-MOF::post_comb_vsa_co2.csv__RAC__racs.csv,v/v,RAC,extratrees,descriptor_grouped,2,5.867136,3.254113039999992,0.8022670025188917,0.6020151133501259
ARC-MOF::post_comb_vsa_co2.csv__RAC__racs.csv,v/v,RAC,extratrees,descriptor_grouped,2,11.096296,3.707394259999998,0.8937867338371117,0.6376994122586063
ARC-MOF::post_comb_vsa_co2.csv__RAC__racs.csv,v/v,RAC,extratrees,descriptor_grouped,2,2.415527,0.9546445800000004,0.6032745591939547,0.21158690176322417
ARC-MOF::post_comb_vsa_co2.csv__RAC__racs.csv,v/v,RAC,extratrees,descriptor_grouped,2,2.202482,7.176921773333321,0.5776658270361041,0.8077246011754828
ARC-MOF::post_comb_vsa_co2.csv__RAC__racs.csv,v/v,RAC,extratrees,descriptor_grouped,2,0.7416,0.7951354066666672,0.2489504617968094,0.17212426532325778
ARC-MOF::post_comb_vsa_co2.csv__RAC__racs.csv,v/v,RAC,extratrees,descriptor_grouped,2,1.26343,1.754919083333334,0.4139378673383711,0.41183879093198994
ARC-MOF::post_comb_vsa_co2.csv__RAC__racs.csv,v/v,RAC,extratrees,descriptor_grouped,2,1.657685,2.960782876666669,0.49538203190596136,0.5743073047858942
ARC-MOF::post_comb_vsa_co2.csv__RAC__racs.csv,v/v,RAC,extratrees,descriptor_grouped,2,0.810145,0.981179386666667,0.27204030226700254,0.21788413098236775
ARC-MOF::post_comb_vsa_co2.csv__RAC__racs.csv,v/v,RAC,extratrees,descriptor_grouped,2,1.297639,2.929419536666664,0.4235936188077246,0.5709487825356843
ARC-MOF::post_comb_vsa_co2.csv__RAC__racs.csv,v/v,RAC,extratrees,descriptor_grouped,2,1.049243,3.1714075333333303,0.3501259445843829,0.5936188077246012
ARC-MOF::post_comb_vsa_co2.csv__RAC__racs.csv,v/v,RAC,extratrees,descriptor_grouped,2,31.425486,33.41725495999998,0.9798488664987406,0.9882451721242653
ARC-MOF::post_comb_vsa_co2.csv__RAC__racs.csv,v/v,RAC,extratrees,descriptor_grouped,2,0.681736,1.629914830000002,0.2237615449202351,0.38706968933669184
ARC-MOF::post_comb_vsa_co2.csv__RAC__racs.csv,v/v,RAC,extratrees,descriptor_grouped,2,4.682327,6.683966333333335,0.7527287993282955,0.7892527287993283
ARC-MOF::post_comb_vsa_co2.csv__RAC__racs.csv,v/v,RAC,extratrees,descriptor_grouped,2,13.183467,10.695119769999984,0.9151973131821999,0.9013434089000839
ARC-MOF::post_comb_vsa_co2.csv__RAC__racs.csv,v/v,RAC,extratrees,descriptor_grouped,2,0.212038,0.2632963900000001,0.031066330814441646,0.012594458438287154
ARC-MOF::post_comb_vsa_co2.csv__RAC__racs.csv,v/v,RAC,extratrees,descriptor_grouped,2,0.354087,0.5042170766666665,0.08774139378673383,0.0764063811922754
ARC-MOF::post_comb_vsa_co2.csv__RAC__racs.csv,v/v,RAC,extratrees,descriptor_grouped,2,1.219322,2.2491068366666656,0.40260285474391266,0.4878253568429891
ARC-MOF::post_comb_vsa_co2.csv__RAC__racs.csv,v/v,RAC,extratrees,descriptor_grouped,2,1.636468,3.001398563333336,0.4916036943744752,0.5776658270361041
ARC-MOF::post_comb_vsa_co2.csv__RAC__racs.csv,v/v,RAC,extratrees,descriptor_grouped,2,0.394377,0.5486414799999999,0.10495382031905962,0.09151973131821999
ARC-MOF::post_comb_vsa_co2.csv__RAC__racs.csv,v/v,RAC,extratrees,descriptor_grouped,2,0.857774,0.6827421733333348,0.2884130982367758,0.13685978169605373
ARC-MOF::post_comb_vsa_co2.csv__RAC__racs.csv,v/v,RAC,extratrees,descriptor_grouped,2,18.072193,13.706090146666678,0.9450041981528128,0.9340890008396305
ARC-MOF::post_comb_vsa_co2.csv__RAC__racs.csv,v/v,RAC,extratrees,descriptor_grouped,2,2.860884,3.734886000000005,0.6507136859781696,0.6410579345088161
ARC-MOF::post_comb_vsa_co2.csv__RAC__racs.csv,v/v,RAC,extratrees,descriptor_grouped,2,2.534877,3.167212631666668,0.6213266162888329,0.5923593618807724
ARC-MOF::post_comb_vsa_co2.csv__RAC__racs.csv,v/v,RAC,extratrees,descriptor_grouped,2,1.874756,3.4546162333333323,0.5302267002518891,0.6162888329135181
ARC-MOF::post_comb_vsa_co2.csv__RAC__racs.csv,v/v,RAC,extratrees,descriptor_grouped,2,24.251422,9.256668103333334,0.9685138539042821,0.8761544920235097
ARC-MOF::post_comb_vsa_co2.csv__RAC__racs.csv,v/v,RAC,extratrees,descriptor_grouped,2,0.296715,0.6700960799999998,0.06339210747271201,0.13182199832073888
ARC-MOF::post_comb_vsa_co2.csv__RAC__racs.csv,v/v,RAC,extratrees,descriptor_grouped,2,8.528213,4.124225429999997,0.8564231738035264,0.6628883291351805
ARC-MOF::post_comb_vsa_co2.csv__RAC__racs.csv,v/v,RAC,extratrees,descriptor_grouped,2,7.439916,6.783771036666663,0.837951301427372,0.792191435768262
ARC-MOF::post_comb_vsa_co2.csv__RAC__racs.csv,v/v,RAC,extratrees,descriptor_grouped,2,0.315655,0.394996190000001,0.0709487825356843,0.04324097397145256
ARC-MOF::post_comb_vsa_co2.csv__RAC__racs.csv,v/v,RAC,extratrees,descriptor_grouped,2,0.993258,0.8255934900000025,0.33459277917716207,0.1801007556675063
ARC-MOF::post_comb_vsa_co2.csv__RAC__racs.csv,v/v,RAC,extratrees,descriptor_grouped,2,11.662282,17.97834378666667,0.9009235936188077,0.9596977329974811
ARC-MOF::post_comb_vsa_co2.csv__RAC__racs.csv,v/v,RAC,extratrees,descriptor_grouped,2,0.945418,1.016839196666668,0.31738035264483627,0.22879932829554997
ARC-MOF::post_comb_vsa_co2.csv__RAC__racs.csv,v/v,RAC,extratrees,descriptor_grouped,2,1.273653,1.3002754466666662,0.4156171284634761,0.3001679261125105
ARC-MOF::post_comb_vsa_co2.csv__RAC__racs.csv,v/v,RAC,extratrees,descriptor_grouped,2,0.521731,0.7656917,0.1616288832913518,0.15994962216624686
ARC-MOF::post_comb_vsa_co2.csv__RAC__racs.csv,v/v,RAC,extratrees,descriptor_grouped,2,0.523636,1.3500641900000006,0.16330814441645675,0.31947942905121746
ARC-MOF::post_comb_vsa_co2.csv__RAC__racs.csv,v/v,RAC,extratrees,descriptor_grouped,2,3.241284,2.7808237766666664,0.6796809403862301,0.5533165407220823
ARC-MOF::post_comb_vsa_co2.csv__RAC__racs.csv,v/v,RAC,extratrees,descriptor_grouped,2,0.639802,1.393760993333337,0.2073887489504618,0.32829554995801846
ARC-MOF::post_comb_vsa_co2.csv__RAC__racs.csv,v/v,RAC,extratrees,descriptor_grouped,2,0.621857,0.6952044433333333,0.19941225860621326,0.14063811922753988
ARC-MOF::post_comb_vsa_co2.csv__RAC__racs.csv,v/v,RAC,extratrees,descriptor_grouped,2,0.475134,0.7454768199999993,0.14021830394626364,0.15239294710327456
ARC-MOF::post_comb_vsa_co2.csv__RAC__racs.csv,v/v,RAC,extratrees,descriptor_grouped,2,4.830921,4.354048823333335,0.7598656591099916,0.6775818639798489
ARC-MOF::post_comb_vsa_co2.csv__RAC__racs.csv,v/v,RAC,extratrees,descriptor_grouped,2,2.457159,4.240605890000002,0.6116708648194794,0.6704450041981528
ARC-MOF::post_comb_vsa_co2.csv__RAC__racs.csv,v/v,RAC,extratrees,descriptor_grouped,2,0.286238,0.3560307833333339,0.05919395465994962,0.03232577665827036
ARC-MOF::post_comb_vsa_co2.csv__RAC__racs.csv,v/v,RAC,extratrees,descriptor_grouped,2,0.722039,0.6039002566666656,0.23929471032745592,0.11376994122586062
ARC-MOF::post_comb_vsa_co2.csv__RAC__racs.csv,v/v,RAC,extratrees,descriptor_grouped,2,0.818071,1.5501725450000006,0.27371956339210746,0.3723761544920235
ARC-MOF::post_comb_vsa_co2.csv__RAC__racs.csv,v/v,RAC,extratrees,descriptor_grouped,2,10.387903,33.767737810000014,0.8841309823677582,0.9886649874055415
ARC-MOF::post_comb_vsa_co2.csv__RAC__racs.csv,v/v,RAC,extratrees,descriptor_grouped,2,44.586499,19.798182466666667,0.9903442485306465,0.9693534844668346
ARC-MOF::post_comb_vsa_co2.csv__RAC__racs.csv,v/v,RAC,extratrees,descriptor_grouped,2,0.493652,0.4809636799999991,0.14987405541561713,0.06968933669185558
ARC-MOF::post_comb_vsa_co2.csv__RAC__racs.csv,v/v,RAC,extratrees,descriptor_grouped,2,4.609477,8.369473956666672,0.7485306465155331,0.8497061293031066
ARC-MOF::post_comb_vsa_co2.csv__RAC__racs.csv,v/v,RAC,extratrees,descriptor_grouped,2,0.146683,0.4436517300000006,0.006297229219143577,0.05373635600335852
ARC-MOF::post_comb_vsa_co2.csv__RAC__racs.csv,v/v,RAC,extratrees,descriptor_grouped,2,1.242151,2.244795106666669,0.4076406381192275,0.4869857262804366
ARC-MOF::post_comb_vsa_co2.csv__RAC__racs.csv,v/v,RAC,extratrees,descriptor_grouped,2,26.532888,15.427566673333352,0.9718723761544921,0.9475230898404702
ARC-MOF::post_comb_vsa_co2.csv__RAC__racs.csv,v/v,RAC,extratrees,descriptor_grouped,2,25.840079,7.322568889999995,0.9706129303106633,0.8144416456759026
ARC-MOF::post_comb_vsa_co2.csv__RAC__racs.csv,v/v,RAC,extratrees,descriptor_grouped,2,7.202325,3.774376430000008,0.8320738874895046,0.6435768261964736
ARC-MOF::post_comb_vsa_co2.csv__RAC__racs.csv,v/v,RAC,extratrees,descriptor_grouped,2,1.952375,3.0239604300000003,0.5419815281276238,0.5797649034424853
ARC-MOF::post_comb_vsa_co2.csv__RAC__racs.csv,v/v,RAC,extratrees,descriptor_grouped,2,2.19381,3.16174838,0.5764063811922754,0.5919395465994962
ARC-MOF::post_comb_vsa_co2.csv__RAC__racs.csv,v/v,RAC,extratrees,descriptor_grouped,2,5.352581,3.632687183333336,0.781696053736356,0.6318219983207388
ARC-MOF::post_comb_vsa_co2.csv__RAC__racs.csv,v/v,RAC,extratrees,descriptor_grouped,2,4.085466,4.049142219999998,0.7220822837951302,0.6603694374475231
ARC-MOF::post_comb_vsa_co2.csv__RAC__racs.csv,v/v,RAC,extratrees,descriptor_grouped,2,1.67236,2.3796927299999995,0.49748110831234255,0.5067170445004198
ARC-MOF::post_comb_vsa_co2.csv__RAC__racs.csv,v/v,RAC,extratrees,descriptor_grouped,2,1.535358,0.9932418266666668,0.47103274559193953,0.21998320738874896
ARC-MOF::post_comb_vsa_co2.csv__RAC__racs.csv,v/v,RAC,extratrees,descriptor_grouped,2,0.966028,1.0096352233333328,0.32703610411418976,0.22502099076406382
ARC-MOF::post_comb_vsa_co2.csv__RAC__racs.csv,v/v,RAC,extratrees,descriptor_grouped,2,0.593458,0.7553609833333328,0.18933669185558355,0.15785054575986565
ARC-MOF::post_comb_vsa_co2.csv__RAC__racs.csv,v/v,RAC,extratrees,descriptor_grouped,2,7.357547,8.516769123333324,0.8354324097397146,0.8551637279596978
ARC-MOF::post_comb_vsa_co2.csv__RAC__racs.csv,v/v,RAC,extratrees,descriptor_grouped,2,1.070881,0.6258351166666665,0.35978169605373633,0.11880772460117549
ARC-MOF::post_comb_vsa_co2.csv__RAC__racs.csv,v/v,RAC,extratrees,descriptor_grouped,2,1.778503,3.061455463333326,0.5155331654072208,0.5835432409739715
ARC-MOF::post_comb_vsa_co2.csv__RAC__racs.csv,v/v,RAC,extratrees,descriptor_grouped,2,30.847136,5.7614946200000094,0.9781696053736356,0.7510495382031906
ARC-MOF::post_comb_vsa_co2.csv__RAC__racs.csv,v/v,RAC,extratrees,descriptor_grouped,2,0.713579,0.6480420999999992,0.23551637279596976,0.12636439966414778
ARC-MOF::post_comb_vsa_co2.csv__RAC__racs.csv,v/v,RAC,extratrees,descriptor_grouped,2,2.159469,5.218764763333333,0.5717884130982368,0.727120067170445
ARC-MOF::post_comb_vsa_co2.csv__RAC__racs.csv,v/v,RAC,extratrees,descriptor_grouped,2,2.712183,3.6616424716666662,0.6376994122586063,0.6330814441645676
ARC-MOF::post_comb_vsa_co2.csv__RAC__racs.csv,v/v,RAC,extratrees,descriptor_grouped,2,0.92578,1.1498199866666667,0.30982367758186397,0.26406381192275397
ARC-MOF::post_comb_vsa_co2.csv__RAC__racs.csv,v/v,RAC,extratrees,descriptor_grouped,2,1.905279,3.609300456666659,0.536943744752309,0.6297229219143576
ARC-MOF::post_comb_vsa_co2.csv__RAC__racs.csv,v/v,RAC,extratrees,descriptor_grouped,2,0.468986,1.8213519633333388,0.13811922753988246,0.4235936188077246
ARC-MOF::post_comb_vsa_co2.csv__RAC__racs.csv,v/v,RAC,extratrees,descriptor_grouped,2,30.591934,15.858279880000008,0.9777497900923594,0.9496221662468514
ARC-MOF::post_comb_vsa_co2.csv__RAC__racs.csv,v/v,RAC,extratrees,descriptor_grouped,2,0.150059,0.5334610399999998,0.008396305625524769,0.08774139378673383
ARC-MOF::post_comb_vsa_co2.csv__RAC__racs.csv,v/v,RAC,extratrees,descriptor_grouped,2,0.537312,1.0900020966666653,0.16792611251049538,0.24727120067170444
ARC-MOF::post_comb_vsa_co2.csv__RAC__racs.csv,v/v,RAC,extratrees,descriptor_grouped,2,0.319551,1.3113175233333352,0.07346767422334173,0.3047858942065491
ARC-MOF::post_comb_vsa_co2.csv__RAC__racs.csv,v/v,RAC,extratrees,descriptor_grouped,2,4.097885,7.559693950000001,0.7233417296389588,0.8249370277078085
ARC-MOF::post_comb_vsa_co2.csv__RAC__racs.csv,v/v,RAC,extratrees,descriptor_grouped,2,1.059519,0.7666026266666655,0.35516372795969775,0.16120906801007556
ARC-MOF::post_comb_vsa_co2.csv__RAC__racs.csv,v/v,RAC,extratrees,descriptor_grouped,2,13.790209,6.440916046666647,0.9185558354324097,0.7766582703610412
ARC-MOF::post_comb_vsa_co2.csv__RAC__racs.csv,v/v,RAC,extratrees,descriptor_grouped,2,0.356686,0.7870594099999996,0.09026028547439127,0.16960537363560033
ARC-MOF::post_comb_vsa_co2.csv__RAC__racs.csv,v/v,RAC,extratrees,descriptor_grouped,2,4.238798,5.717551343333337,0.7296389588581025,0.7493702770780857
ARC-MOF::post_comb_vsa_co2.csv__RAC__racs.csv,v/v,RAC,extratrees,descriptor_grouped,2,1.065551,1.902542066666668,0.35852225020990763,0.43954659949622166
ARC-MOF::post_comb_vsa_co2.csv__RAC__racs.csv,v/v,RAC,extratrees,descriptor_grouped,2,13.44003,6.344810613333338,0.9156171284634761,0.7724601175482787
ARC-MOF::post_comb_vsa_co2.csv__RAC__racs.csv,v/v,RAC,extratrees,descriptor_grouped,2,0.136937,0.2218301933333335,0.0041981528127623844,0.0041981528127623844
ARC-MOF::post_comb_vsa_co2.csv__RAC__racs.csv,v/v,RAC,extratrees,descriptor_grouped,2,1.215761,4.643030139999999,0.40092359361880775,0.6960537363560033
ARC-MOF::post_comb_vsa_co2.csv__RAC__racs.csv,v/v,RAC,extratrees,descriptor_grouped,2,2.600622,2.8443243066666666,0.6288832913518052,0.5617128463476071
ARC-MOF::post_comb_vsa_co2.csv__RAC__racs.csv,v/v,RAC,extratrees,descriptor_grouped,2,0.328142,0.4372726666666664,0.07682619647355164,0.051217464315701094
ARC-MOF::post_comb_vsa_co2.csv__RAC__racs.csv,v/v,RAC,extratrees,descriptor_grouped,2,8.904272,6.6818209100000026,0.8627204030226701,0.7888329135180521
ARC-MOF::post_comb_vsa_co2.csv__RAC__racs.csv,v/v,RAC,extratrees,descriptor_grouped,2,2.596543,5.870196926666667,0.6276238455079765,0.7556675062972292
ARC-MOF::post_comb_vsa_co2.csv__RAC__racs.csv,v/v,RAC,extratrees,descriptor_grouped,2,1.099639,1.2947292199999991,0.36859781696053734,0.2989084802686818
ARC-MOF::post_comb_vsa_co2.csv__RAC__racs.csv,v/v,RAC,extratrees,descriptor_grouped,2,0.214601,0.3826363499999999,0.03232577665827036,0.03904282115869018
ARC-MOF::post_comb_vsa_co2.csv__RAC__racs.csv,v/v,RAC,extratrees,descriptor_grouped,2,0.512528,0.7178990533333344,0.1582703610411419,0.1473551637279597
ARC-MOF::post_comb_vsa_co2.csv__RAC__racs.csv,v/v,RAC,extratrees,descriptor_grouped,2,0.84521,1.2954512800000006,0.28421494542401343,0.29932829554995805
ARC-MOF::post_comb_vsa_co2.csv__RAC__racs.csv,v/v,RAC,extratrees,descriptor_grouped,2,13.718066,5.723588130000001,0.9181360201511335,0.7497900923593619
ARC-MOF::post_comb_vsa_co2.csv__RAC__racs.csv,v/v,RAC,extratrees,descriptor_grouped,2,3.860642,4.493420610000013,0.7157850545759865,0.6851385390428212
ARC-MOF::post_comb_vsa_co2.csv__RAC__racs.csv,v/v,RAC,extratrees,descriptor_grouped,2,37.42059,28.26954703000009,0.9869857262804366,0.9848866498740554
ARC-MOF::post_comb_vsa_co2.csv__RAC__racs.csv,v/v,RAC,extratrees,descriptor_grouped,2,0.539049,0.5786826233333328,0.16834592779177163,0.10327455919395466
ARC-MOF::post_comb_vsa_co2.csv__RAC__racs.csv,v/v,RAC,extratrees,descriptor_grouped,2,1.314805,1.508926796666669,0.42737195633921077,0.3635600335852225
ARC-MOF::post_comb_vsa_co2.csv__RAC__racs.csv,v/v,RAC,extratrees,descriptor_grouped,2,0.755646,1.4007311699999998,0.25440806045340053,0.3320738874895046
ARC-MOF::post_comb_vsa_co2.csv__RAC__racs.csv,v/v,RAC,extratrees,descriptor_grouped,2,16.48097,12.008309610000005,0.9382871536523929,0.9181360201511335
ARC-MOF::post_comb_vsa_co2.csv__RAC__racs.csv,v/v,RAC,extratrees,descriptor_grouped,2,0.223727,0.3363832566666669,0.03610411418975651,0.02980688497061293
ARC-MOF::post_comb_vsa_co2.csv__RAC__racs.csv,v/v,RAC,extratrees,descriptor_grouped,2,0.499344,1.6256536900000016,0.15239294710327456,0.38623005877413935
ARC-MOF::post_comb_vsa_co2.csv__RAC__racs.csv,v/v,RAC,extratrees,descriptor_grouped,2,8.585859,3.546477213333332,0.8568429890848027,0.6246851385390428
ARC-MOF::post_comb_vsa_co2.csv__RAC__racs.csv,v/v,RAC,extratrees,descriptor_grouped,2,1.041712,1.073465689999999,0.34844668345927793,0.24181360201511334
ARC-MOF::post_comb_vsa_co2.csv__RAC__racs.csv,v/v,RAC,extratrees,descriptor_grouped,2,19.746447,15.15434653666666,0.9542401343408901,0.945424013434089
ARC-MOF::post_comb_vsa_co2.csv__RAC__racs.csv,v/v,RAC,extratrees,descriptor_grouped,2,4.151678,5.011571880000002,0.7262804366078925,0.7157850545759865
ARC-MOF::post_comb_vsa_co2.csv__RAC__racs.csv,v/v,RAC,extratrees,descriptor_grouped,2,7.373883,12.30957609666666,0.8371116708648195,0.9219143576826196
ARC-MOF::post_comb_vsa_co2.csv__RAC__racs.csv,v/v,RAC,extratrees,descriptor_grouped,2,2.266392,2.846391886666666,0.5839630562552477,0.5621326616288833
ARC-MOF::post_comb_vsa_co2.csv__RAC__racs.csv,v/v,RAC,extratrees,descriptor_grouped,2,3.305143,2.7803492133333334,0.68303946263644,0.552896725440806
ARC-MOF::post_comb_vsa_co2.csv__RAC__racs.csv,v/v,RAC,extratrees,descriptor_grouped,2,11.755193,3.8559953933333295,0.9026028547439127,0.6502938706968934
ARC-MOF::post_comb_vsa_co2.csv__RAC__racs.csv,v/v,RAC,extratrees,descriptor_grouped,2,2.376618,2.159851340000001,0.5982367758186398,0.4760705289672544
ARC-MOF::post_comb_vsa_co2.csv__RAC__racs.csv,v/v,RAC,extratrees,descriptor_grouped,2,2.112616,3.013694380000001,0.5650713685978169,0.5793450881612091
ARC-MOF::post_comb_vsa_co2.csv__RAC__racs.csv,v/v,RAC,extratrees,descriptor_grouped,2,1.388394,1.8627846300000035,0.4445843828715365,0.43115029387069687
ARC-MOF::post_comb_vsa_co2.csv__RAC__racs.csv,v/v,RAC,extratrees,descriptor_grouped,2,3.372303,13.763516926666682,0.6876574307304786,0.9345088161209067
ARC-MOF::post_comb_vsa_co2.csv__RAC__racs.csv,v/v,RAC,extratrees,descriptor_grouped,2,1.002074,0.9295712166666664,0.33585222502099077,0.20570948782535683
ARC-MOF::post_comb_vsa_co2.csv__RAC__racs.csv,v/v,RAC,extratrees,descriptor_grouped,2,5.321987,10.069434686666668,0.7795969773299748,0.8916876574307305
ARC-MOF::post_comb_vsa_co2.csv__RAC__racs.csv,v/v,RAC,extratrees,descriptor_grouped,2,6.637542,18.05140140999998,0.8207388748950462,0.961376994122586
ARC-MOF::post_comb_vsa_co2.csv__RAC__racs.csv,v/v,RAC,extratrees,descriptor_grouped,2,0.134666,0.2350835799999998,0.0033585222502099076,0.005877413937867338
ARC-MOF::post_comb_vsa_co2.csv__RAC__racs.csv,v/v,RAC,extratrees,descriptor_grouped,2,0.469185,0.411913906666668,0.13895885810243494,0.04575986565910999
ARC-MOF::post_comb_vsa_co2.csv__RAC__racs.csv,v/v,RAC,extratrees,descriptor_grouped,2,1.07613,2.616125493333327,0.3614609571788413,0.5348446683459278
ARC-MOF::post_comb_vsa_co2.csv__RAC__racs.csv,v/v,RAC,extratrees,descriptor_grouped,2,4.377358,7.187061139999996,0.737615449202351,0.8085642317380353
ARC-MOF::post_comb_vsa_co2.csv__RAC__racs.csv,v/v,RAC,extratrees,descriptor_grouped,2,1.459861,1.7113459966666626,0.4563392107472712,0.40344248530646515
ARC-MOF::post_comb_vsa_co2.csv__RAC__racs.csv,v/v,RAC,extratrees,descriptor_grouped,2,3.324114,8.88378585000002,0.6842989084802686,0.8677581863979849
ARC-MOF::post_comb_vsa_co2.csv__RAC__racs.csv,v/v,RAC,extratrees,descriptor_grouped,2,0.399238,0.7778144866666667,0.1070528967254408,0.16498740554156172
ARC-MOF::post_comb_vsa_co2.csv__RAC__racs.csv,v/v,RAC,extratrees,descriptor_grouped,2,2.882396,2.1218389566666684,0.6519731318219983,0.471872376154492
ARC-MOF::post_comb_vsa_co2.csv__RAC__racs.csv,v/v,RAC,extratrees,descriptor_grouped,2,2.065997,3.824965060000002,0.5566750629722922,0.6473551637279596
ARC-MOF::post_comb_vsa_co2.csv__RAC__racs.csv,v/v,RAC,extratrees,descriptor_grouped,2,1.579131,0.8040484466666665,0.4827875734676742,0.1746431570109152
ARC-MOF::post_comb_vsa_co2.csv__RAC__racs.csv,v/v,RAC,extratrees,descriptor_grouped,2,1.09653,1.3982203299999971,0.3669185558354324,0.32997481108312343
ARC-MOF::post_comb_vsa_co2.csv__RAC__racs.csv,v/v,RAC,extratrees,descriptor_grouped,2,0.148461,0.2451058266666669,0.007556675062972292,0.008396305625524769
ARC-MOF::post_comb_vsa_co2.csv__RAC__racs.csv,v/v,RAC,extratrees,descriptor_grouped,2,3.570174,4.848649213333337,0.698992443324937,0.7069689336691856
ARC-MOF::post_comb_vsa_co2.csv__RAC__racs.csv,v/v,RAC,extratrees,descriptor_grouped,2,0.970928,1.4610361099999984,0.32913518052057095,0.34886649874055414
ARC-MOF::post_comb_vsa_co2.csv__RAC__racs.csv,v/v,RAC,extratrees,descriptor_grouped,2,2.521532,4.221359100000004,0.6183879093198993,0.6691855583543241
ARC-MOF::post_comb_vsa_co2.csv__RAC__racs.csv,v/v,RAC,extratrees,descriptor_grouped,2,0.276163,0.35887347,0.053316540722082285,0.033585222502099076
ARC-MOF::post_comb_vsa_co2.csv__RAC__racs.csv,v/v,RAC,extratrees,descriptor_grouped,2,0.384857,0.5846400633333333,0.10117548278757346,0.10579345088161209
ARC-MOF::post_comb_vsa_co2.csv__RAC__racs.csv,v/v,RAC,extratrees,descriptor_grouped,2,2.192879,3.53328974666666,0.5759865659109992,0.6225860621326617
ARC-MOF::post_comb_vsa_co2.csv__RAC__racs.csv,v/v,RAC,extratrees,descriptor_grouped,2,0.571566,2.2125603999999988,0.18178001679261124,0.482367758186398
ARC-MOF::post_comb_vsa_co2.csv__RAC__racs.csv,v/v,RAC,extratrees,descriptor_grouped,2,1.038143,1.5739786466666663,0.34760705289672544,0.3786733837111671
ARC-MOF::post_comb_vsa_co2.csv__RAC__racs.csv,v/v,RAC,extratrees,descriptor_grouped,2,10.393987,10.711205083333336,0.8845507976490344,0.9017632241813602
ARC-MOF::post_comb_vsa_co2.csv__RAC__racs.csv,v/v,RAC,extratrees,descriptor_grouped,2,0.796735,0.7031575066666669,0.26700251889168763,0.1431570109151973
ARC-MOF::post_comb_vsa_co2.csv__RAC__racs.csv,v/v,RAC,extratrees,descriptor_grouped,2,4.373875,5.07848389,0.7367758186397985,0.7191435768261965
ARC-MOF::post_comb_vsa_co2.csv__RAC__racs.csv,v/v,RAC,extratrees,descriptor_grouped,2,12.746788,7.388221786666663,0.9126784214945424,0.8190596137699412
ARC-MOF::post_comb_vsa_co2.csv__RAC__racs.csv,v/v,RAC,extratrees,descriptor_grouped,2,19.475085,6.77393681666666,0.9538203190596137,0.7913518052057095
ARC-MOF::post_comb_vsa_co2.csv__RAC__racs.csv,v/v,RAC,extratrees,descriptor_grouped,2,2.391172,2.6290883766666644,0.600335852225021,0.5365239294710328
ARC-MOF::post_comb_vsa_co2.csv__RAC__racs.csv,v/v,RAC,extratrees,descriptor_grouped,2,5.525216,5.888923686666665,0.7892527287993283,0.7565071368597817
ARC-MOF::post_comb_vsa_co2.csv__RAC__racs.csv,v/v,RAC,extratrees,descriptor_grouped,2,3.018392,3.255519676666664,0.6624685138539043,0.6028547439126785
ARC-MOF::post_comb_vsa_co2.csv__RAC__racs.csv,v/v,RAC,extratrees,descriptor_grouped,2,0.762363,0.7362439300000001,0.25608732157850544,0.15113350125944586
ARC-MOF::post_comb_vsa_co2.csv__RAC__racs.csv,v/v,RAC,extratrees,descriptor_grouped,2,29.906592,13.68954628666669,0.9769101595298069,0.9336691855583543
ARC-MOF::post_comb_vsa_co2.csv__RAC__racs.csv,v/v,RAC,extratrees,descriptor_grouped,2,7.174971,8.201574899999997,0.8308144416456759,0.845088161209068
ARC-MOF::post_comb_vsa_co2.csv__RAC__racs.csv,v/v,RAC,extratrees,descriptor_grouped,2,0.956951,0.8928851900000009,0.3224181360201511,0.19689336691855583
ARC-MOF::post_comb_vsa_co2.csv__RAC__racs.csv,v/v,RAC,extratrees,descriptor_grouped,2,1.629931,2.31563503,0.491183879093199,0.4979009235936188
ARC-MOF::post_comb_vsa_co2.csv__RAC__racs.csv,v/v,RAC,extratrees,descriptor_grouped,2,0.734002,0.9751690433333332,0.24517212426532325,0.21578505457598657
ARC-MOF::post_comb_vsa_co2.csv__RAC__racs.csv,v/v,RAC,extratrees,descriptor_grouped,2,7.19685,7.480386046666666,0.8316540722082284,0.8219983207388749
ARC-MOF::post_comb_vsa_co2.csv__RAC__racs.csv,v/v,RAC,extratrees,descriptor_grouped,2,0.753191,2.188413610000001,0.25356842989084805,0.480688497061293
ARC-MOF::post_comb_vsa_co2.csv__RAC__racs.csv,v/v,RAC,extratrees,descriptor_grouped,2,2.822392,2.2783198833333342,0.6469353484466834,0.4916036943744752
ARC-MOF::post_comb_vsa_co2.csv__RAC__racs.csv,v/v,RAC,extratrees,descriptor_grouped,2,0.124246,0.1334748466666666,0.0020990764063811922,0.00041981528127623844
ARC-MOF::post_comb_vsa_co2.csv__RAC__racs.csv,v/v,RAC,extratrees,descriptor_grouped,2,0.566808,0.7664708033333337,0.17926112510495382,0.16078925272879932
ARC-MOF::post_comb_vsa_co2.csv__RAC__racs.csv,v/v,RAC,extratrees,descriptor_grouped,2,1.033699,1.1829985966666663,0.3459277917716205,0.2699412258606213
ARC-MOF::post_comb_vsa_co2.csv__RAC__racs.csv,v/v,RAC,extratrees,descriptor_grouped,2,0.279592,0.4217667433333332,0.05583543240973971,0.04869857262804366
ARC-MOF::post_comb_vsa_co2.csv__RAC__racs.csv,v/v,RAC,extratrees,descriptor_grouped,2,1.086442,2.325730599999998,0.36481947942905124,0.4991603694374475
ARC-MOF::post_comb_vsa_co2.csv__RAC__racs.csv,v/v,RAC,extratrees,descriptor_grouped,2,4.226396,8.234122116666663,0.7292191435768262,0.8463476070528967
ARC-MOF::post_comb_vsa_co2.csv__RAC__racs.csv,v/v,RAC,extratrees,descriptor_grouped,2,1.07765,1.0899054699999984,0.3623005877413938,0.24685138539042822
ARC-MOF::post_comb_vsa_co2.csv__RAC__racs.csv,v/v,RAC,extratrees,descriptor_grouped,2,0.243125,0.7034847266666663,0.04030226700251889,0.14357682619647355
ARC-MOF::post_comb_vsa_co2.csv__RAC__racs.csv,v/v,RAC,extratrees,descriptor_grouped,2,0.956922,1.314923093333331,0.3217884130982368,0.3064651553316541
ARC-MOF::post_comb_vsa_co2.csv__RAC__racs.csv,v/v,RAC,extratrees,descriptor_grouped,2,3.215967,3.1754598900000044,0.6775818639798489,0.5952980688497062
ARC-MOF::post_comb_vsa_co2.csv__RAC__racs.csv,v/v,RAC,extratrees,descriptor_grouped,2,16.135636,18.326376236666714,0.9353484466834593,0.9634760705289672
ARC-MOF::post_comb_vsa_co2.csv__RAC__racs.csv,v/v,RAC,extratrees,descriptor_grouped,2,0.746773,0.9989889333333344,0.2497900923593619,0.22124265323257766
ARC-MOF::post_comb_vsa_co2.csv__RAC__racs.csv,v/v,RAC,extratrees,descriptor_grouped,2,5.346264,5.540113629999997,0.7804366078925273,0.7413937867338372
ARC-MOF::post_comb_vsa_co2.csv__RAC__racs.csv,v/v,RAC,extratrees,descriptor_grouped,2,13.539099,15.489991996666646,0.9164567590260285,0.9483627204030227
ARC-MOF::post_comb_vsa_co2.csv__RAC__racs.csv,v/v,RAC,extratrees,descriptor_grouped,2,0.130217,0.2909820299999996,0.002938706968933669,0.020570948782535684
ARC-MOF::post_comb_vsa_co2.csv__RAC__racs.csv,v/v,RAC,extratrees,descriptor_grouped,2,0.681204,1.3454909799999986,0.22334172963895885,0.3178001679261125
ARC-MOF::post_comb_vsa_co2.csv__RAC__racs.csv,v/v,RAC,extratrees,descriptor_grouped,2,1.435696,2.6237175199999947,0.4508816120906801,0.5361041141897565
ARC-MOF::post_comb_vsa_co2.csv__RAC__racs.csv,v/v,RAC,extratrees,descriptor_grouped,2,45.592615,33.97180761666668,0.9911838790931989,0.9890848026868178
ARC-MOF::post_comb_vsa_co2.csv__RAC__racs.csv,v/v,RAC,extratrees,descriptor_grouped,2,0.596898,1.4271608533333329,0.1910159529806885,0.33795130142737195
ARC-MOF::post_comb_vsa_co2.csv__RAC__racs.csv,v/v,RAC,extratrees,descriptor_grouped,2,12.05679,5.020266600000002,0.9076406381192276,0.7162048698572628
ARC-MOF::post_comb_vsa_co2.csv__RAC__racs.csv,v/v,RAC,extratrees,descriptor_grouped,2,1.826616,1.3035069700000017,0.5230898404701931,0.30184718723761544
ARC-MOF::post_comb_vsa_co2.csv__RAC__racs.csv,v/v,RAC,extratrees,descriptor_grouped,2,4.782674,11.305518459999998,0.7573467674223342,0.910159529806885
ARC-MOF::post_comb_vsa_co2.csv__RAC__racs.csv,v/v,RAC,extratrees,descriptor_grouped,2,1.462569,1.4987684666666683,0.45717884130982367,0.3610411418975651
ARC-MOF::post_comb_vsa_co2.csv__RAC__racs.csv,v/v,RAC,extratrees,descriptor_grouped,2,1.809992,2.012648703333332,0.5205709487825357,0.4529806884970613
ARC-MOF::post_comb_vsa_co2.csv__RAC__racs.csv,v/v,RAC,extratrees,descriptor_grouped,2,0.310782,0.8096689433333343,0.0675902602854744,0.17506297229219145
ARC-MOF::post_comb_vsa_co2.csv__RAC__racs.csv,v/v,RAC,extratrees,descriptor_grouped,2,0.209443,0.2802574733333328,0.028547439126784216,0.016792611251049538
ARC-MOF::post_comb_vsa_co2.csv__RAC__racs.csv,v/v,RAC,extratrees,descriptor_grouped,2,1.879935,2.909292136666678,0.5314861460957179,0.5701091519731318
ARC-MOF::post_comb_vsa_co2.csv__RAC__racs.csv,v/v,RAC,extratrees,descriptor_grouped,2,7.743122,7.209815265555558,0.8438287153652393,0.8089840470193115
ARC-MOF::post_comb_vsa_co2.csv__RAC__racs.csv,v/v,RAC,extratrees,descriptor_grouped,2,28.525984,18.999159080000016,0.9739714525608733,0.966414777497901
ARC-MOF::post_comb_vsa_co2.csv__RAC__racs.csv,v/v,RAC,extratrees,descriptor_grouped,2,33.545377,13.598103963333328,0.9836272040302267,0.9332493702770781
ARC-MOF::post_comb_vsa_co2.csv__RAC__racs.csv,v/v,RAC,extratrees,descriptor_grouped,2,1.789003,0.8766501933333314,0.5167926112510496,0.19227539882451722
ARC-MOF::post_comb_vsa_co2.csv__RAC__racs.csv,v/v,RAC,extratrees,descriptor_grouped,2,3.310713,7.734521526666655,0.6834592779177162,0.8282955499580185
ARC-MOF::post_comb_vsa_co2.csv__RAC__racs.csv,v/v,RAC,extratrees,descriptor_grouped,2,0.908284,2.040983171666668,0.3035264483627204,0.45801847187237615
ARC-MOF::post_comb_vsa_co2.csv__RAC__racs.csv,v/v,RAC,extratrees,descriptor_grouped,2,0.755046,1.8737371233333329,0.25398824517212426,0.43282955499580184
ARC-MOF::post_comb_vsa_co2.csv__RAC__racs.csv,v/v,RAC,extratrees,descriptor_grouped,2,15.947347,12.767518123333334,0.9345088161209067,0.924433249370277
ARC-MOF::post_comb_vsa_co2.csv__RAC__racs.csv,v/v,RAC,extratrees,descriptor_grouped,2,0.484662,0.97818576,0.1431570109151973,0.2170445004198153
ARC-MOF::post_comb_vsa_co2.csv__RAC__racs.csv,v/v,RAC,extratrees,descriptor_grouped,2,14.407277,11.810998800000029,0.9235936188077246,0.9151973131821999
ARC-MOF::post_comb_vsa_co2.csv__RAC__racs.csv,v/v,RAC,extratrees,descriptor_grouped,2,4.42106,8.731055440000008,0.7401343408900084,0.8627204030226701
ARC-MOF::post_comb_vsa_co2.csv__RAC__racs.csv,v/v,RAC,extratrees,descriptor_grouped,2,6.319613,3.867159596666669,0.8157010915197314,0.6507136859781696
ARC-MOF::post_comb_vsa_co2.csv__RAC__racs.csv,v/v,RAC,extratrees,descriptor_grouped,2,2.103514,6.707369213333341,0.5642317380352645,0.7896725440806045
ARC-MOF::post_comb_vsa_co2.csv__RAC__racs.csv,v/v,RAC,extratrees,descriptor_grouped,2,1.189891,1.2922792766666662,0.3904282115869018,0.2972292191435768
ARC-MOF::post_comb_vsa_co2.csv__RAC__racs.csv,v/v,RAC,extratrees,descriptor_grouped,2,2.263661,4.864820796666664,0.5835432409739715,0.7086481947942905
ARC-MOF::post_comb_vsa_co2.csv__RAC__racs.csv,v/v,RAC,extratrees,descriptor_grouped,2,0.555313,1.3993062899999993,0.1759026028547439,0.3308144416456759
ARC-MOF::post_comb_vsa_co2.csv__RAC__racs.csv,v/v,RAC,extratrees,descriptor_grouped,2,1.209721,1.3972998033333328,0.3984047019311503,0.32913518052057095
ARC-MOF::post_comb_vsa_co2.csv__RAC__racs.csv,v/v,RAC,extratrees,descriptor_grouped,2,0.327001,2.1815358066666635,0.07598656591099916,0.47984886649874053
ARC-MOF::post_comb_vsa_co2.csv__RAC__racs.csv,v/v,RAC,extratrees,descriptor_grouped,2,3.38346,3.5696336000000044,0.6884970612930311,0.626784214945424
ARC-MOF::post_comb_vsa_co2.csv__RAC__racs.csv,v/v,RAC,extratrees,descriptor_grouped,2,0.311395,0.509974483333334,0.0688497061293031,0.07808564231738035
ARC-MOF::post_comb_vsa_co2.csv__RAC__racs.csv,v/v,RAC,extratrees,descriptor_grouped,2,14.544852,16.420608006666676,0.9248530646515534,0.9529806884970613
ARC-MOF::post_comb_vsa_co2.csv__RAC__racs.csv,v/v,RAC,extratrees,descriptor_grouped,2,2.741361,1.9758927500000003,0.6406381192275399,0.4462636439966415
ARC-MOF::post_comb_vsa_co2.csv__RAC__racs.csv,v/v,RAC,extratrees,descriptor_grouped,2,1.057299,1.4877225266666654,0.35432409739714527,0.35684298908480266
ARC-MOF::post_comb_vsa_co2.csv__RAC__racs.csv,v/v,RAC,extratrees,descriptor_grouped,2,0.41607,0.7862001500000008,0.11544920235096558,0.16918555835432408
ARC-MOF::post_comb_vsa_co2.csv__RAC__racs.csv,v/v,RAC,extratrees,descriptor_grouped,2,5.01272,5.420205746666665,0.7703610411418975,0.7367758186397985
ARC-MOF::post_comb_vsa_co2.csv__RAC__racs.csv,v/v,RAC,extratrees,descriptor_grouped,2,12.146082,15.835298683333365,0.9080604534005038,0.9492023509655751
ARC-MOF::post_comb_vsa_co2.csv__RAC__racs.csv,v/v,RAC,extratrees,descriptor_grouped,2,1.901284,7.812605343333336,0.535264483627204,0.8312342569269522
ARC-MOF::post_comb_vsa_co2.csv__RAC__racs.csv,v/v,RAC,extratrees,descriptor_grouped,2,0.618985,0.3201301400000007,0.19815281276238456,0.0272879932829555
ARC-MOF::post_comb_vsa_co2.csv__RAC__racs.csv,v/v,RAC,extratrees,descriptor_grouped,2,23.808907,11.084337933333332,0.9655751469353484,0.90848026868178
ARC-MOF::post_comb_vsa_co2.csv__RAC__racs.csv,v/v,RAC,extratrees,descriptor_grouped,2,1.344574,3.570761523333327,0.4357682619647355,0.6272040302267002
ARC-MOF::post_comb_vsa_co2.csv__RAC__racs.csv,v/v,RAC,extratrees,descriptor_grouped,2,4.294185,2.9217156133333337,0.7329974811083123,0.570528967254408
ARC-MOF::post_comb_vsa_co2.csv__RAC__racs.csv,v/v,RAC,extratrees,descriptor_grouped,2,0.467186,0.7522175499999992,0.13727959697732997,0.15575146935348447
ARC-MOF::post_comb_vsa_co2.csv__RAC__racs.csv,v/v,RAC,extratrees,descriptor_grouped,2,1.473402,2.205354273333336,0.4596977329974811,0.4819479429051218
ARC-MOF::post_comb_vsa_co2.csv__RAC__racs.csv,v/v,RAC,extratrees,descriptor_grouped,2,0.981856,1.4173437933333324,0.33123425692695213,0.336272040302267
ARC-MOF::post_comb_vsa_co2.csv__RAC__racs.csv,v/v,RAC,extratrees,descriptor_grouped,2,0.958147,2.2815930899999968,0.3236775818639798,0.4924433249370277
ARC-MOF::post_comb_vsa_co2.csv__RAC__racs.csv,v/v,RAC,extratrees,descriptor_grouped,2,8.918892,12.055556526666685,0.8635600335852225,0.9193954659949622
ARC-MOF::post_comb_vsa_co2.csv__RAC__racs.csv,v/v,RAC,extratrees,descriptor_grouped,2,0.723543,0.9086892399999992,0.2409739714525609,0.20151133501259447
ARC-MOF::post_comb_vsa_co2.csv__RAC__racs.csv,v/v,RAC,extratrees,descriptor_grouped,2,5.89779,7.871015219999974,0.8039462636439967,0.8333333333333334
ARC-MOF::post_comb_vsa_co2.csv__RAC__racs.csv,v/v,RAC,extratrees,descriptor_grouped,2,1.875549,1.819347533333334,0.5306465155331654,0.42275398824517213
ARC-MOF::post_comb_vsa_co2.csv__RAC__racs.csv,v/v,RAC,extratrees,descriptor_grouped,2,0.894277,0.7759212800000008,0.2968094038623006,0.16456759026028547
ARC-MOF::post_comb_vsa_co2.csv__RAC__racs.csv,v/v,RAC,extratrees,descriptor_grouped,2,5.663766,7.419939329999999,0.7938706968933669,0.8198992443324937
ARC-MOF::post_comb_vsa_co2.csv__RAC__racs.csv,v/v,RAC,extratrees,descriptor_grouped,2,0.367389,0.2859166566666661,0.09319899244332494,0.019311502938706968
ARC-MOF::post_comb_vsa_co2.csv__RAC__racs.csv,v/v,RAC,extratrees,descriptor_grouped,2,26.600506,54.8356922566667,0.9722921914357683,0.9974811083123426
ARC-MOF::post_comb_vsa_co2.csv__RAC__racs.csv,v/v,RAC,extratrees,descriptor_grouped,2,3.631799,3.33720516,0.7027707808564232,0.6083123425692695
ARC-MOF::post_comb_vsa_co2.csv__RAC__racs.csv,v/v,RAC,extratrees,descriptor_grouped,2,0.215606,0.2517170933333335,0.03484466834592779,0.009235936188077247
ARC-MOF::post_comb_vsa_co2.csv__RAC__racs.csv,v/v,RAC,extratrees,descriptor_grouped,2,1.076489,2.870065173333333,0.3618807724601176,0.5646515533165407
ARC-MOF::post_comb_vsa_co2.csv__RAC__racs.csv,v/v,RAC,extratrees,descriptor_grouped,2,3.564369,3.5409084066666674,0.6985726280436608,0.6234256926952141
ARC-MOF::post_comb_vsa_co2.csv__RAC__racs.csv,v/v,RAC,extratrees,descriptor_grouped,2,1.111728,5.100502483333339,0.3711167086481948,0.7208228379513014
ARC-MOF::post_comb_vsa_co2.csv__RAC__racs.csv,v/v,RAC,extratrees,descriptor_grouped,2,0.296833,0.5615032066666671,0.06381192275398824,0.09529806884970612
ARC-MOF::post_comb_vsa_co2.csv__RAC__racs.csv,v/v,RAC,extratrees,descriptor_grouped,2,1.344541,2.154691936666667,0.4353484466834593,0.4748110831234257
ARC-MOF::post_comb_vsa_co2.csv__RAC__racs.csv,v/v,RAC,extratrees,descriptor_grouped,2,2.24253,2.7229267166666715,0.5822837951301427,0.5457598656591099
ARC-MOF::post_comb_vsa_co2.csv__RAC__racs.csv,v/v,RAC,extratrees,descriptor_grouped,2,59.878879,26.563090190000004,0.9970612930310663,0.9836272040302267
ARC-MOF::post_comb_vsa_co2.csv__RAC__racs.csv,v/v,RAC,extratrees,descriptor_grouped,2,1.196952,1.4341579433333331,0.3929471032745592,0.3396305625524769
ARC-MOF::post_comb_vsa_co2.csv__RAC__racs.csv,v/v,RAC,extratrees,descriptor_grouped,2,16.149242,3.644852476666668,0.9357682619647355,0.6322418136020151
ARC-MOF::post_comb_vsa_co2.csv__RAC__racs.csv,v/v,RAC,extratrees,descriptor_grouped,2,6.261594,5.406003893333338,0.8136020151133502,0.7350965575146935
ARC-MOF::post_comb_vsa_co2.csv__RAC__racs.csv,v/v,RAC,extratrees,descriptor_grouped,2,4.155911,4.50108114000001,0.727120067170445,0.6855583543240974
ARC-MOF::post_comb_vsa_co2.csv__RAC__racs.csv,v/v,RAC,extratrees,descriptor_grouped,2,2.008017,3.945464206666671,0.5516372795969773,0.6557514693534845
ARC-MOF::post_comb_vsa_co2.csv__RAC__racs.csv,v/v,RAC,extratrees,descriptor_grouped,2,1.812335,0.8708259733333349,0.520990764063812,0.1910159529806885
ARC-MOF::post_comb_vsa_co2.csv__RAC__racs.csv,v/v,RAC,extratrees,descriptor_grouped,2,0.387193,0.7227175866666663,0.10201511335012595,0.1494542401343409
ARC-MOF::post_comb_vsa_co2.csv__RAC__racs.csv,v/v,RAC,extratrees,descriptor_grouped,2,0.348921,0.4784562100000005,0.08564231738035265,0.06842989084802686
ARC-MOF::post_comb_vsa_co2.csv__RAC__racs.csv,v/v,RAC,extratrees,descriptor_grouped,2,1.878454,1.3205384166666658,0.5310663308144417,0.30856423173803527
ARC-MOF::post_comb_vsa_co2.csv__RAC__racs.csv,v/v,RAC,extratrees,descriptor_grouped,2,1.129194,1.2365963366666648,0.3744752308984047,0.28085642317380355
ARC-MOF::post_comb_vsa_co2.csv__RAC__racs.csv,v/v,RAC,extratrees,descriptor_grouped,2,1.233396,1.146872233333333,0.40470193115029385,0.26322418136020154
ARC-MOF::post_comb_vsa_co2.csv__RAC__racs.csv,v/v,RAC,extratrees,descriptor_grouped,2,9.071949,27.073762466666714,0.8660789252728799,0.984047019311503
ARC-MOF::post_comb_vsa_co2.csv__RAC__racs.csv,v/v,RAC,extratrees,descriptor_grouped,2,10.475865,6.898287689999989,0.8858102434928632,0.7968094038623006
ARC-MOF::post_comb_vsa_co2.csv__RAC__racs.csv,v/v,RAC,extratrees,descriptor_grouped,2,0.655585,1.3031654766666645,0.21116708648194793,0.30142737195633923
ARC-MOF::post_comb_vsa_co2.csv__RAC__racs.csv,v/v,RAC,extratrees,descriptor_grouped,2,0.589479,1.3732125500000003,0.18807724601175482,0.3232577665827036
ARC-MOF::post_comb_vsa_co2.csv__RAC__racs.csv,v/v,RAC,extratrees,descriptor_grouped,2,1.216236,1.6891740500000023,0.40134340890008396,0.3979848866498741
ARC-MOF::post_comb_vsa_co2.csv__RAC__racs.csv,v/v,RAC,extratrees,descriptor_grouped,2,2.100732,2.299652361666663,0.5625524769101595,0.49496221662468515
ARC-MOF::post_comb_vsa_co2.csv__RAC__racs.csv,v/v,RAC,extratrees,descriptor_grouped,2,1.617704,1.6334020266666665,0.48866498740554154,0.3879093198992443
ARC-MOF::post_comb_vsa_co2.csv__RAC__racs.csv,v/v,RAC,extratrees,descriptor_grouped,2,3.534052,4.201179926666672,0.6956339210747271,0.6679261125104954
ARC-MOF::post_comb_vsa_co2.csv__RAC__racs.csv,v/v,RAC,extratrees,descriptor_grouped,2,0.364088,0.3957099033333337,0.09193954659949623,0.04408060453400504
ARC-MOF::post_comb_vsa_co2.csv__RAC__racs.csv,v/v,RAC,extratrees,descriptor_grouped,2,3.118557,10.165612800000002,0.6700251889168766,0.8933669185558354
ARC-MOF::post_comb_vsa_co2.csv__RAC__racs.csv,v/v,RAC,extratrees,descriptor_grouped,2,10.739468,8.621829380000008,0.8900083963056256,0.8593618807724601
ARC-MOF::post_comb_vsa_co2.csv__RAC__racs.csv,v/v,RAC,extratrees,descriptor_grouped,2,10.407853,4.51472151,0.8849706129303107,0.6868178001679262
ARC-MOF::post_comb_vsa_co2.csv__RAC__racs.csv,v/v,RAC,extratrees,descriptor_grouped,2,1.281425,1.008081963333333,0.4177162048698573,0.22418136020151133
ARC-MOF::post_comb_vsa_co2.csv__RAC__racs.csv,v/v,RAC,extratrees,descriptor_grouped,2,1.896752,2.4864820666666674,0.5348446683459278,0.5197313182199832
ARC-MOF::post_comb_vsa_co2.csv__RAC__racs.csv,v/v,RAC,extratrees,descriptor_grouped,2,5.38967,5.069255453333332,0.7829554995801847,0.7178841309823678
ARC-MOF::post_comb_vsa_co2.csv__RAC__racs.csv,v/v,RAC,extratrees,descriptor_grouped,2,5.879559,9.125675033333303,0.8031066330814441,0.8736356003358522
ARC-MOF::post_comb_vsa_co2.csv__RAC__racs.csv,v/v,RAC,extratrees,descriptor_grouped,2,1.499123,3.498805606666665,0.4672544080604534,0.6188077246011755
ARC-MOF::post_comb_vsa_co2.csv__RAC__racs.csv,v/v,RAC,extratrees,descriptor_grouped,2,2.744105,2.790105199999998,0.6414777497900923,0.5558354324097398
ARC-MOF::post_comb_vsa_co2.csv__RAC__racs.csv,v/v,RAC,extratrees,descriptor_grouped,2,1.203846,1.2813967366666634,0.3954659949622166,0.2963895885810244
ARC-MOF::post_comb_vsa_co2.csv__RAC__racs.csv,v/v,RAC,extratrees,descriptor_grouped,2,14.543587,5.069777323333327,0.924433249370277,0.718303946263644
ARC-MOF::post_comb_vsa_co2.csv__RAC__racs.csv,v/v,RAC,extratrees,descriptor_grouped,2,1.165024,0.9271550433333328,0.38287153652392947,0.20486985726280438
ARC-MOF::post_comb_vsa_co2.csv__RAC__racs.csv,v/v,RAC,extratrees,descriptor_grouped,2,4.417074,1.1334028600000006,0.739294710327456,0.26028547439126787
ARC-MOF::post_comb_vsa_co2.csv__RAC__racs.csv,v/v,RAC,extratrees,descriptor_grouped,2,6.386944,7.555469589999998,0.8182199832073888,0.8245172124265323
ARC-MOF::post_comb_vsa_co2.csv__RAC__racs.csv,v/v,RAC,extratrees,descriptor_grouped,2,1.652379,1.9159576500000015,0.49412258606213266,0.4412258606213266
ARC-MOF::post_comb_vsa_co2.csv__RAC__racs.csv,v/v,RAC,extratrees,descriptor_grouped,2,0.261618,0.5154569833333338,0.04743912678421495,0.08060453400503778
ARC-MOF::post_comb_vsa_co2.csv__RAC__racs.csv,v/v,RAC,extratrees,descriptor_grouped,2,0.785911,5.1280203066666745,0.26406381192275397,0.7225020990764064
ARC-MOF::post_comb_vsa_co2.csv__RAC__racs.csv,v/v,RAC,extratrees,descriptor_grouped,2,1.725987,1.687971983333334,0.5050377833753149,0.3971452560873216
ARC-MOF::post_comb_vsa_co2.csv__RAC__racs.csv,v/v,RAC,extratrees,descriptor_grouped,2,0.653539,0.928044349999999,0.21032745591939547,0.2052896725440806
ARC-MOF::post_comb_vsa_co2.csv__RAC__racs.csv,v/v,RAC,extratrees,descriptor_grouped,2,2.214832,7.120890996666666,0.5785054575986566,0.8052057094878253
ARC-MOF::post_comb_vsa_co2.csv__RAC__racs.csv,v/v,RAC,extratrees,descriptor_grouped,2,3.197932,5.31648781333333,0.6759026028547439,0.7321578505457599
ARC-MOF::post_comb_vsa_co2.csv__RAC__racs.csv,v/v,RAC,extratrees,descriptor_grouped,2,0.187526,0.2365709966666669,0.020151133501259445,0.006297229219143577
ARC-MOF::post_comb_vsa_co2.csv__RAC__racs.csv,v/v,RAC,extratrees,descriptor_grouped,2,2.091679,2.27311783333333,0.5596137699412259,0.4907640638119228
ARC-MOF::post_comb_vsa_co2.csv__RAC__racs.csv,v/v,RAC,extratrees,descriptor_grouped,2,0.840552,1.2537807099999996,0.28253568429890846,0.2863140218303946
ARC-MOF::post_comb_vsa_co2.csv__RAC__racs.csv,v/v,RAC,extratrees,descriptor_grouped,2,0.644866,0.9356735833333336,0.20822837951301426,0.20780856423173805
ARC-MOF::post_comb_vsa_co2.csv__RAC__racs.csv,v/v,RAC,extratrees,descriptor_grouped,2,0.452068,0.4785163933333338,0.1297229219143577,0.0688497061293031
ARC-MOF::post_comb_vsa_co2.csv__RAC__racs.csv,v/v,RAC,extratrees,descriptor_grouped,2,1.663537,1.1365857633333325,0.49622166246851385,0.2607052896725441
ARC-MOF::post_comb_vsa_co2.csv__RAC__racs.csv,v/v,RAC,extratrees,descriptor_grouped,2,1.795869,3.23787673666667,0.5180520570948782,0.5999160369437447
ARC-MOF::post_comb_vsa_co2.csv__RAC__racs.csv,v/v,RAC,extratrees,descriptor_grouped,2,0.957077,1.5843505533333366,0.3228379513014274,0.3807724601175483
ARC-MOF::post_comb_vsa_co2.csv__RAC__racs.csv,v/v,RAC,extratrees,descriptor_grouped,2,1.169607,1.3996174066666682,0.38497061293031065,0.33123425692695213
ARC-MOF::post_comb_vsa_co2.csv__RAC__racs.csv,v/v,RAC,extratrees,descriptor_grouped,2,2.310229,1.452535903333331,0.5877413937867338,0.3459277917716205
ARC-MOF::post_comb_vsa_co2.csv__RAC__racs.csv,v/v,RAC,extratrees,descriptor_grouped,2,7.129076,8.32711793333333,0.8303946263643996,0.8480268681780017
ARC-MOF::post_comb_vsa_co2.csv__RAC__racs.csv,v/v,RAC,extratrees,descriptor_grouped,2,4.05423,6.022999086666657,0.7212426532325776,0.7615449202350966
ARC-MOF::post_comb_vsa_co2.csv__RAC__racs.csv,v/v,RAC,extratrees,descriptor_grouped,2,0.981825,1.900111373333337,0.3308144416456759,0.4374475230898405
ARC-MOF::post_comb_vsa_co2.csv__RAC__racs.csv,v/v,RAC,extratrees,descriptor_grouped,2,9.434825,7.028745639999994,0.8723761544920235,0.8031066330814441
ARC-MOF::post_comb_vsa_co2.csv__RAC__racs.csv,v/v,RAC,extratrees,descriptor_grouped,2,3.686874,11.047479976666663,0.7069689336691856,0.9076406381192276
ARC-MOF::post_comb_vsa_co2.csv__RAC__racs.csv,v/v,RAC,extratrees,descriptor_grouped,2,0.178523,1.348774440000001,0.01595298068849706,0.31863979848866497
ARC-MOF::post_comb_vsa_co2.csv__RAC__racs.csv,v/v,RAC,extratrees,descriptor_grouped,2,1.34418,1.9383198933333323,0.434928631402183,0.443744752308984
ARC-MOF::post_comb_vsa_co2.csv__RAC__racs.csv,v/v,RAC,extratrees,descriptor_grouped,2,0.902207,0.6413877866666666,0.3001679261125105,0.12258606213266163
ARC-MOF::post_comb_vsa_co2.csv__RAC__racs.csv,v/v,RAC,extratrees,descriptor_grouped,2,5.740953,4.899257866666665,0.7972292191435768,0.7103274559193955
ARC-MOF::post_comb_vsa_co2.csv__RAC__racs.csv,v/v,RAC,extratrees,descriptor_grouped,2,1.125159,1.3024999866666649,0.37363560033585225,0.30058774139378674
ARC-MOF::post_comb_vsa_co2.csv__RAC__racs.csv,v/v,RAC,extratrees,descriptor_grouped,2,1.96195,0.6728592066666677,0.5445004198152813,0.13392107472712006
ARC-MOF::post_comb_vsa_co2.csv__RAC__racs.csv,v/v,RAC,extratrees,descriptor_grouped,2,1.752826,1.381053436666669,0.5092359361880773,0.32577665827036106
ARC-MOF::post_comb_vsa_co2.csv__RAC__racs.csv,v/v,RAC,extratrees,descriptor_grouped,2,0.179109,0.3819712233333338,0.016792611251049538,0.038623005877413935
ARC-MOF::post_comb_vsa_co2.csv__RAC__racs.csv,v/v,RAC,extratrees,descriptor_grouped,2,12.155701,5.064422216666668,0.9089000839630562,0.7170445004198153
ARC-MOF::post_comb_vsa_co2.csv__RAC__racs.csv,v/v,RAC,extratrees,descriptor_grouped,2,1.323012,2.101055973333335,0.4290512174643157,0.46809403862300586
ARC-MOF::post_comb_vsa_co2.csv__RAC__racs.csv,v/v,RAC,extratrees,descriptor_grouped,2,1.252409,3.694049405000004,0.40973971452560876,0.6368597816960537
ARC-MOF::post_comb_vsa_co2.csv__RAC__racs.csv,v/v,RAC,extratrees,descriptor_grouped,2,139.750606,90.11462059333304,0.9995801847187238,0.9995801847187238
ARC-MOF::post_comb_vsa_co2.csv__RAC__racs.csv,v/v,RAC,extratrees,descriptor_grouped,2,0.985786,1.1139023033333326,0.33249370277078083,0.25524769101595296
ARC-MOF::post_comb_vsa_co2.csv__RAC__racs.csv,v/v,RAC,extratrees,descriptor_grouped,2,1.48606,3.897997609999997,0.4622166246851385,0.6515533165407221
ARC-MOF::post_comb_vsa_co2.csv__RAC__racs.csv,v/v,RAC,extratrees,descriptor_grouped,2,2.823022,6.229807939999997,0.6473551637279596,0.7699412258606213
ARC-MOF::post_comb_vsa_co2.csv__RAC__racs.csv,v/v,RAC,extratrees,descriptor_grouped,2,0.147821,0.2642833699999999,0.006717044500419815,0.013014273719563391
ARC-MOF::post_comb_vsa_co2.csv__RAC__racs.csv,v/v,RAC,extratrees,descriptor_grouped,2,1.05298,1.3192043133333335,0.3518052057094878,0.3077246011754828
ARC-MOF::post_comb_vsa_co2.csv__RAC__racs.csv,v/v,RAC,extratrees,descriptor_grouped,2,0.90334,0.5900524866666667,0.30058774139378674,0.10789252728799328
ARC-MOF::post_comb_vsa_co2.csv__RAC__racs.csv,v/v,RAC,extratrees,descriptor_grouped,2,11.078642,6.472120920000009,0.8933669185558354,0.7787573467674224
ARC-MOF::post_comb_vsa_co2.csv__RAC__racs.csv,v/v,RAC,extratrees,descriptor_grouped,2,7.463805,2.9440328966666662,0.8383711167086482,0.5726280436607892
ARC-MOF::post_comb_vsa_co2.csv__RAC__racs.csv,v/v,RAC,extratrees,descriptor_grouped,2,0.374892,0.6130197866666676,0.09613769941225861,0.11670864819479429
ARC-MOF::post_comb_vsa_co2.csv__RAC__racs.csv,v/v,RAC,extratrees,descriptor_grouped,2,0.482969,0.9326057266666667,0.14231738035264482,0.2073887489504618
ARC-MOF::post_comb_vsa_co2.csv__RAC__racs.csv,v/v,RAC,extratrees,descriptor_grouped,2,1.300477,2.3868467299999985,0.4244332493702771,0.5088161209068011
ARC-MOF::post_comb_vsa_co2.csv__RAC__racs.csv,v/v,RAC,extratrees,descriptor_grouped,2,55.593078,9.479411999999996,0.9962216624685138,0.8795130142737195
ARC-MOF::post_comb_vsa_co2.csv__RAC__racs.csv,v/v,RAC,extratrees,descriptor_grouped,2,0.658703,1.712978883333334,0.21494542401343408,0.4038623005877414
ARC-MOF::post_comb_vsa_co2.csv__RAC__racs.csv,v/v,RAC,extratrees,descriptor_grouped,2,5.644727,9.707788630000012,0.7930310663308144,0.8853904282115869
ARC-MOF::post_comb_vsa_co2.csv__RAC__racs.csv,v/v,RAC,extratrees,descriptor_grouped,2,1.049788,1.3231758333333352,0.3513853904282116,0.30940386230058775
ARC-MOF::post_comb_vsa_co2.csv__RAC__racs.csv,v/v,RAC,extratrees,descriptor_grouped,2,0.739831,1.0082550366666665,0.24769101595298068,0.22460117548278757
ARC-MOF::post_comb_vsa_co2.csv__RAC__racs.csv,v/v,RAC,extratrees,descriptor_grouped,2,0.587967,0.772952070000001,0.18765743073047858,0.16414777497900923
ARC-MOF::post_comb_vsa_co2.csv__RAC__racs.csv,v/v,RAC,extratrees,descriptor_grouped,2,0.296711,0.4708296966666666,0.06297229219143577,0.06633081444164568
ARC-MOF::post_comb_vsa_co2.csv__RAC__racs.csv,v/v,RAC,extratrees,descriptor_grouped,2,2.363876,2.5972383133333325,0.5969773299748111,0.5319059613769941
ARC-MOF::post_comb_vsa_co2.csv__RAC__racs.csv,v/v,RAC,extratrees,descriptor_grouped,2,4.737576,2.9814539233333357,0.755247691015953,0.5764063811922754
ARC-MOF::post_comb_vsa_co2.csv__RAC__racs.csv,v/v,RAC,extratrees,descriptor_grouped,2,0.349195,1.3140745433333352,0.08606213266162889,0.3060453400503778
ARC-MOF::post_comb_vsa_co2.csv__RAC__racs.csv,v/v,RAC,extratrees,descriptor_grouped,2,1.34112,1.46740079,0.4336691855583543,0.3526448362720403
ARC-MOF::post_comb_vsa_co2.csv__RAC__racs.csv,v/v,RAC,extratrees,descriptor_grouped,2,1.68519,3.096906576666665,0.5,0.5877413937867338
ARC-MOF::post_comb_vsa_co2.csv__RAC__racs.csv,v/v,RAC,extratrees,descriptor_grouped,2,6.885681,1.8619821300000008,0.8253568429890848,0.43073047858942065
ARC-MOF::post_comb_vsa_co2.csv__RAC__racs.csv,v/v,RAC,extratrees,descriptor_grouped,2,0.849385,0.6003818166666667,0.2858942065491184,0.11083123425692695
ARC-MOF::post_comb_vsa_co2.csv__RAC__racs.csv,v/v,RAC,extratrees,descriptor_grouped,2,1.856034,2.938293519999999,0.5264483627204031,0.5717884130982368
ARC-MOF::post_comb_vsa_co2.csv__RAC__racs.csv,v/v,RAC,extratrees,descriptor_grouped,2,10.540519,3.332227720000001,0.8870696893366918,0.607472712006717
ARC-MOF::post_comb_vsa_co2.csv__RAC__racs.csv,v/v,RAC,extratrees,descriptor_grouped,2,2.554186,2.800636383333329,0.6225860621326617,0.5579345088161209
ARC-MOF::post_comb_vsa_co2.csv__RAC__racs.csv,v/v,RAC,extratrees,descriptor_grouped,2,4.291729,2.420059936666663,0.7325776658270361,0.5113350125944585
ARC-MOF::post_comb_vsa_co2.csv__RAC__racs.csv,v/v,RAC,extratrees,descriptor_grouped,2,4.63142,6.884454386666678,0.7489504617968094,0.7959697732997482
ARC-MOF::post_comb_vsa_co2.csv__RAC__racs.csv,v/v,RAC,extratrees,descriptor_grouped,2,10.436502,4.546110599999994,0.8853904282115869,0.6893366918555835
ARC-MOF::post_comb_vsa_co2.csv__RAC__racs.csv,v/v,RAC,extratrees,descriptor_grouped,2,9.221391,4.1849489366666655,0.8681780016792612,0.6666666666666666
ARC-MOF::post_comb_vsa_co2.csv__RAC__racs.csv,v/v,RAC,extratrees,descriptor_grouped,2,1.920943,2.870156358333337,0.5390428211586902,0.5650713685978169
ARC-MOF::post_comb_vsa_co2.csv__RAC__racs.csv,v/v,RAC,extratrees,descriptor_grouped,2,1.072088,1.6500812533333344,0.3606213266162888,0.39126784214945426
ARC-MOF::post_comb_vsa_co2.csv__RAC__racs.csv,v/v,RAC,extratrees,descriptor_grouped,2,3.328949,2.785242796666666,0.6855583543240974,0.5549958018471872
ARC-MOF::post_comb_vsa_co2.csv__RAC__racs.csv,v/v,RAC,extratrees,descriptor_grouped,2,5.985901,19.67407632333335,0.8064651553316541,0.9676742233417296
ARC-MOF::post_comb_vsa_co2.csv__RAC__racs.csv,v/v,RAC,extratrees,descriptor_grouped,2,0.256978,3.2542354066666657,0.04617968094038623,0.6024349286314021
ARC-MOF::post_comb_vsa_co2.csv__RAC__racs.csv,v/v,RAC,extratrees,descriptor_grouped,2,3.063852,2.3267338516666656,0.6679261125104954,0.4995801847187238
ARC-MOF::post_comb_vsa_co2.csv__RAC__racs.csv,v/v,RAC,extratrees,descriptor_grouped,2,0.692688,0.7507378099999984,0.22837951301427373,0.15491183879093198
ARC-MOF::post_comb_vsa_co2.csv__RAC__racs.csv,v/v,RAC,extratrees,descriptor_grouped,2,1.124538,1.901039503333332,0.373215785054576,0.4378673383711167
ARC-MOF::post_comb_vsa_co2.csv__RAC__racs.csv,v/v,RAC,extratrees,descriptor_grouped,2,0.346146,0.7592776366666678,0.08480268681780016,0.15869017632241814
ARC-MOF::post_comb_vsa_co2.csv__RAC__racs.csv,v/v,RAC,extratrees,descriptor_grouped,2,9.692572,24.373529826666697,0.8757346767422334,0.9819479429051218
ARC-MOF::post_comb_vsa_co2.csv__RAC__racs.csv,v/v,RAC,extratrees,descriptor_grouped,2,16.326189,7.118099089999999,0.9370277078085643,0.8047858942065491
ARC-MOF::post_comb_vsa_co2.csv__RAC__racs.csv,v/v,RAC,extratrees,descriptor_grouped,2,0.879651,2.595102813333336,0.2947103274559194,0.5314861460957179
ARC-MOF::post_comb_vsa_co2.csv__RAC__racs.csv,v/v,RAC,extratrees,descriptor_grouped,2,8.222081,6.4233815066666615,0.8526448362720404,0.7762384550797649
ARC-MOF::post_comb_vsa_co2.csv__RAC__racs.csv,v/v,RAC,extratrees,descriptor_grouped,2,20.53368,16.591938216666666,0.9584382871536524,0.9550797649034425
ARC-MOF::post_comb_vsa_co2.csv__RAC__racs.csv,v/v,RAC,extratrees,descriptor_grouped,2,0.454023,0.9813834866666667,0.13014273719563393,0.218303946263644
ARC-MOF::post_comb_vsa_co2.csv__RAC__racs.csv,v/v,RAC,extratrees,descriptor_grouped,2,31.698458,22.605832130000017,0.9802686817800168,0.9773299748110831
ARC-MOF::post_comb_vsa_co2.csv__RAC__racs.csv,v/v,RAC,extratrees,descriptor_grouped,2,3.944856,4.769996309999996,0.7195633921074727,0.7027707808564232
ARC-MOF::post_comb_vsa_co2.csv__RAC__racs.csv,v/v,RAC,extratrees,descriptor_grouped,2,0.192361,0.2194086633333339,0.021410579345088162,0.0033585222502099076
ARC-MOF::post_comb_vsa_co2.csv__RAC__racs.csv,v/v,RAC,extratrees,descriptor_grouped,2,1.930414,2.3346191833333343,0.5398824517212426,0.5
ARC-MOF::post_comb_vsa_co2.csv__RAC__racs.csv,v/v,RAC,extratrees,descriptor_grouped,2,0.618038,0.908926896666667,0.1977329974811083,0.2019311502938707
ARC-MOF::post_comb_vsa_co2.csv__RAC__racs.csv,v/v,RAC,extratrees,descriptor_grouped,2,4.12825,3.5655779100000005,0.7237615449202351,0.6255247691015953
ARC-MOF::post_comb_vsa_co2.csv__RAC__racs.csv,v/v,RAC,extratrees,descriptor_grouped,2,2.117198,3.049215396666661,0.5659109991603695,0.5822837951301427
ARC-MOF::post_comb_vsa_co2.csv__RAC__racs.csv,v/v,RAC,extratrees,descriptor_grouped,2,0.745727,1.680214759999999,0.24937027707808565,0.3963056255247691
ARC-MOF::post_comb_vsa_co2.csv__RAC__racs.csv,v/v,RAC,extratrees,descriptor_grouped,2,4.534465,2.4952371266666646,0.744752308984047,0.520990764063812
ARC-MOF::post_comb_vsa_co2.csv__RAC__racs.csv,v/v,RAC,extratrees,descriptor_grouped,2,3.550946,3.7659110566666594,0.6973131821998321,0.6423173803526449
ARC-MOF::post_comb_vsa_co2.csv__RAC__racs.csv,v/v,RAC,extratrees,descriptor_grouped,2,0.355653,0.878013139999999,0.08942065491183879,0.19311502938706968
ARC-MOF::post_comb_vsa_co2.csv__RAC__racs.csv,v/v,RAC,extratrees,descriptor_grouped,2,24.172469,18.21420862333333,0.9672544080604534,0.9626364399664148
ARC-MOF::post_comb_vsa_co2.csv__RAC__racs.csv,v/v,RAC,extratrees,descriptor_grouped,2,10.715656,8.604967700000003,0.8895885810243492,0.8581024349286314
ARC-MOF::post_comb_vsa_co2.csv__RAC__racs.csv,v/v,RAC,extratrees,descriptor_grouped,2,9.209811,5.912924529999997,0.8677581863979849,0.7581863979848866
ARC-MOF::post_comb_vsa_co2.csv__RAC__racs.csv,v/v,RAC,extratrees,descriptor_grouped,2,0.170087,0.8221274266666673,0.01343408900083963,0.17842149454240133
ARC-MOF::post_comb_vsa_co2.csv__RAC__racs.csv,v/v,RAC,extratrees,descriptor_grouped,2,0.83271,2.0657422433333346,0.2791771620486986,0.4622166246851385
ARC-MOF::post_comb_vsa_co2.csv__RAC__racs.csv,v/v,RAC,extratrees,descriptor_grouped,2,0.19725,0.2827226466666669,0.023509655751469353,0.018052057094878254
ARC-MOF::post_comb_vsa_co2.csv__RAC__racs.csv,v/v,RAC,extratrees,descriptor_grouped,2,0.448136,0.4690384166666659,0.12720403022670027,0.0654911838790932
ARC-MOF::post_comb_vsa_co2.csv__RAC__racs.csv,v/v,RAC,extratrees,descriptor_grouped,2,3.194936,2.21462204333333,0.6754827875734677,0.4836272040302267
ARC-MOF::post_comb_vsa_co2.csv__RAC__racs.csv,v/v,RAC,extratrees,descriptor_grouped,2,9.04759,7.74707802666666,0.8656591099916037,0.8287153652392947
ARC-MOF::post_comb_vsa_co2.csv__RAC__racs.csv,v/v,RAC,extratrees,descriptor_grouped,2,4.738969,9.585749139999994,0.7556675062972292,0.8828715365239295
ARC-MOF::post_comb_vsa_co2.csv__RAC__racs.csv,v/v,RAC,extratrees,descriptor_grouped,2,0.599228,0.9943372433333334,0.19227539882451722,0.22082283795130142
ARC-MOF::post_comb_vsa_co2.csv__RAC__racs.csv,v/v,RAC,extratrees,descriptor_grouped,2,2.078059,3.1907632133333346,0.5583543240973972,0.5965575146935348
ARC-MOF::post_comb_vsa_co2.csv__RAC__racs.csv,v/v,RAC,extratrees,descriptor_grouped,2,0.921906,1.0766897300000011,0.30730478589420657,0.24265323257766583
ARC-MOF::post_comb_vsa_co2.csv__RAC__racs.csv,v/v,RAC,extratrees,descriptor_grouped,2,0.179128,0.3017905766666673,0.017212426532325777,0.023509655751469353
ARC-MOF::post_comb_vsa_co2.csv__RAC__racs.csv,v/v,RAC,extratrees,descriptor_grouped,2,20.434239,13.505299446666676,0.9575986565910999,0.9319899244332494
ARC-MOF::post_comb_vsa_co2.csv__RAC__racs.csv,v/v,RAC,extratrees,descriptor_grouped,2,18.481205,6.499443749999997,0.947103274559194,0.7804366078925273
ARC-MOF::post_comb_vsa_co2.csv__RAC__racs.csv,v/v,RAC,extratrees,descriptor_grouped,2,14.812887,6.9461356666666685,0.9269521410579346,0.7997481108312342
ARC-MOF::post_comb_vsa_co2.csv__RAC__racs.csv,v/v,RAC,extratrees,descriptor_grouped,2,2.627226,2.220634976666666,0.6309823677581864,0.48488664987405544
ARC-MOF::post_comb_vsa_co2.csv__RAC__racs.csv,v/v,RAC,extratrees,descriptor_grouped,2,0.735932,0.6698825433333331,0.24685138539042822,0.13140218303946263
ARC-MOF::post_comb_vsa_co2.csv__RAC__racs.csv,v/v,RAC,extratrees,descriptor_grouped,2,3.176249,7.357172153333333,0.6742233417296389,0.8173803526448362
ARC-MOF::post_comb_vsa_co2.csv__RAC__racs.csv,v/v,RAC,extratrees,descriptor_grouped,2,31.068698,12.790217693333316,0.979009235936188,0.9248530646515534
ARC-MOF::post_comb_vsa_co2.csv__RAC__racs.csv,v/v,RAC,extratrees,descriptor_grouped,2,2.748818,2.127834299999999,0.6418975650713686,0.4727120067170445
ARC-MOF::post_comb_vsa_co2.csv__RAC__racs.csv,v/v,RAC,extratrees,descriptor_grouped,2,7.385255,4.235293003333334,0.8375314861460957,0.6700251889168766
ARC-MOF::post_comb_vsa_co2.csv__RAC__racs.csv,v/v,RAC,extratrees,descriptor_grouped,2,2.43316,2.556470350000001,0.6070528967254408,0.5272879932829555
ARC-MOF::post_comb_vsa_co2.csv__RAC__racs.csv,v/v,RAC,extratrees,descriptor_grouped,2,4.448076,18.53356267333334,0.7409739714525608,0.9651553316540722
ARC-MOF::post_comb_vsa_co2.csv__RAC__racs.csv,v/v,RAC,extratrees,descriptor_grouped,2,15.200604,2.604236439999996,0.9319899244332494,0.5331654072208228
ARC-MOF::post_comb_vsa_co2.csv__RAC__racs.csv,v/v,RAC,extratrees,descriptor_grouped,2,0.61921,1.2138824766666692,0.1985726280436608,0.2753988245172124
ARC-MOF::post_comb_vsa_co2.csv__RAC__racs.csv,v/v,RAC,extratrees,descriptor_grouped,2,1.121909,1.8386394433333308,0.37279596977329976,0.427791771620487
ARC-MOF::post_comb_vsa_co2.csv__RAC__racs.csv,v/v,RAC,extratrees,descriptor_grouped,2,1.049737,1.879370683333338,0.3509655751469353,0.4340890008396306
ARC-MOF::post_comb_vsa_co2.csv__RAC__racs.csv,v/v,RAC,extratrees,descriptor_grouped,2,4.263179,3.907834856666668,0.7313182199832073,0.6528127623845508
ARC-MOF::post_comb_vsa_co2.csv__RAC__racs.csv,v/v,RAC,extratrees,descriptor_grouped,2,1.301381,1.4086197300000007,0.4248530646515533,0.33459277917716207
ARC-MOF::post_comb_vsa_co2.csv__RAC__racs.csv,v/v,RAC,extratrees,descriptor_grouped,2,0.215021,0.2731502500000002,0.0327455919395466,0.014693534844668345
ARC-MOF::post_comb_vsa_co2.csv__RAC__racs.csv,v/v,RAC,extratrees,descriptor_grouped,2,29.037743,24.918519613333327,0.9752308984047019,0.982367758186398
ARC-MOF::post_comb_vsa_co2.csv__RAC__racs.csv,v/v,RAC,extratrees,descriptor_grouped,2,0.54321,6.885658816666672,0.1704450041981528,0.7963895885810244
ARC-MOF::post_comb_vsa_co2.csv__RAC__racs.csv,v/v,RAC,extratrees,descriptor_grouped,2,2.131992,1.6705356033333347,0.5680100755667506,0.39336691855583544
ARC-MOF::post_comb_vsa_co2.csv__RAC__racs.csv,v/v,RAC,extratrees,descriptor_grouped,2,1.610257,1.0985915566666669,0.48740554156171284,0.2497900923593619
ARC-MOF::post_comb_vsa_co2.csv__RAC__racs.csv,v/v,RAC,extratrees,descriptor_grouped,2,4.704696,7.269013156666675,0.753568429890848,0.8115029387069689
ARC-MOF::post_comb_vsa_co2.csv__RAC__racs.csv,v/v,RAC,extratrees,descriptor_grouped,2,9.906794,11.581522043333342,0.8782535684298909,0.9130982367758187
ARC-MOF::post_comb_vsa_co2.csv__RAC__racs.csv,v/v,RAC,extratrees,descriptor_grouped,2,1.547132,13.955663796666691,0.4739714525608732,0.9361880772460117
ARC-MOF::post_comb_vsa_co2.csv__RAC__racs.csv,v/v,RAC,extratrees,descriptor_grouped,2,0.730412,1.3381888799999984,0.24391267842149456,0.3157010915197313
ARC-MOF::post_comb_vsa_co2.csv__RAC__racs.csv,v/v,RAC,extratrees,descriptor_grouped,2,0.792882,0.8249551199999995,0.2661628883291352,0.17926112510495382
ARC-MOF::post_comb_vsa_co2.csv__RAC__racs.csv,v/v,RAC,extratrees,descriptor_grouped,2,8.19109,8.215218246666659,0.8518052057094878,0.8455079764903443
ARC-MOF::post_comb_vsa_co2.csv__RAC__racs.csv,v/v,RAC,extratrees,descriptor_grouped,2,0.721828,1.8921292033333343,0.23887489504617967,0.4357682619647355
ARC-MOF::post_comb_vsa_co2.csv__RAC__racs.csv,v/v,RAC,extratrees,descriptor_grouped,2,0.167752,0.4663265599999998,0.012174643157010915,0.06381192275398824
ARC-MOF::post_comb_vsa_co2.csv__RAC__racs.csv,v/v,RAC,extratrees,descriptor_grouped,2,1.521879,1.280940213333331,0.46893366918555834,0.2959697732997481
ARC-MOF::post_comb_vsa_co2.csv__RAC__racs.csv,v/v,RAC,extratrees,descriptor_grouped,2,3.207215,7.934396736666664,0.6771620486985727,0.8358522250209908
ARC-MOF::post_comb_vsa_co2.csv__RAC__racs.csv,v/v,RAC,extratrees,descriptor_grouped,2,3.778204,15.884715010000006,0.7128463476070529,0.9504617968094039
ARC-MOF::post_comb_vsa_co2.csv__RAC__racs.csv,v/v,RAC,extratrees,descriptor_grouped,2,0.895935,1.8346168466666648,0.2980688497061293,0.4269521410579345
ARC-MOF::post_comb_vsa_co2.csv__RAC__racs.csv,v/v,RAC,extratrees,descriptor_grouped,2,0.948935,1.963451073333332,0.31863979848866497,0.445424013434089
ARC-MOF::post_comb_vsa_co2.csv__RAC__racs.csv,v/v,RAC,extratrees,descriptor_grouped,2,3.042454,4.404180589999995,0.6649874055415617,0.6801007556675063
ARC-MOF::post_comb_vsa_co2.csv__RAC__racs.csv,v/v,RAC,extratrees,descriptor_grouped,2,1.270701,1.0015694966666662,0.4147774979009236,0.22208228379513015
ARC-MOF::post_comb_vsa_co2.csv__RAC__racs.csv,v/v,RAC,extratrees,descriptor_grouped,2,5.429933,8.594655410000005,0.7854743912678421,0.8572628043660789
ARC-MOF::post_comb_vsa_co2.csv__RAC__racs.csv,v/v,RAC,extratrees,descriptor_grouped,2,0.221852,0.4515411066666658,0.035684298908480266,0.05667506297229219
ARC-MOF::post_comb_vsa_co2.csv__RAC__racs.csv,v/v,RAC,extratrees,descriptor_grouped,2,11.528559,18.490204310000053,0.9005037783375315,0.9638958858102435
ARC-MOF::post_comb_vsa_co2.csv__RAC__racs.csv,v/v,RAC,extratrees,descriptor_grouped,2,2.350978,2.749578746666664,0.5923593618807724,0.5495382031905961
ARC-MOF::post_comb_vsa_co2.csv__RAC__racs.csv,v/v,RAC,extratrees,descriptor_grouped,2,0.234296,0.3590196033333336,0.0382031905961377,0.03400503778337532
ARC-MOF::post_comb_vsa_co2.csv__RAC__racs.csv,v/v,RAC,extratrees,descriptor_grouped,2,0.54749,1.241619606666666,0.17212426532325778,0.28295549958018473
ARC-MOF::post_comb_vsa_co2.csv__RAC__racs.csv,v/v,RAC,extratrees,descriptor_grouped,2,1.785492,1.7265047000000011,0.5163727959697733,0.4063811922753988
ARC-MOF::post_comb_vsa_co2.csv__RAC__racs.csv,v/v,RAC,extratrees,descriptor_grouped,2,0.869546,1.0439761466666666,0.29093198992443325,0.23509655751469352
ARC-MOF::post_comb_vsa_co2.csv__RAC__racs.csv,v/v,RAC,extratrees,descriptor_grouped,2,2.290428,4.18592076,0.5856423173803527,0.667086481947943
ARC-MOF::post_comb_vsa_co2.csv__RAC__racs.csv,v/v,RAC,extratrees,descriptor_grouped,2,0.554003,0.5954076183333331,0.17506297229219145,0.10999160369437448
ARC-MOF::post_comb_vsa_co2.csv__RAC__racs.csv,v/v,RAC,extratrees,descriptor_grouped,2,12.644864,16.556723120000008,0.9109991603694374,0.9538203190596137
ARC-MOF::post_comb_vsa_co2.csv__RAC__racs.csv,v/v,RAC,extratrees,descriptor_grouped,2,19.066628,9.517601526666674,0.9496221662468514,0.8799328295549959
ARC-MOF::post_comb_vsa_co2.csv__RAC__racs.csv,v/v,RAC,extratrees,descriptor_grouped,2,9.954303,4.814590096666662,0.8786733837111671,0.7040302267002518
ARC-MOF::post_comb_vsa_co2.csv__RAC__racs.csv,v/v,RAC,extratrees,descriptor_grouped,2,0.734673,0.7309327333333325,0.24601175482787574,0.15029387069689337
ARC-MOF::post_comb_vsa_co2.csv__RAC__racs.csv,v/v,RAC,extratrees,descriptor_grouped,2,6.710936,9.307153536666666,0.8228379513014273,0.8769941225860621
ARC-MOF::post_comb_vsa_co2.csv__RAC__racs.csv,v/v,RAC,extratrees,descriptor_grouped,2,8.83613,9.15718782000001,0.8614609571788413,0.8740554156171285
ARC-MOF::post_comb_vsa_co2.csv__RAC__racs.csv,v/v,RAC,extratrees,descriptor_grouped,2,3.375537,5.419680026666669,0.6880772460117548,0.7363560033585222
ARC-MOF::post_comb_vsa_co2.csv__RAC__racs.csv,v/v,RAC,extratrees,descriptor_grouped,2,9.315714,5.866000619999999,0.8702770780856424,0.7548278757346767
ARC-MOF::post_comb_vsa_co2.csv__RAC__racs.csv,v/v,RAC,extratrees,descriptor_grouped,2,0.769618,6.499361306666657,0.2594458438287154,0.780016792611251
ARC-MOF::post_comb_vsa_co2.csv__RAC__racs.csv,v/v,RAC,extratrees,descriptor_grouped,2,0.601616,1.1049887100000024,0.19269521410579346,0.2518891687657431
ARC-MOF::post_comb_vsa_co2.csv__RAC__racs.csv,v/v,RAC,extratrees,descriptor_grouped,2,2.839173,2.253394043333332,0.6494542401343409,0.48866498740554154
ARC-MOF::post_comb_vsa_co2.csv__RAC__racs.csv,v/v,RAC,extratrees,descriptor_grouped,2,8.435846,3.623283803333331,0.8551637279596978,0.6309823677581864
ARC-MOF::post_comb_vsa_co2.csv__RAC__racs.csv,v/v,RAC,extratrees,descriptor_grouped,2,7.275459,10.86959772999999,0.8337531486146096,0.9042821158690176
ARC-MOF::post_comb_vsa_co2.csv__RAC__racs.csv,v/v,RAC,extratrees,descriptor_grouped,2,0.723082,1.0146809533333347,0.24055415617128464,0.22670025188916876
ARC-MOF::post_comb_vsa_co2.csv__RAC__racs.csv,v/v,RAC,extratrees,descriptor_grouped,2,11.119022,11.723631523333362,0.8942065491183879,0.9135180520570949
ARC-MOF::post_comb_vsa_co2.csv__RAC__racs.csv,v/v,RAC,extratrees,descriptor_grouped,2,3.125886,2.034191383333333,0.670864819479429,0.4563392107472712
ARC-MOF::post_comb_vsa_co2.csv__RAC__racs.csv,v/v,RAC,extratrees,descriptor_grouped,2,14.884858,2.379151809999997,0.9282115869017632,0.5062972292191436
ARC-MOF::post_comb_vsa_co2.csv__RAC__racs.csv,v/v,RAC,extratrees,descriptor_grouped,2,2.488828,6.195845489999996,0.6154492023509656,0.7674223341729639
ARC-MOF::post_comb_vsa_co2.csv__RAC__racs.csv,v/v,RAC,extratrees,descriptor_grouped,2,4.315641,4.848695560000005,0.7346767422334173,0.7073887489504618
ARC-MOF::post_comb_vsa_co2.csv__RAC__racs.csv,v/v,RAC,extratrees,descriptor_grouped,2,1.567906,0.940982683333334,0.4790092359361881,0.2086481947942905
ARC-MOF::post_comb_vsa_co2.csv__RAC__racs.csv,v/v,RAC,extratrees,descriptor_grouped,2,0.316028,0.2404954233333333,0.07178841309823678,0.007556675062972292
ARC-MOF::post_comb_vsa_co2.csv__RAC__racs.csv,v/v,RAC,extratrees,descriptor_grouped,2,6.261586,1.850781206666667,0.8131821998320738,0.4290512174643157
ARC-MOF::post_comb_vsa_co2.csv__RAC__racs.csv,v/v,RAC,extratrees,descriptor_grouped,2,1.061733,1.321164653333336,0.35684298908480266,0.3089840470193115
ARC-MOF::post_comb_vsa_co2.csv__RAC__racs.csv,v/v,RAC,extratrees,descriptor_grouped,2,0.200233,0.3026555333333325,0.02476910159529807,0.02392947103274559
ARC-MOF::post_comb_vsa_co2.csv__RAC__racs.csv,v/v,RAC,extratrees,descriptor_grouped,2,9.390343,8.439447026666672,0.8719563392107472,0.8518052057094878
ARC-MOF::post_comb_vsa_co2.csv__RAC__racs.csv,v/v,RAC,extratrees,descriptor_grouped,2,3.255739,1.0909230933333298,0.6809403862300588,0.24853064651553317
ARC-MOF::post_comb_vsa_co2.csv__RAC__racs.csv,v/v,RAC,extratrees,descriptor_grouped,2,1.236943,1.0320807999999997,0.40554156171284633,0.23173803526448364
ARC-MOF::post_comb_vsa_co2.csv__RAC__racs.csv,v/v,RAC,extratrees,descriptor_grouped,2,0.465374,3.888234780000004,0.13560033585222503,0.6511335012594458
ARC-MOF::post_comb_vsa_co2.csv__RAC__racs.csv,v/v,RAC,extratrees,descriptor_grouped,2,5.460614,9.876359689999992,0.7867338371116709,0.887489504617968
ARC-MOF::post_comb_vsa_co2.csv__RAC__racs.csv,v/v,RAC,extratrees,descriptor_grouped,2,4.40333,8.38770608333334,0.7388748950461796,0.8505457598656591
ARC-MOF::post_comb_vsa_co2.csv__RAC__racs.csv,v/v,RAC,extratrees,descriptor_grouped,2,0.534746,1.0131806266666668,0.16666666666666666,0.2258606213266163
ARC-MOF::post_comb_vsa_co2.csv__RAC__racs.csv,v/v,RAC,extratrees,descriptor_grouped,2,0.369644,0.4167465600000001,0.09445843828715365,0.04743912678421495
ARC-MOF::post_comb_vsa_co2.csv__RAC__racs.csv,v/v,RAC,extratrees,descriptor_grouped,2,1.854354,3.231413040000002,0.5256087321578505,0.5986565910999161
ARC-MOF::post_comb_vsa_co2.csv__RAC__racs.csv,v/v,RAC,extratrees,descriptor_grouped,2,0.856202,1.865812873333334,0.2875734676742233,0.43198992443324935
ARC-MOF::post_comb_vsa_co2.csv__RAC__racs.csv,v/v,RAC,extratrees,descriptor_grouped,2,7.755436,8.746138573333328,0.8446683459277917,0.864399664147775
ARC-MOF::post_comb_vsa_co2.csv__RAC__racs.csv,v/v,RAC,extratrees,descriptor_grouped,2,7.371471,8.670386669999997,0.836272040302267,0.8610411418975651
ARC-MOF::post_comb_vsa_co2.csv__RAC__racs.csv,v/v,RAC,extratrees,descriptor_grouped,2,4.337978,4.68030772999999,0.7350965575146935,0.6977329974811083
ARC-MOF::post_comb_vsa_co2.csv__RAC__racs.csv,v/v,RAC,extratrees,descriptor_grouped,2,1.10597,1.5135523733333327,0.3698572628043661,0.36481947942905124
ARC-MOF::post_comb_vsa_co2.csv__RAC__racs.csv,v/v,RAC,extratrees,descriptor_grouped,2,0.447505,0.502282926666666,0.12636439966414778,0.07598656591099916
ARC-MOF::post_comb_vsa_co2.csv__RAC__racs.csv,v/v,RAC,extratrees,descriptor_grouped,2,1.347058,1.7960621833333317,0.436607892527288,0.4202350965575147
ARC-MOF::post_comb_vsa_co2.csv__RAC__racs.csv,v/v,RAC,extratrees,descriptor_grouped,2,0.856747,1.2782169933333327,0.2879932829554996,0.2951301427371956
ARC-MOF::post_comb_vsa_co2.csv__RAC__racs.csv,v/v,RAC,extratrees,descriptor_grouped,2,28.85203,8.569666133333337,0.9743912678421495,0.8568429890848027
ARC-MOF::post_comb_vsa_co2.csv__RAC__racs.csv,v/v,RAC,extratrees,descriptor_grouped,2,59.665582,54.169556836666665,0.9966414777497901,0.9970612930310663
ARC-MOF::post_comb_vsa_co2.csv__RAC__racs.csv,v/v,RAC,extratrees,descriptor_grouped,2,0.50245,3.5048058300000027,0.15407220822837953,0.6192275398824517
ARC-MOF::post_comb_vsa_co2.csv__RAC__racs.csv,v/v,RAC,extratrees,descriptor_grouped,2,1.285578,1.5779676266666656,0.4181360201511335,0.3795130142737196
ARC-MOF::post_comb_vsa_co2.csv__RAC__racs.csv,v/v,RAC,extratrees,descriptor_grouped,2,1.167549,1.4500442199999997,0.38371116708648195,0.345088161209068
ARC-MOF::post_comb_vsa_co2.csv__RAC__racs.csv,v/v,RAC,extratrees,descriptor_grouped,2,0.784479,3.2253227966666667,0.26238455079764905,0.5982367758186398
ARC-MOF::post_comb_vsa_co2.csv__RAC__racs.csv,v/v,RAC,extratrees,descriptor_grouped,2,2.397108,2.0944422633333346,0.6011754827875735,0.4659949622166247
ARC-MOF::post_comb_vsa_co2.csv__RAC__racs.csv,v/v,RAC,extratrees,descriptor_grouped,2,0.279254,1.0605743966666656,0.055415617128463476,0.23887489504617967
ARC-MOF::post_comb_vsa_co2.csv__RAC__racs.csv,v/v,RAC,extratrees,descriptor_grouped,2,4.556795,6.581425633333339,0.7455919395465995,0.7850545759865659
ARC-MOF::post_comb_vsa_co2.csv__RAC__racs.csv,v/v,RAC,extratrees,descriptor_grouped,2,31.711965,15.539494503333318,0.980688497061293,0.9487825356842989
ARC-MOF::post_comb_vsa_co2.csv__RAC__racs.csv,v/v,RAC,extratrees,descriptor_grouped,2,4.376544,8.036280906666661,0.7371956339210747,0.8392107472712007
ARC-MOF::post_comb_vsa_co2.csv__RAC__racs.csv,v/v,RAC,extratrees,descriptor_grouped,2,18.188404,29.570512970000017,0.945424013434089,0.9865659109991604
ARC-MOF::post_comb_vsa_co2.csv__RAC__racs.csv,v/v,RAC,extratrees,descriptor_grouped,2,0.775102,1.2543777766666662,0.2611251049538203,0.2867338371116709
ARC-MOF::post_comb_vsa_co2.csv__RAC__racs.csv,v/v,RAC,extratrees,descriptor_grouped,2,1.820058,1.9807158300000016,0.5218303946263644,0.4466834592779177
ARC-MOF::post_comb_vsa_co2.csv__RAC__racs.csv,v/v,RAC,extratrees,descriptor_grouped,2,2.600339,3.334140183333335,0.628463476070529,0.6078925272879933
ARC-MOF::post_comb_vsa_co2.csv__RAC__racs.csv,v/v,RAC,extratrees,descriptor_grouped,2,1.560818,2.104477320000002,0.47649034424853065,0.4693534844668346
ARC-MOF::post_comb_vsa_co2.csv__RAC__racs.csv,v/v,RAC,extratrees,descriptor_grouped,2,1.644531,2.104254186666666,0.4924433249370277,0.46893366918555834
ARC-MOF::post_comb_vsa_co2.csv__RAC__racs.csv,v/v,RAC,extratrees,descriptor_grouped,2,5.005609,5.140091756666674,0.7695214105793451,0.7233417296389588
ARC-MOF::post_comb_vsa_co2.csv__RAC__racs.csv,v/v,RAC,extratrees,descriptor_grouped,2,4.48256,6.94744136333332,0.7434928631402183,0.8005877413937867
ARC-MOF::post_comb_vsa_co2.csv__RAC__racs.csv,v/v,RAC,extratrees,descriptor_grouped,2,10.503131,9.846738093333324,0.8866498740554156,0.8870696893366918
ARC-MOF::post_comb_vsa_co2.csv__RAC__racs.csv,v/v,RAC,extratrees,descriptor_grouped,2,2.435159,3.06500273,0.6078925272879933,0.5839630562552477
ARC-MOF::post_comb_vsa_co2.csv__RAC__racs.csv,v/v,RAC,extratrees,descriptor_grouped,2,0.288251,0.5739003100000011,0.0600335852225021,0.10033585222502099
ARC-MOF::post_comb_vsa_co2.csv__RAC__racs.csv,v/v,RAC,extratrees,descriptor_grouped,2,1.418352,1.879108723333332,0.44878253568429893,0.4336691855583543
ARC-MOF::post_comb_vsa_co2.csv__RAC__racs.csv,v/v,RAC,extratrees,descriptor_grouped,2,0.412274,0.3966639033333331,0.11376994122586062,0.04450041981528128
ARC-MOF::post_comb_vsa_co2.csv__RAC__racs.csv,v/v,RAC,extratrees,descriptor_grouped,2,1.972144,5.268495410000004,0.5470193115029387,0.7296389588581025
ARC-MOF::post_comb_vsa_co2.csv__RAC__racs.csv,v/v,RAC,extratrees,descriptor_grouped,2,1.346023,4.615469040000005,0.4361880772460118,0.6943744752308985
ARC-MOF::post_comb_vsa_co2.csv__RAC__racs.csv,v/v,RAC,extratrees,descriptor_grouped,2,2.743483,10.48703164000002,0.6410579345088161,0.8979848866498741
ARC-MOF::post_comb_vsa_co2.csv__RAC__racs.csv,v/v,RAC,extratrees,descriptor_grouped,2,3.58178,2.401111025000004,0.6998320738874895,0.5100755667506297
ARC-MOF::post_comb_vsa_co2.csv__RAC__racs.csv,v/v,RAC,extratrees,descriptor_grouped,2,2.145484,1.4273139333333331,0.5701091519731318,0.33837111670864817
ARC-MOF::post_comb_vsa_co2.csv__RAC__racs.csv,v/v,RAC,extratrees,descriptor_grouped,2,1.035217,0.8772037266666673,0.34676742233417296,0.19269521410579346
ARC-MOF::post_comb_vsa_co2.csv__RAC__racs.csv,v/v,RAC,extratrees,descriptor_grouped,2,0.657113,0.8421730766666669,0.21200671704450041,0.18387909319899245
ARC-MOF::post_comb_vsa_co2.csv__RAC__racs.csv,v/v,RAC,extratrees,descriptor_grouped,2,1.106046,1.242456903333334,0.3702770780856423,0.2837951301427372
ARC-MOF::post_comb_vsa_co2.csv__RAC__racs.csv,v/v,RAC,extratrees,descriptor_grouped,2,3.594117,7.185745740000008,0.700671704450042,0.808144416456759
ARC-MOF::post_comb_vsa_co2.csv__RAC__racs.csv,v/v,RAC,extratrees,descriptor_grouped,2,3.261042,3.349899396666663,0.681360201511335,0.6087321578505458
ARC-MOF::post_comb_vsa_co2.csv__RAC__racs.csv,v/v,RAC,extratrees,descriptor_grouped,2,19.179018,8.647268706666672,0.9517212426532325,0.8597816960537363
ARC-MOF::post_comb_vsa_co2.csv__RAC__racs.csv,v/v,RAC,extratrees,descriptor_grouped,2,2.095818,1.5780900033333318,0.5604534005037783,0.380352644836272
ARC-MOF::post_comb_vsa_co2.csv__RAC__racs.csv,v/v,RAC,extratrees,descriptor_grouped,2,1.088325,3.0511373066666643,0.36565910999160367,0.5827036104114189
ARC-MOF::post_comb_vsa_co2.csv__RAC__racs.csv,v/v,RAC,extratrees,descriptor_grouped,2,4.219911,2.8395465199999994,0.7287993282955499,0.5612930310663308
ARC-MOF::post_comb_vsa_co2.csv__RAC__racs.csv,v/v,RAC,extratrees,descriptor_grouped,2,4.769477,8.743723403333334,0.7565071368597817,0.8639798488664987
ARC-MOF::post_comb_vsa_co2.csv__RAC__racs.csv,v/v,RAC,extratrees,descriptor_grouped,2,0.265418,0.2762037799999992,0.04827875734676742,0.015533165407220823
ARC-MOF::post_comb_vsa_co2.csv__RAC__racs.csv,v/v,RAC,extratrees,descriptor_grouped,2,1.527951,0.9761395266666656,0.46977329974811083,0.2162048698572628
ARC-MOF::post_comb_vsa_co2.csv__RAC__racs.csv,v/v,RAC,extratrees,descriptor_grouped,2,1.2689,1.0327118999999998,0.41435768261964734,0.23215785054575985
ARC-MOF::post_comb_vsa_co2.csv__RAC__racs.csv,v/v,RAC,extratrees,descriptor_grouped,2,1.964536,4.58203394,0.5449202350965575,0.691855583543241
ARC-MOF::post_comb_vsa_co2.csv__RAC__racs.csv,v/v,RAC,extratrees,descriptor_grouped,2,0.6702,1.1393573566666673,0.2174643157010915,0.2619647355163728
ARC-MOF::post_comb_vsa_co2.csv__RAC__racs.csv,v/v,RAC,extratrees,descriptor_grouped,2,0.486499,0.4196002566666655,0.14441645675902604,0.04827875734676742
ARC-MOF::post_comb_vsa_co2.csv__RAC__racs.csv,v/v,RAC,extratrees,descriptor_grouped,2,2.407349,5.45353775666666,0.6024349286314021,0.7380352644836272
ARC-MOF::post_comb_vsa_co2.csv__RAC__racs.csv,v/v,RAC,extratrees,descriptor_grouped,2,0.267609,0.708039936666666,0.049958018471872374,0.14567590260285473
ARC-MOF::post_comb_vsa_co2.csv__RAC__racs.csv,v/v,RAC,extratrees,descriptor_grouped,2,5.414741,8.12104165333333,0.7850545759865659,0.8417296389588581
ARC-MOF::post_comb_vsa_co2.csv__RAC__racs.csv,v/v,RAC,extratrees,descriptor_grouped,2,1.183202,1.4376441233333357,0.3887489504617968,0.3404701931150294
ARC-MOF::post_comb_vsa_co2.csv__RAC__racs.csv,v/v,RAC,extratrees,descriptor_grouped,2,8.719358,2.1697289766666654,0.8581024349286314,0.4790092359361881
ARC-MOF::post_comb_vsa_co2.csv__RAC__racs.csv,v/v,RAC,extratrees,descriptor_grouped,2,2.362289,4.533481206666671,0.5965575146935348,0.6884970612930311
ARC-MOF::post_comb_vsa_co2.csv__RAC__racs.csv,v/v,RAC,extratrees,descriptor_grouped,2,1.389005,3.793368843333332,0.4450041981528128,0.6448362720403022
ARC-MOF::post_comb_vsa_co2.csv__RAC__racs.csv,v/v,RAC,extratrees,descriptor_grouped,2,0.932125,1.5595145033333333,0.31276238455079763,0.37531486146095716
ARC-MOF::post_comb_vsa_co2.csv__RAC__racs.csv,v/v,RAC,extratrees,descriptor_grouped,2,0.623052,0.638631923333333,0.20067170445004198,0.12174643157010916
ARC-MOF::post_comb_vsa_co2.csv__RAC__racs.csv,v/v,RAC,extratrees,descriptor_grouped,2,1.072012,1.536811168333333,0.3602015113350126,0.3698572628043661
ARC-MOF::post_comb_vsa_co2.csv__RAC__racs.csv,v/v,RAC,extratrees,descriptor_grouped,2,0.637642,0.8783905200000004,0.20654911838790932,0.19395465994962216
ARC-MOF::post_comb_vsa_co2.csv__RAC__racs.csv,v/v,RAC,extratrees,descriptor_grouped,2,22.494197,10.022138873333326,0.963056255247691,0.890848026868178
ARC-MOF::post_comb_vsa_co2.csv__RAC__racs.csv,v/v,RAC,extratrees,descriptor_grouped,2,1.024788,1.4902171933333357,0.3425692695214106,0.3581024349286314
ARC-MOF::post_comb_vsa_co2.csv__RAC__racs.csv,v/v,RAC,extratrees,descriptor_grouped,2,0.943021,3.4186260833333275,0.31696053736356006,0.6129303106633082
ARC-MOF::post_comb_vsa_co2.csv__RAC__racs.csv,v/v,RAC,extratrees,descriptor_grouped,2,1.564031,1.4037363799999998,0.47732997481108314,0.3333333333333333
ARC-MOF::post_comb_vsa_co2.csv__RAC__racs.csv,v/v,RAC,extratrees,descriptor_grouped,2,0.583112,0.7190135500000009,0.1855583543240974,0.1481947942905122
ARC-MOF::post_comb_vsa_co2.csv__RAC__racs.csv,v/v,RAC,extratrees,descriptor_grouped,2,15.486481,15.253038760000008,0.9332493702770781,0.9458438287153652
ARC-MOF::post_comb_vsa_co2.csv__RAC__racs.csv,v/v,RAC,extratrees,descriptor_grouped,2,1.057306,2.080332386666665,0.3547439126784215,0.4643157010915197
ARC-MOF::post_comb_vsa_co2.csv__RAC__racs.csv,v/v,RAC,extratrees,descriptor_grouped,2,6.063916,6.60841720333332,0.8077246011754828,0.7863140218303947
ARC-MOF::post_comb_vsa_co2.csv__RAC__racs.csv,v/v,RAC,extratrees,descriptor_grouped,2,0.68959,1.497284773333334,0.22502099076406382,0.3602015113350126
ARC-MOF::post_comb_vsa_co2.csv__RAC__racs.csv,v/v,RAC,extratrees,descriptor_grouped,2,1.542698,2.257373166666665,0.4727120067170445,0.4890848026868178
ARC-MOF::post_comb_vsa_co2.csv__RAC__racs.csv,v/v,RAC,extratrees,descriptor_grouped,2,0.202156,0.3190274399999999,0.02518891687657431,0.02686817800167926
ARC-MOF::post_comb_vsa_co2.csv__RAC__racs.csv,v/v,RAC,extratrees,descriptor_grouped,2,0.637228,0.4645823366666666,0.2052896725440806,0.06339210747271201
ARC-MOF::post_comb_vsa_co2.csv__RAC__racs.csv,v/v,RAC,extratrees,descriptor_grouped,2,0.604057,11.83664084666667,0.19395465994962216,0.9164567590260285
ARC-MOF::post_comb_vsa_co2.csv__RAC__racs.csv,v/v,RAC,extratrees,descriptor_grouped,2,2.468208,3.2691353733333246,0.612510495382032,0.6045340050377834
ARC-MOF::post_comb_vsa_co2.csv__RAC__racs.csv,v/v,RAC,extratrees,descriptor_grouped,2,1.76826,1.8727926599999984,0.5117548278757347,0.4324097397145256
ARC-MOF::post_comb_vsa_co2.csv__RAC__racs.csv,v/v,RAC,extratrees,descriptor_grouped,2,0.539223,0.6923001466666671,0.16876574307304787,0.13895885810243494
ARC-MOF::post_comb_vsa_co2.csv__RAC__racs.csv,v/v,RAC,extratrees,descriptor_grouped,2,18.438958,6.459430283333346,0.9466834592779177,0.7779177162048698
ARC-MOF::post_comb_vsa_co2.csv__RAC__racs.csv,v/v,RAC,extratrees,descriptor_grouped,2,0.80167,2.446213406666667,0.2686817800167926,0.5163727959697733
ARC-MOF::post_comb_vsa_co2.csv__RAC__racs.csv,v/v,RAC,extratrees,descriptor_grouped,2,1.291797,1.8264403866666643,0.42107472712006716,0.4248530646515533
ARC-MOF::post_comb_vsa_co2.csv__RAC__racs.csv,v/v,RAC,extratrees,descriptor_grouped,2,1.191253,1.3360915233333364,0.39126784214945426,0.3148614609571788
ARC-MOF::post_comb_vsa_co2.csv__RAC__racs.csv,v/v,RAC,extratrees,descriptor_grouped,2,1.849164,1.638646066666665,0.5251889168765743,0.3887489504617968
ARC-MOF::post_comb_vsa_co2.csv__RAC__racs.csv,v/v,RAC,extratrees,descriptor_grouped,2,4.290858,5.140704256666664,0.7321578505457599,0.7237615449202351
ARC-MOF::post_comb_vsa_co2.csv__RAC__racs.csv,v/v,RAC,extratrees,descriptor_grouped,2,15.278358,21.390243213333356,0.9324097397145256,0.9735516372795969
ARC-MOF::post_comb_vsa_co2.csv__RAC__racs.csv,v/v,RAC,extratrees,descriptor_grouped,2,1.979616,3.4003693199999985,0.5482787573467675,0.6104114189756508
ARC-MOF::post_comb_vsa_co2.csv__RAC__racs.csv,v/v,RAC,extratrees,descriptor_grouped,2,3.171427,2.7998616016666658,0.6733837111670865,0.5575146935348446
ARC-MOF::post_comb_vsa_co2.csv__RAC__racs.csv,v/v,RAC,extratrees,descriptor_grouped,2,0.83149,1.3462310066666656,0.2783375314861461,0.31821998320738876
ARC-MOF::post_comb_vsa_co2.csv__RAC__racs.csv,v/v,RAC,extratrees,descriptor_grouped,2,0.9494,0.8944642800000008,0.31947942905121746,0.19731318219983207
ARC-MOF::post_comb_vsa_co2.csv__RAC__racs.csv,v/v,RAC,extratrees,descriptor_grouped,2,0.46711,0.4924395500000003,0.13685978169605373,0.07346767422334173
ARC-MOF::post_comb_vsa_co2.csv__RAC__racs.csv,v/v,RAC,extratrees,descriptor_grouped,2,3.121403,1.46374865,0.6704450041981528,0.3509655751469353
ARC-MOF::post_comb_vsa_co2.csv__RAC__racs.csv,v/v,RAC,extratrees,descriptor_grouped,2,8.191203,15.94194235666669,0.852225020990764,0.9508816120906801
ARC-MOF::post_comb_vsa_co2.csv__RAC__racs.csv,v/v,RAC,extratrees,descriptor_grouped,2,1.03102,2.434457089999999,0.345088161209068,0.5134340890008396
ARC-MOF::post_comb_vsa_co2.csv__RAC__racs.csv,v/v,RAC,extratrees,descriptor_grouped,2,10.666184,9.228937890000005,0.8887489504617968,0.8757346767422334
ARC-MOF::post_comb_vsa_co2.csv__RAC__racs.csv,v/v,RAC,extratrees,descriptor_grouped,2,1.458385,0.9400451366666666,0.45591939546599497,0.20822837951301426
ARC-MOF::post_comb_vsa_co2.csv__RAC__racs.csv,v/v,RAC,extratrees,descriptor_grouped,2,10.359815,8.414972899999992,0.8832913518052057,0.8509655751469354
ARC-MOF::post_comb_vsa_co2.csv__RAC__racs.csv,v/v,RAC,extratrees,descriptor_grouped,2,3.724757,8.616610496666654,0.7090680100755667,0.8589420654911839
ARC-MOF::post_comb_vsa_co2.csv__RAC__racs.csv,v/v,RAC,extratrees,descriptor_grouped,2,6.388059,5.935051856666664,0.818639798488665,0.7586062132661628
ARC-MOF::post_comb_vsa_co2.csv__RAC__racs.csv,v/v,RAC,extratrees,descriptor_grouped,2,5.825926,5.740281739999999,0.8014273719563392,0.7502099076406381
ARC-MOF::post_comb_vsa_co2.csv__RAC__racs.csv,v/v,RAC,extratrees,descriptor_grouped,2,2.003585,3.511673343333332,0.5507976490344249,0.6196473551637279
ARC-MOF::post_comb_vsa_co2.csv__RAC__racs.csv,v/v,RAC,extratrees,descriptor_grouped,2,0.751899,1.0269871100000003,0.25272879932829556,0.23005877413937867
ARC-MOF::post_comb_vsa_co2.csv__RAC__racs.csv,v/v,RAC,extratrees,descriptor_grouped,2,1.48783,1.327537431666668,0.4638958858102435,0.3123425692695214
ARC-MOF::post_comb_vsa_co2.csv__RAC__racs.csv,v/v,RAC,extratrees,descriptor_grouped,2,0.167142,0.2108713966666666,0.011754827875734676,0.0025188916876574307
ARC-MOF::post_comb_vsa_co2.csv__RAC__racs.csv,v/v,RAC,extratrees,descriptor_grouped,2,1.021568,1.397689519999998,0.3408900083963056,0.32955499580184716
ARC-MOF::post_comb_vsa_co2.csv__RAC__racs.csv,v/v,RAC,extratrees,descriptor_grouped,2,0.403351,0.7457464399999997,0.10999160369437448,0.15323257766582704
ARC-MOF::post_comb_vsa_co2.csv__RAC__racs.csv,v/v,RAC,extratrees,descriptor_grouped,2,16.120952,22.22721219000005,0.9349286314021831,0.9764903442485307
ARC-MOF::post_comb_vsa_co2.csv__RAC__racs.csv,v/v,RAC,extratrees,descriptor_grouped,2,1.547284,6.385991886666662,0.47439126784214947,0.7749790092359362
ARC-MOF::post_comb_vsa_co2.csv__RAC__racs.csv,v/v,RAC,extratrees,descriptor_grouped,2,153.96443,107.78437119333306,1.0,1.0
ARC-MOF::post_comb_vsa_co2.csv__RAC__racs.csv,v/v,RAC,extratrees,descriptor_grouped,2,9.801496,6.41957860666667,0.8769941225860621,0.7753988245172124
ARC-MOF::post_comb_vsa_co2.csv__RAC__racs.csv,v/v,RAC,extratrees,descriptor_grouped,2,15.18426,15.47982728333336,0.9315701091519731,0.9479429051217464
ARC-MOF::post_comb_vsa_co2.csv__RAC__racs.csv,v/v,RAC,extratrees,descriptor_grouped,2,35.137608,28.85330885000009,0.9848866498740554,0.9857262804366079
ARC-MOF::post_comb_vsa_co2.csv__RAC__racs.csv,v/v,RAC,extratrees,descriptor_grouped,2,0.785461,2.7567963566666656,0.26322418136020154,0.5507976490344249
ARC-MOF::post_comb_vsa_co2.csv__RAC__racs.csv,v/v,RAC,extratrees,descriptor_grouped,2,7.182611,4.6061511400000015,0.8312342569269522,0.6931150293870697
ARC-MOF::post_comb_vsa_co2.csv__RAC__racs.csv,v/v,RAC,extratrees,descriptor_grouped,2,9.107973,6.130968366666659,0.8669185558354324,0.7649034424853065
ARC-MOF::post_comb_vsa_co2.csv__RAC__racs.csv,v/v,RAC,extratrees,descriptor_grouped,2,4.640522,7.069282713333334,0.7493702770780857,0.8039462636439967
ARC-MOF::post_comb_vsa_co2.csv__RAC__racs.csv,v/v,RAC,extratrees,descriptor_grouped,2,29.242927,11.728261159999994,0.9756507136859782,0.9143576826196473
ARC-MOF::post_comb_vsa_co2.csv__RAC__racs.csv,v/v,RAC,extratrees,descriptor_grouped,2,0.656126,0.6510634666666671,0.21158690176322417,0.12678421494542402
ARC-MOF::post_comb_vsa_co2.csv__RAC__racs.csv,v/v,RAC,extratrees,descriptor_grouped,2,1.186759,2.4390691400000017,0.3895885810243493,0.5142737195633921
ARC-MOF::post_comb_vsa_co2.csv__RAC__racs.csv,v/v,RAC,extratrees,descriptor_grouped,2,5.009242,8.153613453333328,0.7699412258606213,0.8425692695214105
ARC-MOF::post_comb_vsa_co2.csv__RAC__racs.csv,v/v,RAC,extratrees,descriptor_grouped,2,1.474809,1.2745710266666643,0.46011754827875734,0.29177162048698574
ARC-MOF::post_comb_vsa_co2.csv__RAC__racs.csv,v/v,RAC,extratrees,descriptor_grouped,2,29.867711,7.850382446666669,0.9764903442485307,0.8320738874895046
ARC-MOF::post_comb_vsa_co2.csv__RAC__racs.csv,v/v,RAC,extratrees,descriptor_grouped,2,1.89565,1.706192120000002,0.5344248530646516,0.40260285474391266
ARC-MOF::post_comb_vsa_co2.csv__RAC__racs.csv,v/v,RAC,extratrees,descriptor_grouped,2,24.884339,10.153118060000002,0.9697732997481109,0.8921074727120067
ARC-MOF::post_comb_vsa_co2.csv__RAC__racs.csv,v/v,RAC,extratrees,descriptor_grouped,2,0.46089,0.4709052233333329,0.13182199832073888,0.06675062972292191
ARC-MOF::post_comb_vsa_co2.csv__RAC__racs.csv,v/v,RAC,extratrees,descriptor_grouped,2,5.952869,4.670709799999993,0.8060453400503779,0.6973131821998321
ARC-MOF::post_comb_vsa_co2.csv__RAC__racs.csv,v/v,RAC,extratrees,descriptor_grouped,2,4.993871,5.854018850000003,0.7682619647355163,0.7539882451721243
ARC-MOF::post_comb_vsa_co2.csv__RAC__racs.csv,v/v,RAC,extratrees,descriptor_grouped,2,37.64407,10.223846680000005,0.9874055415617129,0.8950461796809404
ARC-MOF::post_comb_vsa_co2.csv__RAC__racs.csv,v/v,RAC,extratrees,descriptor_grouped,2,1.548376,0.9585800866666668,0.4748110831234257,0.2141057934508816
ARC-MOF::post_comb_vsa_co2.csv__RAC__racs.csv,v/v,RAC,extratrees,descriptor_grouped,2,0.282688,0.6787492366666664,0.05793450881612091,0.13560033585222503
ARC-MOF::post_comb_vsa_co2.csv__RAC__racs.csv,v/v,RAC,extratrees,descriptor_grouped,2,0.277833,0.8411633933333336,0.054575986565911,0.1834592779177162
ARC-MOF::post_comb_vsa_co2.csv__RAC__racs.csv,v/v,RAC,extratrees,descriptor_grouped,2,36.920706,4.176812693333331,0.9861460957178841,0.6658270361041142
ARC-MOF::post_comb_vsa_co2.csv__RAC__racs.csv,v/v,RAC,extratrees,descriptor_grouped,2,0.148084,0.4127217466666662,0.007136859781696054,0.04617968094038623
ARC-MOF::post_comb_vsa_co2.csv__RAC__racs.csv,v/v,RAC,extratrees,descriptor_grouped,2,2.436408,5.422814093333331,0.6087321578505458,0.7371956339210747
ARC-MOF::post_comb_vsa_co2.csv__RAC__racs.csv,v/v,RAC,extratrees,descriptor_grouped,2,0.936989,1.7563506700000004,0.3144416456759026,0.41225860621326615
ARC-MOF::post_comb_vsa_co2.csv__RAC__racs.csv,v/v,RAC,extratrees,descriptor_grouped,2,2.330613,3.363706613333333,0.5906801007556675,0.6095717884130982
ARC-MOF::post_comb_vsa_co2.csv__RAC__racs.csv,v/v,RAC,extratrees,descriptor_grouped,2,1.027486,1.4401109833333334,0.3434089000839631,0.3413098236775819
ARC-MOF::post_comb_vsa_co2.csv__RAC__racs.csv,v/v,RAC,extratrees,descriptor_grouped,2,9.02353,3.0799871866666675,0.8652392947103275,0.5856423173803527
ARC-MOF::post_comb_vsa_co2.csv__RAC__racs.csv,v/v,RAC,extratrees,descriptor_grouped,2,1.566312,1.4233485766666667,0.4781696053736356,0.33711167086481947
ARC-MOF::post_comb_vsa_co2.csv__RAC__racs.csv,v/v,RAC,extratrees,descriptor_grouped,2,1.324718,2.228561270000001,0.42989084802686817,0.48572628043660787
ARC-MOF::post_comb_vsa_co2.csv__RAC__racs.csv,v/v,RAC,extratrees,descriptor_grouped,2,1.055082,1.293453480000001,0.3534844668345928,0.2980688497061293
ARC-MOF::post_comb_vsa_co2.csv__RAC__racs.csv,v/v,RAC,extratrees,descriptor_grouped,2,10.00452,8.169391516666673,0.8799328295549959,0.8438287153652393
ARC-MOF::post_comb_vsa_co2.csv__RAC__racs.csv,v/v,RAC,extratrees,descriptor_grouped,2,0.541533,1.0289006966666665,0.17002518891687657,0.2304785894206549
ARC-MOF::post_comb_vsa_co2.csv__RAC__racs.csv,v/v,RAC,extratrees,descriptor_grouped,2,2.37722,1.8759969566666663,0.5986565910999161,0.4332493702770781
ARC-MOF::post_comb_vsa_co2.csv__RAC__racs.csv,v/v,RAC,extratrees,descriptor_grouped,2,6.659025,6.77730251999999,0.8211586901763224,0.7917716204869857
ARC-MOF::post_comb_vsa_co2.csv__RAC__racs.csv,v/v,RAC,extratrees,descriptor_grouped,2,1.413057,2.4445042933333303,0.44836272040302266,0.5146935348446684
ARC-MOF::post_comb_vsa_co2.csv__RAC__racs.csv,v/v,RAC,extratrees,descriptor_grouped,2,2.925982,2.663757493333335,0.6557514693534845,0.5407220822837951
ARC-MOF::post_comb_vsa_co2.csv__RAC__racs.csv,v/v,RAC,extratrees,descriptor_grouped,2,1.023457,0.9618766833333326,0.3421494542401343,0.21494542401343408
ARC-MOF::post_comb_vsa_co2.csv__RAC__racs.csv,v/v,RAC,extratrees,descriptor_grouped,2,2.812303,3.430497439999997,0.6456759026028548,0.6141897565071368
ARC-MOF::post_comb_vsa_co2.csv__RAC__racs.csv,v/v,RAC,extratrees,descriptor_grouped,2,1.2025,1.1918755799999996,0.39462636439966414,0.27204030226700254
ARC-MOF::post_comb_vsa_co2.csv__RAC__racs.csv,v/v,RAC,extratrees,descriptor_grouped,2,19.243676,6.609208636666657,0.9525608732157851,0.7867338371116709
ARC-MOF::post_comb_vsa_co2.csv__RAC__racs.csv,v/v,RAC,extratrees,descriptor_grouped,2,0.704827,0.9147452400000003,0.232367758186398,0.20277078085642317
ARC-MOF::post_comb_vsa_co2.csv__RAC__racs.csv,v/v,RAC,extratrees,descriptor_grouped,2,1.258061,3.168476883333331,0.41099916036943746,0.593198992443325
ARC-MOF::post_comb_vsa_co2.csv__RAC__racs.csv,v/v,RAC,extratrees,descriptor_grouped,2,4.587699,2.5193816,0.7472712006717045,0.5243492863140218
ARC-MOF::post_comb_vsa_co2.csv__RAC__racs.csv,v/v,RAC,extratrees,descriptor_grouped,2,2.217773,1.789161026666667,0.5793450881612091,0.4177162048698573
ARC-MOF::post_comb_vsa_co2.csv__RAC__racs.csv,v/v,RAC,extratrees,descriptor_grouped,2,1.054729,2.261055296666665,0.35306465155331657,0.4899244332493703
ARC-MOF::post_comb_vsa_co2.csv__RAC__racs.csv,v/v,RAC,extratrees,descriptor_grouped,2,2.32451,4.202048388333336,0.5894206549118388,0.6683459277917716
ARC-MOF::post_comb_vsa_co2.csv__RAC__racs.csv,v/v,RAC,extratrees,descriptor_grouped,2,0.383709,0.6732130966666662,0.10075566750629723,0.1343408900083963
ARC-MOF::post_comb_vsa_co2.csv__RAC__racs.csv,v/v,RAC,extratrees,descriptor_grouped,2,2.470474,2.814086089999997,0.6137699412258606,0.5587741393786734
ARC-MOF::post_comb_vsa_co2.csv__RAC__racs.csv,v/v,RAC,extratrees,descriptor_grouped,2,4.263121,16.57457382,0.7308984047019311,0.9546599496221663
ARC-MOF::post_comb_vsa_co2.csv__RAC__racs.csv,v/v,RAC,extratrees,descriptor_grouped,2,1.010634,1.4934242166666654,0.33879093198992444,0.35852225020990763
ARC-MOF::post_comb_vsa_co2.csv__RAC__racs.csv,v/v,RAC,extratrees,descriptor_grouped,2,0.482833,0.4389108266666661,0.1418975650713686,0.052057094878253565
ARC-MOF::post_comb_vsa_co2.csv__RAC__racs.csv,v/v,RAC,extratrees,descriptor_grouped,2,1.21005,1.128295996666667,0.3988245172124265,0.2590260285474391
ARC-MOF::post_comb_vsa_co2.csv__RAC__racs.csv,v/v,RAC,extratrees,descriptor_grouped,2,36.138902,23.739189246666697,0.9857262804366079,0.9794290512174643
ARC-MOF::post_comb_vsa_co2.csv__RAC__racs.csv,v/v,RAC,extratrees,descriptor_grouped,2,11.83285,18.705245103333368,0.9034424853064652,0.9655751469353484
ARC-MOF::post_comb_vsa_co2.csv__RAC__racs.csv,v/v,RAC,extratrees,descriptor_grouped,2,1.734152,1.2631446433333329,0.5058774139378673,0.28883291351805207
ARC-MOF::post_comb_vsa_co2.csv__RAC__racs.csv,v/v,RAC,extratrees,descriptor_grouped,2,13.073545,4.721336669999993,0.9147774979009236,0.700671704450042
ARC-MOF::post_comb_vsa_co2.csv__RAC__racs.csv,v/v,RAC,extratrees,descriptor_grouped,2,1.651505,2.6083856100000005,0.49370277078085645,0.533585222502099
ARC-MOF::post_comb_vsa_co2.csv__RAC__racs.csv,v/v,RAC,extratrees,descriptor_grouped,2,8.967476,23.61138410000007,0.8639798488664987,0.979009235936188
ARC-MOF::post_comb_vsa_co2.csv__RAC__racs.csv,v/v,RAC,extratrees,descriptor_grouped,2,0.592198,0.8835365733333327,0.1889168765743073,0.1943744752308984
ARC-MOF::post_comb_vsa_co2.csv__RAC__racs.csv,v/v,RAC,extratrees,descriptor_grouped,2,0.859359,5.409086776666666,0.28883291351805207,0.735936188077246
ARC-MOF::post_comb_vsa_co2.csv__RAC__racs.csv,v/v,RAC,extratrees,descriptor_grouped,2,1.367827,1.3347984866666682,0.4399664147774979,0.3140218303946264
ARC-MOF::post_comb_vsa_co2.csv__RAC__racs.csv,v/v,RAC,extratrees,descriptor_grouped,2,1.738077,1.5497082499999983,0.5062972292191436,0.3719563392107473
ARC-MOF::post_comb_vsa_co2.csv__RAC__racs.csv,v/v,RAC,extratrees,descriptor_grouped,2,8.819432,5.432436946666659,0.8610411418975651,0.737615449202351
ARC-MOF::post_comb_vsa_co2.csv__RAC__racs.csv,v/v,RAC,extratrees,descriptor_grouped,2,11.805674,8.455766666666658,0.9030226700251889,0.8526448362720404
ARC-MOF::post_comb_vsa_co2.csv__RAC__racs.csv,v/v,RAC,extratrees,descriptor_grouped,2,0.500244,0.4449031600000009,0.15323257766582704,0.05415617128463476
ARC-MOF::post_comb_vsa_co2.csv__RAC__racs.csv,v/v,RAC,extratrees,descriptor_grouped,2,1.209716,1.1370981233333328,0.3979848866498741,0.2611251049538203
ARC-MOF::post_comb_vsa_co2.csv__RAC__racs.csv,v/v,RAC,extratrees,descriptor_grouped,2,0.519645,0.593637063333333,0.16078925272879932,0.10873215785054575
ARC-MOF::post_comb_vsa_co2.csv__RAC__racs.csv,v/v,RAC,extratrees,descriptor_grouped,2,0.876313,1.2926054700000014,0.29345088161209065,0.2976490344248531
ARC-MOF::post_comb_vsa_co2.csv__RAC__racs.csv,v/v,RAC,extratrees,descriptor_grouped,2,0.834782,0.5950072933333329,0.2795969773299748,0.10957178841309824
ARC-MOF::post_comb_vsa_co2.csv__RAC__racs.csv,v/v,RAC,extratrees,descriptor_grouped,2,0.298621,0.2885171666666666,0.06507136859781697,0.019731318219983206
ARC-MOF::post_comb_vsa_co2.csv__RAC__racs.csv,v/v,RAC,extratrees,descriptor_grouped,2,0.334767,0.8569537400000017,0.07808564231738035,0.18723761544920234
ARC-MOF::post_comb_vsa_co2.csv__RAC__racs.csv,v/v,RAC,extratrees,descriptor_grouped,2,2.958583,3.8282860266666647,0.6582703610411419,0.647774979009236
ARC-MOF::post_comb_vsa_co2.csv__RAC__racs.csv,v/v,RAC,extratrees,descriptor_grouped,2,0.675574,0.7818358400000022,0.22040302267002518,0.1670864819479429
ARC-MOF::post_comb_vsa_co2.csv__RAC__racs.csv,v/v,RAC,extratrees,descriptor_grouped,2,1.239776,1.389910619999997,0.4063811922753988,0.327455919395466
ARC-MOF::post_comb_vsa_co2.csv__RAC__racs.csv,v/v,RAC,extratrees,descriptor_grouped,2,0.39603,0.5386586633333343,0.10579345088161209,0.08984047019311503
ARC-MOF::post_comb_vsa_co2.csv__RAC__racs.csv,v/v,RAC,extratrees,descriptor_grouped,2,1.096282,3.17336995,0.36649874055415615,0.5944584382871536
ARC-MOF::post_comb_vsa_co2.csv__RAC__racs.csv,v/v,RAC,extratrees,descriptor_grouped,2,0.987924,0.6758659033333334,0.3333333333333333,0.13476070528967254
ARC-MOF::post_comb_vsa_co2.csv__RAC__racs.csv,v/v,RAC,extratrees,descriptor_grouped,2,1.296594,2.380123208333331,0.42317380352644834,0.5071368597816961
ARC-MOF::post_comb_vsa_co2.csv__RAC__racs.csv,v/v,RAC,extratrees,descriptor_grouped,2,2.329876,1.9269268699999984,0.5902602854743912,0.4420654911838791
ARC-MOF::post_comb_vsa_co2.csv__RAC__racs.csv,v/v,RAC,extratrees,descriptor_grouped,2,2.102606,1.3507407999999996,0.5638119227539883,0.3198992443324937
ARC-MOF::post_comb_vsa_co2.csv__RAC__racs.csv,v/v,RAC,extratrees,descriptor_grouped,2,0.715798,1.2422956433333332,0.2367758186397985,0.28337531486146095
ARC-MOF::post_comb_vsa_co2.csv__RAC__racs.csv,v/v,RAC,extratrees,descriptor_grouped,2,0.37715,0.5136403400000004,0.09739714525608732,0.07934508816120907
ARC-MOF::post_comb_vsa_co2.csv__RAC__racs.csv,v/v,RAC,extratrees,descriptor_grouped,2,0.762446,3.009383140000001,0.2565071368597817,0.5789252728799328
ARC-MOF::post_comb_vsa_co2.csv__RAC__racs.csv,v/v,RAC,extratrees,descriptor_grouped,2,1.619006,1.1018872233333337,0.489504617968094,0.2506297229219144
ARC-MOF::post_comb_vsa_co2.csv__RAC__racs.csv,v/v,RAC,extratrees,descriptor_grouped,2,1.564398,4.281515143333342,0.47774979009235935,0.672544080604534
ARC-MOF::post_comb_vsa_co2.csv__RAC__racs.csv,v/v,RAC,extratrees,descriptor_grouped,2,1.003554,6.834511409999987,0.33669185558354325,0.7942905121746432
ARC-MOF::post_comb_vsa_co2.csv__RAC__racs.csv,v/v,RAC,extratrees,descriptor_grouped,2,1.167472,1.0806272966666657,0.3832913518052057,0.2434928631402183
ARC-MOF::post_comb_vsa_co2.csv__RAC__racs.csv,v/v,RAC,extratrees,descriptor_grouped,2,0.469044,0.4539631800000004,0.1385390428211587,0.05793450881612091
ARC-MOF::post_comb_vsa_co2.csv__RAC__racs.csv,v/v,RAC,extratrees,descriptor_grouped,2,0.741082,1.0334438566666668,0.24853064651553317,0.2325776658270361
ARC-MOF::post_comb_vsa_co2.csv__RAC__racs.csv,v/v,RAC,extratrees,descriptor_grouped,2,21.055395,20.04915556000004,0.9609571788413098,0.9697732997481109
ARC-MOF::post_comb_vsa_co2.csv__RAC__racs.csv,v/v,RAC,extratrees,descriptor_grouped,2,0.213511,0.2234931533333334,0.03190596137699412,0.004617968094038623
ARC-MOF::post_comb_vsa_co2.csv__RAC__racs.csv,v/v,RAC,extratrees,descriptor_grouped,2,16.557746,16.17250269000003,0.9391267842149454,0.9513014273719563
ARC-MOF::post_comb_vsa_co2.csv__RAC__racs.csv,v/v,RAC,extratrees,descriptor_grouped,2,1.761717,10.510223110000014,0.5109151973131822,0.8988245172124265
ARC-MOF::post_comb_vsa_co2.csv__RAC__racs.csv,v/v,RAC,extratrees,descriptor_grouped,2,0.728314,1.0567830599999997,0.24223341729638959,0.2367758186397985
ARC-MOF::post_comb_vsa_co2.csv__RAC__racs.csv,v/v,RAC,extratrees,descriptor_grouped,2,2.011436,1.5480394099999997,0.5520570948782536,0.371536523929471
ARC-MOF::post_comb_vsa_co2.csv__RAC__racs.csv,v/v,RAC,extratrees,descriptor_grouped,2,2.269214,2.0536946633333324,0.5843828715365239,0.45927791771620485
ARC-MOF::post_comb_vsa_co2.csv__RAC__racs.csv,v/v,RAC,extratrees,descriptor_grouped,2,7.689365,5.55417289999998,0.8425692695214105,0.743073047858942
ARC-MOF::post_comb_vsa_co2.csv__RAC__racs.csv,v/v,RAC,extratrees,descriptor_grouped,2,0.215123,3.515505406666667,0.03316540722082284,0.6204869857262805
ARC-MOF::post_comb_vsa_co2.csv__RAC__racs.csv,v/v,RAC,extratrees,descriptor_grouped,2,0.204624,0.25845541,0.02644836272040302,0.011335012594458438
ARC-MOF::post_comb_vsa_co2.csv__RAC__racs.csv,v/v,RAC,extratrees,descriptor_grouped,2,1.612543,1.4229883166666664,0.4878253568429891,0.33669185558354325
ARC-MOF::post_comb_vsa_co2.csv__RAC__racs.csv,v/v,RAC,extratrees,descriptor_grouped,2,1.484372,3.4918883866666657,0.4609571788413098,0.617968094038623
ARC-MOF::post_comb_vsa_co2.csv__RAC__racs.csv,v/v,RAC,extratrees,descriptor_grouped,2,0.451756,2.035883576666667,0.1288832913518052,0.45717884130982367
ARC-MOF::post_comb_vsa_co2.csv__RAC__racs.csv,v/v,RAC,extratrees,descriptor_grouped,2,9.329271,7.407505026666657,0.8706968933669186,0.8194794290512175
ARC-MOF::post_comb_vsa_co2.csv__RAC__racs.csv,v/v,RAC,extratrees,descriptor_grouped,2,14.496497,7.252696759999993,0.9240134340890008,0.809823677581864
ARC-MOF::post_comb_vsa_co2.csv__RAC__racs.csv,v/v,RAC,extratrees,descriptor_grouped,2,3.108245,11.16506670333334,0.6696053736356004,0.9093198992443325
ARC-MOF::post_comb_vsa_co2.csv__RAC__racs.csv,v/v,RAC,extratrees,descriptor_grouped,2,0.583728,0.52521207,0.18597816960537364,0.08438287153652393
ARC-MOF::post_comb_vsa_co2.csv__RAC__racs.csv,v/v,RAC,extratrees,descriptor_grouped,2,1.385727,1.251918256666665,0.443744752308984,0.28547439126784213
ARC-MOF::post_comb_vsa_co2.csv__RAC__racs.csv,v/v,RAC,extratrees,descriptor_grouped,2,2.752493,4.009182483333338,0.6423173803526449,0.6582703610411419
ARC-MOF::post_comb_vsa_co2.csv__RAC__racs.csv,v/v,RAC,extratrees,descriptor_grouped,2,11.143965,16.321191170000013,0.8946263643996641,0.9521410579345088
ARC-MOF::post_comb_vsa_co2.csv__RAC__racs.csv,v/v,RAC,extratrees,descriptor_grouped,2,0.288168,0.9252190400000008,0.05961376994122586,0.2040302267002519
ARC-MOF::post_comb_vsa_co2.csv__RAC__racs.csv,v/v,RAC,extratrees,descriptor_grouped,2,11.695062,10.435403360000011,0.9013434089000839,0.8971452560873215
ARC-MOF::post_comb_vsa_co2.csv__RAC__racs.csv,v/v,RAC,extratrees,descriptor_grouped,2,0.308974,0.7642928333333332,0.06717044500419815,0.15910999160369438
ARC-MOF::post_comb_vsa_co2.csv__RAC__racs.csv,v/v,RAC,extratrees,descriptor_grouped,2,41.554528,60.40693918333331,0.9890848026868178,0.998320738874895
ARC-MOF::post_comb_vsa_co2.csv__RAC__racs.csv,v/v,RAC,extratrees,descriptor_grouped,2,0.905979,1.7061833300000024,0.30142737195633923,0.40218303946263645
ARC-MOF::post_comb_vsa_co2.csv__RAC__racs.csv,v/v,RAC,extratrees,descriptor_grouped,2,3.895628,5.644730823333331,0.7170445004198153,0.7439126784214946
ARC-MOF::post_comb_vsa_co2.csv__RAC__racs.csv,v/v,RAC,extratrees,descriptor_grouped,2,1.288831,3.085540760000002,0.4193954659949622,0.5860621326616289
ARC-MOF::post_comb_vsa_co2.csv__RAC__racs.csv,v/v,RAC,extratrees,descriptor_grouped,2,0.413365,0.751076383333334,0.11460957178841309,0.15533165407220823
ARC-MOF::post_comb_vsa_co2.csv__RAC__racs.csv,v/v,RAC,extratrees,descriptor_grouped,2,1.498408,2.505509019999995,0.46641477749790095,0.5226700251889169
ARC-MOF::post_comb_vsa_co2.csv__RAC__racs.csv,v/v,RAC,extratrees,descriptor_grouped,2,7.854204,13.034146466666671,0.8455079764903443,0.927791771620487
ARC-MOF::post_comb_vsa_co2.csv__RAC__racs.csv,v/v,RAC,extratrees,descriptor_grouped,2,0.511272,1.1101382933333337,0.1574307304785894,0.25398824517212426
ARC-MOF::post_comb_vsa_co2.csv__RAC__racs.csv,v/v,RAC,extratrees,descriptor_grouped,2,3.655705,5.704688216666669,0.7044500419815282,0.7476910159529807
ARC-MOF::post_comb_vsa_co2.csv__RAC__racs.csv,v/v,RAC,extratrees,descriptor_grouped,2,1.854502,3.5311736066666626,0.5260285474391267,0.6217464315701091
ARC-MOF::post_comb_vsa_co2.csv__RAC__racs.csv,v/v,RAC,extratrees,descriptor_grouped,2,1.046968,1.805677016666667,0.3492863140218304,0.42107472712006716
ARC-MOF::post_comb_vsa_co2.csv__RAC__racs.csv,v/v,RAC,extratrees,descriptor_grouped,2,3.760868,5.849886349999998,0.7120067170445005,0.7531486146095718
ARC-MOF::post_comb_vsa_co2.csv__RAC__racs.csv,v/v,RAC,extratrees,descriptor_grouped,2,6.305856,3.726149249999998,0.815281276238455,0.6389588581024349
ARC-MOF::post_comb_vsa_co2.csv__RAC__racs.csv,v/v,RAC,extratrees,descriptor_grouped,2,3.660774,3.2456025500000063,0.7048698572628044,0.6007556675062973
ARC-MOF::post_comb_vsa_co2.csv__RAC__racs.csv,v/v,RAC,extratrees,descriptor_grouped,2,2.167454,8.778337466666686,0.5726280436607892,0.8652392947103275
ARC-MOF::post_comb_vsa_co2.csv__RAC__racs.csv,v/v,RAC,extratrees,descriptor_grouped,2,0.92379,0.852982766666665,0.3089840470193115,0.18597816960537364
ARC-MOF::post_comb_vsa_co2.csv__RAC__racs.csv,v/v,RAC,extratrees,descriptor_grouped,2,0.960397,3.515198873333342,0.3249370277078086,0.6200671704450041
ARC-MOF::post_comb_vsa_co2.csv__RAC__racs.csv,v/v,RAC,extratrees,descriptor_grouped,2,0.544636,1.1233030200000014,0.17086481947942905,0.2565071368597817
ARC-MOF::post_comb_vsa_co2.csv__RAC__racs.csv,v/v,RAC,extratrees,descriptor_grouped,2,0.718808,1.467327500000003,0.2380352644836272,0.3522250209907641
ARC-MOF::post_comb_vsa_co2.csv__RAC__racs.csv,v/v,RAC,extratrees,descriptor_grouped,2,0.1643,0.458769696666667,0.010075566750629723,0.05961376994122586
ARC-MOF::post_comb_vsa_co2.csv__RAC__racs.csv,v/v,RAC,extratrees,descriptor_grouped,2,0.154701,0.3830468199999993,0.009235936188077247,0.03946263643996641
ARC-MOF::post_comb_vsa_co2.csv__RAC__racs.csv,v/v,RAC,extratrees,descriptor_grouped,2,0.299161,0.7533234266666674,0.0654911838790932,0.1574307304785894
ARC-MOF::post_comb_vsa_co2.csv__RAC__racs.csv,v/v,RAC,extratrees,descriptor_grouped,2,2.14315,4.817874080000005,0.5696893366918556,0.7052896725440806
ARC-MOF::post_comb_vsa_co2.csv__RAC__racs.csv,v/v,RAC,extratrees,descriptor_grouped,2,0.364961,0.521025960000001,0.09235936188077246,0.08312342569269521
ARC-MOF::post_comb_vsa_co2.csv__RAC__racs.csv,v/v,RAC,extratrees,descriptor_grouped,2,0.234404,3.621097456666668,0.038623005877413935,0.6305625524769102
ARC-MOF::post_comb_vsa_co2.csv__RAC__racs.csv,v/v,RAC,extratrees,descriptor_grouped,2,0.65725,1.4042375166666654,0.21242653232577666,0.3337531486146096
ARC-MOF::post_comb_vsa_co2.csv__RAC__racs.csv,v/v,RAC,extratrees,descriptor_grouped,2,3.422416,2.883877393333336,0.6914357682619647,0.5667506297229219
ARC-MOF::post_comb_vsa_co2.csv__RAC__racs.csv,v/v,RAC,extratrees,descriptor_grouped,2,8.78366,6.798311763333334,0.8593618807724601,0.7930310663308144
ARC-MOF::post_comb_vsa_co2.csv__RAC__racs.csv,v/v,RAC,extratrees,descriptor_grouped,2,0.652613,0.7133666366666664,0.209487825356843,0.14651553316540722
ARC-MOF::post_comb_vsa_co2.csv__RAC__racs.csv,v/v,RAC,extratrees,descriptor_grouped,2,9.265321,54.909913560000106,0.8694374475230898,0.9979009235936188
ARC-MOF::post_comb_vsa_co2.csv__RAC__racs.csv,v/v,RAC,extratrees,descriptor_grouped,2,0.985797,2.3012395666666663,0.3329135180520571,0.49538203190596136
ARC-MOF::post_comb_vsa_co2.csv__RAC__racs.csv,v/v,RAC,extratrees,descriptor_grouped,2,3.027506,3.546410326666668,0.6633081444164568,0.6242653232577666
ARC-MOF::post_comb_vsa_co2.csv__RAC__racs.csv,v/v,RAC,extratrees,descriptor_grouped,2,0.209797,0.4401220566666664,0.028967254408060455,0.05247691015952981
ARC-MOF::post_comb_vsa_co2.csv__RAC__racs.csv,v/v,RAC,extratrees,descriptor_grouped,2,0.476813,1.7352925600000018,0.14063811922753988,0.4093198992443325
ARC-MOF::post_comb_vsa_co2.csv__RAC__racs.csv,v/v,RAC,extratrees,descriptor_grouped,2,0.966304,1.0154518466666658,0.327455919395466,0.227120067170445
ARC-MOF::post_comb_vsa_co2.csv__RAC__racs.csv,v/v,RAC,extratrees,descriptor_grouped,2,1.018771,1.7870709633333357,0.34005037783375314,0.4168765743073048
ARC-MOF::post_comb_vsa_co2.csv__RAC__racs.csv,v/v,RAC,extratrees,descriptor_grouped,2,8.178389,9.970856103333324,0.8509655751469354,0.8883291351805206
ARC-MOF::post_comb_vsa_co2.csv__RAC__racs.csv,v/v,RAC,extratrees,descriptor_grouped,2,0.887867,1.3271649133333343,0.2963895885810244,0.31150293870696893
ARC-MOF::post_comb_vsa_co2.csv__RAC__racs.csv,v/v,RAC,extratrees,descriptor_grouped,2,0.949273,1.0902379766666652,0.31905961376994124,0.24811083123425692
ARC-MOF::post_comb_vsa_co2.csv__RAC__racs.csv,v/v,RAC,extratrees,descriptor_grouped,2,0.59056,0.8652012699999989,0.18849706129303107,0.18933669185558355
ARC-MOF::post_comb_vsa_co2.csv__RAC__racs.csv,v/v,RAC,extratrees,descriptor_grouped,2,4.3722,4.469744570000017,0.7363560033585222,0.6842989084802686
ARC-MOF::post_comb_vsa_co2.csv__RAC__racs.csv,v/v,RAC,extratrees,descriptor_grouped,2,0.633147,0.5164869600000004,0.2040302267002519,0.08102434928631402
ARC-MOF::post_comb_vsa_co2.csv__RAC__racs.csv,v/v,RAC,extratrees,descriptor_grouped,2,0.277421,0.281002136666667,0.05415617128463476,0.017212426532325777
ARC-MOF::post_comb_vsa_co2.csv__RAC__racs.csv,v/v,RAC,extratrees,descriptor_grouped,2,1.96185,2.0592708766666674,0.5440806045340051,0.4605373635600336
ARC-MOF::post_comb_vsa_co2.csv__RAC__racs.csv,v/v,RAC,extratrees,descriptor_grouped,2,12.152576,51.29042522000003,0.90848026868178,0.9962216624685138
ARC-MOF::post_comb_vsa_co2.csv__RAC__racs.csv,v/v,RAC,extratrees,descriptor_grouped,2,0.805505,0.9318152666666678,0.2703610411418976,0.20654911838790932
ARC-MOF::post_comb_vsa_co2.csv__RAC__racs.csv,v/v,RAC,extratrees,descriptor_grouped,2,3.69141,10.19210984,0.707808564231738,0.8946263643996641
ARC-MOF::post_comb_vsa_co2.csv__RAC__racs.csv,v/v,RAC,extratrees,descriptor_grouped,2,0.716274,0.6711565666666656,0.23761544920235098,0.13224181360201512
ARC-MOF::post_comb_vsa_co2.csv__RAC__racs.csv,v/v,RAC,extratrees,descriptor_grouped,2,1.392091,0.5443220533333339,0.44584382871536526,0.0906801007556675
ARC-MOF::post_comb_vsa_co2.csv__RAC__racs.csv,v/v,RAC,extratrees,descriptor_grouped,2,12.645322,8.54473870999999,0.9114189756507137,0.8564231738035264
ARC-MOF::post_comb_vsa_co2.csv__RAC__racs.csv,v/v,RAC,extratrees,descriptor_grouped,2,0.290016,0.7455986066666679,0.06087321578505458,0.1528127623845508
ARC-MOF::post_comb_vsa_co2.csv__RAC__racs.csv,v/v,RAC,extratrees,descriptor_grouped,2,0.992147,2.3620723066666653,0.3337531486146096,0.5050377833753149
ARC-MOF::post_comb_vsa_co2.csv__RAC__racs.csv,v/v,RAC,extratrees,descriptor_grouped,2,1.438459,1.6585742899999998,0.4517212426532326,0.3916876574307305
ARC-MOF::post_comb_vsa_co2.csv__RAC__racs.csv,v/v,RAC,extratrees,descriptor_grouped,2,0.439076,0.393563516666667,0.12342569269521411,0.04240134340890008
ARC-MOF::post_comb_vsa_co2.csv__RAC__racs.csv,v/v,RAC,extratrees,descriptor_grouped,2,1.363741,1.794339193333336,0.43954659949622166,0.41981528127623846
ARC-MOF::post_comb_vsa_co2.csv__RAC__racs.csv,v/v,RAC,extratrees,descriptor_grouped,2,3.779257,22.176095426666663,0.7132661628883291,0.9756507136859782
ARC-MOF::post_comb_vsa_co2.csv__RAC__racs.csv,v/v,RAC,extratrees,descriptor_grouped,2,1.359913,2.247580179999998,0.43912678421494544,0.48740554156171284
ARC-MOF::post_comb_vsa_co2.csv__RAC__racs.csv,v/v,RAC,extratrees,descriptor_grouped,2,1.241723,7.042975830000009,0.4072208228379513,0.8035264483627204
ARC-MOF::post_comb_vsa_co2.csv__RAC__racs.csv,v/v,RAC,extratrees,descriptor_grouped,2,17.325262,9.773867863333328,0.9424853064651554,0.8862300587741394
ARC-MOF::post_comb_vsa_co2.csv__RAC__racs.csv,v/v,RAC,extratrees,descriptor_grouped,2,11.926044,5.37491224666666,0.9055415617128464,0.7338371116708649
ARC-MOF::post_comb_vsa_co2.csv__RAC__racs.csv,v/v,RAC,extratrees,descriptor_grouped,2,10.650466,12.254061706666691,0.8879093198992444,0.9210747271200672
ARC-MOF::post_comb_vsa_co2.csv__RAC__racs.csv,v/v,RAC,extratrees,descriptor_grouped,2,1.759715,1.8556268666666664,0.5100755667506297,0.42947103274559195
ARC-MOF::post_comb_vsa_co2.csv__RAC__racs.csv,v/v,RAC,extratrees,descriptor_grouped,2,3.039207,1.6749198,0.6641477749790092,0.39462636439966414
ARC-MOF::post_comb_vsa_co2.csv__RAC__racs.csv,v/v,RAC,extratrees,descriptor_grouped,2,0.212888,0.4413205733333338,0.031486146095717885,0.053316540722082285
ARC-MOF::post_comb_vsa_co2.csv__RAC__racs.csv,v/v,RAC,extratrees,descriptor_grouped,2,6.792016,7.603210886666652,0.8236775818639799,0.8261964735516373
ARC-MOF::post_comb_vsa_co2.csv__RAC__racs.csv,v/v,RAC,extratrees,descriptor_grouped,2,1.94265,0.7525921999999992,0.5411418975650714,0.15659109991603695
ARC-MOF::post_comb_vsa_co2.csv__RAC__racs.csv,v/v,RAC,extratrees,descriptor_grouped,2,12.567655,14.580005166666664,0.9105793450881612,0.9412258606213266
ARC-MOF::post_comb_vsa_co2.csv__RAC__racs.csv,v/v,RAC,extratrees,descriptor_grouped,2,3.886882,4.14874858666667,0.716624685138539,0.6641477749790092
ARC-MOF::post_comb_vsa_co2.csv__RAC__racs.csv,v/v,RAC,extratrees,descriptor_grouped,2,3.363784,2.8613648466666657,0.6872376154492024,0.5638119227539883
ARC-MOF::post_comb_vsa_co2.csv__RAC__racs.csv,v/v,RAC,extratrees,descriptor_grouped,2,3.327358,2.6704414633333315,0.6851385390428212,0.5411418975650714
ARC-MOF::post_comb_vsa_co2.csv__RAC__racs.csv,v/v,RAC,extratrees,descriptor_grouped,2,1.37357,2.0578652999999965,0.4420654911838791,0.46011754827875734
ARC-MOF::post_comb_vsa_co2.csv__RAC__racs.csv,v/v,RAC,extratrees,descriptor_grouped,2,3.601769,7.328409336666662,0.7010915197313182,0.8148614609571788
ARC-MOF::post_comb_vsa_co2.csv__RAC__racs.csv,v/v,RAC,extratrees,descriptor_grouped,2,8.096468,23.97951612333336,0.8492863140218304,0.980688497061293
ARC-MOF::post_comb_vsa_co2.csv__RAC__racs.csv,v/v,RAC,extratrees,descriptor_grouped,2,3.342405,1.8611795666666668,0.6863979848866498,0.43031066330814444
ARC-MOF::post_comb_vsa_co2.csv__RAC__racs.csv,v/v,RAC,extratrees,descriptor_grouped,2,2.262984,1.559878999999994,0.5831234256926953,0.37615449202350965
ARC-MOF::post_comb_vsa_co2.csv__RAC__racs.csv,v/v,RAC,extratrees,descriptor_grouped,2,0.3954,0.6858123333333336,0.10537363560033586,0.1376994122586062
ARC-MOF::post_comb_vsa_co2.csv__RAC__racs.csv,v/v,RAC,extratrees,descriptor_grouped,2,0.421014,0.3305058566666677,0.117968094038623,0.02938706968933669
ARC-MOF::post_comb_vsa_co2.csv__RAC__racs.csv,v/v,RAC,extratrees,descriptor_grouped,2,1.311028,1.2080820300000024,0.4269521410579345,0.27455919395465994
ARC-MOF::post_comb_vsa_co2.csv__RAC__racs.csv,v/v,RAC,extratrees,descriptor_grouped,2,1.178162,1.3139765333333324,0.38706968933669184,0.3056255247691016
ARC-MOF::post_comb_vsa_co2.csv__RAC__racs.csv,v/v,RAC,extratrees,descriptor_grouped,2,1.078008,3.8496652033333385,0.36272040302267,0.6490344248530646
ARC-MOF::post_comb_vsa_co2.csv__RAC__racs.csv,v/v,RAC,extratrees,descriptor_grouped,2,0.680158,1.102807553333332,0.22292191435768263,0.25146935348446686
ARC-MOF::post_comb_vsa_co2.csv__RAC__racs.csv,v/v,RAC,extratrees,descriptor_grouped,2,0.399523,1.3350992399999988,0.10789252728799328,0.3144416456759026
ARC-MOF::post_comb_vsa_co2.csv__RAC__racs.csv,v/v,RAC,extratrees,descriptor_grouped,2,0.975823,2.1648996299999963,0.32955499580184716,0.47774979009235935
ARC-MOF::post_comb_vsa_co2.csv__RAC__racs.csv,v/v,RAC,extratrees,descriptor_grouped,2,5.408216,8.605548659999991,0.7846347607052897,0.8585222502099077
ARC-MOF::post_comb_vsa_co2.csv__RAC__racs.csv,v/v,RAC,extratrees,descriptor_grouped,2,5.904753,3.781264139999996,0.8043660789252729,0.6439966414777498
ARC-MOF::post_comb_vsa_co2.csv__RAC__racs.csv,v/v,RAC,extratrees,descriptor_grouped,2,45.611937,44.2699444333333,0.9916036943744753,0.9945424013434089
ARC-MOF::post_comb_vsa_co2.csv__RAC__racs.csv,v/v,RAC,extratrees,descriptor_grouped,2,0.329253,2.094903763333332,0.07724601175482787,0.46641477749790095
ARC-MOF::post_comb_vsa_co2.csv__RAC__racs.csv,v/v,RAC,extratrees,descriptor_grouped,2,10.002768,46.294492656666655,0.8795130142737195,0.9949622166246851
ARC-MOF::post_comb_vsa_co2.csv__RAC__racs.csv,v/v,RAC,extratrees,descriptor_grouped,2,0.198627,0.6352573166666668,0.02434928631402183,0.12090680100755667
ARC-MOF::post_comb_vsa_co2.csv__RAC__racs.csv,v/v,RAC,extratrees,descriptor_grouped,2,6.433941,10.00273598999999,0.8194794290512175,0.8895885810243492
ARC-MOF::post_comb_vsa_co2.csv__RAC__racs.csv,v/v,RAC,extratrees,descriptor_grouped,2,0.417395,0.5179561633333334,0.11628883291351805,0.08228379513014274
ARC-MOF::post_comb_vsa_co2.csv__RAC__racs.csv,v/v,RAC,extratrees,descriptor_grouped,2,0.598605,2.358986216666666,0.19185558354324098,0.5037783375314862
ARC-MOF::post_comb_vsa_co2.csv__RAC__racs.csv,v/v,RAC,extratrees,descriptor_grouped,2,1.177529,1.7683639199999974,0.3866498740554156,0.4147774979009236
ARC-MOF::post_comb_vsa_co2.csv__RAC__racs.csv,v/v,RAC,extratrees,descriptor_grouped,2,2.351116,6.139584323333332,0.5927791771620488,0.7661628883291351
ARC-MOF::post_comb_vsa_co2.csv__RAC__racs.csv,v/v,RAC,extratrees,descriptor_grouped,2,1.441812,0.6803324499999993,0.4529806884970613,0.13602015113350127
ARC-MOF::post_comb_vsa_co2.csv__RAC__racs.csv,v/v,RAC,extratrees,descriptor_grouped,2,11.447006,6.607308919999994,0.9000839630562553,0.7858942065491183
ARC-MOF::post_comb_vsa_co2.csv__RAC__racs.csv,v/v,RAC,extratrees,descriptor_grouped,2,5.003138,9.660792380000016,0.7691015952980689,0.8841309823677582
ARC-MOF::post_comb_vsa_co2.csv__RAC__racs.csv,v/v,RAC,extratrees,descriptor_grouped,2,1.791135,1.949800220000003,0.5172124265323258,0.4441645675902603
ARC-MOF::post_comb_vsa_co2.csv__RAC__racs.csv,v/v,RAC,extratrees,descriptor_grouped,2,0.192585,0.6983709466666672,0.0218303946263644,0.14147774979009237
ARC-MOF::post_comb_vsa_co2.csv__RAC__racs.csv,v/v,RAC,extratrees,descriptor_grouped,2,2.523037,5.273987133333332,0.6196473551637279,0.7300587741393787
ARC-MOF::post_comb_vsa_co2.csv__RAC__racs.csv,v/v,RAC,extratrees,descriptor_grouped,2,0.173234,0.2628649400000003,0.015533165407220823,0.012174643157010915
ARC-MOF::post_comb_vsa_co2.csv__RAC__racs.csv,v/v,RAC,extratrees,descriptor_grouped,2,6.228836,7.971893216666657,0.8115029387069689,0.8366918555835432
ARC-MOF::post_comb_vsa_co2.csv__RAC__racs.csv,v/v,RAC,extratrees,descriptor_grouped,2,0.210963,0.2572007966666671,0.030226700251889168,0.0109151973131822
ARC-MOF::post_comb_vsa_co2.csv__RAC__racs.csv,v/v,RAC,extratrees,descriptor_grouped,2,0.125886,0.9319659099999996,0.0025188916876574307,0.20696893366918556
ARC-MOF::post_comb_vsa_co2.csv__RAC__racs.csv,v/v,RAC,extratrees,descriptor_grouped,2,1.775825,6.942291503333336,0.5138539042821159,0.799328295549958
ARC-MOF::post_comb_vsa_co2.csv__RAC__racs.csv,v/v,RAC,extratrees,descriptor_grouped,2,1.597495,4.291465710000002,0.48488664987405544,0.6733837111670865
ARC-MOF::post_comb_vsa_co2.csv__RAC__racs.csv,v/v,RAC,extratrees,descriptor_grouped,2,0.420703,0.4993492599999994,0.11754827875734676,0.07472712006717044
ARC-MOF::post_comb_vsa_co2.csv__RAC__racs.csv,v/v,RAC,extratrees,descriptor_grouped,2,1.219502,13.358123843333304,0.40302267002518893,0.9303106633081444
ARC-MOF::post_comb_vsa_co2.csv__RAC__racs.csv,v/v,RAC,extratrees,descriptor_grouped,2,9.759431,4.749642033333338,0.8765743073047859,0.7019311502938707
ARC-MOF::post_comb_vsa_co2.csv__RAC__racs.csv,v/v,RAC,extratrees,descriptor_grouped,2,13.908358,5.227779840000001,0.9193954659949622,0.7279596977329975
ARC-MOF::post_comb_vsa_co2.csv__RAC__racs.csv,v/v,RAC,extratrees,descriptor_grouped,2,4.315588,4.428799623333335,0.7338371116708649,0.6817800167926112
ARC-MOF::post_comb_vsa_co2.csv__RAC__racs.csv,v/v,RAC,extratrees,descriptor_grouped,2,0.937992,0.8960277433333321,0.3148614609571788,0.1977329974811083
ARC-MOF::post_comb_vsa_co2.csv__RAC__racs.csv,v/v,RAC,extratrees,descriptor_grouped,2,0.654666,0.6945206966666674,0.21074727120067172,0.14021830394626364
ARC-MOF::post_comb_vsa_co2.csv__RAC__racs.csv,v/v,RAC,extratrees,descriptor_grouped,2,0.761574,1.1528101866666678,0.25566750629722923,0.2653232577665827
ARC-MOF::post_comb_vsa_co2.csv__RAC__racs.csv,v/v,RAC,extratrees,descriptor_grouped,2,1.022747,5.406020726666662,0.3417296389588581,0.7355163727959698
ARC-MOF::post_comb_vsa_co2.csv__RAC__racs.csv,v/v,RAC,extratrees,descriptor_grouped,2,2.909462,10.919236923333328,0.6540722082283795,0.9047019311502938
ARC-MOF::post_comb_vsa_co2.csv__RAC__racs.csv,v/v,RAC,extratrees,descriptor_grouped,2,8.735721,7.518636783333336,0.8585222502099077,0.8232577665827037
ARC-MOF::post_comb_vsa_co2.csv__RAC__racs.csv,v/v,RAC,extratrees,descriptor_grouped,2,4.648571,10.401195986666655,0.7510495382031906,0.8967254408060453
ARC-MOF::post_comb_vsa_co2.csv__RAC__racs.csv,v/v,RAC,extratrees,descriptor_grouped,2,1.367925,2.1682340866666654,0.44038623005877414,0.47858942065491183
ARC-MOF::post_comb_vsa_co2.csv__RAC__racs.csv,v/v,RAC,extratrees,descriptor_grouped,2,7.55254,5.836690133333325,0.8400503778337531,0.7523089840470193
ARC-MOF::post_comb_vsa_co2.csv__RAC__racs.csv,v/v,RAC,extratrees,descriptor_grouped,2,0.877055,0.8605924000000006,0.2938706968933669,0.18807724601175482
ARC-MOF::post_comb_vsa_co2.csv__RAC__racs.csv,v/v,RAC,extratrees,descriptor_grouped,2,2.566943,0.885521853333334,0.6238455079764903,0.1952141057934509
ARC-MOF::post_comb_vsa_co2.csv__RAC__racs.csv,v/v,RAC,extratrees,descriptor_grouped,2,1.348008,1.7525893950000015,0.4374475230898405,0.41141897565071367
ARC-MOF::post_comb_vsa_co2.csv__RAC__racs.csv,v/v,RAC,extratrees,descriptor_grouped,2,2.924483,3.67605980666666,0.654911838790932,0.6351805205709488
ARC-MOF::post_comb_vsa_co2.csv__RAC__racs.csv,v/v,RAC,extratrees,descriptor_grouped,2,0.552459,0.7196897333333333,0.1746431570109152,0.1486146095717884
ARC-MOF::post_comb_vsa_co2.csv__RAC__racs.csv,v/v,RAC,extratrees,descriptor_grouped,2,0.437705,0.5514984599999999,0.12258606213266163,0.09319899244332494
ARC-MOF::post_comb_vsa_co2.csv__RAC__racs.csv,v/v,RAC,extratrees,descriptor_grouped,2,13.901359,3.2594618399999966,0.918975650713686,0.6036943744752309
ARC-MOF::post_comb_vsa_co2.csv__RAC__racs.csv,v/v,RAC,extratrees,descriptor_grouped,2,4.593969,5.65334977000001,0.7476910159529807,0.7443324937027708
ARC-MOF::post_comb_vsa_co2.csv__RAC__racs.csv,v/v,RAC,extratrees,descriptor_grouped,2,0.149378,0.3207168333333335,0.00797649034424853,0.027707808564231738
ARC-MOF::post_comb_vsa_co2.csv__RAC__racs.csv,v/v,RAC,extratrees,descriptor_grouped,2,2.622657,16.987725486666683,0.630142737195634,0.9559193954659949
ARC-MOF::post_comb_vsa_co2.csv__RAC__racs.csv,v/v,RAC,extratrees,descriptor_grouped,2,0.344824,1.4869620633333345,0.08354324097397145,0.35642317380352645
ARC-MOF::post_comb_vsa_co2.csv__RAC__racs.csv,v/v,RAC,extratrees,descriptor_grouped,2,2.359397,1.830263713333333,0.5961376994122586,0.4256926952141058
ARC-MOF::post_comb_vsa_co2.csv__RAC__racs.csv,v/v,RAC,extratrees,descriptor_grouped,2,1.506469,1.4707876733333314,0.46809403862300586,0.35306465155331657
ARC-MOF::post_comb_vsa_co2.csv__RAC__racs.csv,v/v,RAC,extratrees,descriptor_grouped,2,10.246632,7.469551550000004,0.8811922753988245,0.8211586901763224
ARC-MOF::post_comb_vsa_co2.csv__RAC__racs.csv,v/v,RAC,extratrees,descriptor_grouped,2,1.599744,1.5613048700000014,0.48572628043660787,0.37699412258606213
ARC-MOF::post_comb_vsa_co2.csv__RAC__racs.csv,v/v,RAC,extratrees,descriptor_grouped,2,1.904899,4.316085456666669,0.5365239294710328,0.6750629722921915
ARC-MOF::post_comb_vsa_co2.csv__RAC__racs.csv,v/v,RAC,extratrees,descriptor_grouped,2,0.513355,2.780921533333335,0.15869017632241814,0.5537363560033586
ARC-MOF::post_comb_vsa_co2.csv__RAC__racs.csv,v/v,RAC,extratrees,descriptor_grouped,2,4.95587,10.157107520000013,0.7670025188916877,0.8929471032745592
ARC-MOF::post_comb_vsa_co2.csv__RAC__racs.csv,v/v,RAC,extratrees,descriptor_grouped,2,0.919382,1.3130381266666669,0.3060453400503778,0.3052057094878254
ARC-MOF::post_comb_vsa_co2.csv__RAC__racs.csv,v/v,RAC,extratrees,descriptor_grouped,2,0.494218,0.5052649466666665,0.15029387069689337,0.07682619647355164
ARC-MOF::post_comb_vsa_co2.csv__RAC__racs.csv,v/v,RAC,extratrees,descriptor_grouped,2,1.155776,1.2644915400000003,0.380352644836272,0.2892527287993283
ARC-MOF::post_comb_vsa_co2.csv__RAC__racs.csv,v/v,RAC,extratrees,descriptor_grouped,2,0.167068,0.2778009966666666,0.011335012594458438,0.0163727959697733
ARC-MOF::post_comb_vsa_co2.csv__RAC__racs.csv,v/v,RAC,extratrees,descriptor_grouped,2,16.163697,8.000260503333326,0.9361880772460117,0.8375314861460957
ARC-MOF::post_comb_vsa_co2.csv__RAC__racs.csv,v/v,RAC,extratrees,descriptor_grouped,2,0.690134,1.006790853333332,0.2258606213266163,0.2237615449202351
ARC-MOF::post_comb_vsa_co2.csv__RAC__racs.csv,v/v,RAC,extratrees,descriptor_grouped,2,6.180381,2.745487420000001,0.8106633081444165,0.5478589420654912
ARC-MOF::post_comb_vsa_co2.csv__RAC__racs.csv,v/v,RAC,extratrees,descriptor_grouped,2,2.76761,6.808476006666658,0.6431570109151973,0.7934508816120907
ARC-MOF::post_comb_vsa_co2.csv__RAC__racs.csv,v/v,RAC,extratrees,descriptor_grouped,2,2.809594,0.8146404599999993,0.6452560873215785,0.17716204869857263
ARC-MOF::post_comb_vsa_co2.csv__RAC__racs.csv,v/v,RAC,extratrees,descriptor_grouped,2,15.11269,5.714460786666664,0.9303106633081444,0.7485306465155331
ARC-MOF::post_comb_vsa_co2.csv__RAC__racs.csv,v/v,RAC,extratrees,descriptor_grouped,2,11.270583,11.082844146666664,0.8954659949622166,0.9080604534005038
ARC-MOF::post_comb_vsa_co2.csv__RAC__racs.csv,v/v,RAC,extratrees,descriptor_grouped,2,20.787223,11.40655572999999,0.9601175482787574,0.9109991603694374
ARC-MOF::post_comb_vsa_co2.csv__RAC__racs.csv,v/v,RAC,extratrees,descriptor_grouped,2,14.75807,12.83494585000001,0.926112510495382,0.926112510495382
ARC-MOF::post_comb_vsa_co2.csv__RAC__racs.csv,v/v,RAC,extratrees,descriptor_grouped,2,3.671353,6.20383116222222,0.7052896725440806,0.7688916876574308
ARC-MOF::post_comb_vsa_co2.csv__RAC__racs.csv,v/v,RAC,extratrees,descriptor_grouped,2,0.578479,0.5705046166666664,0.18387909319899245,0.09907640638119228
ARC-MOF::post_comb_vsa_co2.csv__RAC__racs.csv,v/v,RAC,extratrees,descriptor_grouped,2,0.923508,2.052251430000001,0.30856423173803527,0.45885810243492864
ARC-MOF::post_comb_vsa_co2.csv__RAC__racs.csv,v/v,RAC,extratrees,descriptor_grouped,2,0.50506,0.4689115533333332,0.15575146935348447,0.06507136859781697
ARC-MOF::post_comb_vsa_co2.csv__RAC__racs.csv,v/v,RAC,extratrees,descriptor_grouped,2,3.4007,2.3617145350000035,0.6897565071368598,0.5046179680940386
ARC-MOF::post_comb_vsa_co2.csv__RAC__racs.csv,v/v,RAC,extratrees,descriptor_grouped,2,3.679784,4.817584876666658,0.7061293031066331,0.7048698572628044
ARC-MOF::post_comb_vsa_co2.csv__RAC__racs.csv,v/v,RAC,extratrees,descriptor_grouped,2,0.797211,1.5504749483333315,0.2674223341729639,0.37279596977329976
ARC-MOF::post_comb_vsa_co2.csv__RAC__racs.csv,v/v,RAC,extratrees,descriptor_grouped,2,0.207993,0.2511272800000007,0.0272879932829555,0.008816120906801008
ARC-MOF::post_comb_vsa_co2.csv__RAC__racs.csv,v/v,RAC,extratrees,descriptor_grouped,2,11.752,10.602718896666683,0.9021830394626364,0.9000839630562553
ARC-MOF::post_comb_vsa_co2.csv__RAC__racs.csv,v/v,RAC,extratrees,descriptor_grouped,2,14.882723,11.528144293333328,0.927791771620487,0.9126784214945424
ARC-MOF::post_comb_vsa_co2.csv__RAC__racs.csv,v/v,RAC,extratrees,descriptor_grouped,2,0.464948,0.7702954800000008,0.1351805205709488,0.16204869857262805
ARC-MOF::post_comb_vsa_co2.csv__RAC__racs.csv,v/v,RAC,extratrees,descriptor_grouped,2,3.823938,3.4659565666666685,0.7141057934508817,0.6167086481947943
ARC-MOF::post_comb_vsa_co2.csv__RAC__racs.csv,v/v,RAC,extratrees,descriptor_grouped,2,3.425294,3.730510886666662,0.6926952141057935,0.6397984886649875
ARC-MOF::post_comb_vsa_co2.csv__RAC__racs.csv,v/v,RAC,extratrees,descriptor_grouped,2,1.577916,2.032312603333334,0.4819479429051218,0.4554995801847187
ARC-MOF::post_comb_vsa_co2.csv__RAC__racs.csv,v/v,RAC,extratrees,descriptor_grouped,2,8.848141,9.988418946666672,0.8618807724601175,0.8887489504617968
ARC-MOF::post_comb_vsa_co2.csv__RAC__racs.csv,v/v,RAC,extratrees,descriptor_grouped,2,46.161169,20.166235030000006,0.9928631402183039,0.9706129303106633
ARC-MOF::post_comb_vsa_co2.csv__RAC__racs.csv,v/v,RAC,extratrees,descriptor_grouped,2,0.372651,0.9441924666666665,0.09571788413098237,0.20990764063811923
ARC-MOF::post_comb_vsa_co2.csv__RAC__racs.csv,v/v,RAC,extratrees,descriptor_grouped,2,69.105019,14.473387403333357,0.9987405541561712,0.9403862300587741
ARC-MOF::post_comb_vsa_co2.csv__RAC__racs.csv,v/v,RAC,extratrees,descriptor_grouped,2,0.51202,1.5479827199999991,0.15785054575986565,0.3711167086481948
ARC-MOF::post_comb_vsa_co2.csv__RAC__racs.csv,v/v,RAC,extratrees,descriptor_grouped,2,1.891867,2.884499483333322,0.533585222502099,0.5671704450041981
ARC-MOF::post_comb_vsa_co2.csv__RAC__racs.csv,v/v,RAC,extratrees,descriptor_grouped,2,0.49127,0.7075337399999992,0.14903442485306465,0.14483627204030228
ARC-MOF::post_comb_vsa_co2.csv__RAC__racs.csv,v/v,RAC,extratrees,descriptor_grouped,2,0.316422,0.2559981600000006,0.07220822837951302,0.010495382031905962
ARC-MOF::post_comb_vsa_co2.csv__RAC__racs.csv,v/v,RAC,extratrees,descriptor_grouped,2,1.659165,1.7593321300000009,0.49580184718723763,0.41309823677581864
ARC-MOF::post_comb_vsa_co2.csv__RAC__racs.csv,v/v,RAC,extratrees,descriptor_grouped,2,0.515578,0.7911908366666682,0.15910999160369438,0.17170445004198154
ARC-MOF::post_comb_vsa_co2.csv__RAC__racs.csv,v/v,RAC,extratrees,descriptor_grouped,2,0.46436,0.5693665733333341,0.1343408900083963,0.0982367758186398
ARC-MOF::post_comb_vsa_co2.csv__RAC__racs.csv,v/v,RAC,extratrees,descriptor_grouped,2,48.58736,9.613410569999996,0.9941225860621327,0.8837111670864819
ARC-MOF::post_comb_vsa_co2.csv__RAC__racs.csv,v/v,RAC,extratrees,descriptor_grouped,2,23.144368,9.545190693333335,0.964735516372796,0.8811922753988245
ARC-MOF::post_comb_vsa_co2.csv__RAC__racs.csv,v/v,RAC,extratrees,descriptor_grouped,2,7.087031,6.521372189999996,0.8299748110831234,0.7821158690176322
ARC-MOF::post_comb_vsa_co2.csv__RAC__racs.csv,v/v,RAC,extratrees,descriptor_grouped,2,1.692534,2.796684880000001,0.5012594458438288,0.5566750629722922
ARC-MOF::post_comb_vsa_co2.csv__RAC__racs.csv,v/v,RAC,extratrees,descriptor_grouped,2,2.198853,1.75942656,0.5772460117548279,0.41351805205709485
ARC-MOF::post_comb_vsa_co2.csv__RAC__racs.csv,v/v,RAC,extratrees,descriptor_grouped,2,0.722601,0.6024595600000009,0.23971452560873216,0.11209068010075567
ARC-MOF::post_comb_vsa_co2.csv__RAC__racs.csv,v/v,RAC,extratrees,descriptor_grouped,2,5.928918,6.511361466666666,0.8056255247691015,0.781696053736356
ARC-MOF::post_comb_vsa_co2.csv__RAC__racs.csv,v/v,RAC,extratrees,descriptor_grouped,2,1.06714,1.4631865533333337,0.3593618807724601,0.3497061293031066
ARC-MOF::post_comb_vsa_co2.csv__RAC__racs.csv,v/v,RAC,extratrees,descriptor_grouped,2,0.297312,1.33655763,0.06423173803526448,0.3152812762384551
ARC-MOF::post_comb_vsa_co2.csv__RAC__racs.csv,v/v,RAC,extratrees,descriptor_grouped,2,2.090351,2.893556116666664,0.5591939546599496,0.5680100755667506
ARC-MOF::post_comb_vsa_co2.csv__RAC__racs.csv,v/v,RAC,extratrees,descriptor_grouped,2,1.082582,1.4320232199999992,0.3635600335852225,0.33879093198992444
ARC-MOF::post_comb_vsa_co2.csv__RAC__racs.csv,v/v,RAC,extratrees,descriptor_grouped,2,0.771271,1.3984826566666668,0.2598656591099916,0.33039462636439965
ARC-MOF::post_comb_vsa_co2.csv__RAC__racs.csv,v/v,RAC,extratrees,descriptor_grouped,2,0.293393,0.4627685599999998,0.061712846347607056,0.06297229219143577
ARC-MOF::post_comb_vsa_co2.csv__RAC__racs.csv,v/v,RAC,extratrees,descriptor_grouped,2,1.98978,1.7261943666666677,0.5499580184718724,0.4059613769941226
ARC-MOF::post_comb_vsa_co2.csv__RAC__racs.csv,v/v,RAC,extratrees,descriptor_grouped,2,8.778332,24.067409429999977,0.8589420654911839,0.9811083123425692
ARC-MOF::post_comb_vsa_co2.csv__RAC__racs.csv,v/v,RAC,extratrees,descriptor_grouped,2,1.749024,1.527128773333334,0.5083963056255247,0.36733837111670864
ARC-MOF::post_comb_vsa_co2.csv__RAC__racs.csv,v/v,RAC,extratrees,descriptor_grouped,2,1.261799,1.219900386666666,0.41309823677581864,0.2770780856423174
ARC-MOF::post_comb_vsa_co2.csv__RAC__racs.csv,v/v,RAC,extratrees,descriptor_grouped,2,6.376859,9.594462143333336,0.8178001679261125,0.8832913518052057
ARC-MOF::post_comb_vsa_co2.csv__RAC__racs.csv,v/v,RAC,extratrees,descriptor_grouped,2,3.855696,12.891787819999998,0.7153652392947103,0.9269521410579346
ARC-MOF::post_comb_vsa_co2.csv__RAC__racs.csv,v/v,RAC,extratrees,descriptor_grouped,2,0.667049,0.3051449866666669,0.2162048698572628,0.02476910159529807
ARC-MOF::post_comb_vsa_co2.csv__RAC__racs.csv,v/v,RAC,extratrees,descriptor_grouped,2,0.820975,2.095135036666666,0.27455919395465994,0.46683459277917716
ARC-MOF::post_comb_vsa_co2.csv__RAC__racs.csv,v/v,RAC,extratrees,descriptor_grouped,2,1.150985,2.653733666666667,0.3790931989924433,0.5390428211586902
ARC-MOF::post_comb_vsa_co2.csv__RAC__racs.csv,v/v,RAC,extratrees,descriptor_grouped,2,0.692498,1.0236819433333328,0.22795969773299748,0.22921914357682618
ARC-MOF::post_comb_vsa_co2.csv__RAC__racs.csv,v/v,RAC,extratrees,descriptor_grouped,2,2.854266,1.886300199999997,0.6502938706968934,0.4353484466834593
ARC-MOF::post_comb_vsa_co2.csv__RAC__racs.csv,v/v,RAC,extratrees,descriptor_grouped,2,0.879201,2.0574980966666656,0.29429051217464314,0.4596977329974811
ARC-MOF::post_comb_vsa_co2.csv__RAC__racs.csv,v/v,RAC,extratrees,descriptor_grouped,2,4.184106,4.555309836666662,0.7283795130142737,0.690176322418136
ARC-MOF::post_comb_vsa_co2.csv__RAC__racs.csv,v/v,RAC,extratrees,descriptor_grouped,2,1.288919,4.269859489999996,0.41981528127623846,0.6721242653232578
ARC-MOF::post_comb_vsa_co2.csv__RAC__racs.csv,v/v,RAC,extratrees,descriptor_grouped,2,1.711275,5.850343280000005,0.5033585222502099,0.753568429890848
ARC-MOF::post_comb_vsa_co2.csv__RAC__racs.csv,v/v,RAC,extratrees,descriptor_grouped,2,0.409999,0.7329755899999983,0.11209068010075567,0.15071368597816961
ARC-MOF::post_comb_vsa_co2.csv__RAC__racs.csv,v/v,RAC,extratrees,descriptor_grouped,2,1.431554,2.759900734999998,0.44962216624685136,0.5520570948782536
ARC-MOF::post_comb_vsa_co2.csv__RAC__racs.csv,v/v,RAC,extratrees,descriptor_grouped,2,19.946204,6.355067066666663,0.9559193954659949,0.772879932829555
ARC-MOF::post_comb_vsa_co2.csv__RAC__racs.csv,v/v,RAC,extratrees,descriptor_grouped,2,1.739163,4.327702559999999,0.5067170445004198,0.6763224181360201
ARC-MOF::post_comb_vsa_co2.csv__RAC__racs.csv,v/v,RAC,extratrees,descriptor_grouped,2,1.188866,0.9227360600000012,0.3900083963056255,0.20361041141897565
ARC-MOF::post_comb_vsa_co2.csv__RAC__racs.csv,v/v,RAC,extratrees,descriptor_grouped,2,1.822483,2.445354960000002,0.5222502099076406,0.5155331654072208
ARC-MOF::post_comb_vsa_co2.csv__RAC__racs.csv,v/v,RAC,extratrees,descriptor_grouped,2,11.908613,21.909152569999986,0.9047019311502938,0.9748110831234257
ARC-MOF::post_comb_vsa_co2.csv__RAC__racs.csv,v/v,RAC,extratrees,descriptor_grouped,2,1.959974,2.092849458333333,0.5436607892527288,0.46557514693534846
ARC-MOF::post_comb_vsa_co2.csv__RAC__racs.csv,v/v,RAC,extratrees,descriptor_grouped,2,2.569776,2.262288310000008,0.6242653232577666,0.4903442485306465
ARC-MOF::post_comb_vsa_co2.csv__RAC__racs.csv,v/v,RAC,extratrees,descriptor_grouped,2,0.400022,0.8318323833333343,0.10831234256926953,0.181360201511335
ARC-MOF::post_comb_vsa_co2.csv__RAC__racs.csv,v/v,RAC,extratrees,descriptor_grouped,2,0.927782,0.8228105333333335,0.31066330814441645,0.17884130982367757
ARC-MOF::post_comb_vsa_co2.csv__RAC__racs.csv,v/v,RAC,extratrees,descriptor_grouped,2,2.189439,2.3361895066666647,0.575566750629723,0.5008396305625524
ARC-MOF::post_comb_vsa_co2.csv__RAC__racs.csv,v/v,RAC,extratrees,descriptor_grouped,2,5.521534,1.7658181966666655,0.7888329135180521,0.41435768261964734
ARC-MOF::post_comb_vsa_co2.csv__RAC__racs.csv,v/v,RAC,extratrees,descriptor_grouped,2,1.004309,0.3575104333333329,0.33711167086481947,0.0327455919395466
ARC-MOF::post_comb_vsa_co2.csv__RAC__racs.csv,v/v,RAC,extratrees,descriptor_grouped,2,0.674949,1.4787074033333332,0.21956339210747272,0.3547439126784215
ARC-MOF::post_comb_vsa_co2.csv__RAC__racs.csv,v/v,RAC,extratrees,descriptor_grouped,2,0.410934,1.824354923333334,0.11335012594458438,0.42401343408900083
ARC-MOF::post_comb_vsa_co2.csv__RAC__racs.csv,v/v,RAC,extratrees,descriptor_grouped,2,4.804227,11.481887236666674,0.7586062132661628,0.9122586062132662
ARC-MOF::post_comb_vsa_co2.csv__RAC__racs.csv,v/v,RAC,extratrees,descriptor_grouped,2,2.693961,17.439511446666685,0.6364399664147775,0.9584382871536524
ARC-MOF::post_comb_vsa_co2.csv__RAC__racs.csv,v/v,RAC,extratrees,descriptor_grouped,2,2.688908,3.704382816666668,0.6351805205709488,0.6372795969773299
ARC-MOF::post_comb_vsa_co2.csv__RAC__racs.csv,v/v,RAC,extratrees,descriptor_grouped,2,8.127389,1.5615566033333328,0.8501259445843828,0.37741393786733834
ARC-MOF::post_comb_vsa_co2.csv__RAC__racs.csv,v/v,RAC,extratrees,descriptor_grouped,2,1.422925,1.6062735533333337,0.44920235096557515,0.38413098236775817
ARC-MOF::post_comb_vsa_co2.csv__RAC__racs.csv,v/v,RAC,extratrees,descriptor_grouped,2,24.179245,13.321512563333322,0.9676742233417296,0.9298908480268682
ARC-MOF::post_comb_vsa_co2.csv__RAC__racs.csv,v/v,RAC,extratrees,descriptor_grouped,2,0.570033,0.597983686666667,0.1809403862300588,0.11041141897565071
ARC-MOF::post_comb_vsa_co2.csv__RAC__racs.csv,v/v,RAC,extratrees,descriptor_grouped,2,0.2349,0.3418347166666669,0.03904282115869018,0.030646515533165407
ARC-MOF::post_comb_vsa_co2.csv__RAC__racs.csv,v/v,RAC,extratrees,descriptor_grouped,2,39.755282,19.443376033333337,0.9882451721242653,0.9672544080604534
ARC-MOF::post_comb_vsa_co2.csv__RAC__racs.csv,v/v,RAC,extratrees,descriptor_grouped,2,0.352947,1.99175737,0.08690176322418136,0.44878253568429893
ARC-MOF::post_comb_vsa_co2.csv__RAC__racs.csv,v/v,RAC,extratrees,descriptor_grouped,2,0.193279,0.2764272,0.02225020990764064,0.01595298068849706
ARC-MOF::post_comb_vsa_co2.csv__RAC__racs.csv,v/v,RAC,extratrees,descriptor_grouped,2,1.042323,4.517639326666665,0.34886649874055414,0.6872376154492024
ARC-MOF::post_comb_vsa_co2.csv__RAC__racs.csv,v/v,RAC,extratrees,descriptor_grouped,2,3.743269,5.211170966666663,0.7099076406381192,0.7267002518891688
ARC-MOF::post_comb_vsa_co2.csv__RAC__racs.csv,v/v,RAC,extratrees,descriptor_grouped,2,10.50183,6.37845337666667,0.8862300587741394,0.7741393786733837
ARC-MOF::post_comb_vsa_co2.csv__RAC__racs.csv,v/v,RAC,extratrees,descriptor_grouped,2,2.993338,6.20383116222222,0.6616288832913518,0.7688916876574308
ARC-MOF::post_comb_vsa_co2.csv__RAC__racs.csv,v/v,RAC,extratrees,descriptor_grouped,2,1.163905,32.153809426666704,0.38245172124265325,0.9869857262804366
ARC-MOF::post_comb_vsa_co2.csv__RAC__racs.csv,v/v,RAC,extratrees,descriptor_grouped,2,5.451595,11.47271754666667,0.7863140218303947,0.9118387909319899
ARC-MOF::post_comb_vsa_co2.csv__RAC__racs.csv,v/v,RAC,extratrees,descriptor_grouped,2,0.298553,0.5507602766666666,0.06465155331654072,0.09235936188077246
ARC-MOF::post_comb_vsa_co2.csv__RAC__racs.csv,v/v,RAC,extratrees,descriptor_grouped,2,4.641074,3.853434133333337,0.7497900923593619,0.6498740554156172
ARC-MOF::post_comb_vsa_co2.csv__RAC__racs.csv,v/v,RAC,extratrees,descriptor_grouped,2,2.354351,4.307331343333335,0.5944584382871536,0.6746431570109152
ARC-MOF::post_comb_vsa_co2.csv__RAC__racs.csv,v/v,RAC,extratrees,descriptor_grouped,2,9.079428,13.15905111333334,0.8664987405541562,0.929471032745592
ARC-MOF::post_comb_vsa_co2.csv__RAC__racs.csv,v/v,RAC,extratrees,descriptor_grouped,2,9.340409,3.5323851099999963,0.8711167086481948,0.6221662468513854
ARC-MOF::post_comb_vsa_co2.csv__RAC__racs.csv,v/v,RAC,extratrees,descriptor_grouped,2,2.001674,1.11271462,0.5503778337531486,0.25440806045340053
ARC-MOF::post_comb_vsa_co2.csv__RAC__racs.csv,v/v,RAC,extratrees,descriptor_grouped,2,0.838219,2.036806296666667,0.28085642317380355,0.45759865659109994
ARC-MOF::post_comb_vsa_co2.csv__RAC__racs.csv,v/v,RAC,extratrees,descriptor_grouped,2,1.561219,1.700280679999998,0.47691015952980687,0.4005037783375315
ARC-MOF::post_comb_vsa_co2.csv__RAC__racs.csv,v/v,RAC,extratrees,descriptor_grouped,2,48.678575,23.852455123333343,0.9945424013434089,0.9798488664987406
ARC-MOF::post_comb_vsa_co2.csv__RAC__racs.csv,v/v,RAC,extratrees,descriptor_grouped,2,4.368552,9.279090959999987,0.735936188077246,0.8765743073047859
ARC-MOF::post_comb_vsa_co2.csv__RAC__racs.csv,v/v,RAC,extratrees,descriptor_grouped,2,4.533493,3.234099506666662,0.7443324937027708,0.5990764063811923
ARC-MOF::post_comb_vsa_co2.csv__RAC__racs.csv,v/v,RAC,extratrees,descriptor_grouped,2,4.97674,5.107721906666662,0.7678421494542401,0.7212426532325776
ARC-MOF::post_comb_vsa_co2.csv__RAC__racs.csv,v/v,RAC,extratrees,descriptor_grouped,2,0.353925,0.5300976300000007,0.0873215785054576,0.08648194794290512
ARC-MOF::post_comb_vsa_co2.csv__RAC__racs.csv,v/v,RAC,extratrees,descriptor_grouped,2,2.29216,2.689034366666664,0.5860621326616289,0.5432409739714525
ARC-MOF::post_comb_vsa_co2.csv__RAC__racs.csv,v/v,RAC,extratrees,descriptor_grouped,2,5.087406,4.694027203333324,0.7720403022670025,0.6998320738874895
ARC-MOF::post_comb_vsa_co2.csv__RAC__racs.csv,v/v,RAC,extratrees,descriptor_grouped,2,7.553626,7.363596096666667,0.8404701931150294,0.8182199832073888
ARC-MOF::post_comb_vsa_co2.csv__RAC__racs.csv,v/v,RAC,extratrees,descriptor_grouped,2,6.745714,2.033918353333329,0.8232577665827037,0.45591939546599497
ARC-MOF::post_comb_vsa_co2.csv__RAC__racs.csv,v/v,RAC,extratrees,descriptor_grouped,2,2.442848,2.4217251733333343,0.6104114189756508,0.5125944584382871
ARC-MOF::post_comb_vsa_co2.csv__RAC__racs.csv,v/v,RAC,extratrees,descriptor_grouped,2,0.976874,1.3556150466666663,0.32997481108312343,0.3211586901763224
ARC-MOF::post_comb_vsa_co2.csv__RAC__racs.csv,v/v,RAC,extratrees,descriptor_grouped,2,20.509809,7.671484363333334,0.9580184718723762,0.8270361041141897
ARC-MOF::post_comb_vsa_co2.csv__RAC__racs.csv,v/v,RAC,extratrees,descriptor_grouped,2,0.868849,1.5002722466666658,0.290512174643157,0.36272040302267
ARC-MOF::post_comb_vsa_co2.csv__RAC__racs.csv,v/v,RAC,extratrees,descriptor_grouped,2,1.352978,1.39977355,0.4378673383711167,0.3316540722082284
ARC-MOF::post_comb_vsa_co2.csv__RAC__racs.csv,v/v,RAC,extratrees,descriptor_grouped,2,10.26932,4.51812588,0.8824517212426533,0.6876574307304786
ARC-MOF::post_comb_vsa_co2.csv__RAC__racs.csv,v/v,RAC,extratrees,descriptor_grouped,2,9.364871,9.58568183333333,0.871536523929471,0.8824517212426533
ARC-MOF::post_comb_vsa_co2.csv__RAC__racs.csv,v/v,RAC,extratrees,descriptor_grouped,2,2.550285,2.6397004033333293,0.6221662468513854,0.5377833753148614
ARC-MOF::post_comb_vsa_co2.csv__RAC__racs.csv,v/v,RAC,extratrees,descriptor_grouped,2,0.740552,0.7703222899999981,0.24811083123425692,0.1624685138539043
ARC-MOF::post_comb_vsa_co2.csv__RAC__racs.csv,v/v,RAC,extratrees,descriptor_grouped,2,4.908036,6.759126920000009,0.7636439966414778,0.7909319899244333
ARC-MOF::post_comb_vsa_co2.csv__RAC__racs.csv,v/v,RAC,extratrees,descriptor_grouped,2,0.483051,1.0373984299999983,0.14273719563392107,0.23341729638958858
ARC-MOF::post_comb_vsa_co2.csv__RAC__racs.csv,v/v,RAC,extratrees,descriptor_grouped,2,0.502616,0.6598766699999998,0.15449202350965574,0.12846347607052896
ARC-MOF::post_comb_vsa_co2.csv__RAC__racs.csv,v/v,RAC,extratrees,descriptor_grouped,2,33.871491,12.871570246666662,0.984047019311503,0.9265323257766582
ARC-MOF::post_comb_vsa_co2.csv__RAC__racs.csv,v/v,RAC,extratrees,descriptor_grouped,2,0.882293,0.8184301533333345,0.2951301427371956,0.17758186397984888
ARC-MOF::post_comb_vsa_co2.csv__RAC__racs.csv,v/v,RAC,extratrees,descriptor_grouped,2,11.885098,11.90593919666665,0.9038623005877414,0.9168765743073047
ARC-MOF::post_comb_vsa_co2.csv__RAC__racs.csv,v/v,RAC,extratrees,descriptor_grouped,2,0.461629,0.5698273500000007,0.13224181360201512,0.09865659109991604
ARC-MOF::post_comb_vsa_co2.csv__RAC__racs.csv,v/v,RAC,extratrees,descriptor_grouped,2,2.299511,2.7569347766666694,0.5869017632241813,0.5512174643157011
ARC-MOF::post_comb_vsa_co2.csv__RAC__racs.csv,v/v,RAC,extratrees,descriptor_grouped,2,1.400915,6.529593590000001,0.4475230898404702,0.7825356842989085
ARC-MOF::post_comb_vsa_co2.csv__RAC__racs.csv,v/v,RAC,extratrees,descriptor_grouped,2,1.668532,2.380788826666669,0.4966414777497901,0.5075566750629723
ARC-MOF::post_comb_vsa_co2.csv__RAC__racs.csv,v/v,RAC,extratrees,descriptor_grouped,2,0.774663,1.7789756733333335,0.26028547439126787,0.4156171284634761
ARC-MOF::post_comb_vsa_co2.csv__RAC__racs.csv,v/v,RAC,extratrees,descriptor_grouped,2,7.740441,7.925815440000009,0.8434089000839631,0.8354324097397146
ARC-MOF::post_comb_vsa_co2.csv__RAC__racs.csv,v/v,RAC,extratrees,descriptor_grouped,2,1.06548,1.409503926666666,0.3581024349286314,0.3350125944584383
ARC-MOF::post_comb_vsa_co2.csv__RAC__racs.csv,v/v,RAC,extratrees,descriptor_grouped,2,4.888287,6.533027559999998,0.762384550797649,0.7829554995801847
ARC-MOF::post_comb_vsa_co2.csv__RAC__racs.csv,v/v,RAC,extratrees,descriptor_grouped,2,7.372638,6.04521411,0.8366918555835432,0.7628043660789253
ARC-MOF::post_comb_vsa_co2.csv__RAC__racs.csv,v/v,RAC,extratrees,descriptor_grouped,2,16.454643,5.545060486666665,0.9378673383711167,0.7418136020151134
ARC-MOF::post_comb_vsa_co2.csv__RAC__racs.csv,v/v,RAC,extratrees,descriptor_grouped,2,0.488515,0.6030140100000005,0.14651553316540722,0.11251049538203191
ARC-MOF::post_comb_vsa_co2.csv__RAC__racs.csv,v/v,RAC,extratrees,descriptor_grouped,2,20.254279,33.13867217666672,0.9567590260285475,0.9874055415617129
ARC-MOF::post_comb_vsa_co2.csv__RAC__racs.csv,v/v,RAC,extratrees,descriptor_grouped,2,10.861484,7.2933621050000115,0.890848026868178,0.8127623845507976
ARC-MOF::post_comb_vsa_co2.csv__RAC__racs.csv,v/v,RAC,extratrees,descriptor_grouped,2,5.518906,4.195195253333332,0.7884130982367759,0.6675062972292192
ARC-MOF::post_comb_vsa_co2.csv__RAC__racs.csv,v/v,RAC,extratrees,descriptor_grouped,2,0.397311,0.8754533133333333,0.10621326616288833,0.19185558354324098
ARC-MOF::post_comb_vsa_co2.csv__RAC__racs.csv,v/v,RAC,extratrees,descriptor_grouped,2,0.474609,0.4843385800000006,0.13937867338371115,0.07052896725440806
ARC-MOF::post_comb_vsa_co2.csv__RAC__racs.csv,v/v,RAC,extratrees,descriptor_grouped,2,1.26289,1.3272652866666668,0.41351805205709485,0.31192275398824515
ARC-MOF::post_comb_vsa_co2.csv__RAC__racs.csv,v/v,RAC,extratrees,descriptor_grouped,2,0.657742,1.1083725066666663,0.21368597816960538,0.25272879932829556
ARC-MOF::post_comb_vsa_co2.csv__RAC__racs.csv,v/v,RAC,extratrees,descriptor_grouped,2,3.063993,3.9947788533333375,0.6683459277917716,0.6578505457598657
ARC-MOF::post_comb_vsa_co2.csv__RAC__racs.csv,v/v,RAC,extratrees,descriptor_grouped,2,3.840927,6.343427293333323,0.7145256087321579,0.7720403022670025
ARC-MOF::post_comb_vsa_co2.csv__RAC__racs.csv,v/v,RAC,extratrees,descriptor_grouped,2,0.787837,0.384104623333334,0.2653232577665827,0.04030226700251889
ARC-MOF::post_comb_vsa_co2.csv__RAC__racs.csv,v/v,RAC,extratrees,descriptor_grouped,2,0.898454,2.3540520266666647,0.29974811083123426,0.5020990764063812
ARC-MOF::post_comb_vsa_co2.csv__RAC__racs.csv,v/v,RAC,extratrees,descriptor_grouped,2,1.859469,2.1090413566666637,0.5277078085642317,0.47019311502938704
ARC-MOF::post_comb_vsa_co2.csv__RAC__racs.csv,v/v,RAC,extratrees,descriptor_grouped,2,4.888324,5.944584020000003,0.7628043660789253,0.7590260285474392
ARC-MOF::post_comb_vsa_co2.csv__RAC__racs.csv,v/v,RAC,extratrees,descriptor_grouped,2,1.683783,1.633827178333336,0.4991603694374475,0.3883291351805206
ARC-MOF::post_comb_vsa_co2.csv__RAC__racs.csv,v/v,RAC,extratrees,descriptor_grouped,2,2.029409,9.385703616666667,0.5549958018471872,0.8782535684298909
ARC-MOF::post_comb_vsa_co2.csv__RAC__racs.csv,v/v,RAC,extratrees,descriptor_grouped,2,3.264065,2.305522359999999,0.6817800167926112,0.49580184718723763
ARC-MOF::post_comb_vsa_co2.csv__RAC__racs.csv,v/v,RAC,extratrees,descriptor_grouped,2,4.976372,10.001210869999989,0.7674223341729639,0.889168765743073
ARC-MOF::post_comb_vsa_co2.csv__RAC__racs.csv,v/v,RAC,extratrees,descriptor_grouped,2,1.771689,9.69137035999999,0.5130142737195634,0.8845507976490344
ARC-MOF::post_comb_vsa_co2.csv__RAC__racs.csv,v/v,RAC,extratrees,descriptor_grouped,2,0.464479,0.5684781733333334,0.13476070528967254,0.09781696053736356
ARC-MOF::post_comb_vsa_co2.csv__RAC__racs.csv,v/v,RAC,extratrees,descriptor_grouped,2,1.037796,0.9309537933333352,0.34718723761544923,0.20612930310663308
ARC-MOF::post_comb_vsa_co2.csv__RAC__racs.csv,v/v,RAC,extratrees,descriptor_grouped,2,1.966095,2.8036139533333437,0.5461796809403863,0.5583543240973972
ARC-MOF::post_comb_vsa_co2.csv__RAC__racs.csv,v/v,RAC,extratrees,descriptor_grouped,2,0.960837,1.835968053333333,0.3253568429890848,0.42737195633921077
ARC-MOF::post_comb_vsa_co2.csv__RAC__racs.csv,v/v,RAC,extratrees,descriptor_grouped,2,5.555758,6.372144743333325,0.7896725440806045,0.7737195633921075
ARC-MOF::post_comb_vsa_co2.csv__RAC__racs.csv,v/v,RAC,extratrees,descriptor_grouped,2,2.098905,3.9294563733333296,0.5617128463476071,0.6544920235096557
ARC-MOF::post_comb_vsa_co2.csv__RAC__racs.csv,v/v,RAC,extratrees,descriptor_grouped,2,45.665846,19.7778228133334,0.9920235096557515,0.9689336691855583
ARC-MOF::post_comb_vsa_co2.csv__RAC__racs.csv,v/v,RAC,extratrees,descriptor_grouped,2,1.572067,1.6887961999999996,0.480688497061293,0.3975650713685978
ARC-MOF::post_comb_vsa_co2.csv__RAC__racs.csv,v/v,RAC,extratrees,descriptor_grouped,2,2.164437,6.027874633333333,0.572208228379513,0.7619647355163728
ARC-MOF::post_comb_vsa_co2.csv__RAC__racs.csv,v/v,RAC,extratrees,descriptor_grouped,2,2.687173,2.815362143333336,0.6347607052896725,0.5591939546599496
ARC-MOF::post_comb_vsa_co2.csv__RAC__racs.csv,v/v,RAC,extratrees,descriptor_grouped,2,2.949248,4.612503086666658,0.6574307304785895,0.6939546599496221
ARC-MOF::post_comb_vsa_co2.csv__RAC__racs.csv,v/v,RAC,extratrees,descriptor_grouped,2,6.673701,11.727007960000012,0.8215785054575987,0.9139378673383711
ARC-MOF::post_comb_vsa_co2.csv__RAC__racs.csv,v/v,RAC,extratrees,descriptor_grouped,2,1.468586,2.781242636666667,0.45801847187237615,0.5541561712846348
ARC-MOF::post_comb_vsa_co2.csv__RAC__racs.csv,v/v,RAC,extratrees,descriptor_grouped,2,28.206615,5.7592198933333325,0.9731318219983207,0.7506297229219143
ARC-MOF::post_comb_vsa_co2.csv__RAC__racs.csv,v/v,RAC,extratrees,descriptor_grouped,2,0.431427,0.8682067000000001,0.12132661628883291,0.19059613769941225
ARC-MOF::post_comb_vsa_co2.csv__RAC__racs.csv,v/v,RAC,extratrees,descriptor_grouped,2,2.357628,4.7370244933333385,0.5957178841309824,0.7015113350125944
ARC-MOF::post_comb_vsa_co2.csv__RAC__racs.csv,v/v,RAC,extratrees,descriptor_grouped,2,2.435877,2.5607704183333277,0.6083123425692695,0.5289672544080605
ARC-MOF::post_comb_vsa_co2.csv__RAC__racs.csv,v/v,RAC,extratrees,descriptor_grouped,2,3.405157,3.613271066666671,0.690176322418136,0.630142737195634
ARC-MOF::post_comb_vsa_co2.csv__RAC__racs.csv,v/v,RAC,extratrees,descriptor_grouped,2,2.075465,2.901645719999999,0.5579345088161209,0.5692695214105793
ARC-MOF::post_comb_vsa_co2.csv__RAC__racs.csv,v/v,RAC,extratrees,descriptor_grouped,2,0.476978,0.4734242366666664,0.14105793450881612,0.0675902602854744
ARC-MOF::post_comb_vsa_co2.csv__RAC__racs.csv,v/v,RAC,extratrees,descriptor_grouped,2,9.293004,6.864761496666656,0.869857262804366,0.7951301427371956
ARC-MOF::post_comb_vsa_co2.csv__RAC__racs.csv,v/v,RAC,extratrees,descriptor_grouped,2,1.682474,4.927852386666671,0.4987405541561713,0.7120067170445005
ARC-MOF::post_comb_vsa_co2.csv__RAC__racs.csv,v/v,RAC,extratrees,descriptor_grouped,2,5.616894,23.902816099999978,0.7913518052057095,0.9802686817800168
ARC-MOF::post_comb_vsa_co2.csv__RAC__racs.csv,v/v,RAC,extratrees,descriptor_grouped,2,7.081351,1.5361340700000008,0.8295549958018472,0.3694374475230898
ARC-MOF::post_comb_vsa_co2.csv__RAC__racs.csv,v/v,RAC,extratrees,descriptor_grouped,2,0.74788,1.7318306066666662,0.2506297229219144,0.4080604534005038
ARC-MOF::post_comb_vsa_co2.csv__RAC__racs.csv,v/v,RAC,extratrees,descriptor_grouped,2,0.421316,1.4606535700000016,0.11838790931989925,0.34844668345927793
ARC-MOF::post_comb_vsa_co2.csv__RAC__racs.csv,v/v,RAC,extratrees,descriptor_grouped,2,1.184974,1.9885205,0.3891687657430731,0.44836272040302266
ARC-MOF::post_comb_vsa_co2.csv__RAC__racs.csv,v/v,RAC,extratrees,descriptor_grouped,2,0.467301,0.57750585,0.1376994122586062,0.10201511335012595
ARC-MOF::post_comb_vsa_co2.csv__RAC__racs.csv,v/v,RAC,extratrees,descriptor_grouped,2,0.295247,0.7159314833333333,0.06255247691015953,0.14693534844668346
ARC-MOF::post_comb_vsa_co2.csv__RAC__racs.csv,v/v,RAC,extratrees,descriptor_grouped,2,3.551213,6.124063679999998,0.6977329974811083,0.7644836272040302
ARC-MOF::post_comb_vsa_co2.csv__RAC__racs.csv,v/v,RAC,extratrees,descriptor_grouped,2,1.748251,6.34244751333333,0.5071368597816961,0.7716204869857263
ARC-MOF::post_comb_vsa_co2.csv__RAC__racs.csv,v/v,RAC,extratrees,descriptor_grouped,2,0.237899,0.3125296700000002,0.039882451721242655,0.02644836272040302
ARC-MOF::post_comb_vsa_co2.csv__RAC__racs.csv,v/v,RAC,extratrees,descriptor_grouped,2,3.632564,6.008703829999998,0.7031905961376994,0.760705289672544
ARC-MOF::post_comb_vsa_co2.csv__RAC__racs.csv,v/v,RAC,extratrees,descriptor_grouped,2,0.387962,0.3921917733333326,0.10243492863140219,0.041981528127623846
ARC-MOF::post_comb_vsa_co2.csv__RAC__racs.csv,v/v,RAC,extratrees,descriptor_grouped,2,1.251628,1.5779931433333316,0.4093198992443325,0.3799328295549958
ARC-MOF::post_comb_vsa_co2.csv__RAC__racs.csv,v/v,RAC,extratrees,descriptor_grouped,2,1.624291,2.6620013299999985,0.4899244332493703,0.5403022670025189
ARC-MOF::post_comb_vsa_co2.csv__RAC__racs.csv,v/v,RAC,extratrees,descriptor_grouped,2,1.318148,1.1779198400000022,0.4282115869017632,0.2686817800167926
ARC-MOF::post_comb_vsa_co2.csv__RAC__racs.csv,v/v,RAC,extratrees,descriptor_grouped,2,1.965932,5.864504600000015,0.5457598656591099,0.7544080604534005
ARC-MOF::post_comb_vsa_co2.csv__RAC__racs.csv,v/v,RAC,extratrees,descriptor_grouped,2,3.348976,4.178201906666671,0.6868178001679262,0.6662468513853904
ARC-MOF::post_comb_vsa_co2.csv__RAC__racs.csv,v/v,RAC,extratrees,descriptor_grouped,2,1.400513,2.660950579999996,0.44710327455919396,0.5398824517212426
ARC-MOF::post_comb_vsa_co2.csv__RAC__racs.csv,v/v,RAC,extratrees,descriptor_grouped,2,0.82854,1.3258457200000011,0.2770780856423174,0.31066330814441645
ARC-MOF::post_comb_vsa_co2.csv__RAC__racs.csv,v/v,RAC,extratrees,descriptor_grouped,2,8.973851,1.8986387266666664,0.864399664147775,0.43702770780856426
ARC-MOF::post_comb_vsa_co2.csv__RAC__racs.csv,v/v,RAC,extratrees,descriptor_grouped,2,0.955335,1.8301279833333304,0.3211586901763224,0.42527287993282953
ARC-MOF::post_comb_vsa_co2.csv__RAC__racs.csv,v/v,RAC,extratrees,descriptor_grouped,2,0.69551,1.609982283333336,0.22963895885810243,0.38497061293031065
ARC-MOF::post_comb_vsa_co2.csv__RAC__racs.csv,v/v,RAC,extratrees,descriptor_grouped,2,5.107064,3.77328863666667,0.7724601175482787,0.6431570109151973
ARC-MOF::post_comb_vsa_co2.csv__RAC__racs.csv,v/v,RAC,extratrees,descriptor_grouped,2,6.288267,5.525043626666661,0.8148614609571788,0.7405541561712846
ARC-MOF::post_comb_vsa_co2.csv__RAC__racs.csv,v/v,RAC,extratrees,descriptor_grouped,2,3.74595,12.273002693333348,0.7103274559193955,0.9214945424013434
ARC-MOF::post_comb_vsa_co2.csv__RAC__racs.csv,v/v,RAC,extratrees,descriptor_grouped,2,2.450407,3.007547893333343,0.6112510495382032,0.5785054575986566
ARC-MOF::post_comb_vsa_co2.csv__RAC__racs.csv,v/v,RAC,extratrees,descriptor_grouped,2,1.492443,1.5130764300000004,0.4643157010915197,0.36397984886649876
ARC-MOF::post_comb_vsa_co2.csv__RAC__racs.csv,v/v,RAC,extratrees,descriptor_grouped,2,0.938091,1.303798240000001,0.3152812762384551,0.3022670025188917
ARC-MOF::post_comb_vsa_co2.csv__RAC__racs.csv,v/v,RAC,extratrees,descriptor_grouped,2,5.498558,4.967067343333337,0.7875734676742233,0.7132661628883291
ARC-MOF::post_comb_vsa_co2.csv__RAC__racs.csv,v/v,RAC,extratrees,descriptor_grouped,2,0.76465,0.9506216033333338,0.2573467674223342,0.21074727120067172
ARC-MOF::post_comb_vsa_co2.csv__RAC__racs.csv,v/v,RAC,extratrees,descriptor_grouped,2,5.635756,3.738514496666666,0.7926112510495382,0.6414777497900923
ARC-MOF::post_comb_vsa_co2.csv__RAC__racs.csv,v/v,RAC,extratrees,descriptor_grouped,2,1.182887,1.7364998233333366,0.3883291351805206,0.40973971452560876
ARC-MOF::post_comb_vsa_co2.csv__RAC__racs.csv,v/v,RAC,extratrees,descriptor_grouped,2,2.601305,3.5291468066666667,0.6293031066330814,0.6213266162888329
ARC-MOF::post_comb_vsa_co2.csv__RAC__racs.csv,v/v,RAC,extratrees,descriptor_grouped,2,1.487011,4.99624206333334,0.4634760705289673,0.7141057934508817
ARC-MOF::post_comb_vsa_co2.csv__RAC__racs.csv,v/v,RAC,extratrees,descriptor_grouped,2,1.324452,2.9873649166666665,0.42947103274559195,0.5768261964735516
ARC-MOF::post_comb_vsa_co2.csv__RAC__racs.csv,v/v,RAC,extratrees,descriptor_grouped,2,1.386519,1.261551076666666,0.4441645675902603,0.2884130982367758
ARC-MOF::post_comb_vsa_co2.csv__RAC__racs.csv,v/v,RAC,extratrees,descriptor_grouped,2,0.193888,0.285708003333334,0.022670025188916875,0.018891687657430732
ARC-MOF::post_comb_vsa_co2.csv__RAC__racs.csv,v/v,RAC,extratrees,descriptor_grouped,2,1.018171,1.2160561499999996,0.3396305625524769,0.2762384550797649
ARC-MOF::post_comb_vsa_co2.csv__RAC__racs.csv,v/v,RAC,extratrees,descriptor_grouped,2,1.782683,3.629816513333332,0.515952980688497,0.6314021830394626
ARC-MOF::post_comb_vsa_co2.csv__RAC__racs.csv,v/v,RAC,extratrees,descriptor_grouped,2,0.492271,0.6638394999999995,0.1494542401343409,0.13014273719563393
ARC-MOF::post_comb_vsa_co2.csv__RAC__racs.csv,v/v,RAC,extratrees,descriptor_grouped,2,2.763411,3.3523998933333345,0.6427371956339211,0.609151973131822
ARC-MOF::post_comb_vsa_co2.csv__RAC__racs.csv,v/v,RAC,extratrees,descriptor_grouped,2,16.959332,5.008862899999993,0.9403862300587741,0.7149454240134341
ARC-MOF::post_comb_vsa_co2.csv__RAC__racs.csv,v/v,RAC,extratrees,descriptor_grouped,2,2.351601,2.553025489999998,0.5936188077246012,0.5264483627204031
ARC-MOF::post_comb_vsa_co2.csv__RAC__racs.csv,v/v,RAC,extratrees,descriptor_grouped,2,6.933575,14.435370916666669,0.8270361041141897,0.9395465994962217
ARC-MOF::post_comb_vsa_co2.csv__RAC__racs.csv,v/v,RAC,extratrees,descriptor_grouped,2,1.807468,2.086985053333335,0.5201511335012594,0.464735516372796
ARC-MOF::post_comb_vsa_co2.csv__RAC__racs.csv,v/v,RAC,extratrees,descriptor_grouped,2,2.985213,4.946837114999997,0.6603694374475231,0.7128463476070529
ARC-MOF::post_comb_vsa_co2.csv__RAC__racs.csv,v/v,RAC,extratrees,descriptor_grouped,2,0.518573,0.5837048233333332,0.16036943744752308,0.10495382031905962
ARC-MOF::post_comb_vsa_co2.csv__RAC__racs.csv,v/v,RAC,extratrees,descriptor_grouped,2,13.562728,5.170496260000005,0.9172963895885811,0.7246011754827876
ARC-MOF::post_comb_vsa_co2.csv__RAC__racs.csv,v/v,RAC,extratrees,descriptor_grouped,2,0.727803,1.2503988633333332,0.24181360201511334,0.2850545759865659
ARC-MOF::post_comb_vsa_co2.csv__RAC__racs.csv,v/v,RAC,extratrees,descriptor_grouped,2,7.277914,7.854459083333324,0.8341729638958858,0.8324937027707808
ARC-MOF::post_comb_vsa_co2.csv__RAC__racs.csv,v/v,RAC,extratrees,descriptor_grouped,2,4.149534,3.0787972216666675,0.7258606213266163,0.5852225020990764
ARC-MOF::post_comb_vsa_co2.csv__RAC__racs.csv,v/v,RAC,extratrees,descriptor_grouped,2,0.578836,1.833922900000006,0.18429890848026867,0.4265323257766583
ARC-MOF::post_comb_vsa_co2.csv__RAC__racs.csv,v/v,RAC,extratrees,descriptor_grouped,2,8.10763,3.4235455599999915,0.8497061293031066,0.6133501259445844
ARC-MOF::post_comb_vsa_co2.csv__RAC__racs.csv,v/v,RAC,extratrees,descriptor_grouped,2,1.575762,2.010788278333338,0.4815281276238455,0.4521410579345088
ARC-MOF::post_comb_vsa_co2.csv__RAC__racs.csv,v/v,RAC,extratrees,descriptor_grouped,2,0.504978,0.5179035699999994,0.15533165407220823,0.0818639798488665
ARC-MOF::post_comb_vsa_co2.csv__RAC__racs.csv,v/v,RAC,extratrees,descriptor_grouped,2,7.551819,5.184169566666653,0.8396305625524769,0.72544080604534
ARC-MOF::post_comb_vsa_co2.csv__RAC__racs.csv,v/v,RAC,extratrees,descriptor_grouped,2,1.456327,2.975401139999993,0.4554995801847187,0.575566750629723
ARC-MOF::post_comb_vsa_co2.csv__RAC__racs.csv,v/v,RAC,extratrees,descriptor_grouped,2,1.67508,2.009403626666665,0.4979009235936188,0.4517212426532326
ARC-MOF::post_comb_vsa_co2.csv__RAC__racs.csv,v/v,RAC,extratrees,descriptor_grouped,2,0.667882,0.7717702066666682,0.21662468513853905,0.163727959697733
ARC-MOF::post_comb_vsa_co2.csv__RAC__racs.csv,v/v,RAC,extratrees,descriptor_grouped,2,1.097974,1.231225936666667,0.3677581863979849,0.28001679261125106
ARC-MOF::post_comb_vsa_co2.csv__RAC__racs.csv,v/v,RAC,extratrees,descriptor_grouped,2,1.707565,1.233550720000001,0.5029387069689337,0.2804366078925273
ARC-MOF::post_comb_vsa_co2.csv__RAC__racs.csv,v/v,RAC,extratrees,descriptor_grouped,2,1.443181,1.7076721833333344,0.4534005037783375,0.40302267002518893
ARC-MOF::post_comb_vsa_co2.csv__RAC__racs.csv,v/v,RAC,extratrees,descriptor_grouped,2,0.658621,0.4324706566666664,0.21452560873215784,0.05037783375314862
ARC-MOF::post_comb_vsa_co2.csv__RAC__racs.csv,v/v,RAC,extratrees,descriptor_grouped,2,0.301463,0.492337660000001,0.06591099916036944,0.07304785894206549
ARC-MOF::post_comb_vsa_co2.csv__RAC__racs.csv,v/v,RAC,extratrees,descriptor_grouped,2,3.021366,8.045747903333343,0.6628883291351805,0.8396305625524769
ARC-MOF::post_comb_vsa_co2.csv__RAC__racs.csv,v/v,RAC,extratrees,descriptor_grouped,2,0.153864,0.2829413733333328,0.008816120906801008,0.018471872376154493
ARC-MOF::post_comb_vsa_co2.csv__RAC__racs.csv,v/v,RAC,extratrees,descriptor_grouped,2,2.432099,5.665176510000006,0.6066330814441646,0.744752308984047
ARC-MOF::post_comb_vsa_co2.csv__RAC__racs.csv,v/v,RAC,extratrees,descriptor_grouped,2,7.271623,6.785780866666663,0.8333333333333334,0.7926112510495382
ARC-MOF::post_comb_vsa_co2.csv__RAC__racs.csv,v/v,RAC,extratrees,descriptor_grouped,2,17.146653,8.827037173333332,0.9416456759026028,0.8656591099916037
ARC-MOF::post_comb_vsa_co2.csv__RAC__racs.csv,v/v,RAC,extratrees,descriptor_grouped,2,14.015171,13.402309279999969,0.9206549118387909,0.9307304785894207
ARC-MOF::post_comb_vsa_co2.csv__RAC__racs.csv,v/v,RAC,extratrees,descriptor_grouped,2,4.093451,9.424114903333326,0.7229219143576826,0.8790931989924433
ARC-MOF::post_comb_vsa_co2.csv__RAC__racs.csv,v/v,RAC,extratrees,descriptor_grouped,2,0.729835,0.5278157733333332,0.24307304785894207,0.08564231738035265
ARC-MOF::post_comb_vsa_co2.csv__RAC__racs.csv,v/v,RAC,extratrees,descriptor_grouped,2,0.694682,0.3666053466666672,0.22879932829554997,0.036943744752308987
ARC-MOF::post_comb_vsa_co2.csv__RAC__racs.csv,v/v,RAC,extratrees,descriptor_grouped,2,4.139342,2.155737439999998,0.7246011754827876,0.47565071368597817
ARC-MOF::post_comb_vsa_co2.csv__RAC__racs.csv,v/v,RAC,extratrees,descriptor_grouped,2,2.096808,3.9880683933333256,0.5608732157850546,0.6570109151973131
ARC-MOF::post_comb_vsa_co2.csv__RAC__racs.csv,v/v,RAC,extratrees,descriptor_grouped,2,9.581626,8.595609743333325,0.8740554156171285,0.8576826196473551
ARC-MOF::post_comb_vsa_co2.csv__RAC__racs.csv,v/v,RAC,extratrees,descriptor_grouped,2,3.862776,1.69765362,0.7162048698572628,0.3992443324937028
ARC-MOF::post_comb_vsa_co2.csv__RAC__racs.csv,v/v,RAC,extratrees,descriptor_grouped,2,3.853767,3.5954525766666703,0.7149454240134341,0.6293031066330814
ARC-MOF::post_comb_vsa_co2.csv__RAC__racs.csv,v/v,RAC,extratrees,descriptor_grouped,2,0.847135,1.3201046200000008,0.28463476070528965,0.30814441645675905
ARC-MOF::post_comb_vsa_co2.csv__RAC__racs.csv,v/v,RAC,extratrees,descriptor_grouped,2,3.673564,4.552993538888884,0.7057094878253568,0.6897565071368598
ARC-MOF::post_comb_vsa_co2.csv__RAC__racs.csv,v/v,RAC,extratrees,descriptor_grouped,2,0.0,11.815220699999978,0.00041981528127623844,0.9156171284634761
ARC-MOF::post_comb_vsa_co2.csv__RAC__racs.csv,v/v,RAC,extratrees,descriptor_grouped,2,0.474953,1.1481790033333337,0.1397984886649874,0.26364399664147775
ARC-MOF::post_comb_vsa_co2.csv__RAC__racs.csv,v/v,RAC,extratrees,descriptor_grouped,2,0.75104,7.265163273333338,0.2518891687657431,0.8102434928631402
ARC-MOF::post_comb_vsa_co2.csv__RAC__racs.csv,v/v,RAC,extratrees,descriptor_grouped,2,0.215492,0.4937475433333327,0.033585222502099076,0.07388748950461797
ARC-MOF::post_comb_vsa_co2.csv__RAC__racs.csv,v/v,RAC,extratrees,descriptor_grouped,2,11.291011,6.271280859999998,0.8967254408060453,0.7707808564231738
ARC-MOF::post_comb_vsa_co2.csv__RAC__racs.csv,v/v,RAC,extratrees,descriptor_grouped,2,0.547934,1.1251447966666672,0.172544080604534,0.25692695214105793
ARC-MOF::post_comb_vsa_co2.csv__RAC__racs.csv,v/v,RAC,extratrees,descriptor_grouped,2,0.907724,1.0759037199999997,0.3022670025188917,0.24223341729638959
ARC-MOF::post_comb_vsa_co2.csv__RAC__racs.csv,v/v,RAC,extratrees,descriptor_grouped,2,1.340913,2.8760962866666646,0.4332493702770781,0.5663308144416457
ARC-MOF::post_comb_vsa_co2.csv__RAC__racs.csv,v/v,RAC,extratrees,descriptor_grouped,2,1.903745,5.264344413333332,0.5361041141897565,0.7292191435768262
ARC-MOF::post_comb_vsa_co2.csv__RAC__racs.csv,v/v,RAC,extratrees,descriptor_grouped,2,23.912721,6.569245996666666,0.9659949622166247,0.7842149454240135
ARC-MOF::post_comb_vsa_co2.csv__RAC__racs.csv,v/v,RAC,extratrees,descriptor_grouped,2,18.662465,15.105255323333322,0.9475230898404702,0.9441645675902602
ARC-MOF::post_comb_vsa_co2.csv__RAC__racs.csv,v/v,RAC,extratrees,descriptor_grouped,2,1.871972,4.170623046666664,0.5293870696893367,0.665407220822838
ARC-MOF::post_comb_vsa_co2.csv__RAC__racs.csv,v/v,RAC,extratrees,descriptor_grouped,2,1.613835,2.3126207933333327,0.4882451721242653,0.49706129303106633
ARC-MOF::post_comb_vsa_co2.csv__RAC__racs.csv,v/v,RAC,extratrees,descriptor_grouped,2,3.044788,5.089699686666667,0.6658270361041142,0.719983207388749
ARC-MOF::post_comb_vsa_co2.csv__RAC__racs.csv,v/v,RAC,extratrees,descriptor_grouped,2,0.690883,1.3029332133333336,0.22628043660789252,0.30100755667506296
ARC-MOF::post_comb_vsa_co2.csv__RAC__racs.csv,v/v,RAC,extratrees,descriptor_grouped,2,0.670519,1.4551928866666664,0.218303946263644,0.34718723761544923
ARC-MOF::post_comb_vsa_co2.csv__RAC__racs.csv,v/v,RAC,extratrees,descriptor_grouped,2,1.726,1.113523903333334,0.5054575986565911,0.25482787573467675
ARC-MOF::post_comb_vsa_co2.csv__RAC__racs.csv,v/v,RAC,extratrees,descriptor_grouped,2,4.338688,6.44318337666666,0.7355163727959698,0.7770780856423174
ARC-MOF::post_comb_vsa_co2.csv__RAC__racs.csv,v/v,RAC,extratrees,descriptor_grouped,2,11.396486,3.447778343333338,0.8988245172124265,0.6154492023509656
ARC-MOF::post_comb_vsa_co2.csv__RAC__racs.csv,v/v,RAC,extratrees,descriptor_grouped,2,4.582843,3.783417100000005,0.7468513853904282,0.644416456759026
ARC-MOF::post_comb_vsa_co2.csv__RAC__racs.csv,v/v,RAC,extratrees,descriptor_grouped,2,5.396656,12.830730913333332,0.7837951301427372,0.9256926952141058
ARC-MOF::post_comb_vsa_co2.csv__RAC__racs.csv,v/v,RAC,extratrees,descriptor_grouped,2,2.49981,3.4025182766666653,0.6162888329135181,0.610831234256927
ARC-MOF::post_comb_vsa_co2.csv__RAC__racs.csv,v/v,RAC,extratrees,descriptor_grouped,2,1.243726,2.064253066666668,0.4080604534005038,0.4617968094038623
ARC-MOF::post_comb_vsa_co2.csv__RAC__racs.csv,v/v,RAC,extratrees,descriptor_grouped,2,22.641617,65.34681977999985,0.9638958858102435,0.9987405541561712
ARC-MOF::post_comb_vsa_co2.csv__RAC__racs.csv,v/v,RAC,extratrees,descriptor_grouped,2,2.168757,1.9034958833333329,0.5730478589420654,0.44038623005877414
ARC-MOF::post_comb_vsa_co2.csv__RAC__racs.csv,v/v,RAC,extratrees,descriptor_grouped,2,0.208178,0.4084111166666667,0.027707808564231738,0.044920235096557515
ARC-MOF::post_comb_vsa_co2.csv__RAC__racs.csv,v/v,RAC,extratrees,descriptor_grouped,2,19.837759,10.988360770000003,0.9546599496221663,0.9072208228379512
ARC-MOF::post_comb_vsa_co2.csv__RAC__racs.csv,v/v,RAC,extratrees,descriptor_grouped,2,0.155143,0.1758945266666666,0.009655751469353484,0.0012594458438287153
ARC-MOF::post_comb_vsa_co2.csv__RAC__racs.csv,v/v,RAC,extratrees,descriptor_grouped,2,0.439059,0.6863910266666673,0.12300587741393787,0.13811922753988246
ARC-MOF::post_comb_vsa_co2.csv__RAC__racs.csv,v/v,RAC,extratrees,descriptor_grouped,2,5.314535,8.453928473333326,0.7791771620486986,0.852225020990764
ARC-MOF::post_comb_vsa_co2.csv__RAC__racs.csv,v/v,RAC,extratrees,descriptor_grouped,2,5.182183,8.853873809999998,0.77455919395466,0.8673383711167086
ARC-MOF::post_comb_vsa_co2.csv__RAC__racs.csv,v/v,RAC,extratrees,descriptor_grouped,2,14.195558,7.903296640000006,0.9219143576826196,0.834592779177162
ARC-MOF::post_comb_vsa_co2.csv__RAC__racs.csv,v/v,RAC,extratrees,descriptor_grouped,2,0.27707,0.641882483333334,0.05373635600335852,0.12342569269521411
ARC-MOF::post_comb_vsa_co2.csv__RAC__racs.csv,v/v,RAC,extratrees,descriptor_grouped,2,3.748388,7.353034784999997,0.7111670864819479,0.81696053736356
ARC-MOF::post_comb_vsa_co2.csv__RAC__racs.csv,v/v,RAC,extratrees,descriptor_grouped,2,0.785592,1.2985089500000015,0.26364399664147775,0.29974811083123426
ARC-MOF::post_comb_vsa_co2.csv__RAC__racs.csv,v/v,RAC,extratrees,descriptor_grouped,2,1.256628,1.6852558533333348,0.41015952980688497,0.3967254408060453
ARC-MOF::post_comb_vsa_co2.csv__RAC__racs.csv,v/v,RAC,extratrees,descriptor_grouped,2,3.078396,3.204226346666658,0.6691855583543241,0.5969773299748111
ARC-MOF::post_comb_vsa_co2.csv__RAC__racs.csv,v/v,RAC,extratrees,descriptor_grouped,2,2.907993,5.9648802366666605,0.6536523929471033,0.7598656591099916
ARC-MOF::post_comb_vsa_co2.csv__RAC__racs.csv,v/v,RAC,extratrees,descriptor_grouped,2,10.912446,8.274473003333327,0.8916876574307305,0.8471872376154492
ARC-MOF::post_comb_vsa_co2.csv__RAC__racs.csv,v/v,RAC,extratrees,descriptor_grouped,2,4.998962,8.367235319999983,0.7686817800167927,0.8492863140218304
ARC-MOF::post_comb_vsa_co2.csv__RAC__racs.csv,v/v,RAC,extratrees,descriptor_grouped,2,0.184687,0.9851538333333324,0.018471872376154493,0.21914357682619648
ARC-MOF::post_comb_vsa_co2.csv__RAC__racs.csv,v/v,RAC,extratrees,descriptor_grouped,2,4.092772,2.501439880000001,0.7225020990764064,0.5214105793450882
ARC-MOF::post_comb_vsa_co2.csv__RAC__racs.csv,v/v,RAC,extratrees,descriptor_grouped,2,7.06771,4.543247213333346,0.829135180520571,0.6889168765743073
ARC-MOF::post_comb_vsa_co2.csv__RAC__racs.csv,v/v,RAC,extratrees,descriptor_grouped,2,11.991861,9.707317939999989,0.906801007556675,0.8849706129303107
ARC-MOF::post_comb_vsa_co2.csv__RAC__racs.csv,v/v,RAC,extratrees,descriptor_grouped,2,5.764147,10.55490365333333,0.7989084802686818,0.8992443324937027
ARC-MOF::post_comb_vsa_co2.csv__RAC__racs.csv,v/v,RAC,extratrees,descriptor_grouped,2,6.239414,8.154309483333327,0.8123425692695214,0.8429890848026869
ARC-MOF::post_comb_vsa_co2.csv__RAC__racs.csv,v/v,RAC,extratrees,descriptor_grouped,2,0.419931,0.4582722933333334,0.11670864819479429,0.05919395465994962
ARC-MOF::post_comb_vsa_co2.csv__RAC__racs.csv,v/v,RAC,extratrees,descriptor_grouped,2,0.338954,0.7847737166666673,0.08060453400503778,0.16876574307304787
ARC-MOF::post_comb_vsa_co2.csv__RAC__racs.csv,v/v,RAC,extratrees,descriptor_grouped,2,11.153684,9.779890466666664,0.8950461796809404,0.8866498740554156
ARC-MOF::post_comb_vsa_co2.csv__RAC__racs.csv,v/v,RAC,extratrees,descriptor_grouped,2,1.700484,2.56073904333333,0.5020990764063812,0.5285474391267843
ARC-MOF::post_comb_vsa_co2.csv__RAC__racs.csv,v/v,RAC,extratrees,descriptor_grouped,2,0.560359,0.3647256700000004,0.17716204869857263,0.035684298908480266
ARC-MOF::post_comb_vsa_co2.csv__RAC__racs.csv,v/v,RAC,extratrees,descriptor_grouped,2,0.602468,0.6078095933333324,0.19311502938706968,0.11502938706968933
ARC-MOF::post_comb_vsa_co2.csv__RAC__racs.csv,v/v,RAC,extratrees,descriptor_grouped,2,2.682668,4.580516773333344,0.6343408900083963,0.6914357682619647
ARC-MOF::post_comb_vsa_co2.csv__RAC__racs.csv,v/v,RAC,extratrees,descriptor_grouped,2,0.385464,0.9509997533333332,0.1015952980688497,0.21116708648194793
ARC-MOF::post_comb_vsa_co2.csv__RAC__racs.csv,v/v,RAC,extratrees,descriptor_grouped,2,0.607229,1.0675819133333329,0.19479429051217464,0.24055415617128464
ARC-MOF::post_comb_vsa_co2.csv__RAC__racs.csv,v/v,RAC,extratrees,descriptor_grouped,2,33.083489,18.03898065666667,0.9832073887489504,0.9609571788413098
ARC-MOF::post_comb_vsa_co2.csv__RAC__racs.csv,v/v,RAC,extratrees,descriptor_grouped,2,0.319764,0.4141838733333342,0.07388748950461797,0.047019311502938706
ARC-MOF::post_comb_vsa_co2.csv__RAC__racs.csv,v/v,RAC,extratrees,descriptor_grouped,2,1.341604,1.2366244233333308,0.4340890008396306,0.28127623845507976
ARC-MOF::post_comb_vsa_co2.csv__RAC__racs.csv,v/v,RAC,extratrees,descriptor_grouped,2,0.567371,0.5152010833333343,0.17968094038623006,0.08018471872376154
ARC-MOF::post_comb_vsa_co2.csv__RAC__racs.csv,v/v,RAC,extratrees,descriptor_grouped,2,21.915809,42.55924762666658,0.961376994122586,0.9928631402183039
ARC-MOF::post_comb_vsa_co2.csv__RAC__racs.csv,v/v,RAC,extratrees,descriptor_grouped,2,3.424824,2.7508329800000024,0.691855583543241,0.5503778337531486
ARC-MOF::post_comb_vsa_co2.csv__RAC__racs.csv,v/v,RAC,extratrees,descriptor_grouped,2,19.038165,9.045615620000016,0.9492023509655751,0.8723761544920235
ARC-MOF::post_comb_vsa_co2.csv__RAC__racs.csv,v/v,RAC,extratrees,descriptor_grouped,2,31.077705,18.511907150000024,0.9794290512174643,0.9643157010915198
ARC-MOF::post_comb_vsa_co2.csv__RAC__racs.csv,v/v,RAC,extratrees,descriptor_grouped,2,0.597169,0.8009573633333326,0.19143576826196473,0.17338371116708648
ARC-MOF::post_comb_vsa_co2.csv__RAC__racs.csv,v/v,RAC,extratrees,descriptor_grouped,2,0.315809,0.6815254799999996,0.07136859781696053,0.13643996641477749
ARC-MOF::post_comb_vsa_co2.csv__RAC__racs.csv,v/v,RAC,extratrees,descriptor_grouped,2,0.704827,0.7522264099999997,0.232367758186398,0.1561712846347607
ARC-MOF::post_comb_vsa_co2.csv__RAC__racs.csv,v/v,RAC,extratrees,descriptor_grouped,2,16.694248,9.320345249999994,0.9395465994962217,0.8774139378673383
ARC-MOF::post_comb_vsa_co2.csv__RAC__racs.csv,v/v,RAC,extratrees,descriptor_grouped,2,1.06012,1.305502866666668,0.35600335852225024,0.30268681780016793
ARC-MOF::post_comb_vsa_co2.csv__RAC__racs.csv,v/v,RAC,extratrees,descriptor_grouped,2,4.143911,6.468862386666662,0.72544080604534,0.7783375314861462
ARC-MOF::post_comb_vsa_co2.csv__RAC__racs.csv,v/v,RAC,extratrees,descriptor_grouped,2,47.514848,18.284725493333337,0.9937027707808564,0.963056255247691
ARC-MOF::post_comb_vsa_co2.csv__RAC__racs.csv,v/v,RAC,extratrees,descriptor_grouped,2,1.034809,1.3737829666666672,0.34634760705289674,0.3236775818639798
ARC-MOF::post_comb_vsa_co2.csv__RAC__racs.csv,v/v,RAC,extratrees,descriptor_grouped,2,2.029772,1.072479013333333,0.5554156171284634,0.2413937867338371
ARC-MOF::post_comb_vsa_co2.csv__RAC__racs.csv,v/v,RAC,extratrees,descriptor_grouped,2,1.438147,1.5604070566666657,0.45130142737195633,0.3765743073047859
ARC-MOF::post_comb_vsa_co2.csv__RAC__racs.csv,v/v,RAC,extratrees,descriptor_grouped,2,0.607788,0.8549218933333342,0.19563392107472713,0.18681780016792612
ARC-MOF::post_comb_vsa_co2.csv__RAC__racs.csv,v/v,RAC,extratrees,descriptor_grouped,2,0.637617,0.7905203833333332,0.20612930310663308,0.1704450041981528
ARC-MOF::post_comb_vsa_co2.csv__RAC__racs.csv,v/v,RAC,extratrees,descriptor_grouped,2,1.12711,1.2099766000000003,0.37405541561712846,0.2749790092359362
ARC-MOF::post_comb_vsa_co2.csv__RAC__racs.csv,v/v,RAC,extratrees,descriptor_grouped,2,13.968268,8.344169119999991,0.9202350965575147,0.8484466834592779
ARC-MOF::post_comb_vsa_co2.csv__RAC__racs.csv,v/v,RAC,extratrees,descriptor_grouped,2,0.312786,0.3876873766666674,0.07010915197313182,0.04072208228379513
ARC-MOF::post_comb_vsa_co2.csv__RAC__racs.csv,v/v,RAC,extratrees,descriptor_grouped,2,2.947187,4.702744183333331,0.6570109151973131,0.7002518891687658
ARC-MOF::post_comb_vsa_co2.csv__RAC__racs.csv,v/v,RAC,extratrees,descriptor_grouped,2,1.211458,0.9555900333333334,0.3992443324937028,0.2128463476070529
ARC-MOF::post_comb_vsa_co2.csv__RAC__racs.csv,v/v,RAC,extratrees,descriptor_grouped,2,0.639774,1.140838133333333,0.20696893366918556,0.26238455079764905
ARC-MOF::post_comb_vsa_co2.csv__RAC__racs.csv,v/v,RAC,extratrees,descriptor_grouped,2,0.826015,1.5968944866666683,0.27581863979848864,0.3832913518052057
ARC-MOF::post_comb_vsa_co2.csv__RAC__racs.csv,v/v,RAC,extratrees,descriptor_grouped,2,0.74842,1.280860276666666,0.2510495382031906,0.2955499580184719
ARC-MOF::post_comb_vsa_co2.csv__RAC__racs.csv,v/v,RAC,extratrees,descriptor_grouped,2,0.485989,1.4742946333333329,0.1439966414777498,0.35432409739714527
ARC-MOF::post_comb_vsa_co2.csv__RAC__racs.csv,v/v,RAC,extratrees,descriptor_grouped,2,2.10029,2.360836196666662,0.5621326616288833,0.5041981528127624
ARC-MOF::post_comb_vsa_co2.csv__RAC__racs.csv,v/v,RAC,extratrees,descriptor_grouped,2,1.776668,3.6755510766666704,0.5146935348446684,0.6347607052896725
ARC-MOF::post_comb_vsa_co2.csv__RAC__racs.csv,v/v,RAC,extratrees,descriptor_grouped,2,2.4202,7.333521003333341,0.6036943744752309,0.815281276238455
ARC-MOF::post_comb_vsa_co2.csv__RAC__racs.csv,v/v,RAC,extratrees,descriptor_grouped,2,5.735483,7.275425023333331,0.7955499580184718,0.8123425692695214
ARC-MOF::post_comb_vsa_co2.csv__RAC__racs.csv,v/v,RAC,extratrees,descriptor_grouped,2,0.250729,1.8427632266666627,0.0436607892527288,0.42863140218303947
ARC-MOF::post_comb_vsa_co2.csv__RAC__racs.csv,v/v,RAC,extratrees,descriptor_grouped,2,0.428364,0.5545963033333341,0.12048698572628044,0.09403862300587741
ARC-MOF::post_comb_vsa_co2.csv__RAC__racs.csv,v/v,RAC,extratrees,descriptor_grouped,2,9.61691,4.5588477466666655,0.874895046179681,0.6905961376994123
ARC-MOF::post_comb_vsa_co2.csv__RAC__racs.csv,v/v,RAC,extratrees,descriptor_grouped,2,0.854147,0.8135905433333315,0.2871536523929471,0.1767422334172964
ARC-MOF::post_comb_vsa_co2.csv__RAC__racs.csv,v/v,RAC,extratrees,descriptor_grouped,2,0.73302,1.3437381133333324,0.244752308984047,0.31696053736356006
ARC-MOF::post_comb_vsa_co2.csv__RAC__racs.csv,v/v,RAC,extratrees,descriptor_grouped,2,5.190887,6.677521553333325,0.7749790092359362,0.7884130982367759
ARC-MOF::post_comb_vsa_co2.csv__RAC__racs.csv,v/v,RAC,extratrees,descriptor_grouped,2,4.771306,3.410698800000002,0.756926952141058,0.6116708648194794
ARC-MOF::post_comb_vsa_co2.csv__RAC__racs.csv,v/v,RAC,extratrees,descriptor_grouped,2,0.713617,0.8537760400000006,0.235936188077246,0.18639798488664988
ARC-MOF::post_comb_vsa_co2.csv__RAC__racs.csv,v/v,RAC,extratrees,descriptor_grouped,2,1.215462,2.1650147416666683,0.4005037783375315,0.4781696053736356
ARC-MOF::post_comb_vsa_co2.csv__RAC__racs.csv,v/v,RAC,extratrees,descriptor_grouped,2,3.014307,3.717829593333334,0.662048698572628,0.6381192275398825
ARC-MOF::post_comb_vsa_co2.csv__RAC__racs.csv,v/v,RAC,extratrees,descriptor_grouped,2,1.353052,2.898548648333333,0.43828715365239296,0.5688497061293031
ARC-MOF::post_comb_vsa_co2.csv__RAC__racs.csv,v/v,RAC,extratrees,descriptor_grouped,2,0.678223,0.7887935366666663,0.22082283795130142,0.17002518891687657
ARC-MOF::post_comb_vsa_co2.csv__RAC__racs.csv,v/v,RAC,extratrees,descriptor_grouped,2,28.142346,20.10035381666667,0.9727120067170445,0.9701931150293871
ARC-MOF::post_comb_vsa_co2.csv__RAC__racs.csv,v/v,RAC,extratrees,descriptor_grouped,2,1.286136,3.055720096666661,0.41855583543240976,0.5831234256926953
ARC-MOF::post_comb_vsa_co2.csv__RAC__racs.csv,v/v,RAC,extratrees,descriptor_grouped,2,26.012319,49.26389596666664,0.9710327455919395,0.9958018471872376
ARC-MOF::post_comb_vsa_co2.csv__RAC__racs.csv,v/v,RAC,extratrees,descriptor_grouped,2,0.539754,1.7430350066666696,0.16918555835432408,0.4105793450881612
ARC-MOF::post_comb_vsa_co2.csv__RAC__racs.csv,v/v,RAC,extratrees,descriptor_grouped,2,0.230794,0.4783068033333335,0.036943744752308987,0.06801007556675064
ARC-MOF::post_comb_vsa_co2.csv__RAC__racs.csv,v/v,RAC,extratrees,descriptor_grouped,2,0.635656,0.7817340866666651,0.20486985726280438,0.16666666666666666
ARC-MOF::post_comb_vsa_co2.csv__RAC__racs.csv,v/v,RAC,extratrees,descriptor_grouped,2,6.329797,13.799551246666695,0.8161209068010076,0.9349286314021831
ARC-MOF::post_comb_vsa_co2.csv__RAC__racs.csv,v/v,RAC,extratrees,descriptor_grouped,2,2.447651,3.077881610000005,0.610831234256927,0.5848026868178001
ARC-MOF::post_comb_vsa_co2.csv__RAC__racs.csv,v/v,RAC,extratrees,descriptor_grouped,2,7.749032,6.148222080000003,0.8442485306465155,0.7665827036104114
ARC-MOF::post_comb_vsa_co2.csv__RAC__racs.csv,v/v,RAC,extratrees,descriptor_grouped,2,2.84747,3.907143839999999,0.6498740554156172,0.6523929471032746
ARC-MOF::post_comb_vsa_co2.csv__RAC__racs.csv,v/v,RAC,extratrees,descriptor_grouped,2,5.323596,2.5615237666666704,0.780016792611251,0.5293870696893367
ARC-MOF::post_comb_vsa_co2.csv__RAC__racs.csv,v/v,RAC,extratrees,descriptor_grouped,2,3.559515,4.302209443333329,0.6981528127623845,0.6742233417296389
ARC-MOF::post_comb_vsa_co2.csv__RAC__racs.csv,v/v,RAC,extratrees,descriptor_grouped,2,0.120997,0.227684536666667,0.0016792611251049538,0.005037783375314861
ARC-MOF::post_comb_vsa_co2.csv__RAC__racs.csv,v/v,RAC,extratrees,descriptor_grouped,2,3.543121,3.250485320000004,0.6964735516372796,0.6015952980688497
ARC-MOF::post_comb_vsa_co2.csv__RAC__racs.csv,v/v,RAC,extratrees,descriptor_grouped,2,3.412061,2.455725040000003,0.6905961376994123,0.5167926112510496
ARC-MOF::post_comb_vsa_co2.csv__RAC__racs.csv,v/v,RAC,extratrees,descriptor_grouped,2,0.630698,0.6145718266666661,0.20277078085642317,0.11712846347607053
ARC-MOF::post_comb_vsa_co2.csv__RAC__racs.csv,v/v,RAC,extratrees,descriptor_grouped,2,0.804447,2.729678413333337,0.2699412258606213,0.5465994962216625
ARC-MOF::post_comb_vsa_co2.csv__RAC__racs.csv,v/v,RAC,extratrees,descriptor_grouped,2,8.011607,9.002794559999991,0.8488664987405542,0.8711167086481948
ARC-MOF::post_comb_vsa_co2.csv__RAC__racs.csv,v/v,RAC,extratrees,descriptor_grouped,2,1.857616,2.746653126666668,0.5272879932829555,0.5486985726280437
ARC-MOF::post_comb_vsa_co2.csv__RAC__racs.csv,v/v,RAC,extratrees,descriptor_grouped,2,6.267157,8.52983733999999,0.8144416456759026,0.855583543240974
ARC-MOF::post_comb_vsa_co2.csv__RAC__racs.csv,v/v,RAC,extratrees,descriptor_grouped,2,1.048384,1.224366583333332,0.3497061293031066,0.2779177162048699
ARC-MOF::post_comb_vsa_co2.csv__RAC__racs.csv,v/v,RAC,extratrees,descriptor_grouped,2,3.400651,2.6203782449999906,0.6893366918555835,0.535264483627204
ARC-MOF::post_comb_vsa_co2.csv__RAC__racs.csv,v/v,RAC,extratrees,descriptor_grouped,2,1.180579,2.154822620000001,0.3879093198992443,0.47523089840470195
ARC-MOF::post_comb_vsa_co2.csv__RAC__racs.csv,v/v,RAC,extratrees,descriptor_grouped,2,5.347255,8.94351020666668,0.7808564231738035,0.8694374475230898
ARC-MOF::post_comb_vsa_co2.csv__RAC__racs.csv,v/v,RAC,extratrees,descriptor_grouped,2,0.850548,6.952731253333337,0.2863140218303946,0.801007556675063
ARC-MOF::post_comb_vsa_co2.csv__RAC__racs.csv,v/v,RAC,extratrees,descriptor_grouped,2,49.502224,36.999490270000045,0.9949622166246851,0.9899244332493703
ARC-MOF::post_comb_vsa_co2.csv__RAC__racs.csv,v/v,RAC,extratrees,descriptor_grouped,2,2.673586,7.629154646666666,0.6335012594458438,0.8266162888329135
ARC-MOF::post_comb_vsa_co2.csv__RAC__racs.csv,v/v,RAC,extratrees,descriptor_grouped,2,1.551578,1.245909836666666,0.47523089840470195,0.28421494542401343
ARC-MOF::post_comb_vsa_co2.csv__RAC__racs.csv,v/v,RAC,extratrees,descriptor_grouped,2,1.342606,4.404806183333335,0.4345088161209068,0.6805205709487825
ARC-MOF::post_comb_vsa_co2.csv__RAC__racs.csv,v/v,RAC,extratrees,descriptor_grouped,2,2.615575,1.3158070899999998,0.6297229219143576,0.3068849706129303
ARC-MOF::post_comb_vsa_co2.csv__RAC__racs.csv,v/v,RAC,extratrees,descriptor_grouped,2,0.165298,0.47267986,0.010495382031905962,0.06717044500419815
ARC-MOF::post_comb_vsa_co2.csv__RAC__racs.csv,v/v,RAC,extratrees,descriptor_grouped,2,0.826348,1.182281443333332,0.2762384550797649,0.2695214105793451
ARC-MOF::post_comb_vsa_co2.csv__RAC__racs.csv,v/v,RAC,extratrees,descriptor_grouped,2,0.832253,0.8297485700000008,0.2787573467674223,0.18052057094878254
ARC-MOF::post_comb_vsa_co2.csv__RAC__racs.csv,v/v,RAC,extratrees,descriptor_grouped,2,16.325949,5.908097838888892,0.936607892527288,0.7577665827036104
ARC-MOF::post_comb_vsa_co2.csv__RAC__racs.csv,v/v,RAC,extratrees,descriptor_grouped,2,6.929956,6.9086722133333405,0.8266162888329135,0.7972292191435768
ARC-MOF::post_comb_vsa_co2.csv__RAC__racs.csv,v/v,RAC,extratrees,descriptor_grouped,2,1.570716,2.1377947266666677,0.47984886649874053,0.4739714525608732
ARC-MOF::post_comb_vsa_co2.csv__RAC__racs.csv,v/v,RAC,extratrees,descriptor_grouped,2,2.58907,4.339283806666669,0.626784214945424,0.6767422334172963
ARC-MOF::post_comb_vsa_co2.csv__RAC__racs.csv,v/v,RAC,extratrees,descriptor_grouped,2,2.578214,2.273206061666667,0.625104953820319,0.491183879093199
ARC-MOF::post_comb_vsa_co2.csv__RAC__racs.csv,v/v,RAC,extratrees,descriptor_grouped,2,1.235012,3.236588936666662,0.4051217464315701,0.5994962216624685
ARC-MOF::post_comb_vsa_co2.csv__RAC__racs.csv,v/v,RAC,extratrees,descriptor_grouped,2,4.454186,4.113769823333337,0.7418136020151134,0.6624685138539043
ARC-MOF::post_comb_vsa_co2.csv__RAC__racs.csv,v/v,RAC,extratrees,descriptor_grouped,2,0.556451,0.5256329799999996,0.17632241813602015,0.0852225020990764
ARC-MOF::post_comb_vsa_co2.csv__RAC__racs.csv,v/v,RAC,extratrees,descriptor_grouped,2,2.771509,5.198373766666653,0.6435768261964736,0.7262804366078925
ARC-MOF::post_comb_vsa_co2.csv__RAC__racs.csv,v/v,RAC,extratrees,descriptor_grouped,2,1.397332,10.497205405000004,0.4462636439966415,0.8984047019311503
ARC-MOF::post_comb_vsa_co2.csv__RAC__racs.csv,v/v,RAC,extratrees,descriptor_grouped,2,1.590113,5.074197116666675,0.48404701931150296,0.7187237615449202
ARC-MOF::post_comb_vsa_co2.csv__RAC__racs.csv,v/v,RAC,extratrees,descriptor_grouped,2,0.192123,0.6072226166666672,0.020990764063811923,0.11460957178841309
ARC-MOF::post_comb_vsa_co2.csv__RAC__racs.csv,v/v,RAC,extratrees,descriptor_grouped,2,3.050388,1.7883697699999974,0.6662468513853904,0.417296389588581
ARC-MOF::post_comb_vsa_co2.csv__RAC__racs.csv,v/v,RAC,extratrees,descriptor_grouped,2,2.276499,2.0672790566666683,0.5848026868178001,0.4634760705289673
ARC-MOF::post_comb_vsa_co2.csv__RAC__racs.csv,v/v,RAC,extratrees,descriptor_grouped,2,0.799833,8.197900813333334,0.2682619647355164,0.8446683459277917
ARC-MOF::post_comb_vsa_co2.csv__RAC__racs.csv,v/v,RAC,extratrees,descriptor_grouped,2,5.748481,6.161928240000009,0.797649034424853,0.7670025188916877
ARC-MOF::post_comb_vsa_co2.csv__RAC__racs.csv,v/v,RAC,extratrees,descriptor_grouped,2,0.144102,0.25180504,0.0054575986565911,0.009655751469353484
ARC-MOF::post_comb_vsa_co2.csv__RAC__racs.csv,v/v,RAC,extratrees,descriptor_grouped,2,1.638436,2.4946012266666697,0.4920235096557515,0.5205709487825357
ARC-MOF::post_comb_vsa_co2.csv__RAC__racs.csv,v/v,RAC,extratrees,descriptor_grouped,2,0.919487,1.6672383666666644,0.3064651553316541,0.3929471032745592
ARC-MOF::post_comb_vsa_co2.csv__RAC__racs.csv,v/v,RAC,extratrees,descriptor_grouped,2,3.329538,1.839017073333332,0.6859781696053736,0.4282115869017632
ARC-MOF::post_comb_vsa_co2.csv__RAC__racs.csv,v/v,RAC,extratrees,descriptor_grouped,2,1.368935,1.3403436800000004,0.44080604534005036,0.3161209068010076
ARC-MOF::post_comb_vsa_co2.csv__RAC__racs.csv,v/v,RAC,extratrees,descriptor_grouped,2,0.266233,0.468223923333333,0.0491183879093199,0.0644416456759026
ARC-MOF::post_comb_vsa_co2.csv__RAC__racs.csv,v/v,RAC,extratrees,descriptor_grouped,2,5.646487,4.727018726666675,0.7934508816120907,0.7010915197313182
ARC-MOF::post_comb_vsa_co2.csv__RAC__racs.csv,v/v,RAC,extratrees,descriptor_grouped,2,0.680141,1.8006575900000017,0.2225020990764064,0.42065491183879095
ARC-MOF::post_comb_vsa_co2.csv__RAC__racs.csv,v/v,RAC,extratrees,descriptor_grouped,2,2.512866,1.5135013183333323,0.6171284634760705,0.36439966414777497
ARC-MOF::post_comb_vsa_co2.csv__RAC__racs.csv,v/v,RAC,extratrees,descriptor_grouped,2,1.149774,1.7517193466666652,0.3778337531486146,0.41099916036943746
ARC-MOF::post_comb_vsa_co2.csv__RAC__racs.csv,v/v,RAC,extratrees,descriptor_grouped,2,25.478236,17.018271436666677,0.9701931150293871,0.9563392107472712
ARC-MOF::post_comb_vsa_co2.csv__RAC__racs.csv,v/v,RAC,extratrees,descriptor_grouped,2,4.454772,7.02216226999999,0.7422334172963896,0.8022670025188917
ARC-MOF::post_comb_vsa_co2.csv__RAC__racs.csv,v/v,RAC,extratrees,descriptor_grouped,2,10.044122,12.61605711999999,0.8803526448362721,0.9235936188077246
ARC-MOF::post_comb_vsa_co2.csv__RAC__racs.csv,v/v,RAC,extratrees,descriptor_grouped,2,15.734716,6.134225169999987,0.9340890008396305,0.7653232577665827
ARC-MOF::post_comb_vsa_co2.csv__RAC__racs.csv,v/v,RAC,extratrees,descriptor_grouped,2,2.517892,3.178675353333338,0.617968094038623,0.5957178841309824
ARC-MOF::post_comb_vsa_co2.csv__RAC__racs.csv,v/v,RAC,extratrees,descriptor_grouped,2,43.985978,22.191735070000025,0.9899244332493703,0.9760705289672544
ARC-MOF::post_comb_vsa_co2.csv__RAC__racs.csv,v/v,RAC,extratrees,descriptor_grouped,2,7.531239,4.211763163333338,0.8392107472712007,0.6687657430730478
ARC-MOF::post_comb_vsa_co2.csv__RAC__racs.csv,v/v,RAC,extratrees,descriptor_grouped,2,1.953505,1.4790893800000011,0.5428211586901763,0.35516372795969775
ARC-MOF::post_comb_vsa_co2.csv__RAC__racs.csv,v/v,RAC,extratrees,descriptor_grouped,2,4.154549,5.240232850000004,0.7267002518891688,0.7283795130142737
ARC-MOF::post_comb_vsa_co2.csv__RAC__racs.csv,v/v,RAC,extratrees,descriptor_grouped,2,0.466466,0.4489711433333328,0.13643996641477749,0.055415617128463476
ARC-MOF::post_comb_vsa_co2.csv__RAC__racs.csv,v/v,RAC,extratrees,descriptor_grouped,2,1.869272,14.222222546666668,0.5285474391267843,0.9378673383711167
ARC-MOF::post_comb_vsa_co2.csv__RAC__racs.csv,v/v,RAC,extratrees,descriptor_grouped,2,0.51809,0.634065076666666,0.15994962216624686,0.12048698572628044
ARC-MOF::post_comb_vsa_co2.csv__RAC__racs.csv,v/v,RAC,extratrees,descriptor_grouped,2,2.11997,5.377251060000003,0.5663308144416457,0.7342569269521411
ARC-MOF::post_comb_vsa_co2.csv__RAC__racs.csv,v/v,RAC,extratrees,descriptor_grouped,2,0.454086,0.9434959199999988,0.13056255247691015,0.209487825356843
ARC-MOF::post_comb_vsa_co2.csv__RAC__racs.csv,v/v,RAC,extratrees,descriptor_grouped,2,6.885456,8.430741659999988,0.8249370277078085,0.8513853904282116
ARC-MOF::post_comb_vsa_co2.csv__RAC__racs.csv,v/v,RAC,extratrees,descriptor_grouped,2,0.496084,0.6418008833333327,0.15071368597816961,0.12300587741393787
ARC-MOF::post_comb_vsa_co2.csv__RAC__racs.csv,v/v,RAC,extratrees,descriptor_grouped,2,3.69762,1.381744759999999,0.7086481947942905,0.3266162888329135
ARC-MOF::post_comb_vsa_co2.csv__RAC__racs.csv,v/v,RAC,extratrees,descriptor_grouped,2,7.95704,5.822181523333346,0.8471872376154492,0.7518891687657431
ARC-MOF::post_comb_vsa_co2.csv__RAC__racs.csv,v/v,RAC,extratrees,descriptor_grouped,2,2.280706,1.937662479999997,0.5852225020990764,0.4433249370277078
ARC-MOF::post_comb_vsa_co2.csv__RAC__racs.csv,v/v,RAC,extratrees,descriptor_grouped,2,0.318901,0.8021520933333336,0.07304785894206549,0.17380352644836272
ARC-MOF::post_comb_vsa_co2.csv__RAC__racs.csv,v/v,RAC,extratrees,descriptor_grouped,2,0.725207,0.6128973633333346,0.2413937867338371,0.11628883291351805
ARC-MOF::post_comb_vsa_co2.csv__RAC__racs.csv,v/v,RAC,extratrees,descriptor_grouped,2,0.182769,0.5615432400000002,0.017632241813602016,0.09571788413098237
ARC-MOF::post_comb_vsa_co2.csv__RAC__racs.csv,v/v,RAC,extratrees,descriptor_grouped,2,0.290633,0.1944884633333331,0.061293031066330814,0.0016792611251049538
ARC-MOF::post_comb_vsa_co2.csv__RAC__racs.csv,v/v,RAC,extratrees,descriptor_grouped,2,0.249808,0.4600748400000003,0.042821158690176324,0.06087321578505458
ARC-MOF::post_comb_vsa_co2.csv__RAC__racs.csv,v/v,RAC,extratrees,descriptor_grouped,2,0.28199,0.4620704999999997,0.05709487825356843,0.061712846347607056
ARC-MOF::post_comb_vsa_co2.csv__RAC__racs.csv,v/v,RAC,extratrees,descriptor_grouped,2,0.752009,1.1525211966666655,0.2531486146095718,0.26490344248530645
ARC-MOF::post_comb_vsa_co2.csv__RAC__racs.csv,v/v,RAC,extratrees,descriptor_grouped,2,24.625667,15.26444703666668,0.9689336691855583,0.9462636439966414
ARC-MOF::post_comb_vsa_co2.csv__RAC__racs.csv,v/v,RAC,extratrees,descriptor_grouped,2,0.391143,1.6433668399999972,0.10327455919395466,0.3891687657430731
ARC-MOF::post_comb_vsa_co2.csv__RAC__racs.csv,v/v,RAC,extratrees,descriptor_grouped,2,4.821592,3.669634826666668,0.7590260285474392,0.6339210747271201
ARC-MOF::post_comb_vsa_co2.csv__RAC__racs.csv,v/v,RAC,extratrees,descriptor_grouped,2,0.173097,0.1957478733333337,0.015113350125944584,0.0020990764063811922
ARC-MOF::post_comb_vsa_co2.csv__RAC__racs.csv,v/v,RAC,extratrees,descriptor_grouped,2,0.488124,0.5819475199999997,0.14609571788413098,0.10453400503778337
ARC-MOF::post_comb_vsa_co2.csv__RAC__racs.csv,v/v,RAC,extratrees,descriptor_grouped,2,0.632661,0.7787015633333327,0.20361041141897565,0.16540722082283796
ARC-MOF::post_comb_vsa_co2.csv__RAC__racs.csv,v/v,RAC,extratrees,descriptor_grouped,2,1.48639,2.241081129999998,0.4626364399664148,0.48656591099916036
ARC-MOF::post_comb_vsa_co2.csv__RAC__racs.csv,v/v,RAC,extratrees,descriptor_grouped,2,1.027015,5.947607013333339,0.3429890848026868,0.7594458438287154
ARC-MOF::post_comb_vsa_co2.csv__RAC__racs.csv,v/v,RAC,extratrees,descriptor_grouped,2,11.302417,5.713172966666656,0.8971452560873215,0.7481108312342569
ARC-MOF::post_comb_vsa_co2.csv__RAC__racs.csv,v/v,RAC,extratrees,descriptor_grouped,2,2.812645,14.942898686666693,0.646095717884131,0.9429051217464316
ARC-MOF::post_comb_vsa_co2.csv__RAC__racs.csv,v/v,RAC,extratrees,descriptor_grouped,2,2.659185,3.516701116666671,0.6330814441645676,0.6209068010075567
ARC-MOF::post_comb_vsa_co2.csv__RAC__racs.csv,v/v,RAC,extratrees,descriptor_grouped,2,0.486883,1.1965862466666677,0.14483627204030228,0.27246011754827876
ARC-MOF::post_comb_vsa_co2.csv__RAC__racs.csv,v/v,RAC,extratrees,descriptor_grouped,2,0.488527,0.7492294733333342,0.14693534844668346,0.15449202350965574
ARC-MOF::post_comb_vsa_co2.csv__RAC__racs.csv,v/v,RAC,extratrees,descriptor_grouped,2,4.383033,9.224883933333336,0.7380352644836272,0.8753148614609572
ARC-MOF::post_comb_vsa_co2.csv__RAC__racs.csv,v/v,RAC,extratrees,descriptor_grouped,2,0.926083,1.0029458966666671,0.31024349286314024,0.2225020990764064
ARC-MOF::post_comb_vsa_co2.csv__RAC__racs.csv,v/v,RAC,extratrees,descriptor_grouped,2,0.23422,0.580759043333332,0.037783375314861464,0.10411418975650713
ARC-MOF::post_comb_vsa_co2.csv__RAC__racs.csv,v/v,RAC,extratrees,descriptor_grouped,2,0.341414,0.395330316666666,0.0818639798488665,0.0436607892527288
ARC-MOF::post_comb_vsa_co2.csv__RAC__racs.csv,v/v,RAC,extratrees,descriptor_grouped,2,11.927513,34.52433911000007,0.9059613769941226,0.9895046179680941
ARC-MOF::post_comb_vsa_co2.csv__RAC__racs.csv,v/v,RAC,extratrees,descriptor_grouped,2,0.354649,0.6035411400000007,0.08900083963056256,0.11335012594458438
ARC-MOF::post_comb_vsa_co2.csv__RAC__racs.csv,v/v,RAC,extratrees,descriptor_grouped,2,0.716161,0.5241843600000009,0.23719563392107473,0.08396305625524769
ARC-MOF::post_comb_vsa_co2.csv__RAC__racs.csv,v/v,RAC,extratrees,descriptor_grouped,2,4.25728,13.819354693333349,0.7304785894206549,0.9353484466834593
ARC-MOF::post_comb_vsa_co2.csv__RAC__racs.csv,v/v,RAC,extratrees,descriptor_grouped,2,0.82376,1.5329414099999974,0.2753988245172124,0.3681780016792611
ARC-MOF::post_comb_vsa_co2.csv__RAC__racs.csv,v/v,RAC,extratrees,descriptor_grouped,2,5.893745,8.22536027,0.8035264483627204,0.8459277917716205
ARC-MOF::post_comb_vsa_co2.csv__RAC__racs.csv,v/v,RAC,extratrees,descriptor_grouped,2,2.990726,2.798272708333335,0.6612090680100756,0.5570948782535684
ARC-MOF::post_comb_vsa_co2.csv__RAC__racs.csv,v/v,RAC,extratrees,descriptor_grouped,2,3.050898,5.304436876666678,0.6666666666666666,0.7317380352644837
ARC-MOF::post_comb_vsa_co2.csv__RAC__racs.csv,v/v,RAC,extratrees,descriptor_grouped,2,4.441477,2.865041689999999,0.7405541561712846,0.5642317380352645
ARC-MOF::post_comb_vsa_co2.csv__RAC__racs.csv,v/v,RAC,extratrees,descriptor_grouped,2,0.806281,1.063528796666668,0.27120067170445006,0.23929471032745592
ARC-MOF::post_comb_vsa_co2.csv__RAC__racs.csv,v/v,RAC,extratrees,descriptor_grouped,2,0.835502,1.0592284433333332,0.28001679261125106,0.2380352644836272
ARC-MOF::post_comb_vsa_co2.csv__RAC__racs.csv,v/v,RAC,extratrees,descriptor_grouped,2,0.217609,0.3078582033333335,0.03526448362720403,0.025608732157850547
ARC-MOF::post_comb_vsa_co2.csv__RAC__racs.csv,v/v,RAC,extratrees,descriptor_grouped,2,2.130239,1.9321242099999991,0.5675902602854744,0.4429051217464316
ARC-MOF::post_comb_vsa_co2.csv__RAC__racs.csv,v/v,RAC,extratrees,descriptor_grouped,2,1.241584,3.248033003333327,0.4068010075566751,0.6011754827875735
ARC-MOF::post_comb_vsa_co2.csv__RAC__racs.csv,v/v,RAC,extratrees,descriptor_grouped,2,0.678232,1.454518566666667,0.22124265323257766,0.34676742233417296
ARC-MOF::post_comb_vsa_co2.csv__RAC__racs.csv,v/v,RAC,extratrees,descriptor_grouped,2,1.110463,1.915760656666664,0.3706968933669186,0.44080604534005036
ARC-MOF::post_comb_vsa_co2.csv__RAC__racs.csv,v/v,RAC,extratrees,descriptor_grouped,2,11.315324,7.151023296666661,0.8975650713685979,0.8060453400503779
ARC-MOF::post_comb_vsa_co2.csv__RAC__racs.csv,v/v,RAC,extratrees,descriptor_grouped,2,0.110916,0.171192045,0.0012594458438287153,0.0008396305625524769
ARC-MOF::post_comb_vsa_co2.csv__RAC__racs.csv,v/v,RAC,extratrees,descriptor_grouped,2,1.778032,5.162980196666664,0.5151133501259446,0.7241813602015114
ARC-MOF::post_comb_vsa_co2.csv__RAC__racs.csv,v/v,RAC,extratrees,descriptor_grouped,2,2.403678,1.919359453333331,0.6020151133501259,0.44164567590260284
ARC-MOF::post_comb_vsa_co2.csv__RAC__racs.csv,v/v,RAC,extratrees,descriptor_grouped,2,0.895964,1.28337666,0.29848866498740556,0.2968094038623006
ARC-MOF::post_comb_vsa_co2.csv__RAC__racs.csv,v/v,RAC,extratrees,descriptor_grouped,2,0.963948,1.901482443333335,0.3266162888329135,0.4387069689336692
ARC-MOF::post_comb_vsa_co2.csv__RAC__racs.csv,v/v,RAC,extratrees,descriptor_grouped,2,1.20152,1.8839318533333345,0.39420654911838793,0.4345088161209068
ARC-MOF::post_comb_vsa_co2.csv__RAC__racs.csv,v/v,RAC,extratrees,descriptor_grouped,2,1.007644,1.4601716699999974,0.33753148614609574,0.34802686817800166
ARC-MOF::post_comb_vsa_co2.csv__RAC__racs.csv,v/v,RAC,extratrees,descriptor_grouped,2,0.567759,1.2170393466666647,0.1801007556675063,0.2766582703610411
ARC-MOF::post_comb_vsa_co2.csv__RAC__racs.csv,v/v,RAC,extratrees,descriptor_grouped,2,2.381971,3.66750673666666,0.5990764063811923,0.6335012594458438
ARC-MOF::post_comb_vsa_co2.csv__RAC__racs.csv,v/v,RAC,extratrees,descriptor_grouped,2,0.289822,0.5641782899999997,0.060453400503778336,0.09655751469353484
ARC-MOF::post_comb_vsa_co2.csv__RAC__racs.csv,v/v,RAC,extratrees,descriptor_grouped,2,2.116103,4.60592821,0.5654911838790933,0.6926952141057935
ARC-MOF::post_comb_vsa_co2.csv__RAC__racs.csv,v/v,RAC,extratrees,descriptor_grouped,2,2.015202,2.3062907533333306,0.552896725440806,0.49622166246851385
ARC-MOF::post_comb_vsa_co2.csv__RAC__racs.csv,v/v,RAC,extratrees,descriptor_grouped,2,0.16879,0.2969961700000002,0.012594458438287154,0.02225020990764064
ARC-MOF::post_comb_vsa_co2.csv__RAC__racs.csv,v/v,RAC,extratrees,descriptor_grouped,2,1.5023,1.539351219999996,0.46767422334172964,0.3702770780856423
ARC-MOF::post_comb_vsa_co2.csv__RAC__racs.csv,v/v,RAC,extratrees,descriptor_grouped,2,0.369933,2.5157142599999998,0.0948782535684299,0.5239294710327456
ARC-MOF::post_comb_vsa_co2.csv__RAC__racs.csv,v/v,RAC,extratrees,descriptor_grouped,2,2.47511,5.533470660000006,0.6141897565071368,0.7409739714525608
ARC-MOF::post_comb_vsa_co2.csv__RAC__racs.csv,v/v,RAC,extratrees,descriptor_grouped,2,0.766893,0.629036026666667,0.2577665827036104,0.1200671704450042
ARC-MOF::post_comb_vsa_co2.csv__RAC__racs.csv,v/v,RAC,extratrees,descriptor_grouped,2,8.427181,11.801056920000006,0.8547439126784215,0.9147774979009236
ARC-MOF::post_comb_vsa_co2.csv__RAC__racs.csv,v/v,RAC,extratrees,descriptor_grouped,2,0.243363,0.4622552799999992,0.04072208228379513,0.06213266162888329
ARC-MOF::post_comb_vsa_co2.csv__RAC__racs.csv,v/v,RAC,extratrees,descriptor_grouped,2,16.517026,81.70926641333313,0.9387069689336692,0.9991603694374476
ARC-MOF::post_comb_vsa_co2.csv__RAC__racs.csv,v/v,RAC,extratrees,descriptor_grouped,2,1.281268,1.3268394599999986,0.417296389588581,0.3110831234256927
ARC-MOF::post_comb_vsa_co2.csv__RAC__racs.csv,v/v,RAC,extratrees,descriptor_grouped,2,1.53599,3.04065419333333,0.4714525608732158,0.5818639798488665
ARC-MOF::post_comb_vsa_co2.csv__RAC__racs.csv,v/v,RAC,extratrees,descriptor_grouped,2,19.901632,4.833820660000003,0.9554995801847187,0.7061293031066331
ARC-MOF::post_comb_vsa_co2.csv__RAC__racs.csv,v/v,RAC,extratrees,descriptor_grouped,2,0.885839,1.1014907999999994,0.2959697732997481,0.2502099076406381
ARC-MOF::post_comb_vsa_co2.csv__RAC__racs.csv,v/v,RAC,extratrees,descriptor_grouped,2,1.794949,3.281357743333328,0.517632241813602,0.6053736356003359
ARC-MOF::post_comb_vsa_co2.csv__RAC__racs.csv,v/v,RAC,extratrees,descriptor_grouped,2,0.33719,0.627305723333332,0.07976490344248531,0.11964735516372796
ARC-MOF::post_comb_vsa_co2.csv__RAC__racs.csv,v/v,RAC,extratrees,descriptor_grouped,2,13.577746,4.984133200000013,0.9177162048698573,0.7136859781696053
ARC-MOF::post_comb_vsa_co2.csv__RAC__racs.csv,v/v,RAC,extratrees,descriptor_grouped,2,10.678749,21.34499192000004,0.889168765743073,0.9731318219983207
ARC-MOF::post_comb_vsa_co2.csv__RAC__racs.csv,v/v,RAC,extratrees,descriptor_grouped,2,20.381774,10.95345917333334,0.9571788413098237,0.9063811922753988
ARC-MOF::post_comb_vsa_co2.csv__RAC__racs.csv,v/v,RAC,extratrees,descriptor_grouped,2,0.508095,0.5863318233333329,0.1561712846347607,0.10663308144416457
ARC-MOF::post_comb_vsa_co2.csv__RAC__racs.csv,v/v,RAC,extratrees,descriptor_grouped,2,2.529161,0.862171636666667,0.6200671704450041,0.18849706129303107
ARC-MOF::post_comb_vsa_co2.csv__RAC__racs.csv,v/v,RAC,extratrees,descriptor_grouped,2,1.647456,1.701140769999998,0.49286314021830396,0.40092359361880775
ARC-MOF::post_comb_vsa_co2.csv__RAC__racs.csv,v/v,RAC,extratrees,descriptor_grouped,2,1.337926,1.9864861433333352,0.43198992443324935,0.4475230898404702
ARC-MOF::post_comb_vsa_co2.csv__RAC__racs.csv,v/v,RAC,extratrees,descriptor_grouped,2,1.272941,1.4356590899999997,0.4151973131821998,0.34005037783375314
ARC-MOF::post_comb_vsa_co2.csv__RAC__racs.csv,v/v,RAC,extratrees,descriptor_grouped,2,0.907917,1.3847442666666665,0.30310663308144414,0.32703610411418976
ARC-MOF::post_comb_vsa_co2.csv__RAC__racs.csv,v/v,RAC,extratrees,descriptor_grouped,2,0.271212,0.6387862966666659,0.052057094878253565,0.12216624685138538
ARC-MOF::post_comb_vsa_co2.csv__RAC__racs.csv,v/v,RAC,extratrees,descriptor_grouped,2,4.645344,5.868126163333335,0.7506297229219143,0.755247691015953
ARC-MOF::post_comb_vsa_co2.csv__RAC__racs.csv,v/v,RAC,extratrees,descriptor_grouped,2,2.421159,4.689917973333334,0.6041141897565071,0.698992443324937
ARC-MOF::post_comb_vsa_co2.csv__RAC__racs.csv,v/v,RAC,extratrees,descriptor_grouped,2,18.974388,17.41110174333332,0.9483627204030227,0.9575986565910999
ARC-MOF::post_comb_vsa_co2.csv__RAC__racs.csv,v/v,RAC,extratrees,descriptor_grouped,2,4.801422,12.050399886666677,0.7577665827036104,0.918975650713686
ARC-MOF::post_comb_vsa_co2.csv__RAC__racs.csv,v/v,RAC,extratrees,descriptor_grouped,2,0.836062,1.6494266166666651,0.2804366078925273,0.390848026868178
ARC-MOF::post_comb_vsa_co2.csv__RAC__racs.csv,v/v,RAC,extratrees,descriptor_grouped,2,0.934597,1.183669633333332,0.3136020151133501,0.2703610411418976
ARC-MOF::post_comb_vsa_co2.csv__RAC__racs.csv,v/v,RAC,extratrees,descriptor_grouped,2,68.20647,16.45756549666666,0.998320738874895,0.9534005037783375
ARC-MOF::post_comb_vsa_co2.csv__RAC__racs.csv,v/v,RAC,extratrees,descriptor_grouped,2,1.952763,2.445564763333329,0.5424013434089001,0.515952980688497
ARC-MOF::post_comb_vsa_co2.csv__RAC__racs.csv,v/v,RAC,extratrees,descriptor_grouped,2,0.425813,3.1854888966666666,0.11922753988245172,0.5961376994122586
ARC-MOF::post_comb_vsa_co2.csv__RAC__racs.csv,v/v,RAC,extratrees,descriptor_grouped,2,20.983111,13.538059533333342,0.9605373635600336,0.9328295549958019
ARC-MOF::post_comb_vsa_co2.csv__RAC__racs.csv,v/v,RAC,extratrees,descriptor_grouped,2,28.363755,3.1680045366666705,0.9735516372795969,0.5927791771620488
ARC-MOF::post_comb_vsa_co2.csv__RAC__racs.csv,v/v,RAC,extratrees,descriptor_grouped,2,0.604033,0.7254167399999992,0.19353484466834592,0.14987405541561713
ARC-MOF::post_comb_vsa_co2.csv__RAC__racs.csv,v/v,RAC,extratrees,descriptor_grouped,2,0.504151,0.8031282333333333,0.15491183879093198,0.17422334172963896
ARC-MOF::post_comb_vsa_co2.csv__RAC__racs.csv,v/v,RAC,extratrees,descriptor_grouped,2,0.463639,0.6835054199999991,0.13392107472712006,0.13727959697732997
ARC-MOF::post_comb_vsa_co2.csv__RAC__racs.csv,v/v,RAC,extratrees,descriptor_grouped,2,1.155357,2.1145479066666684,0.3799328295549958,0.47103274559193953
ARC-MOF::post_comb_vsa_co2.csv__RAC__racs.csv,v/v,RAC,extratrees,descriptor_grouped,2,1.498009,1.2379111366666644,0.4659949622166247,0.28211586901763225
ARC-MOF::post_comb_vsa_co2.csv__RAC__racs.csv,v/v,RAC,extratrees,descriptor_grouped,2,0.399303,1.060082383333336,0.10747271200671704,0.23845507976490343
ARC-MOF::post_comb_vsa_co2.csv__RAC__racs.csv,v/v,RAC,extratrees,descriptor_grouped,2,0.931803,0.8524907866666677,0.3123425692695214,0.1855583543240974
ARC-MOF::post_comb_vsa_co2.csv__RAC__racs.csv,v/v,RAC,extratrees,descriptor_grouped,2,6.117136,6.484414419999997,0.8094038623005877,0.7795969773299748
ARC-MOF::post_comb_vsa_co2.csv__RAC__racs.csv,v/v,RAC,extratrees,descriptor_grouped,2,0.923282,1.8562393799999988,0.30814441645675905,0.42989084802686817
ARC-MOF::post_comb_vsa_co2.csv__RAC__racs.csv,v/v,RAC,extratrees,descriptor_grouped,2,1.483431,2.1221516699999983,0.4605373635600336,0.4722921914357683
ARC-MOF::post_comb_vsa_co2.csv__RAC__racs.csv,v/v,RAC,extratrees,descriptor_grouped,2,5.504362,5.298708969999994,0.7879932829554995,0.7308984047019311
ARC-MOF::post_comb_vsa_co2.csv__RAC__racs.csv,v/v,RAC,extratrees,descriptor_grouped,2,1.095699,1.984972833333333,0.36607892527287994,0.44710327455919396
ARC-MOF::post_comb_vsa_co2.csv__RAC__racs.csv,v/v,RAC,extratrees,descriptor_grouped,2,0.786938,1.309471536666667,0.26490344248530645,0.30394626364399663
ARC-MOF::post_comb_vsa_co2.csv__RAC__racs.csv,v/v,RAC,extratrees,descriptor_grouped,2,0.671528,0.6897794833333325,0.21914357682619648,0.1385390428211587
ARC-MOF::post_comb_vsa_co2.csv__RAC__racs.csv,v/v,RAC,extratrees,descriptor_grouped,2,2.054649,2.190876176666668,0.556255247691016,0.4811083123425693
ARC-MOF::post_comb_vsa_co2.csv__RAC__racs.csv,v/v,RAC,extratrees,descriptor_grouped,2,3.819634,4.859467166666661,0.7136859781696053,0.7082283795130143
ARC-MOF::post_comb_vsa_co2.csv__RAC__racs.csv,v/v,RAC,extratrees,descriptor_grouped,2,3.624018,10.371682310000004,0.702350965575147,0.8963056255247691
ARC-MOF::post_comb_vsa_co2.csv__RAC__racs.csv,v/v,RAC,extratrees,descriptor_grouped,2,5.740348,3.322513976666666,0.7968094038623006,0.6066330814441646
ARC-MOF::post_comb_vsa_co2.csv__RAC__racs.csv,v/v,RAC,extratrees,descriptor_grouped,2,45.941478,33.23061159999998,0.9924433249370277,0.9878253568429891
ARC-MOF::post_comb_vsa_co2.csv__RAC__racs.csv,v/v,RAC,extratrees,descriptor_grouped,2,3.167608,2.493630066666667,0.6729638958858103,0.5201511335012594
ARC-MOF::post_comb_vsa_co2.csv__RAC__racs.csv,v/v,RAC,extratrees,descriptor_grouped,2,0.266759,0.2277365699999999,0.04953820319059614,0.0054575986565911
ARC-MOF::post_comb_vsa_co2.csv__RAC__racs.csv,v/v,RAC,extratrees,descriptor_grouped,2,8.005226,7.563692483333331,0.8480268681780017,0.8253568429890848
ARC-MOF::post_comb_vsa_co2.csv__RAC__racs.csv,v/v,RAC,extratrees,descriptor_grouped,2,3.460661,2.9314132366666708,0.6935348446683459,0.5713685978169606
ARC-MOF::post_comb_vsa_co2.csv__RAC__racs.csv,v/v,RAC,extratrees,descriptor_grouped,2,3.420269,6.383019810000004,0.6910159529806885,0.77455919395466
ARC-MOF::post_comb_vsa_co2.csv__RAC__racs.csv,v/v,RAC,extratrees,descriptor_grouped,2,19.307796,18.02595727666668,0.9529806884970613,0.9605373635600336
ARC-MOF::post_comb_vsa_co2.csv__RAC__racs.csv,v/v,RAC,extratrees,descriptor_grouped,2,23.332976,14.081856463333333,0.9651553316540722,0.9370277078085643
ARC-MOF::post_comb_vsa_co2.csv__RAC__racs.csv,v/v,RAC,extratrees,descriptor_grouped,2,1.775526,3.5675549033333307,0.5134340890008396,0.6259445843828715
ARC-MOF::post_comb_vsa_co2.csv__RAC__racs.csv,v/v,RAC,extratrees,descriptor_grouped,2,0.874067,0.6724747466666663,0.29303106633081444,0.1330814441645676
ARC-MOF::post_comb_vsa_co2.csv__RAC__racs.csv,v/v,RAC,extratrees,descriptor_grouped,2,2.64008,2.794580383333334,0.6318219983207388,0.556255247691016
ARC-MOF::post_comb_vsa_co2.csv__RAC__racs.csv,v/v,RAC,extratrees,descriptor_grouped,2,1.333443,1.3275677033333346,0.43073047858942065,0.31276238455079763
ARC-MOF::post_comb_vsa_co2.csv__RAC__racs.csv,v/v,RAC,extratrees,descriptor_grouped,2,0.317853,0.2982929399999991,0.07262804366078925,0.023089840470193114
ARC-MOF::post_comb_vsa_co2.csv__RAC__racs.csv,v/v,RAC,extratrees,descriptor_grouped,2,0.485114,0.5306009533333332,0.14357682619647355,0.08690176322418136
ARC-MOF::post_comb_vsa_co2.csv__RAC__racs.csv,v/v,RAC,extratrees,descriptor_grouped,2,0.691998,0.7532393766666674,0.227120067170445,0.1570109151973132
ARC-MOF::post_comb_vsa_co2.csv__RAC__racs.csv,v/v,RAC,extratrees,descriptor_grouped,2,0.356474,0.993482626666666,0.08984047019311503,0.22040302267002518
ARC-MOF::post_comb_vsa_co2.csv__RAC__racs.csv,v/v,RAC,extratrees,descriptor_grouped,2,0.260435,0.2189984699999999,0.047019311502938706,0.002938706968933669
ARC-MOF::post_comb_vsa_co2.csv__RAC__racs.csv,v/v,RAC,extratrees,descriptor_grouped,2,11.06796,29.28178815333338,0.892527287993283,0.9861460957178841
ARC-MOF::post_comb_vsa_co2.csv__RAC__racs.csv,v/v,RAC,extratrees,descriptor_grouped,2,5.27687,7.7072295199999825,0.7779177162048698,0.8278757346767422
ARC-MOF::post_comb_vsa_co2.csv__RAC__racs.csv,v/v,RAC,extratrees,descriptor_grouped,2,1.901913,2.643370144999998,0.5356842989084802,0.5382031905961377
ARC-MOF::post_comb_vsa_co2.csv__RAC__racs.csv,v/v,RAC,extratrees,descriptor_grouped,2,2.86807,7.154601486666681,0.6511335012594458,0.8064651553316541
ARC-MOF::post_comb_vsa_co2.csv__RAC__racs.csv,v/v,RAC,extratrees,descriptor_grouped,2,0.620017,0.8781269899999995,0.19899244332493704,0.19353484466834592
ARC-MOF::post_comb_vsa_co2.csv__RAC__racs.csv,v/v,RAC,extratrees,descriptor_grouped,2,1.526203,1.4969756066666675,0.4693534844668346,0.35978169605373633
ARC-MOF::post_comb_vsa_co2.csv__RAC__racs.csv,v/v,RAC,extratrees,descriptor_grouped,2,2.324401,1.352193653333336,0.5890008396305626,0.32031905961376994
ARC-MOF::post_comb_vsa_co2.csv__RAC__racs.csv,v/v,RAC,extratrees,descriptor_grouped,2,11.348209,4.999479719999996,0.8979848866498741,0.7145256087321579
ARC-MOF::post_comb_vsa_co2.csv__RAC__racs.csv,v/v,RAC,extratrees,descriptor_grouped,2,2.149555,1.555061636666668,0.5709487825356843,0.37405541561712846
ARC-MOF::post_comb_vsa_co2.csv__RAC__racs.csv,v/v,RAC,extratrees,descriptor_grouped,2,14.639466,16.55969341333337,0.9256926952141058,0.9542401343408901
ARC-MOF::post_comb_vsa_co2.csv__RAC__racs.csv,v/v,RAC,extratrees,descriptor_grouped,2,1.204291,1.0854823200000012,0.3963056255247691,0.24433249370277077
ARC-MOF::post_comb_vsa_co2.csv__RAC__racs.csv,v/v,RAC,extratrees,descriptor_grouped,2,3.219552,1.721116476666669,0.6784214945424013,0.4051217464315701
ARC-MOF::post_comb_vsa_co2.csv__RAC__racs.csv,v/v,RAC,extratrees,descriptor_grouped,2,1.717721,1.454275070000001,0.5041981528127624,0.34634760705289674
ARC-MOF::post_comb_vsa_co2.csv__RAC__racs.csv,v/v,RAC,extratrees,descriptor_grouped,2,0.37201,0.4624062733333331,0.09529806884970612,0.06255247691015953
ARC-MOF::post_comb_vsa_co2.csv__RAC__racs.csv,v/v,RAC,extratrees,descriptor_grouped,2,0.323598,0.4822969733333329,0.07556675062972293,0.07010915197313182
ARC-MOF::post_comb_vsa_co2.csv__RAC__racs.csv,v/v,RAC,extratrees,descriptor_grouped,2,10.252331,4.9052008366666655,0.8816120906801007,0.7111670864819479
ARC-MOF::post_comb_vsa_co2.csv__RAC__racs.csv,v/v,RAC,extratrees,descriptor_grouped,2,2.704317,4.130789663333331,0.6368597816960537,0.6633081444164568
ARC-MOF::post_comb_vsa_co2.csv__RAC__racs.csv,v/v,RAC,extratrees,descriptor_grouped,2,2.469681,2.8207102466666654,0.6129303106633082,0.5596137699412259
ARC-MOF::post_comb_vsa_co2.csv__RAC__racs.csv,v/v,RAC,extratrees,descriptor_grouped,2,20.711954,14.455300616666667,0.9596977329974811,0.9399664147774979
ARC-MOF::post_comb_vsa_co2.csv__RAC__racs.csv,v/v,RAC,extratrees,descriptor_grouped,2,2.357539,11.466913340000009,0.5952980688497062,0.9114189756507137
ARC-MOF::post_comb_vsa_co2.csv__RAC__racs.csv,v/v,RAC,extratrees,descriptor_grouped,2,4.715563,3.727828636666666,0.7544080604534005,0.6393786733837111
ARC-MOF::post_comb_vsa_co2.csv__RAC__racs.csv,v/v,RAC,extratrees,descriptor_grouped,2,1.627063,5.364476123333345,0.4907640638119228,0.7334172963895886
ARC-MOF::post_comb_vsa_co2.csv__RAC__racs.csv,v/v,RAC,extratrees,descriptor_grouped,2,2.122128,14.326742483333335,0.5667506297229219,0.9387069689336692
ARC-MOF::post_comb_vsa_co2.csv__RAC__racs.csv,v/v,RAC,extratrees,descriptor_grouped,2,0.254386,3.8167358233333326,0.04575986565910999,0.6469353484466834
ARC-MOF::post_comb_vsa_co2.csv__RAC__racs.csv,v/v,RAC,extratrees,descriptor_grouped,2,1.059729,1.5222468633333337,0.35558354324097396,0.36649874055415615
ARC-MOF::post_comb_vsa_co2.csv__RAC__racs.csv,v/v,RAC,extratrees,descriptor_grouped,2,4.420996,7.47500959,0.7397145256087322,0.8215785054575987
ARC-MOF::post_comb_vsa_co2.csv__RAC__racs.csv,v/v,RAC,extratrees,descriptor_grouped,2,2.173583,2.4678611166666733,0.5743073047858942,0.5180520570948782
ARC-MOF::post_comb_vsa_co2.csv__RAC__racs.csv,v/v,RAC,extratrees,descriptor_grouped,2,0.343544,1.003840779999999,0.08312342569269521,0.22292191435768263
ARC-MOF::post_comb_vsa_co2.csv__RAC__racs.csv,v/v,RAC,extratrees,descriptor_grouped,2,0.622828,1.2211891833333324,0.20025188916876574,0.2774979009235936
ARC-MOF::post_comb_vsa_co2.csv__RAC__racs.csv,v/v,RAC,extratrees,descriptor_grouped,2,12.939019,6.990511993333324,0.9139378673383711,0.8014273719563392
ARC-MOF::post_comb_vsa_co2.csv__RAC__racs.csv,v/v,RAC,extratrees,descriptor_grouped,2,0.868249,1.1719171366666663,0.29009235936188077,0.2674223341729639
ARC-MOF::post_comb_vsa_co2.csv__RAC__racs.csv,v/v,RAC,extratrees,descriptor_grouped,2,1.536033,5.400620419999997,0.471872376154492,0.7346767422334173
ARC-MOF::post_comb_vsa_co2.csv__RAC__racs.csv,v/v,RAC,extratrees,descriptor_grouped,2,0.563191,0.281709486666667,0.17884130982367757,0.017632241813602016
ARC-MOF::post_comb_vsa_co2.csv__RAC__racs.csv,v/v,RAC,extratrees,descriptor_grouped,2,1.555921,1.992192586666667,0.47565071368597817,0.44920235096557515
ARC-MOF::post_comb_vsa_co2.csv__RAC__racs.csv,v/v,RAC,extratrees,descriptor_grouped,2,0.59371,0.7788834699999987,0.1897565071368598,0.1658270361041142
ARC-MOF::post_comb_vsa_co2.csv__RAC__racs.csv,v/v,RAC,extratrees,descriptor_grouped,2,3.185257,8.01181556,0.6750629722921915,0.8383711167086482
ARC-MOF::post_comb_vsa_co2.csv__RAC__racs.csv,v/v,RAC,extratrees,descriptor_grouped,2,0.522616,0.5254420099999999,0.16288832913518053,0.08480268681780016
ARC-MOF::post_comb_vsa_co2.csv__RAC__racs.csv,v/v,RAC,extratrees,descriptor_grouped,2,0.282508,0.4909745800000006,0.05751469353484467,0.07178841309823678
ARC-MOF::post_comb_vsa_co2.csv__RAC__racs.csv,v/v,RAC,extratrees,descriptor_grouped,2,0.671499,1.4405465300000015,0.21872376154492024,0.3417296389588581
ARC-MOF::post_comb_vsa_co2.csv__RAC__racs.csv,v/v,RAC,extratrees,descriptor_grouped,2,1.839801,2.0896465033333333,0.5239294710327456,0.4651553316540722
ARC-MOF::post_comb_vsa_co2.csv__RAC__racs.csv,v/v,RAC,extratrees,descriptor_grouped,2,0.363475,0.6449151266666668,0.09151973131821999,0.12468513853904283
ARC-MOF::post_comb_vsa_co2.csv__RAC__racs.csv,v/v,RAC,extratrees,descriptor_grouped,2,3.051543,3.1587965633333304,0.667086481947943,0.5910999160369438
ARC-MOF::post_comb_vsa_co2.csv__RAC__racs.csv,v/v,RAC,extratrees,descriptor_grouped,2,6.992681,15.321381283333352,0.8282955499580185,0.947103274559194
ARC-MOF::post_comb_vsa_co2.csv__RAC__racs.csv,v/v,RAC,extratrees,descriptor_grouped,2,1.465864,1.4170686566666677,0.45759865659109994,0.33585222502099077
ARC-MOF::post_comb_vsa_co2.csv__RAC__racs.csv,v/v,RAC,extratrees,descriptor_grouped,2,15.131251,8.663689649999993,0.9307304785894207,0.8606213266162889
ARC-MOF::post_comb_vsa_co2.csv__RAC__racs.csv,v/v,RAC,extratrees,descriptor_grouped,2,0.439587,0.9073314133333328,0.12384550797649034,0.20067170445004198
ARC-MOF::post_comb_vsa_co2.csv__RAC__racs.csv,v/v,RAC,extratrees,descriptor_grouped,2,13.961459,18.052077750000024,0.9198152812762385,0.9617968094038623
ARC-MOF::post_comb_vsa_co2.csv__RAC__racs.csv,v/v,RAC,extratrees,descriptor_grouped,2,1.508686,2.948155990000001,0.46851385390428213,0.5734676742233418
ARC-MOF::post_comb_vsa_co2.csv__RAC__racs.csv,v/v,RAC,extratrees,descriptor_grouped,2,0.462426,0.8344119399999997,0.1330814441645676,0.18219983207388749
ARC-MOF::post_comb_vsa_co2.csv__RAC__racs.csv,v/v,RAC,extratrees,descriptor_grouped,2,0.77572,0.8443954600000008,0.2619647355163728,0.18429890848026867
ARC-MOF::post_comb_vsa_co2.csv__RAC__racs.csv,v/v,RAC,extratrees,descriptor_grouped,2,5.442409,8.650091436666683,0.7858942065491183,0.8602015113350125
ARC-MOF::post_comb_vsa_co2.csv__RAC__racs.csv,v/v,RAC,extratrees,descriptor_grouped,2,0.211298,0.3060426966666664,0.030646515533165407,0.02518891687657431
ARC-MOF::post_comb_vsa_co2.csv__RAC__racs.csv,v/v,RAC,extratrees,descriptor_grouped,2,2.351372,4.79144537666667,0.593198992443325,0.7036104114189756
ARC-MOF::post_comb_vsa_co2.csv__RAC__racs.csv,v/v,RAC,extratrees,descriptor_grouped,2,0.707707,2.5881989299999977,0.23341729638958858,0.5310663308144417
ARC-MOF::post_comb_vsa_co2.csv__RAC__racs.csv,v/v,RAC,extratrees,descriptor_grouped,2,1.618628,2.436568273333336,0.4890848026868178,0.5138539042821159
ARC-MOF::post_comb_vsa_co2.csv__RAC__racs.csv,v/v,RAC,extratrees,descriptor_grouped,2,0.336989,0.5022802733333339,0.07934508816120907,0.07556675062972293
ARC-MOF::post_comb_vsa_co2.csv__RAC__racs.csv,v/v,RAC,extratrees,descriptor_grouped,2,0.864074,5.698230586666666,0.28967254408060455,0.7468513853904282
ARC-MOF::post_comb_vsa_co2.csv__RAC__racs.csv,v/v,RAC,extratrees,descriptor_grouped,2,2.658757,2.012828486666669,0.6326616288832914,0.4534005037783375
ARC-MOF::post_comb_vsa_co2.csv__RAC__racs.csv,v/v,RAC,extratrees,descriptor_grouped,2,0.508236,1.031267216666668,0.15659109991603695,0.2313182199832074
ARC-MOF::post_comb_vsa_co2.csv__RAC__racs.csv,v/v,RAC,extratrees,descriptor_grouped,2,0.466375,0.4699667600000005,0.13602015113350127,0.06591099916036944
ARC-MOF::post_comb_vsa_co2.csv__RAC__racs.csv,v/v,RAC,extratrees,descriptor_grouped,2,2.782586,7.361652116666668,0.6439966414777498,0.8178001679261125
ARC-MOF::post_comb_vsa_co2.csv__RAC__racs.csv,v/v,RAC,extratrees,descriptor_grouped,2,2.424912,0.5785556200000007,0.6053736356003359,0.10285474391267842
ARC-MOF::post_comb_vsa_co2.csv__RAC__racs.csv,v/v,RAC,extratrees,descriptor_grouped,2,7.301942,6.946842646666686,0.834592779177162,0.8001679261125105
ARC-MOF::post_comb_vsa_co2.csv__RAC__racs.csv,v/v,RAC,extratrees,descriptor_grouped,2,2.142079,8.47878720000001,0.5692695214105793,0.8534844668345928
ARC-MOF::post_comb_vsa_co2.csv__RAC__racs.csv,v/v,RAC,extratrees,descriptor_grouped,2,0.405388,0.506339933333334,0.11041141897565071,0.07724601175482787
ARC-MOF::post_comb_vsa_co2.csv__RAC__racs.csv,v/v,RAC,extratrees,descriptor_grouped,2,2.881598,2.4450080466666617,0.6515533165407221,0.5151133501259446
ARC-MOF::post_comb_vsa_co2.csv__RAC__racs.csv,v/v,RAC,extratrees,descriptor_grouped,2,22.327074,8.736590073333316,0.9622166246851386,0.8631402183039463
ARC-MOF::post_comb_vsa_co2.csv__RAC__racs.csv,v/v,RAC,extratrees,descriptor_grouped,2,1.053477,1.6797384266666695,0.3522250209907641,0.39588581024349284
ARC-MOF::post_comb_vsa_co2.csv__RAC__racs.csv,v/v,RAC,extratrees,descriptor_grouped,2,1.940162,2.6040538533333337,0.5407220822837951,0.5327455919395466
ARC-MOF::post_comb_vsa_co2.csv__RAC__racs.csv,v/v,RAC,extratrees,descriptor_grouped,2,26.283463,7.426545149999999,0.9714525608732157,0.8203190596137699
ARC-MOF::post_comb_vsa_co2.csv__RAC__racs.csv,v/v,RAC,extratrees,descriptor_grouped,2,2.300708,0.8113447999999989,0.5873215785054576,0.1759026028547439
ARC-MOF::post_comb_vsa_co2.csv__RAC__racs.csv,v/v,RAC,extratrees,descriptor_grouped,2,0.928091,1.2681677500000033,0.3110831234256927,0.29009235936188077
ARC-MOF::post_comb_vsa_co2.csv__RAC__racs.csv,v/v,RAC,extratrees,descriptor_grouped,2,0.747688,2.608711353333334,0.2502099076406381,0.5340050377833753
ARC-MOF::post_comb_vsa_co2.csv__RAC__racs.csv,v/v,RAC,extratrees,descriptor_grouped,2,1.684078,4.133787093333332,0.4995801847187238,0.663727959697733
ARC-MOF::post_comb_vsa_co2.csv__RAC__racs.csv,v/v,RAC,extratrees,descriptor_grouped,2,0.253796,0.2667063499999998,0.044920235096557515,0.01343408900083963
ARC-MOF::post_comb_vsa_co2.csv__RAC__racs.csv,v/v,RAC,extratrees,descriptor_grouped,2,5.056361,4.505652236666665,0.7716204869857263,0.6863979848866498
ARC-MOF::post_comb_vsa_co2.csv__RAC__racs.csv,v/v,RAC,extratrees,descriptor_grouped,2,2.03415,3.102366389999992,0.5558354324097398,0.5885810243492863
ARC-MOF::post_comb_vsa_co2.csv__RAC__racs.csv,v/v,RAC,extratrees,descriptor_grouped,2,0.389731,1.0155125333333326,0.10285474391267842,0.22753988245172124
ARC-MOF::post_comb_vsa_co2.csv__RAC__racs.csv,v/v,RAC,extratrees,descriptor_grouped,2,6.130038,8.360269543333324,0.8102434928631402,0.8488664987405542
ARC-MOF::post_comb_vsa_co2.csv__RAC__racs.csv,v/v,RAC,extratrees,descriptor_grouped,2,4.571008,2.475965273333332,0.746431570109152,0.5184718723761544
ARC-MOF::post_comb_vsa_co2.csv__RAC__racs.csv,v/v,RAC,extratrees,descriptor_grouped,2,0.548134,0.5781775800000007,0.17296389588581024,0.10243492863140219
ARC-MOF::post_comb_vsa_co2.csv__RAC__racs.csv,v/v,RAC,extratrees,descriptor_grouped,2,5.76483,8.678082556666658,0.799328295549958,0.8614609571788413
ARC-MOF::post_comb_vsa_co2.csv__RAC__racs.csv,v/v,RAC,extratrees,descriptor_grouped,2,0.757577,1.2944032633333338,0.25524769101595296,0.29848866498740556
ARC-MOF::post_comb_vsa_co2.csv__RAC__racs.csv,v/v,RAC,extratrees,descriptor_grouped,2,1.988675,4.816772110000008,0.5495382031905961,0.7044500419815282
ARC-MOF::post_comb_vsa_co2.csv__RAC__racs.csv,v/v,RAC,extratrees,descriptor_grouped,2,0.75046,0.9434359300000014,0.25146935348446686,0.20906801007556675
ARC-MOF::post_comb_vsa_co2.csv__RAC__racs.csv,v/v,RAC,extratrees,descriptor_grouped,2,1.906918,2.37830338,0.5377833753148614,0.5058774139378673
ARC-MOF::post_comb_vsa_co2.csv__RAC__racs.csv,v/v,RAC,extratrees,descriptor_grouped,2,0.957574,1.4959766800000036,0.3232577665827036,0.3593618807724601
ARC-MOF::post_comb_vsa_co2.csv__RAC__racs.csv,v/v,RAC,extratrees,descriptor_grouped,2,0.928185,1.1021973566666663,0.31150293870696893,0.2510495382031906
ARC-MOF::post_comb_vsa_co2.csv__RAC__racs.csv,v/v,RAC,extratrees,descriptor_grouped,2,0.575596,0.4587931900000006,0.18261964735516373,0.0600335852225021
ARC-MOF::post_comb_vsa_co2.csv__RAC__racs.csv,v/v,RAC,extratrees,descriptor_grouped,2,3.24466,2.655810938333335,0.6801007556675063,0.5394626364399664
ARC-MOF::post_comb_vsa_co2.csv__RAC__racs.csv,v/v,RAC,extratrees,descriptor_grouped,2,3.517695,2.9391186366666657,0.6947942905121747,0.572208228379513
ARC-MOF::post_comb_vsa_co2.csv__RAC__racs.csv,v/v,RAC,extratrees,descriptor_grouped,2,3.327013,5.67271087,0.684718723761545,0.7451721242653233
ARC-MOF::post_comb_vsa_co2.csv__RAC__racs.csv,v/v,RAC,extratrees,descriptor_grouped,2,0.625215,0.7376509366666678,0.20109151973131822,0.15197313182199831
ARC-MOF::post_comb_vsa_co2.csv__RAC__racs.csv,v/v,RAC,extratrees,descriptor_grouped,2,1.771562,2.652887143333336,0.5125944584382871,0.538623005877414
ARC-MOF::post_comb_vsa_co2.csv__RAC__racs.csv,v/v,RAC,extratrees,descriptor_grouped,2,1.238527,1.8255133833333348,0.4059613769941226,0.4244332493702771
ARC-MOF::post_comb_vsa_co2.csv__RAC__racs.csv,v/v,RAC,extratrees,descriptor_grouped,2,6.376181,3.3292113416666664,0.8173803526448362,0.6070528967254408
ARC-MOF::post_comb_vsa_co2.csv__RAC__racs.csv,v/v,RAC,extratrees,descriptor_grouped,2,36.949935,41.96664277666672,0.9865659109991604,0.9916036943744753
ARC-MOF::post_comb_vsa_co2.csv__RAC__racs.csv,v/v,RAC,extratrees,descriptor_grouped,2,3.061533,3.1548925799999945,0.6675062972292192,0.5906801007556675
ARC-MOF::post_comb_vsa_co2.csv__RAC__racs.csv,v/v,RAC,extratrees,descriptor_grouped,2,1.697237,1.344911123333336,0.501679261125105,0.31738035264483627
ARC-MOF::post_comb_vsa_co2.csv__RAC__racs.csv,v/v,RAC,extratrees,descriptor_grouped,2,3.689355,1.4497665099999988,0.7073887489504618,0.3446683459277918
ARC-MOF::post_comb_vsa_co2.csv__RAC__racs.csv,v/v,RAC,extratrees,descriptor_grouped,2,0.357293,2.8610481166666677,0.0906801007556675,0.563392107472712
ARC-MOF::post_comb_vsa_co2.csv__RAC__racs.csv,v/v,RAC,extratrees,descriptor_grouped,2,1.08752,1.0257673966666672,0.36523929471032746,0.22963895885810243
ARC-MOF::post_comb_vsa_co2.csv__RAC__racs.csv,v/v,RAC,extratrees,descriptor_grouped,2,14.033041,2.9982692200000014,0.9210747271200672,0.5772460117548279
ARC-MOF::post_comb_vsa_co2.csv__RAC__racs.csv,v/v,RAC,extratrees,descriptor_grouped,2,7.529428,4.45977523333334,0.8387909319899244,0.6838790931989924
ARC-MOF::post_comb_vsa_co2.csv__RAC__racs.csv,v/v,RAC,extratrees,descriptor_grouped,2,2.522716,2.2962130833333343,0.6192275398824517,0.4945424013434089
ARC-MOF::post_comb_vsa_co2.csv__RAC__racs.csv,v/v,RAC,extratrees,descriptor_grouped,2,9.504238,4.835927593333333,0.873215785054576,0.7065491183879093
ARC-MOF::post_comb_vsa_co2.csv__RAC__racs.csv,v/v,RAC,extratrees,descriptor_grouped,2,2.17125,2.395092746666664,0.5734676742233418,0.5096557514693535
ARC-MOF::post_comb_vsa_co2.csv__RAC__racs.csv,v/v,RAC,extratrees,descriptor_grouped,2,9.226366,4.882038023333327,0.8685978169605374,0.709487825356843
ARC-MOF::post_comb_vsa_co2.csv__RAC__racs.csv,v/v,RAC,extratrees,descriptor_grouped,2,12.994842,17.437992619999978,0.9143576826196473,0.9580184718723762
ARC-MOF::post_comb_vsa_co2.csv__RAC__racs.csv,v/v,RAC,extratrees,descriptor_grouped,2,2.900821,7.765966996666663,0.653232577665827,0.8295549958018472
ARC-MOF::post_comb_vsa_co2.csv__RAC__racs.csv,v/v,RAC,extratrees,descriptor_grouped,2,1.233345,1.464209480000001,0.40428211586901763,0.3513853904282116
ARC-MOF::post_comb_vsa_co2.csv__RAC__racs.csv,v/v,RAC,extratrees,descriptor_grouped,2,0.323142,0.4383881866666667,0.07472712006717044,0.05163727959697733
ARC-MOF::post_comb_vsa_co2.csv__RAC__racs.csv,v/v,RAC,extratrees,descriptor_grouped,2,11.995408,10.92438982666664,0.9072208228379512,0.9051217464315701
ARC-MOF::post_comb_vsa_co2.csv__RAC__racs.csv,v/v,RAC,extratrees,descriptor_grouped,2,4.563308,5.791324899999981,0.7460117548278757,0.7514693534844669
ARC-MOF::post_comb_vsa_co2.csv__RAC__racs.csv,v/v,RAC,extratrees,descriptor_grouped,2,1.677829,3.536209796666671,0.49832073887489503,0.6230058774139379
ARC-MOF::post_comb_vsa_co2.csv__RAC__racs.csv,v/v,RAC,extratrees,descriptor_grouped,2,8.254371,5.702349333333338,0.8530646515533166,0.7472712006717045
ARC-MOF::post_comb_vsa_co2.csv__RAC__racs.csv,v/v,RAC,extratrees,descriptor_grouped,2,1.441513,2.4096635200000005,0.45256087321578503,0.5104953820319059
ARC-MOF::post_comb_vsa_co2.csv__RAC__racs.csv,v/v,RAC,extratrees,descriptor_grouped,2,2.838379,3.5897199566666598,0.6486146095717884,0.6280436607892528
ARC-MOF::post_comb_vsa_co2.csv__RAC__racs.csv,v/v,RAC,extratrees,descriptor_grouped,2,2.533751,2.872729911666668,0.6209068010075567,0.5654911838790933
ARC-MOF::post_comb_vsa_co2.csv__RAC__racs.csv,v/v,RAC,extratrees,descriptor_grouped,2,0.896371,1.434133263333334,0.2989084802686818,0.33921074727120065
ARC-MOF::post_comb_vsa_co2.csv__RAC__racs.csv,v/v,RAC,extratrees,descriptor_grouped,2,8.005968,7.805056449999999,0.8484466834592779,0.8308144416456759
ARC-MOF::post_comb_vsa_co2.csv__RAC__racs.csv,v/v,RAC,extratrees,descriptor_grouped,2,2.888998,2.612367483333332,0.6528127623845508,0.5344248530646516
ARC-MOF::post_comb_vsa_co2.csv__RAC__racs.csv,v/v,RAC,extratrees,descriptor_grouped,2,0.945712,22.51678555666668,0.3178001679261125,0.9769101595298069
ARC-MOF::post_comb_vsa_co2.csv__RAC__racs.csv,v/v,RAC,extratrees,descriptor_grouped,2,1.003252,1.8196101866666676,0.336272040302267,0.42317380352644834
ARC-MOF::post_comb_vsa_co2.csv__RAC__racs.csv,v/v,RAC,extratrees,descriptor_grouped,2,1.168064,1.7326188033333327,0.38413098236775817,0.40890008396305627
ARC-MOF::post_comb_vsa_co2.csv__RAC__racs.csv,v/v,RAC,extratrees,descriptor_grouped,2,16.417176,6.8745914199999865,0.9374475230898405,0.7955499580184718
ARC-MOF::post_comb_vsa_co2.csv__RAC__racs.csv,v/v,RAC,extratrees,descriptor_grouped,2,1.574693,2.944979980000002,0.4811083123425693,0.5730478589420654
ARC-MOF::post_comb_vsa_co2.csv__RAC__racs.csv,v/v,RAC,extratrees,descriptor_grouped,2,0.913365,0.7825705000000011,0.3047858942065491,0.16750629722921914
ARC-MOF::post_comb_vsa_co2.csv__RAC__racs.csv,v/v,RAC,extratrees,descriptor_grouped,2,5.632436,10.311673660000016,0.792191435768262,0.8954659949622166
ARC-MOF::post_comb_vsa_co2.csv__RAC__racs.csv,v/v,RAC,extratrees,descriptor_grouped,2,0.489969,0.7198971533333316,0.1473551637279597,0.14903442485306465
ARC-MOF::post_comb_vsa_co2.csv__RAC__racs.csv,v/v,RAC,extratrees,descriptor_grouped,2,3.205496,3.6789824699999993,0.6767422334172963,0.635600335852225
ARC-MOF::post_comb_vsa_co2.csv__RAC__racs.csv,v/v,RAC,extratrees,descriptor_grouped,2,0.631699,0.6439431533333349,0.2031905961376994,0.12384550797649034
ARC-MOF::post_comb_vsa_co2.csv__RAC__racs.csv,v/v,RAC,extratrees,descriptor_grouped,2,0.830949,1.3621943299999977,0.2779177162048699,0.32157850545759864
ARC-MOF::post_comb_vsa_co2.csv__RAC__racs.csv,v/v,RAC,extratrees,descriptor_grouped,2,0.21054,0.3104053733333339,0.02938706968933669,0.026028547439126783
ARC-MOF::post_comb_vsa_co2.csv__RAC__racs.csv,v/v,RAC,extratrees,descriptor_grouped,2,4.288447,5.258032900000003,0.7317380352644837,0.7287993282955499
ARC-MOF::post_comb_vsa_co2.csv__RAC__racs.csv,v/v,RAC,extratrees,descriptor_grouped,2,0.435039,0.5681901266666666,0.12174643157010916,0.09739714525608732
ARC-MOF::post_comb_vsa_co2.csv__RAC__racs.csv,v/v,RAC,extratrees,descriptor_grouped,2,0.687533,0.9037678500000008,0.22460117548278757,0.19941225860621326
ARC-MOF::post_comb_vsa_co2.csv__RAC__racs.csv,v/v,RAC,extratrees,descriptor_grouped,2,22.580759,4.415784703333333,0.9634760705289672,0.681360201511335
ARC-MOF::post_comb_vsa_co2.csv__RAC__racs.csv,v/v,RAC,extratrees,descriptor_grouped,2,0.769284,1.109861083333334,0.2590260285474391,0.25356842989084805
ARC-MOF::post_comb_vsa_co2.csv__RAC__racs.csv,v/v,RAC,extratrees,descriptor_grouped,2,0.285301,1.184930873333335,0.058354324097397145,0.2716204869857263
ARC-MOF::post_comb_vsa_co2.csv__RAC__racs.csv,v/v,RAC,extratrees,descriptor_grouped,2,6.938008,21.741076716666704,0.827455919395466,0.9739714525608733
ARC-MOF::post_comb_vsa_co2.csv__RAC__racs.csv,v/v,RAC,extratrees,descriptor_grouped,2,1.288474,1.6757249666666645,0.418975650713686,0.3950461796809404
ARC-MOF::post_comb_vsa_co2.csv__RAC__racs.csv,v/v,RAC,extratrees,descriptor_grouped,2,1.837627,1.7236488266666656,0.5235096557514693,0.40554156171284633
ARC-MOF::post_comb_vsa_co2.csv__RAC__racs.csv,v/v,RAC,extratrees,descriptor_grouped,2,12.655897,8.737643129999995,0.9118387909319899,0.8635600335852225
ARC-MOF::post_comb_vsa_co2.csv__RAC__racs.csv,v/v,RAC,extratrees,descriptor_grouped,2,0.919003,1.2374795266666654,0.3056255247691016,0.281696053736356
ARC-MOF::post_comb_vsa_co2.csv__RAC__racs.csv,v/v,RAC,extratrees,descriptor_grouped,2,0.823659,1.5410329166666672,0.2749790092359362,0.3706968933669186
ARC-MOF::post_comb_vsa_co2.csv__RAC__racs.csv,v/v,RAC,extratrees,descriptor_grouped,2,0.268215,0.6159941166666685,0.05037783375314862,0.11754827875734676
ARC-MOF::post_comb_vsa_co2.csv__RAC__racs.csv,v/v,RAC,extratrees,descriptor_grouped,2,8.807977,4.585157366666665,0.8597816960537363,0.6922753988245172
ARC-MOF::post_comb_vsa_co2.csv__RAC__racs.csv,v/v,RAC,extratrees,descriptor_grouped,2,32.409763,12.401231183333316,0.982367758186398,0.9223341729638959
ARC-MOF::post_comb_vsa_co2.csv__RAC__racs.csv,v/v,RAC,extratrees,descriptor_grouped,2,1.542774,1.588369341666665,0.4731318219983207,0.3811922753988245
ARC-MOF::post_comb_vsa_co2.csv__RAC__racs.csv,v/v,RAC,extratrees,descriptor_grouped,2,1.486973,1.622175803333332,0.463056255247691,0.38581024349286314
ARC-MOF::post_comb_vsa_co2.csv__RAC__racs.csv,v/v,RAC,extratrees,descriptor_grouped,2,44.738119,13.53528282000006,0.9907640638119227,0.9324097397145256
ARC-MOF::post_comb_vsa_co2.csv__RAC__racs.csv,v/v,RAC,extratrees,descriptor_grouped,2,12.480652,8.149801963333335,0.910159529806885,0.8421494542401343
ARC-MOF::post_comb_vsa_co2.csv__RAC__racs.csv,v/v,RAC,extratrees,descriptor_grouped,2,1.911546,1.8970743400000012,0.5382031905961377,0.4361880772460118
ARC-MOF::post_comb_vsa_co2.csv__RAC__racs.csv,v/v,RAC,extratrees,descriptor_grouped,2,1.308344,1.444307503333333,0.4265323257766583,0.3429890848026868
ARC-MOF::post_comb_vsa_co2.csv__RAC__racs.csv,v/v,RAC,extratrees,descriptor_grouped,2,0.709437,0.9457942400000008,0.23425692695214106,0.21032745591939547
ARC-MOF::post_comb_vsa_co2.csv__RAC__racs.csv,v/v,RAC,extratrees,descriptor_grouped,2,0.336666,0.3654198266666661,0.07892527287993283,0.03610411418975651
ARC-MOF::post_comb_vsa_co2.csv__RAC__racs.csv,v/v,RAC,extratrees,descriptor_grouped,2,2.215701,2.7461588150000025,0.5789252728799328,0.5482787573467675
ARC-MOF::post_comb_vsa_co2.csv__RAC__racs.csv,v/v,RAC,extratrees,descriptor_grouped,2,0.447965,0.5438443233333333,0.12678421494542402,0.09026028547439127
ARC-MOF::post_comb_vsa_co2.csv__RAC__racs.csv,v/v,RAC,extratrees,descriptor_grouped,2,0.697201,1.2780756400000008,0.2304785894206549,0.29429051217464314
ARC-MOF::post_comb_vsa_co2.csv__RAC__racs.csv,v/v,RAC,extratrees,descriptor_grouped,2,4.710751,6.358281563333336,0.7539882451721243,0.7732997481108312
ARC-MOF::post_comb_vsa_co2.csv__RAC__racs.csv,v/v,RAC,extratrees,descriptor_grouped,2,7.593769,6.013358276666667,0.8413098236775819,0.7611251049538204
ARC-MOF::post_comb_vsa_co2.csv__RAC__racs.csv,v/v,RAC,extratrees,descriptor_grouped,2,2.172442,6.503661883333342,0.573887489504618,0.7808564231738035
ARC-MOF::post_comb_vsa_co2.csv__RAC__racs.csv,v/v,RAC,extratrees,descriptor_grouped,2,19.891288,4.222133826666663,0.9550797649034425,0.6696053736356004
ARC-MOF::post_comb_vsa_co2.csv__RAC__racs.csv,v/v,RAC,extratrees,descriptor_grouped,2,0.904547,1.2698943633333346,0.30100755667506296,0.29093198992443325
ARC-MOF::post_comb_vsa_co2.csv__RAC__racs.csv,v/v,RAC,extratrees,descriptor_grouped,2,4.804113,8.118598816666655,0.7581863979848866,0.8413098236775819
ARC-MOF::post_comb_vsa_co2.csv__RAC__racs.csv,v/v,RAC,extratrees,descriptor_grouped,2,65.163645,20.99658796333336,0.9979009235936188,0.9722921914357683
ARC-MOF::post_comb_vsa_co2.csv__RAC__racs.csv,v/v,RAC,extratrees,descriptor_grouped,2,6.887115,7.1592501066666685,0.8257766582703611,0.8068849706129303
ARC-MOF::post_comb_vsa_co2.csv__RAC__racs.csv,v/v,RAC,extratrees,descriptor_grouped,2,0.545693,1.521686870000002,0.17170445004198154,0.36565910999160367
ARC-MOF::post_comb_vsa_co2.csv__RAC__racs.csv,v/v,RAC,extratrees,descriptor_grouped,2,0.61178,1.4433487999999972,0.19605373635600337,0.3425692695214106
ARC-MOF::post_comb_vsa_co2.csv__RAC__racs.csv,v/v,RAC,extratrees,descriptor_grouped,2,1.06241,2.1437359766666644,0.35726280436607893,0.47439126784214947
ARC-MOF::post_comb_vsa_co2.csv__RAC__racs.csv,v/v,RAC,extratrees,descriptor_grouped,2,1.804373,1.8337569133333336,0.519311502938707,0.426112510495382
ARC-MOF::post_comb_vsa_co2.csv__RAC__racs.csv,v/v,RAC,extratrees,descriptor_grouped,2,9.748234,7.26856693,0.8761544920235097,0.8110831234256927
ARC-MOF::post_comb_vsa_co2.csv__RAC__racs.csv,v/v,RAC,extratrees,descriptor_grouped,2,0.92213,2.750147816666668,0.3077246011754828,0.5499580184718724
ARC-MOF::post_comb_vsa_co2.csv__RAC__racs.csv,v/v,RAC,extratrees,descriptor_grouped,2,2.719041,2.6761261200000024,0.6385390428211587,0.5419815281276238
ARC-MOF::post_comb_vsa_co2.csv__RAC__racs.csv,v/v,RAC,extratrees,descriptor_grouped,2,1.715604,4.61946042333333,0.5037783375314862,0.6952141057934509
ARC-MOF::post_comb_vsa_co2.csv__RAC__racs.csv,v/v,RAC,extratrees,descriptor_grouped,2,1.528911,3.9918517966666687,0.47019311502938704,0.6574307304785895
ARC-MOF::post_comb_vsa_co2.csv__RAC__racs.csv,v/v,RAC,extratrees,descriptor_grouped,2,0.699169,1.26994987,0.2313182199832074,0.29135180520570947
ARC-MOF::post_comb_vsa_co2.csv__RAC__racs.csv,v/v,RAC,extratrees,descriptor_grouped,2,0.455969,0.6939224899999993,0.13140218303946263,0.1397984886649874
ARC-MOF::post_comb_vsa_co2.csv__RAC__racs.csv,v/v,RAC,extratrees,descriptor_grouped,2,3.264362,11.940459149999985,0.6821998320738875,0.9177162048698573
ARC-MOF::post_comb_vsa_co2.csv__RAC__racs.csv,v/v,RAC,extratrees,descriptor_grouped,2,1.150549,1.7294117699999996,0.3786733837111671,0.4072208228379513
ARC-MOF::post_comb_vsa_co2.csv__RAC__racs.csv,v/v,RAC,extratrees,descriptor_grouped,2,1.338008,0.6624811333333327,0.4324097397145256,0.12930310663308145
ARC-MOF::post_comb_vsa_co2.csv__RAC__racs.csv,v/v,RAC,extratrees,descriptor_grouped,2,1.230284,2.4211452666666675,0.4038623005877414,0.5121746431570109
ARC-MOF::post_comb_vsa_co2.csv__RAC__racs.csv,v/v,RAC,extratrees,descriptor_grouped,2,0.401373,0.3832603533333338,0.109151973131822,0.039882451721242655
ARC-MOF::post_comb_vsa_co2.csv__RAC__racs.csv,v/v,RAC,extratrees,descriptor_grouped,2,2.212569,2.7489370333333323,0.5780856423173804,0.5491183879093199
ARC-MOF::post_comb_vsa_co2.csv__RAC__racs.csv,v/v,RAC,extratrees,descriptor_grouped,2,0.847484,1.3498119566666658,0.28547439126784213,0.31905961376994124
ARC-MOF::post_comb_vsa_co2.csv__RAC__racs.csv,v/v,RAC,extratrees,descriptor_grouped,2,1.449316,3.4034746399999976,0.4538203190596138,0.6112510495382032
ARC-MOF::post_comb_vsa_co2.csv__RAC__racs.csv,v/v,RAC,extratrees,descriptor_grouped,2,42.804948,42.624309810000014,0.9895046179680941,0.9932829554995802
ARC-MOF::post_comb_vsa_co2.csv__RAC__racs.csv,v/v,RAC,extratrees,descriptor_grouped,2,1.918445,1.7620691366666672,0.538623005877414,0.4139378673383711
ARC-MOF::post_comb_vsa_co2.csv__RAC__racs.csv,v/v,RAC,extratrees,descriptor_grouped,2,0.323279,0.3679586333333322,0.07514693534844669,0.03736356003358522
ARC-MOF::post_comb_vsa_co2.csv__RAC__racs.csv,v/v,RAC,extratrees,descriptor_grouped,2,6.07349,15.280249043333349,0.808144416456759,0.9466834592779177
ARC-MOF::post_comb_vsa_co2.csv__RAC__racs.csv,v/v,RAC,extratrees,descriptor_grouped,2,4.909586,5.099913170000008,0.764063811922754,0.7204030226700252
ARC-MOF::post_comb_vsa_co2.csv__RAC__racs.csv,v/v,RAC,extratrees,descriptor_grouped,2,1.216789,11.23599986333333,0.4017632241813602,0.9097397145256088
ARC-MOF::post_comb_vsa_co2.csv__RAC__racs.csv,v/v,RAC,extratrees,descriptor_grouped,2,1.06132,1.0305670399999998,0.35642317380352645,0.23089840470193115
ARC-MOF::post_comb_vsa_co2.csv__RAC__racs.csv,v/v,RAC,extratrees,descriptor_grouped,2,19.098921,18.516610550000017,0.9508816120906801,0.964735516372796
ARC-MOF::post_comb_vsa_co2.csv__RAC__racs.csv,v/v,RAC,extratrees,descriptor_grouped,2,0.634152,0.9548239466666678,0.20445004198152814,0.21200671704450041
ARC-MOF::post_comb_vsa_co2.csv__RAC__racs.csv,v/v,RAC,extratrees,descriptor_grouped,2,1.980368,2.9704054299999973,0.5491183879093199,0.5751469353484466
ARC-MOF::post_comb_vsa_co2.csv__RAC__racs.csv,v/v,RAC,extratrees,descriptor_grouped,2,0.375989,0.6103166300000008,0.09697732997481108,0.11544920235096558
ARC-MOF::post_comb_vsa_co2.csv__RAC__racs.csv,v/v,RAC,extratrees,descriptor_grouped,2,2.407369,2.1301468199999984,0.6028547439126785,0.4731318219983207
ARC-MOF::post_comb_vsa_co2.csv__RAC__racs.csv,v/v,RAC,extratrees,descriptor_grouped,2,0.336053,1.0768073966666656,0.0785054575986566,0.24307304785894207
ARC-MOF::post_comb_vsa_co2.csv__RAC__racs.csv,v/v,RAC,extratrees,descriptor_grouped,2,1.601477,1.481835970000002,0.48614609571788414,0.35600335852225024
ARC-MOF::post_comb_vsa_co2.csv__RAC__racs.csv,v/v,RAC,extratrees,descriptor_grouped,2,4.659459,8.543010055,0.7518891687657431,0.8560033585222502
ARC-MOF::post_comb_vsa_co2.csv__RAC__racs.csv,v/v,RAC,extratrees,descriptor_grouped,2,1.217902,0.7466008600000001,0.40218303946263645,0.15407220822837953
ARC-MOF::post_comb_vsa_co2.csv__RAC__racs.csv,v/v,RAC,extratrees,descriptor_grouped,2,1.280134,1.3807406533333315,0.4168765743073048,0.3249370277078086
ARC-MOF::post_comb_vsa_co2.csv__RAC__racs.csv,v/v,RAC,extratrees,descriptor_grouped,2,54.51787,25.8309692366667,0.9958018471872376,0.9832073887489504
ARC-MOF::post_comb_vsa_co2.csv__RAC__racs.csv,v/v,RAC,extratrees,descriptor_grouped,2,4.862126,1.7785837866666685,0.7611251049538204,0.4151973131821998
ARC-MOF::post_comb_vsa_co2.csv__RAC__racs.csv,v/v,RAC,extratrees,descriptor_grouped,2,5.907997,3.567792513333341,0.8047858942065491,0.6263643996641478
ARC-MOF::post_comb_vsa_co2.csv__RAC__racs.csv,v/v,RAC,extratrees,descriptor_grouped,2,1.979756,3.2640281199999976,0.5486985726280437,0.6041141897565071
ARC-MOF::post_comb_vsa_co2.csv__RAC__racs.csv,v/v,RAC,extratrees,descriptor_grouped,2,1.846283,1.5698446566666655,0.5243492863140218,0.3778337531486146
ARC-MOF::post_comb_vsa_co2.csv__RAC__racs.csv,v/v,RAC,extratrees,descriptor_grouped,2,0.41722,0.5762728866666669,0.11586901763224182,0.10117548278757346
ARC-MOF::post_comb_vsa_co2.csv__RAC__racs.csv,v/v,RAC,extratrees,descriptor_grouped,2,0.393449,0.5572174866666674,0.10453400503778337,0.09445843828715365
ARC-MOF::post_comb_vsa_co2.csv__RAC__racs.csv,v/v,RAC,extratrees,descriptor_grouped,2,1.030639,0.8571018400000008,0.34424853064651556,0.18765743073047858
ARC-MOF::post_comb_vsa_co2.csv__RAC__racs.csv,v/v,RAC,extratrees,descriptor_grouped,2,0.24645,2.885196969999998,0.041561712846347604,0.5675902602854744
ARC-MOF::post_comb_vsa_co2.csv__RAC__racs.csv,v/v,RAC,extratrees,descriptor_grouped,2,1.495153,0.6566689999999995,0.464735516372796,0.12804366078925272
ARC-MOF::post_comb_vsa_co2.csv__RAC__racs.csv,v/v,RAC,extratrees,descriptor_grouped,2,1.009317,1.463348933333332,0.33795130142737195,0.3505457598656591
ARC-MOF::post_comb_vsa_co2.csv__RAC__racs.csv,v/v,RAC,extratrees,descriptor_grouped,2,1.929721,2.095761889999998,0.5394626364399664,0.4672544080604534
ARC-MOF::post_comb_vsa_co2.csv__RAC__racs.csv,v/v,RAC,extratrees,descriptor_grouped,2,2.624999,1.4429193900000012,0.6305625524769102,0.3421494542401343
ARC-MOF::post_comb_vsa_co2.csv__RAC__racs.csv,v/v,RAC,extratrees,descriptor_grouped,2,4.1622,9.062335653333344,0.7275398824517213,0.8727959697732998
ARC-MOF::post_comb_vsa_co2.csv__RAC__racs.csv,v/v,RAC,extratrees,descriptor_grouped,2,0.873755,1.555563260000003,0.2926112510495382,0.3744752308984047
ARC-MOF::post_comb_vsa_co2.csv__RAC__racs.csv,v/v,RAC,extratrees,descriptor_grouped,2,4.928855,2.358185916666666,0.7653232577665827,0.5033585222502099
ARC-MOF::post_comb_vsa_co2.csv__RAC__racs.csv,v/v,RAC,extratrees,descriptor_grouped,2,0.522494,0.7125215966666663,0.1624685138539043,0.14609571788413098
ARC-MOF::post_comb_vsa_co2.csv__RAC__racs.csv,v/v,RAC,extratrees,descriptor_grouped,2,15.043704,22.097563080000047,0.9298908480268682,0.9752308984047019
ARC-MOF::post_comb_vsa_co2.csv__RAC__racs.csv,v/v,RAC,extratrees,descriptor_grouped,2,0.96198,1.1257052933333338,0.3261964735516373,0.2573467674223342
ARC-MOF::post_comb_vsa_co2.csv__RAC__racs.csv,v/v,RAC,extratrees,descriptor_grouped,2,6.016791,8.713462446666666,0.8068849706129303,0.8618807724601175
ARC-MOF::post_comb_vsa_co2.csv__RAC__racs.csv,v/v,RAC,extratrees,descriptor_grouped,2,5.62898,5.1742853166666585,0.7917716204869857,0.7250209907640638
ARC-MOF::post_comb_vsa_co2.csv__RAC__racs.csv,v/v,RAC,extratrees,descriptor_grouped,2,1.823762,3.4440737933333305,0.5226700251889169,0.6150293870696893
ARC-MOF::post_comb_vsa_co2.csv__RAC__racs.csv,v/v,RAC,extratrees,descriptor_grouped,2,0.208353,0.2440324599999997,0.028127623845507977,0.00797649034424853
ARC-MOF::post_comb_vsa_co2.csv__RAC__racs.csv,v/v,RAC,extratrees,descriptor_grouped,2,0.311435,0.2923431266666671,0.06926952141057935,0.0218303946263644
ARC-MOF::post_comb_vsa_co2.csv__RAC__racs.csv,v/v,RAC,extratrees,descriptor_grouped,2,0.737934,0.9576874966666694,0.24727120067170444,0.21326616288832914
ARC-MOF::post_comb_vsa_co2.csv__RAC__racs.csv,v/v,RAC,extratrees,descriptor_grouped,2,1.295859,1.0356508366666664,0.42275398824517213,0.23299748110831234
ARC-MOF::post_comb_vsa_co2.csv__RAC__racs.csv,v/v,RAC,extratrees,descriptor_grouped,2,14.869365,3.4107431300000006,0.9273719563392108,0.6120906801007556
ARC-MOF::post_comb_vsa_co2.csv__RAC__racs.csv,v/v,RAC,extratrees,descriptor_grouped,2,0.203061,0.8337535999999994,0.026028547439126783,0.18178001679261124
ARC-MOF::post_comb_vsa_co2.csv__RAC__racs.csv,v/v,RAC,extratrees,descriptor_grouped,2,1.200799,1.3087929366666655,0.39378673383711166,0.3035264483627204
ARC-MOF::post_comb_vsa_co2.csv__RAC__racs.csv,v/v,RAC,extratrees,descriptor_grouped,2,3.043274,5.553183996666666,0.665407220822838,0.7426532325776658
ARC-MOF::post_comb_vsa_co2.csv__RAC__racs.csv,v/v,RAC,extratrees,descriptor_grouped,2,0.786401,0.6258663633333326,0.26448362720403024,0.11922753988245172
ARC-MOF::post_comb_vsa_co2.csv__RAC__racs.csv,v/v,RAC,extratrees,descriptor_grouped,2,12.898991,5.352913023333328,0.9135180520570949,0.7329974811083123
ARC-MOF::post_comb_vsa_co2.csv__RAC__racs.csv,v/v,RAC,extratrees,descriptor_grouped,2,0.687137,0.5769598666666667,0.22418136020151133,0.1015952980688497
ARC-MOF::post_comb_vsa_co2.csv__RAC__racs.csv,v/v,RAC,extratrees,descriptor_grouped,2,0.551104,0.4112909833333334,0.17380352644836272,0.04534005037783375
ARC-MOF::post_comb_vsa_co2.csv__RAC__racs.csv,v/v,RAC,extratrees,descriptor_grouped,2,0.563181,1.3939321133333324,0.17842149454240133,0.32871536523929473
ARC-MOF::post_comb_vsa_co2.csv__RAC__racs.csv,v/v,RAC,extratrees,descriptor_grouped,2,8.81005,22.681522883333347,0.8602015113350125,0.9777497900923594
ARC-MOF::post_comb_vsa_co2.csv__RAC__racs.csv,v/v,RAC,extratrees,descriptor_grouped,2,10.595193,4.357653363333335,0.887489504617968,0.6780016792611251
ARC-MOF::post_comb_vsa_co2.csv__RAC__racs.csv,v/v,RAC,extratrees,descriptor_grouped,2,1.032463,1.452370513333333,0.34550797649034426,0.34550797649034426
ARC-MOF::post_comb_vsa_co2.csv__RAC__racs.csv,v/v,RAC,extratrees,descriptor_grouped,2,5.381732,7.311920726666669,0.7825356842989085,0.8140218303946264
ARC-MOF::post_comb_vsa_co2.csv__RAC__racs.csv,v/v,RAC,extratrees,descriptor_grouped,2,0.263659,0.4546196400000001,0.04785894206549118,0.058354324097397145
ARC-MOF::post_comb_vsa_co2.csv__RAC__racs.csv,v/v,RAC,extratrees,descriptor_grouped,2,0.342283,0.6648267566666661,0.08228379513014274,0.13056255247691015
ARC-MOF::post_comb_vsa_co2.csv__RAC__racs.csv,v/v,RAC,extratrees,descriptor_grouped,2,24.056399,23.13927172333331,0.9668345927791772,0.9781696053736356
ARC-MOF::post_comb_vsa_co2.csv__RAC__racs.csv,v/v,RAC,extratrees,descriptor_grouped,2,0.533996,0.9596768366666673,0.16624685138539042,0.21452560873215784
ARC-MOF::post_comb_vsa_co2.csv__RAC__racs.csv,v/v,RAC,extratrees,descriptor_grouped,2,2.538765,3.8072769733333383,0.6217464315701091,0.646095717884131
ARC-MOF::post_comb_vsa_co2.csv__RAC__racs.csv,v/v,RAC,extratrees,descriptor_grouped,2,2.388452,1.9737264866666693,0.5994962216624685,0.44584382871536526
ARC-MOF::post_comb_vsa_co2.csv__RAC__racs.csv,v/v,RAC,extratrees,descriptor_grouped,2,1.049352,1.0849967433333343,0.3505457598656591,0.24391267842149456
ARC-MOF::post_comb_vsa_co2.csv__RAC__racs.csv,v/v,RAC,extratrees,descriptor_grouped,2,0.271962,0.6989682700000014,0.05247691015952981,0.1418975650713686
ARC-MOF::post_comb_vsa_co2.csv__RAC__racs.csv,v/v,RAC,extratrees,descriptor_grouped,2,0.441786,0.6472085400000002,0.12468513853904283,0.12594458438287154
ARC-MOF::post_comb_vsa_co2.csv__RAC__racs.csv,v/v,RAC,extratrees,descriptor_grouped,2,2.591198,2.52384255,0.6272040302267002,0.5247691015952981
ARC-MOF::post_comb_vsa_co2.csv__RAC__racs.csv,v/v,RAC,extratrees,descriptor_grouped,2,11.414711,11.92045452333333,0.899664147774979,0.9172963895885811
ARC-MOF::post_comb_vsa_co2.csv__RAC__racs.csv,v/v,RAC,extratrees,descriptor_grouped,2,0.757495,0.8253319200000001,0.25482787573467675,0.17968094038623006
ARC-MOF::post_comb_vsa_co2.csv__RAC__racs.csv,v/v,RAC,extratrees,descriptor_grouped,2,0.735028,1.128039183333333,0.24643157010915198,0.2586062132661629
ARC-MOF::post_comb_vsa_co2.csv__RAC__racs.csv,v/v,RAC,extratrees,descriptor_grouped,2,11.38754,16.402224230000026,0.8984047019311503,0.9525608732157851
ARC-MOF::post_comb_vsa_co2.csv__RAC__racs.csv,v/v,RAC,extratrees,descriptor_grouped,2,0.37968,0.5142247700000009,0.09907640638119228,0.07976490344248531
ARC-MOF::post_comb_vsa_co2.csv__RAC__racs.csv,v/v,RAC,extratrees,descriptor_grouped,2,0.960259,2.062775863333335,0.3245172124265323,0.4609571788413098
ARC-MOF::post_comb_vsa_co2.csv__RAC__racs.csv,v/v,RAC,extratrees,descriptor_grouped,2,0.343075,0.3659532433333335,0.08270361041141898,0.036523929471032744
ARC-MOF::post_comb_vsa_co2.csv__RAC__racs.csv,v/v,RAC,extratrees,descriptor_grouped,2,2.434814,1.531119553333334,0.607472712006717,0.3677581863979849
ARC-MOF::post_comb_vsa_co2.csv__RAC__racs.csv,v/v,RAC,extratrees,descriptor_grouped,2,0.237336,0.4328408200000002,0.03946263643996641,0.05079764903442485
ARC-MOF::post_comb_vsa_co2.csv__RAC__racs.csv,v/v,RAC,extratrees,descriptor_grouped,2,1.316457,1.7849429800000025,0.427791771620487,0.4164567590260285
ARC-MOF::post_comb_vsa_co2.csv__RAC__racs.csv,v/v,RAC,extratrees,descriptor_grouped,2,4.850424,7.295870623333328,0.760705289672544,0.8131821998320738
ARC-MOF::post_comb_vsa_co2.csv__RAC__racs.csv,v/v,RAC,extratrees,descriptor_grouped,2,1.569245,4.882636583333334,0.4794290512174643,0.7099076406381192
ARC-MOF::post_comb_vsa_co2.csv__RAC__racs.csv,v/v,RAC,extratrees,descriptor_grouped,2,4.846036,4.267459080000001,0.7602854743912678,0.6717044500419815
ARC-MOF::post_comb_vsa_co2.csv__RAC__racs.csv,v/v,RAC,extratrees,descriptor_grouped,2,1.453311,1.4253928199999997,0.45465994962216627,0.33753148614609574
ARC-MOF::post_comb_vsa_co2.csv__RAC__racs.csv,v/v,RAC,extratrees,descriptor_grouped,2,2.482366,1.8975191233333344,0.6146095717884131,0.436607892527288
ARC-MOF::post_comb_vsa_co2.csv__RAC__racs.csv,v/v,RAC,extratrees,descriptor_grouped,2,0.27053,0.6445288400000018,0.05163727959697733,0.12426532325776658
ARC-MOF::post_comb_vsa_co2.csv__RAC__racs.csv,v/v,RAC,extratrees,descriptor_grouped,2,18.830538,21.74345496000001,0.9479429051217464,0.9743912678421495
ARC-MOF::post_comb_vsa_co2.csv__RAC__racs.csv,v/v,RAC,extratrees,descriptor_grouped,2,30.530844,8.968433976666672,0.9773299748110831,0.869857262804366
ARC-MOF::post_comb_vsa_co2.csv__RAC__racs.csv,v/v,RAC,extratrees,descriptor_grouped,2,1.173457,2.249781240000003,0.3853904282115869,0.4882451721242653
ARC-MOF::post_comb_vsa_co2.csv__RAC__racs.csv,v/v,RAC,extratrees,descriptor_grouped,2,4.720646,7.5116995866667,0.7548278757346767,0.8228379513014273
ARC-MOF::post_comb_vsa_co2.csv__RAC__racs.csv,v/v,RAC,extratrees,descriptor_grouped,2,0.680139,0.5844428999999988,0.22208228379513015,0.10537363560033586
ARC-MOF::post_comb_vsa_co2.csv__RAC__racs.csv,v/v,RAC,extratrees,descriptor_grouped,2,0.708066,1.1503410666666665,0.23383711167086482,0.26448362720403024
ARC-MOF::post_comb_vsa_co2.csv__RAC__racs.csv,v/v,RAC,extratrees,descriptor_grouped,2,0.839131,6.820169150000006,0.28127623845507976,0.7938706968933669
ARC-MOF::post_comb_vsa_co2.csv__RAC__racs.csv,v/v,RAC,extratrees,descriptor_grouped,2,0.657648,0.49459177,0.2128463476070529,0.0743073047858942
ARC-MOF::post_comb_vsa_co2.csv__RAC__racs.csv,v/v,RAC,extratrees,descriptor_grouped,2,2.705072,2.552722479999999,0.6372795969773299,0.5260285474391267
ARC-MOF::post_comb_vsa_co2.csv__RAC__racs.csv,v/v,RAC,extratrees,descriptor_grouped,2,0.232507,0.6523592499999994,0.03736356003358522,0.12762384550797648
ARC-MOF::post_comb_vsa_co2.csv__RAC__racs.csv,v/v,RAC,extratrees,descriptor_grouped,2,3.524248,3.541537176666662,0.6952141057934509,0.6238455079764903
ARC-MOF::post_comb_vsa_co2.csv__RAC__racs.csv,v/v,RAC,extratrees,descriptor_grouped,2,14.957816,15.114521000000003,0.9290512174643157,0.9450041981528128
ARC-MOF::post_comb_vsa_co2.csv__RAC__racs.csv,v/v,RAC,extratrees,descriptor_grouped,2,0.784886,0.6638195466666684,0.26280436607892527,0.1297229219143577
ARC-MOF::post_comb_vsa_co2.csv__RAC__racs.csv,v/v,RAC,extratrees,descriptor_grouped,2,6.337334,20.681400696666653,0.8165407220822838,0.9718723761544921
ARC-MOF::post_comb_vsa_co2.csv__RAC__racs.csv,v/v,RAC,extratrees,descriptor_grouped,2,5.780173,8.715007576666668,0.7997481108312342,0.8623005877413937
ARC-MOF::post_comb_vsa_co2.csv__RAC__racs.csv,v/v,RAC,extratrees,descriptor_grouped,2,1.292898,1.2772915800000002,0.42191435768261965,0.2938706968933669
ARC-MOF::post_comb_vsa_co2.csv__RAC__racs.csv,v/v,RAC,extratrees,descriptor_grouped,2,9.566143,14.499661053333336,0.8736356003358522,0.9408060453400504
ARC-MOF::post_comb_vsa_co2.csv__RAC__racs.csv,v/v,RAC,extratrees,descriptor_grouped,2,5.30359,9.937901933333348,0.7787573467674224,0.8879093198992444
ARC-MOF::post_comb_vsa_co2.csv__RAC__racs.csv,v/v,RAC,extratrees,descriptor_grouped,2,9.001617,5.126385730000004,0.8648194794290512,0.7216624685138538
ARC-MOF::post_comb_vsa_co2.csv__RAC__racs.csv,v/v,RAC,extratrees,descriptor_grouped,2,2.809019,42.422677320000005,0.6448362720403022,0.9924433249370277
ARC-MOF::post_comb_vsa_co2.csv__RAC__racs.csv,v/v,RAC,extratrees,descriptor_grouped,2,0.348039,0.7459875866666672,0.0852225020990764,0.15365239294710328
ARC-MOF::post_comb_vsa_co2.csv__RAC__racs.csv,v/v,RAC,extratrees,descriptor_grouped,2,31.986882,16.316980450000038,0.9811083123425692,0.9517212426532325
ARC-MOF::post_comb_vsa_co2.csv__RAC__racs.csv,v/v,RAC,extratrees,descriptor_grouped,2,5.268981,10.95023633,0.7770780856423174,0.9059613769941226
ARC-MOF::post_comb_vsa_co2.csv__RAC__racs.csv,v/v,RAC,extratrees,descriptor_grouped,2,0.340625,0.6179023833333336,0.08102434928631402,0.11838790931989925
ARC-MOF::post_comb_vsa_co2.csv__RAC__racs.csv,v/v,RAC,extratrees,descriptor_grouped,2,0.144402,0.6605014533333342,0.005877413937867338,0.1288832913518052
ARC-MOF::post_comb_vsa_co2.csv__RAC__racs.csv,v/v,RAC,extratrees,descriptor_grouped,2,4.597779,2.71295830666667,0.7481108312342569,0.5449202350965575
ARC-MOF::post_comb_vsa_co2.csv__RAC__racs.csv,v/v,RAC,extratrees,descriptor_grouped,2,3.424943,4.020492493333339,0.6922753988245172,0.6591099916036943
ARC-MOF::post_comb_vsa_co2.csv__RAC__racs.csv,v/v,RAC,extratrees,descriptor_grouped,2,0.378129,0.5479071900000004,0.0982367758186398,0.09109991603694374
ARC-MOF::post_comb_vsa_co2.csv__RAC__racs.csv,v/v,RAC,extratrees,descriptor_grouped,2,0.185112,0.3614634866666675,0.019311502938706968,0.03484466834592779
ARC-MOF::post_comb_vsa_co2.csv__RAC__racs.csv,v/v,RAC,extratrees,descriptor_grouped,2,0.575538,3.2789715733333327,0.18219983207388749,0.6049538203190596
ARC-MOF::post_comb_vsa_co2.csv__RAC__racs.csv,v/v,RAC,extratrees,descriptor_grouped,2,8.437004,5.300752480000004,0.855583543240974,0.7313182199832073
ARC-MOF::post_comb_vsa_co2.csv__RAC__racs.csv,v/v,RAC,extratrees,descriptor_grouped,2,60.327321,42.05831285666674,0.9974811083123426,0.9920235096557515
ARC-MOF::post_comb_vsa_co2.csv__RAC__racs.csv,v/v,RAC,extratrees,descriptor_grouped,2,6.085819,5.878116196666671,0.8085642317380353,0.7560873215785054
ARC-MOF::post_comb_vsa_co2.csv__RAC__racs.csv,v/v,RAC,extratrees,descriptor_grouped,2,1.030821,1.1263619866666674,0.3446683459277918,0.2577665827036104
ARC-MOF::post_comb_vsa_co2.csv__RAC__racs.csv,v/v,RAC,extratrees,descriptor_grouped,2,3.975709,5.492551876666662,0.7204030226700252,0.7388748950461796
ARC-MOF::post_comb_vsa_co2.csv__RAC__racs.csv,v/v,RAC,extratrees,descriptor_grouped,2,2.430709,2.381885043333335,0.6062132661628883,0.5079764903442485
ARC-MOF::post_comb_vsa_co2.csv__RAC__racs.csv,v/v,RAC,extratrees,descriptor_grouped,2,19.090652,28.318296673333357,0.9504617968094039,0.9853064651553316
ARC-MOF::post_comb_vsa_co2.csv__RAC__racs.csv,v/v,RAC,extratrees,descriptor_grouped,2,5.158146,7.02753221666666,0.7737195633921075,0.8026868178001679
ARC-MOF::post_comb_vsa_co2.csv__RAC__racs.csv,v/v,RAC,extratrees,descriptor_grouped,2,1.156376,1.2043214766666672,0.3807724601175483,0.27371956339210746
ARC-MOF::post_comb_vsa_co2.csv__RAC__racs.csv,v/v,RAC,extratrees,descriptor_grouped,2,6.344603,8.76901991333332,0.81696053736356,0.8648194794290512
ARC-MOF::post_comb_vsa_co2.csv__RAC__racs.csv,v/v,RAC,extratrees,descriptor_grouped,2,1.259417,1.9013448033333336,0.41225860621326615,0.43828715365239296
ARC-MOF::post_comb_vsa_co2.csv__RAC__racs.csv,v/v,RAC,extratrees,descriptor_grouped,2,1.9777,2.231621496666667,0.5478589420654912,0.48614609571788414
ARC-MOF::post_comb_vsa_co2.csv__RAC__racs.csv,v/v,RAC,extratrees,descriptor_grouped,2,0.89723,1.1841401666666669,0.29932829554995805,0.27120067170445006
ARC-MOF::post_comb_vsa_co2.csv__RAC__racs.csv,v/v,RAC,extratrees,descriptor_grouped,2,1.116364,1.0404903099999985,0.371536523929471,0.2346767422334173
ARC-MOF::post_comb_vsa_co2.csv__RAC__racs.csv,v/v,RAC,extratrees,descriptor_grouped,2,85.016726,10.18720105,0.9991603694374476,0.8942065491183879
ARC-MOF::post_comb_vsa_co2.csv__RAC__racs.csv,v/v,RAC,extratrees,descriptor_grouped,2,0.139454,0.5211381133333324,0.004617968094038623,0.08354324097397145
ARC-MOF::post_comb_vsa_co2.csv__RAC__racs.csv,v/v,RAC,extratrees,descriptor_grouped,2,1.800957,2.3358160683333336,0.5184718723761544,0.5004198152812762
ARC-MOF::post_comb_vsa_co2.csv__RAC__racs.csv,v/v,RAC,extratrees,descriptor_grouped,2,2.470358,1.649224926666666,0.6133501259445844,0.3904282115869018
ARC-MOF::post_comb_vsa_co2.csv__RAC__racs.csv,v/v,RAC,extratrees,descriptor_grouped,2,32.142362,46.68496128333336,0.9815281276238456,0.9953820319059614
ARC-MOF::post_comb_vsa_co2.csv__RAC__racs.csv,v/v,RAC,extratrees,descriptor_grouped,2,0.27014,0.6449626033333341,0.051217464315701094,0.12510495382031905
ARC-MOF::post_comb_vsa_co2.csv__RAC__racs.csv,v/v,RAC,extratrees,descriptor_grouped,2,6.044535,4.641856183333332,0.8073047858942065,0.6956339210747271
ARC-MOF::post_comb_vsa_co2.csv__RAC__racs.csv,v/v,RAC,extratrees,descriptor_grouped,2,1.029062,1.2606136366666651,0.3438287153652393,0.2879932829554996
ARC-MOF::post_comb_vsa_co2.csv__RAC__racs.csv,v/v,RAC,extratrees,descriptor_grouped,2,0.169063,0.3383756533333333,0.013014273719563391,0.030226700251889168
ARC-MOF::post_comb_vsa_co2.csv__RAC__racs.csv,v/v,RAC,extratrees,descriptor_grouped,2,1.689768,4.322295750000002,0.5004198152812762,0.6754827875734677
ARC-MOF::post_comb_vsa_co2.csv__RAC__racs.csv,v/v,RAC,extratrees,descriptor_grouped,2,0.253927,0.3452958900000004,0.04534005037783375,0.031066330814441646
ARC-MOF::post_comb_vsa_co2.csv__RAC__racs.csv,v/v,RAC,extratrees,descriptor_grouped,2,3.074564,4.254059006666664,0.6687657430730478,0.6712846347607053
ARC-MOF::post_comb_vsa_co2.csv__RAC__racs.csv,v/v,RAC,extratrees,descriptor_grouped,2,8.332914,17.961025506666655,0.853904282115869,0.9592779177162049
ARC-MOF::post_comb_vsa_co2.csv__RAC__racs.csv,v/v,RAC,extratrees,descriptor_grouped,2,2.331669,1.463229733333332,0.5910999160369438,0.3501259445843829
ARC-MOF::post_comb_vsa_co2.csv__RAC__racs.csv,v/v,RAC,extratrees,descriptor_grouped,2,5.5599,5.550330386666667,0.7900923593618808,0.7422334172963896
ARC-MOF::post_comb_vsa_co2.csv__RAC__racs.csv,v/v,RAC,extratrees,descriptor_grouped,2,8.382825,8.176544309999986,0.8543240973971452,0.8442485306465155
ARC-MOF::post_comb_vsa_co2.csv__RAC__racs.csv,v/v,RAC,extratrees,descriptor_grouped,2,5.21414,7.529346883333333,0.7758186397984886,0.8236775818639799
ARC-MOF::post_comb_vsa_co2.csv__RAC__racs.csv,v/v,RAC,extratrees,descriptor_grouped,2,1.705871,2.7087401033333296,0.5025188916876574,0.5445004198152813
ARC-MOF::post_comb_vsa_co2.csv__RAC__racs.csv,v/v,RAC,extratrees,descriptor_grouped,2,2.223379,1.7847991333333335,0.5806045340050378,0.4160369437447523
ARC-MOF::post_comb_vsa_co2.csv__RAC__racs.csv,v/v,RAC,extratrees,descriptor_grouped,2,0.246711,0.5760025266666667,0.041981528127623846,0.10075566750629723
ARC-MOF::post_comb_vsa_co2.csv__RAC__racs.csv,v/v,RAC,extratrees,descriptor_grouped,2,1.161308,2.4822868033333254,0.38161209068010077,0.519311502938707
ARC-MOF::post_comb_vsa_co2.csv__RAC__racs.csv,v/v,RAC,extratrees,descriptor_grouped,2,0.366486,1.1088497666666657,0.0927791771620487,0.2531486146095718
ARC-MOF::post_comb_vsa_co2.csv__RAC__racs.csv,v/v,RAC,extratrees,descriptor_grouped,2,0.498056,0.529657836666667,0.15155331654072207,0.08606213266162889
ARC-MOF::post_comb_vsa_co2.csv__RAC__racs.csv,v/v,RAC,extratrees,descriptor_grouped,2,0.202876,0.9261865866666664,0.025608732157850547,0.20445004198152814
ARC-MOF::post_comb_vsa_co2.csv__RAC__racs.csv,v/v,RAC,extratrees,descriptor_grouped,2,0.768735,0.9208921633333336,0.2586062132661629,0.2031905961376994
ARC-MOF::post_comb_vsa_co2.csv__RAC__racs.csv,v/v,RAC,extratrees,descriptor_grouped,2,0.491175,1.0135791833333332,0.1481947942905122,0.22628043660789252
ARC-MOF::post_comb_vsa_co2.csv__RAC__racs.csv,v/v,RAC,extratrees,descriptor_grouped,2,3.927277,2.9678985966666662,0.718303946263644,0.5747271200671704
ARC-MOF::post_comb_vsa_co2.csv__RAC__racs.csv,v/v,RAC,extratrees,descriptor_grouped,2,1.5451,2.3134923833333336,0.473551637279597,0.49748110831234255
ARC-MOF::post_comb_vsa_co2.csv__RAC__racs.csv,v/v,RAC,extratrees,descriptor_grouped,2,14.325198,6.11675772666665,0.9231738035264484,0.764063811922754
ARC-MOF::post_comb_vsa_co2.csv__RAC__racs.csv,v/v,RAC,extratrees,descriptor_grouped,2,0.663104,0.5928387700000008,0.21536523929471033,0.10831234256926953
ARC-MOF::post_comb_vsa_co2.csv__RAC__racs.csv,v/v,RAC,extratrees,descriptor_grouped,2,3.225379,2.0660956566666675,0.6788413098236776,0.463056255247691
ARC-MOF::post_comb_vsa_co2.csv__RAC__racs.csv,v/v,RAC,extratrees,descriptor_grouped,2,1.1594,1.729558603333332,0.3811922753988245,0.4076406381192275
ARC-MOF::post_comb_vsa_co2.csv__RAC__racs.csv,v/v,RAC,extratrees,descriptor_grouped,2,1.153046,3.09366923333333,0.3795130142737196,0.5873215785054576
ARC-MOF::post_comb_vsa_co2.csv__RAC__racs.csv,v/v,RAC,extratrees,descriptor_grouped,2,0.532984,1.6282932233333332,0.16540722082283796,0.3866498740554156
ARC-MOF::post_comb_vsa_co2.csv__RAC__racs.csv,v/v,RAC,extratrees,descriptor_grouped,2,0.722927,0.5369972666666669,0.2401343408900084,0.08858102434928632
ARC-MOF::post_comb_vsa_co2.csv__RAC__racs.csv,v/v,RAC,extratrees,descriptor_grouped,2,2.483193,6.473109943333331,0.6150293870696893,0.7791771620486986
ARC-MOF::post_comb_vsa_co2.csv__RAC__racs.csv,v/v,RAC,extratrees,descriptor_grouped,2,0.383667,0.3944565933333331,0.10033585222502099,0.042821158690176324
ARC-MOF::post_comb_vsa_co2.csv__RAC__racs.csv,v/v,RAC,extratrees,descriptor_grouped,2,1.307228,2.466348493333328,0.426112510495382,0.517632241813602
ARC-MOF::post_comb_vsa_co2.csv__RAC__racs.csv,v/v,RAC,extratrees,descriptor_grouped,2,0.815118,0.9139908333333324,0.27287993282955497,0.20235096557514692
ARC-MOF::post_comb_vsa_co2.csv__RAC__racs.csv,v/v,RAC,extratrees,descriptor_grouped,2,1.957657,1.8651455166666668,0.5432409739714525,0.43157010915197314
ARC-MOF::post_comb_vsa_co2.csv__RAC__racs.csv,v/v,RAC,extratrees,descriptor_grouped,2,2.690487,7.488338919999992,0.6360201511335013,0.8224181360201511
ARC-MOF::post_comb_vsa_co2.csv__RAC__racs.csv,v/v,RAC,extratrees,descriptor_grouped,2,0.844581,0.8731853033333337,0.28337531486146095,0.19143576826196473
ARC-MOF::post_comb_vsa_co2.csv__RAC__racs.csv,v/v,RAC,extratrees,descriptor_grouped,2,11.413163,7.01728274666667,0.8992443324937027,0.8018471872376155
ARC-MOF::post_comb_vsa_co2.csv__RAC__racs.csv,v/v,RAC,extratrees,descriptor_grouped,2,0.314791,0.9763831633333327,0.07052896725440806,0.21662468513853905
ARC-MOF::post_comb_vsa_co2.csv__RAC__racs.csv,v/v,RAC,extratrees,descriptor_grouped,2,4.690561,7.763154239999996,0.7531486146095718,0.829135180520571
ARC-MOF::post_comb_vsa_co2.csv__RAC__racs.csv,v/v,RAC,extratrees,descriptor_grouped,2,16.787265,7.815312576666678,0.9399664147774979,0.8316540722082284
ARC-MOF::post_comb_vsa_co2.csv__RAC__racs.csv,v/v,RAC,extratrees,descriptor_grouped,2,1.103011,1.6096950666666674,0.3694374475230898,0.38455079764903444
ARC-MOF::post_comb_vsa_co2.csv__RAC__racs.csv,v/v,RAC,extratrees,descriptor_grouped,2,0.847238,0.7831966233333335,0.2850545759865659,0.16792611251049538
ARC-MOF::post_comb_vsa_co2.csv__RAC__racs.csv,v/v,RAC,extratrees,descriptor_grouped,2,0.345079,0.517229793333333,0.08396305625524769,0.08144416456759027
ARC-MOF::post_comb_vsa_co2.csv__RAC__racs.csv,v/v,RAC,extratrees,descriptor_grouped,2,6.524502,6.623501436666657,0.8203190596137699,0.7871536523929471
ARC-MOF::post_comb_vsa_co2.csv__RAC__racs.csv,v/v,RAC,extratrees,descriptor_grouped,2,3.228038,8.052357949999992,0.6792611251049538,0.8400503778337531
ARC-MOF::post_comb_vsa_co2.csv__RAC__racs.csv,v/v,RAC,extratrees,descriptor_grouped,2,3.548255,3.898767446666664,0.6968933669185559,0.6519731318219983
ARC-MOF::post_comb_vsa_co2.csv__RAC__racs.csv,v/v,RAC,extratrees,descriptor_grouped,2,2.355589,2.293166343333328,0.5948782535684299,0.4932829554995802
ARC-MOF::post_comb_vsa_co2.csv__RAC__racs.csv,v/v,RAC,extratrees,descriptor_grouped,2,3.175511,10.724827189999989,0.6738035264483627,0.9021830394626364
ARC-MOF::post_comb_vsa_co2.csv__RAC__racs.csv,v/v,RAC,extratrees,descriptor_grouped,2,0.585487,0.85065215,0.18681780016792612,0.18513853904282115
ARC-MOF::post_comb_vsa_co2.csv__RAC__racs.csv,v/v,RAC,extratrees,descriptor_grouped,2,1.336892,1.6306740199999965,0.43115029387069687,0.3874895046179681
ARC-MOF::post_comb_vsa_co2.csv__RAC__racs.csv,v/v,RAC,extratrees,descriptor_grouped,2,0.870849,2.0075008066666684,0.29177162048698574,0.45130142737195633
ARC-MOF::post_comb_vsa_co2.csv__RAC__racs.csv,v/v,RAC,extratrees,descriptor_grouped,2,1.129844,2.0310053866666657,0.37489504617968095,0.4550797649034425
ARC-MOF::post_comb_vsa_co2.csv__RAC__racs.csv,v/v,RAC,extratrees,descriptor_grouped,2,0.817659,0.7370044499999994,0.27329974811083124,0.15155331654072207
ARC-MOF::post_comb_vsa_co2.csv__RAC__racs.csv,v/v,RAC,extratrees,descriptor_grouped,2,0.657715,0.8675663166666664,0.21326616288832914,0.1897565071368598
ARC-MOF::post_comb_vsa_co2.csv__RAC__racs.csv,v/v,RAC,extratrees,descriptor_grouped,2,5.393679,2.949223586666665,0.783375314861461,0.573887489504618
ARC-MOF::post_comb_vsa_co2.csv__RAC__racs.csv,v/v,RAC,extratrees,descriptor_grouped,2,0.345676,0.3892319133333335,0.08438287153652393,0.04114189756507137
ARC-MOF::post_comb_vsa_co2.csv__RAC__racs.csv,v/v,RAC,extratrees,descriptor_grouped,2,10.777489,8.512225550000005,0.8904282115869018,0.8547439126784215
ARC-MOF::post_comb_vsa_co2.csv__RAC__racs.csv,v/v,RAC,extratrees,descriptor_grouped,2,5.788863,3.093018886666666,0.8001679261125105,0.5869017632241813
ARC-MOF::post_comb_vsa_co2.csv__RAC__racs.csv,v/v,RAC,extratrees,descriptor_grouped,2,1.88752,3.687623339999998,0.5327455919395466,0.6360201511335013
ARC-MOF::post_comb_vsa_co2.csv__RAC__racs.csv,v/v,RAC,extratrees,descriptor_grouped,2,2.72836,5.127285860000001,0.6393786733837111,0.7220822837951302
ARC-MOF::post_comb_vsa_co2.csv__RAC__racs.csv,v/v,RAC,extratrees,descriptor_grouped,2,22.084803,19.131224943333343,0.9617968094038623,0.9668345927791772
ARC-MOF::post_comb_vsa_co2.csv__RAC__racs.csv,v/v,RAC,extratrees,descriptor_grouped,2,4.887527,3.1423477266666637,0.7619647355163728,0.5894206549118388
ARC-MOF::post_comb_vsa_co2.csv__RAC__racs.csv,v/v,RAC,extratrees,descriptor_grouped,2,3.934362,6.930000813333336,0.7187237615449202,0.7984886649874056
ARC-MOF::post_comb_vsa_co2.csv__RAC__racs.csv,v/v,RAC,extratrees,descriptor_grouped,2,2.146818,2.1853141033333325,0.570528967254408,0.4802686817800168
ARC-MOF::post_comb_vsa_co2.csv__RAC__racs.csv,v/v,RAC,extratrees,descriptor_grouped,2,0.143564,0.3763166733333328,0.005037783375314861,0.037783375314861464
ARC-MOF::post_comb_vsa_co2.csv__RAC__racs.csv,v/v,RAC,extratrees,descriptor_grouped,2,2.096813,4.478855773333331,0.5612930310663308,0.684718723761545
ARC-MOF::post_comb_vsa_co2.csv__RAC__racs.csv,v/v,RAC,extratrees,descriptor_grouped,2,0.576875,0.8108478199999993,0.18303946263643997,0.17548278757346766
ARC-MOF::post_comb_vsa_co2.csv__RAC__racs.csv,v/v,RAC,extratrees,descriptor_grouped,2,0.425698,1.1978429700000006,0.11880772460117549,0.27287993282955497
ARC-MOF::post_comb_vsa_co2.csv__RAC__racs.csv,v/v,RAC,extratrees,descriptor_grouped,2,10.301491,9.52183300333332,0.8828715365239295,0.8803526448362721
ARC-MOF::post_comb_vsa_co2.csv__RAC__racs.csv,v/v,RAC,extratrees,descriptor_grouped,2,0.596303,0.5884912066666665,0.190176322418136,0.1070528967254408
ARC-MOF::post_comb_vsa_co2.csv__RAC__racs.csv,v/v,RAC,extratrees,descriptor_grouped,2,3.942804,6.925586443333329,0.7191435768261965,0.7980688497061293
ARC-MOF::post_comb_vsa_co2.csv__RAC__racs.csv,v/v,RAC,extratrees,descriptor_grouped,2,0.80773,0.7793774633333346,0.2716204869857263,0.16624685138539042
ARC-MOF::post_comb_vsa_co2.csv__RAC__racs.csv,v/v,RAC,extratrees,descriptor_grouped,2,17.739684,14.959465440000011,0.943744752308984,0.9433249370277078
ARC-MOF::post_comb_vsa_co2.csv__RAC__racs.csv,v/v,RAC,extratrees,descriptor_grouped,2,1.485697,2.761341533333331,0.4617968094038623,0.5524769101595298
ARC-MOF::post_comb_vsa_co2.csv__RAC__racs.csv,v/v,RAC,extratrees,descriptor_grouped,2,3.593778,2.6984298966666698,0.7002518891687658,0.5440806045340051
ARC-MOF::post_comb_vsa_co2.csv__RAC__racs.csv,v/v,RAC,extratrees,descriptor_grouped,2,3.577317,3.032901633333331,0.6994122586062133,0.5806045340050378
ARC-MOF::post_comb_vsa_co2.csv__RAC__racs.csv,v/v,RAC,extratrees,descriptor_grouped,2,0.789165,0.8972480766666685,0.26574307304785894,0.1985726280436608
ARC-MOF::post_comb_vsa_co2.csv__RAC__racs.csv,v/v,RAC,extratrees,descriptor_grouped,2,0.420007,1.2139308033333327,0.11712846347607053,0.27581863979848864
ARC-MOF::post_comb_vsa_co2.csv__RAC__racs.csv,v/v,RAC,extratrees,descriptor_grouped,2,2.13599,2.025683806666666,0.5684298908480269,0.45465994962216627
ARC-MOF::post_comb_vsa_co2.csv__RAC__racs.csv,v/v,RAC,extratrees,descriptor_grouped,2,1.00971,0.958463743333332,0.33837111670864817,0.21368597816960538
ARC-MOF::post_comb_vsa_co2.csv__RAC__racs.csv,v/v,RAC,extratrees,descriptor_grouped,2,0.195059,0.2972983466666668,0.023089840470193114,0.022670025188916875
ARC-MOF::post_comb_vsa_co2.csv__RAC__racs.csv,v/v,RAC,extratrees,descriptor_grouped,2,0.50915,0.457753233333333,0.1570109151973132,0.05877413937867338
ARC-MOF::post_comb_vsa_co2.csv__RAC__racs.csv,v/v,RAC,extratrees,descriptor_grouped,2,0.951233,0.8681131333333337,0.32031905961376994,0.190176322418136
ARC-MOF::post_comb_vsa_co2.csv__RAC__racs.csv,v/v,RAC,extratrees,descriptor_grouped,2,9.258194,8.291854040000004,0.8690176322418136,0.8476070528967254
ARC-MOF::post_comb_vsa_co2.csv__RAC__racs.csv,v/v,RAC,extratrees,descriptor_grouped,2,0.941135,1.7940019100000002,0.3161209068010076,0.4193954659949622
ARC-MOF::post_comb_vsa_co2.csv__RAC__racs.csv,v/v,RAC,extratrees,descriptor_grouped,2,0.907848,1.4973340466666696,0.30268681780016793,0.3606213266162888
ARC-MOF::post_comb_vsa_co2.csv__RAC__racs.csv,v/v,RAC,extratrees,descriptor_grouped,2,4.454095,5.136086886666669,0.7413937867338372,0.7229219143576826
ARC-MOF::post_comb_vsa_co2.csv__RAC__racs.csv,v/v,RAC,extratrees,descriptor_grouped,2,5.051559,6.758415510000008,0.7712006717044501,0.790512174643157
ARC-MOF::post_comb_vsa_co2.csv__RAC__racs.csv,v/v,RAC,extratrees,descriptor_grouped,2,1.102686,1.5525918733333324,0.3690176322418136,0.37363560033585225
ARC-MOF::post_comb_vsa_co2.csv__RAC__racs.csv,v/v,RAC,extratrees,descriptor_grouped,2,0.625607,0.5106794533333332,0.20151133501259447,0.0785054575986566
ARC-MOF::post_comb_vsa_co2.csv__RAC__racs.csv,v/v,RAC,extratrees,descriptor_grouped,2,0.490532,2.7276785100000045,0.14777497900923595,0.5461796809403863
ARC-MOF::post_comb_vsa_co2.csv__RAC__racs.csv,v/v,RAC,extratrees,descriptor_grouped,2,1.648725,1.69077079666667,0.4932829554995802,0.3984047019311503
ARC-MOF::post_comb_vsa_co2.csv__RAC__racs.csv,v/v,RAC,extratrees,descriptor_grouped,2,1.653614,1.473114896666669,0.4945424013434089,0.353904282115869
ARC-MOF::post_comb_vsa_co2.csv__RAC__racs.csv,v/v,RAC,extratrees,descriptor_grouped,2,1.452912,2.537059019999999,0.45424013434089,0.5256087321578505
ARC-MOF::post_comb_vsa_co2.csv__RAC__racs.csv,v/v,RAC,extratrees,descriptor_grouped,2,1.302213,1.791890823333334,0.42527287993282953,0.418975650713686
ARC-MOF::post_comb_vsa_co2.csv__RAC__racs.csv,v/v,RAC,extratrees,descriptor_grouped,2,0.584905,0.594101773333333,0.18639798488664988,0.109151973131822
ARC-MOF::post_comb_vsa_co2.csv__RAC__racs.csv,v/v,RAC,extratrees,descriptor_grouped,2,1.294163,1.278139156666667,0.42233417296389586,0.2947103274559194
ARC-MOF::post_comb_vsa_co2.csv__RAC__racs.csv,v/v,RAC,extratrees,descriptor_grouped,2,24.007833,6.266438706666663,0.966414777497901,0.7703610411418975
ARC-MOF::post_comb_vsa_co2.csv__RAC__racs.csv,v/v,RAC,extratrees,descriptor_grouped,2,0.946586,1.3665667899999985,0.31821998320738876,0.3219983207388749
ARC-MOF::post_comb_vsa_co2.csv__RAC__racs.csv,v/v,RAC,extratrees,descriptor_grouped,2,2.197262,6.067905619999996,0.5768261964735516,0.7632241813602015
ARC-MOF::post_comb_vsa_co2.csv__RAC__racs.csv,v/v,RAC,extratrees,descriptor_grouped,2,1.354241,2.579248836666665,0.4387069689336692,0.5306465155331654
ARC-MOF::post_comb_vsa_co2.csv__RAC__racs.csv,v/v,RAC,extratrees,descriptor_grouped,2,4.925834,2.679382076666664,0.7649034424853065,0.5428211586901763
ARC-MOF::post_comb_vsa_co2.csv__RAC__racs.csv,v/v,RAC,extratrees,descriptor_grouped,2,14.237685,20.346581053333377,0.9223341729638959,0.9714525608732157
ARC-MOF::post_comb_vsa_co2.csv__RAC__racs.csv,v/v,RAC,extratrees,descriptor_grouped,2,1.197625,2.0761864366666662,0.39336691855583544,0.4638958858102435
ARC-MOF::post_comb_vsa_co2.csv__RAC__racs.csv,v/v,RAC,extratrees,descriptor_grouped,2,1.5786,1.559517809999998,0.482367758186398,0.37573467674223343
ARC-MOF::post_comb_vsa_co2.csv__RAC__racs.csv,v/v,RAC,extratrees,descriptor_grouped,2,12.731062,3.7630015966666654,0.9122586062132662,0.6418975650713686
ARC-MOF::post_comb_vsa_co2.csv__RAC__racs.csv,v/v,RAC,extratrees,descriptor_grouped,2,5.751068,12.55306615000001,0.7984886649874056,0.9231738035264484
ARC-MOF::post_comb_vsa_co2.csv__RAC__racs.csv,v/v,RAC,extratrees,descriptor_grouped,2,1.529979,1.815687309999996,0.4706129303106633,0.42233417296389586
ARC-MOF::post_comb_vsa_co2.csv__RAC__racs.csv,v/v,RAC,extratrees,descriptor_grouped,2,0.713744,0.7906336233333324,0.23635600335852225,0.17086481947942905
ARC-MOF::post_comb_vsa_co2.csv__RAC__racs.csv,v/v,RAC,extratrees,descriptor_grouped,2,0.751621,3.091304529999998,0.2523089840470193,0.5864819479429051
ARC-MOF::post_comb_vsa_co2.csv__RAC__racs.csv,v/v,RAC,extratrees,descriptor_grouped,2,5.687326,5.060696856666668,0.7942905121746432,0.716624685138539
ARC-MOF::post_comb_vsa_co2.csv__RAC__racs.csv,v/v,RAC,extratrees,descriptor_grouped,2,2.93876,2.0353811883333317,0.6561712846347607,0.45675902602854745
ARC-MOF::post_comb_vsa_co2.csv__RAC__racs.csv,v/v,RAC,extratrees,descriptor_grouped,2,0.705966,1.4577003033333376,0.23299748110831234,0.34760705289672544
ARC-MOF::post_comb_vsa_co2.csv__RAC__racs.csv,v/v,RAC,extratrees,descriptor_grouped,2,18.410442,14.753018906666684,0.9462636439966414,0.9424853064651554
ARC-MOF::post_comb_vsa_co2.csv__RAC__racs.csv,v/v,RAC,extratrees,descriptor_grouped,2,0.279838,0.3302583999999999,0.056255247691015954,0.028547439126784216
ARC-MOF::post_comb_vsa_co2.csv__RAC__racs.csv,v/v,RAC,extratrees,descriptor_grouped,2,0.454964,0.4408509433333339,0.1309823677581864,0.05289672544080604
ARC-MOF::post_comb_vsa_co2.csv__RAC__racs.csv,v/v,RAC,extratrees,descriptor_grouped,2,3.465512,3.6744782,0.6939546599496221,0.6343408900083963
ARC-MOF::post_comb_vsa_co2.csv__RAC__racs.csv,v/v,RAC,extratrees,descriptor_grouped,2,17.670477,8.053559973333334,0.9433249370277078,0.8404701931150294
ARC-MOF::post_comb_vsa_co2.csv__RAC__racs.csv,v/v,RAC,extratrees,descriptor_grouped,2,1.582158,1.3066846899999969,0.4832073887489505,0.30310663308144414
ARC-MOF::post_comb_vsa_co2.csv__RAC__racs.csv,v/v,RAC,extratrees,descriptor_grouped,2,0.410561,0.8961847400000005,0.11251049538203191,0.19815281276238456
ARC-MOF::post_comb_vsa_co2.csv__RAC__racs.csv,v/v,RAC,extratrees,descriptor_grouped,2,1.870612,4.077317800000005,0.5289672544080605,0.6616288832913518
ARC-MOF::post_comb_vsa_co2.csv__RAC__racs.csv,v/v,RAC,extratrees,descriptor_grouped,2,1.495711,2.0629907300000028,0.46557514693534846,0.46137699412258604
ARC-MOF::post_comb_vsa_co2.csv__RAC__racs.csv,v/v,RAC,extratrees,descriptor_grouped,2,2.069107,2.000345365,0.5570948782535684,0.45004198152812763
ARC-MOF::post_comb_vsa_co2.csv__RAC__racs.csv,v/v,RAC,extratrees,descriptor_grouped,2,2.533565,3.85135102666667,0.6204869857262805,0.6494542401343409
ARC-MOF::post_comb_vsa_co2.csv__RAC__racs.csv,v/v,RAC,extratrees,descriptor_grouped,2,0.801962,3.1612604033333414,0.2691015952980689,0.59151973131822
ARC-MOF::post_comb_vsa_co2.csv__RAC__racs.csv,v/v,RAC,extratrees,descriptor_grouped,2,0.354485,0.5495663899999998,0.08858102434928632,0.09193954659949623
ARC-MOF::post_comb_vsa_co2.csv__RAC__racs.csv,v/v,RAC,extratrees,descriptor_grouped,2,1.116445,1.2482070766666655,0.3719563392107473,0.28463476070528965
ARC-MOF::post_comb_vsa_co2.csv__RAC__racs.csv,v/v,RAC,extratrees,descriptor_grouped,2,10.665244,3.9105660366666672,0.8883291351805206,0.653232577665827
ARC-MOF::post_comb_vsa_co2.csv__RAC__racs.csv,v/v,RAC,extratrees,descriptor_grouped,2,0.960916,1.4622169233333353,0.32577665827036106,0.3492863140218304
